input_raw,pubmed_url,pmid,pmcid,is_pmc_article,accessions,accession_count,title,journal,pub_year,doi,authors,error_message
39094546,https://pubmed.ncbi.nlm.nih.gov/39094546/,39094546,,false,,0,Total flavonoids of litchi Seed alleviates schistosomiasis liver fibrosis in mice by suppressing hepatic stellate cells activation and modulating the gut microbiomes.,Biomedicine & pharmacotherapy = Biomedecine & pharmacotherapie,2024,10.1016/j.biopha.2024.117240,Li Q; Wang J; Lv J; Liu D; Xiao S; Mo J; Lu Z; Qiu R; Li C; Tang L; He S; Tang Z; Cheng Q; Zhan T,
39089643,https://pubmed.ncbi.nlm.nih.gov/39089643/,39089643,,false,,0,"A methionine-choline-deficient diet induces nonalcoholic steatohepatitis and alters the lipidome, metabolome, and gut microbiome profile in the C57BL/6J mouse.",Biochimica et biophysica acta. Molecular and cell biology of lipids,2024,10.1016/j.bbalip.2024.159545,Gautam J; Aggarwal H; Kumari D; Gupta SK; Kumar Y; Dikshit M,
39085298,https://pubmed.ncbi.nlm.nih.gov/39085298/,39085298,PMC11291753,true,PRJNA1023051,1,The highly differentiated gut of Pachnoda marginata hosts sequential microbiomes: microbial ecology and potential applications.,NPJ biofilms and microbiomes,2024,10.1038/s41522-024-00531-7,Vidal-Verdú À; Torrent D; Iglesias A; Latorre-Pérez A; Abendroth C; Corbín-Agustí P; Peretó J; Porcar M,
39080821,https://pubmed.ncbi.nlm.nih.gov/39080821/,39080821,,false,,0,Gut microbiota mediates the anti-inflammatory effects of supplemental infrared irradiation in mice.,Photochemistry and photobiology,2025,10.1111/php.14008,Wang S; Chen L; Ma Z; Zhao L; Lu Y; Fu Y; Liu H,
39080726,https://pubmed.ncbi.nlm.nih.gov/39080726/,39080726,PMC11290145,true,PRJNA1012496,1,Viral metagenomics combined with non-targeted serum metabolomics reveals the role of enteroviruses in a mouse model of coronary heart disease.,Virology journal,2024,10.1186/s12985-024-02412-z,Li X; Liu S; Wu H; Li B; Li Y; Li R; Tang D; Zhang H,
39079980,https://pubmed.ncbi.nlm.nih.gov/39079980/,39079980,PMC11289318,true,PRJNA1010388,1,Short-chain fatty acids ameliorate imiquimod-induced skin thickening and IL-17 levels and alter gut microbiota in mice: a metagenomic association analysis.,Scientific reports,2024,10.1038/s41598-024-67325-x,Chen YJ; Ho HJ; Tseng CH; Chen YF; Wang ST; Shieh JJ; Wu CY,
39071345,https://pubmed.ncbi.nlm.nih.gov/39071345/,39071345,PMC11275843,true,PRJEB47909; PRJNA1135081,2,Shared environments complicate the use of strain-resolved metagenomics to infer microbiome transmission.,bioRxiv : the preprint server for biology,2024,10.1101/2024.07.18.604082,Debray R; Dickson CC; Webb SE; Archie EA; Tung J,
39070656,https://pubmed.ncbi.nlm.nih.gov/39070656/,39070656,PMC11276007,true,,0,Standard diet and animal source influence hippocampal spatial reference learning and memory in congenic C57BL/6J mice.,Research square,2024,10.21203/rs.3.rs-4582616/v1,Hart DW; Sherman MA; Kim M; Pelzel R; Brown JL; Lesné SE,
39067396,https://pubmed.ncbi.nlm.nih.gov/39067396/,39067396,,false,,0,Role of gut/liver metabolites and gut microbiota in liver fibrosis caused by cholestasis.,International immunopharmacology,2024,10.1016/j.intimp.2024.112747,Xie XM; Feng S; Liu T; Feng J; Xu Y; Fan ZJ; Wang GY,
39063072,https://pubmed.ncbi.nlm.nih.gov/39063072/,39063072,PMC11276658,true,,0,"Vagus Nerve Suppression in Ischemic Stroke by Carotid Artery Occlusion: Implications for Metabolic Regulation, Cognitive Function, and Gut Microbiome in a Gerbil Model.",International journal of molecular sciences,2024,10.3390/ijms25147831,Zhang T; Yue Y; Li C; Wu X; Park S,
39060267,https://pubmed.ncbi.nlm.nih.gov/39060267/,39060267,PMC11282307,true,CRA010066; CRA010067,2,Multiomics of parkinsonism cynomolgus monkeys highlights significance of metabolites in interaction between host and microbiota.,NPJ biofilms and microbiomes,2024,10.1038/s41522-024-00535-3,Gao JM; Xia SY; Hide G; Li BH; Liu YY; Wei ZY; Zhuang XJ; Yan Q; Wang Y; Yang W; Chen JH; Rao JH,
39056112,https://pubmed.ncbi.nlm.nih.gov/39056112/,39056112,,false,,0,A high-fat diet induced depression-like phenotype via hypocretin-HCRTR1 mediated inflammation activation.,Food & function,2024,10.1039/d4fo00210e,Dong J; Zhang J; Cheng S; Qin B; Jin K; Chen B; Zhang Y; Lu J,
39050629,https://pubmed.ncbi.nlm.nih.gov/39050629/,39050629,PMC11266146,true,PRJNA1091202,1,"Melodious tuning of microbial dynamics in biofloc, cage, and pond culturing system: a study on Pangasius pangasius fish gut microbiome.",Frontiers in microbiology,2024,10.3389/fmicb.2024.1434312,Vala FD; Lende SR; Solanki VK; Jora K; Desai R; Sharma P; Nathani N; Mootapally C,
39043353,https://pubmed.ncbi.nlm.nih.gov/39043353/,39043353,,false,,0,The ruminant gut microbiome vs enteric methane emission: The essential microbes may help to mitigate the global methane crisis.,Environmental research,2024,10.1016/j.envres.2024.119661,Thacharodi A; Hassan S; Ahmed ZHT; Singh P; Maqbool M; Meenatchi R; Pugazhendhi A; Sharma A,
39039075,https://pubmed.ncbi.nlm.nih.gov/39039075/,39039075,PMC11263349,true,PRJNA1102860; PRJNA1104620; PRJNA880353,3,Methanogenic patterns in the gut microbiome are associated with survival in a population of feral horses.,Nature communications,2024,10.1038/s41467-024-49963-x,Stothart MR; McLoughlin PD; Medill SA; Greuel RJ; Wilson AJ; Poissant J,
39037720,https://pubmed.ncbi.nlm.nih.gov/39037720/,39037720,,false,,0,Viral Communities Suppress the Earthworm Gut Antibiotic Resistome by Lysing Bacteria on a National Scale.,Environmental science & technology,2024,10.1021/acs.est.4c03812,Du S; Bi L; Lin D; Zheng XQ; Neilson R; Zhu D,
39037634,https://pubmed.ncbi.nlm.nih.gov/39037634/,39037634,PMC11263420,true,,0,Faecal microbial diversity in a cattle herd infected by Mycobacterium avium subsp. paratuberculosis: a possible effect of production status.,World journal of microbiology & biotechnology,2024,10.1007/s11274-024-04080-1,Elmagzoub WA; Idris SM; Elnaiem MHE; Mukhtar ME; Eltayeb E; Bakhiet SM; Okuni JB; Ojok L; El Sanousi SM; El Wahed AA; Gameel AA; Eltom KH,
39037312,https://pubmed.ncbi.nlm.nih.gov/39037312/,39037312,PMC11320923,true,PRJNA1026073,1,"Whole-genome sequence of Enterobacter hormaechei, isolate jjbc recovered from the gut of Plutella xylostella feeding on cabbage.",Microbiology resource announcements,2024,10.1128/mra.00330-24,Mugo-Kamiri L; Schäfer L; Wennmann JT; Herniou EA; Raymond B,
39030898,https://pubmed.ncbi.nlm.nih.gov/39030898/,39030898,PMC11605265,true,,0,Gut Microbiome and Osteoarthritis: Insights From the Naturally Occurring Canine Model of Osteoarthritis.,"Arthritis & rheumatology (Hoboken, N.J.)",2024,10.1002/art.42956,Stevens C; Norris S; Arbeeva L; Carter S; Enomoto M; Nelson AE; Lascelles BDX,
39030691,https://pubmed.ncbi.nlm.nih.gov/39030691/,39030691,PMC11456846,true,PRJNA1069862,1,Housefly gut microbiomes as a reservoir and facilitator for the spread of antibiotic resistance.,The ISME journal,2024,10.1093/ismejo/wrae128,Gan D; Lin Z; Zeng L; Deng H; Walsh TR; Zhou S; Yang QE,
39030654,https://pubmed.ncbi.nlm.nih.gov/39030654/,39030654,PMC11264502,true,PRJNA1066879; PRJNA1088536,2,Effects of dietary zinc on the gut microbiome and resistome of the gestating cow and neonatal calf.,Animal microbiome,2024,10.1186/s42523-024-00326-3,Drake MJ; Daniel SG; Baker LD; Indugu N; Bittinger K; Dickens C; Zackular JP; Pitta D; Redding LE,
39027090,https://pubmed.ncbi.nlm.nih.gov/39027090/,39027090,PMC11254947,true,,0,Absence of association between maternal adverse events and long-term gut microbiome outcomes in the Australian autism biobank.,"Brain, behavior, & immunity - health",2024,10.1016/j.bbih.2024.100814,Vasileva S; Yap CX; Whitehouse AJO; Gratten J; Eyles D,
39024692,https://pubmed.ncbi.nlm.nih.gov/39024692/,39024692,PMC11315098,true,PRJNA1031405,1,Integrated omics analysis reveals the differentiation of intestinal microbiota and metabolites between Pekin ducks and Shaoxing ducks.,Poultry science,2024,10.1016/j.psj.2024.103976,Chen L; Bao Y; Wang D; Tian Y; Zeng T; Gu T; Xu W; Lu L,
39023128,https://pubmed.ncbi.nlm.nih.gov/39023128/,39023128,,false,,0,Miao sour soup alleviates DSS-induced colitis in mice: modulation of gut microbiota and intestinal barrier function.,Food & function,2024,10.1039/d4fo01794c,Li L; Sun H; Tan L; Guo H; He L; Chen J; Chen S; Liu D; Zhu M; OuYang Z,
39020259,https://pubmed.ncbi.nlm.nih.gov/39020259/,39020259,,false,,0,Exploring the effects of Saorilao-4 on the gut microbiota of pulmonary fibrosis model rats based on 16S rRNA sequencing.,Journal of applied microbiology,2024,10.1093/jambio/lxae178,Song X; Fu X; Niu S; Wang P; Qi J; Shi S; Chang H; Bai W,
39019160,https://pubmed.ncbi.nlm.nih.gov/39019160/,39019160,PMC11393168,true,,0,Aging Modulates the Effect of Dietary Glycemic Index on Gut Microbiota Composition in Mice.,The Journal of nutrition,2024,10.1016/j.tjnut.2024.07.014,Zhu Y; Yeo EN; Smith KM; Greenberg AS; Rowan S,
39014939,https://pubmed.ncbi.nlm.nih.gov/39014939/,39014939,,false,,0,One Health Threat of Treated Wastewater Discharge in Urban Ohio Rivers: Implications for Surface Water and Fish Gut Microbiome and Resistome.,Environmental science & technology,2024,10.1021/acs.est.3c09070,Mills M; Mollenkopf D; Wittum T; Sullivan MP; Lee J,
39002480,https://pubmed.ncbi.nlm.nih.gov/39002480/,39002480,,false,,0,Sexual dimorphism in neurobehavioural phenotype and gut microbial composition upon long-term exposure to structural analogues of bisphenol-A.,Journal of hazardous materials,2024,10.1016/j.jhazmat.2024.135178,Singh DP; Kumar A; Prajapati J; Bijalwan V; Kumar J; Amin P; Kandoriya D; Vidhani H; Patil GP; Bishnoi M; Rawal R; Das S,
39000530,https://pubmed.ncbi.nlm.nih.gov/39000530/,39000530,PMC11242598,true,,0,The Response of the Gut Physiological Function and Microbiome of a Wild Freshwater Fish (Megalobrama terminalis) to Alterations in Reproductive Behavior.,International journal of molecular sciences,2024,10.3390/ijms25137425,Liu Y; Kou C; Chen J; Li Y; Li J,
38998039,https://pubmed.ncbi.nlm.nih.gov/38998039/,38998039,PMC11240415,true,,0,Comprehensive Metagenomic Analysis of Veterinary Probiotics in Broiler Chickens.,Animals : an open access journal from MDPI,2024,10.3390/ani14131927,Kerek Á; Román IL; Szabó Á; Papp M; Bányai K; Kardos G; Kaszab E; Bali K; Makrai L; Jerzsele Á,
38990027,https://pubmed.ncbi.nlm.nih.gov/38990027/,38990027,PMC11302040,true,PRJNA1092791,1,"Colonization of microbiota derived from Macaca fascicularis, Bama miniature pigs, beagle dogs, and C57BL/6J mice alleviates DSS-induced colitis in germ-free mice.",Microbiology spectrum,2024,10.1128/spectrum.00388-24,Yang Y; Zhang Z; Wang Y; Rao J; Sun J; Wu Z; He J; Tan X; Liang L; Yu Q; Wu Z; Zou H; Zhang H; Dong M; Zheng J; Feng S; Cheng W; Wei H,
38989659,https://pubmed.ncbi.nlm.nih.gov/38989659/,38989659,,false,,0,High methionine intake alters gut microbiota and lipid profile and leads to liver steatosis in mice.,Food & function,2024,10.1039/d4fo01613k,Zhou L; Yan Z; Yang S; Lu G; Nie Y; Ren Y; Xue Y; Shi JS; Xu ZH; Geng Y,
38986408,https://pubmed.ncbi.nlm.nih.gov/38986408/,38986408,,false,,0,Unveiling potential roles of earthworms in mitigating the presence of virulence factor genes in terrestrial ecosystems.,Journal of hazardous materials,2024,10.1016/j.jhazmat.2024.135133,Xie ST; Zhu D; Song YQ; Zhu YG; Ding LJ,
38982915,https://pubmed.ncbi.nlm.nih.gov/38982915/,38982915,,false,,0,Lingguizhugan Decoction Improved Obesity by Modulating the Gut Microbiota and its Metabolites in Mice.,Current drug metabolism,2024,10.2174/0113892002289388240705113755,Wang M; Li H; Liu C; Zhang Y; Wu Q; Yang Y,
38982403,https://pubmed.ncbi.nlm.nih.gov/38982403/,38982403,PMC11232343,true,PRJNA801914,1,Evaluating the probiotic effects of spraying lactiplantibacillus plantarum P-8 in neonatal piglets.,BMC microbiology,2024,10.1186/s12866-024-03332-2,Yao G; Zhao Z; Yang C; Zuo B; Sun Z; Wang J; Zhang H,
38977718,https://pubmed.ncbi.nlm.nih.gov/38977718/,38977718,PMC11231266,true,PRJNA987959,1,Metagenomic comparison of intestinal microbiota between normal and liver fibrotic rhesus macaques (Macaca mulatta).,Scientific reports,2024,10.1038/s41598-024-64397-7,Wei Y; Li J; Zhu B; Hu Q; Lan M; Zhou J; Luo J; Zhu W; Lai Y; Long E; Zhou L,
38977109,https://pubmed.ncbi.nlm.nih.gov/38977109/,38977109,,false,,0,Characterization of a novel multifunctional glycoside hydrolase family in the metagenome-assembled genomes of horse gut.,Gene,2024,10.1016/j.gene.2024.148758,Hu L; Li X; Li C; Wang L; Han L; Ni W; Zhou P; Hu S,
38977060,https://pubmed.ncbi.nlm.nih.gov/38977060/,38977060,,false,,0,"2', 3', 5'-tri-O-acetyl-N6-(3-hydroxyphenyl) adenosine alleviates diet-induced hyperlipidemia by modulating intestinal gene expression profiles and metabolic pathway.",Life sciences,2024,10.1016/j.lfs.2024.122891,Liu Q; Xu Y; Lv X; Guo C; Zhu H; Yang L; Wang Y,
38975795,https://pubmed.ncbi.nlm.nih.gov/38975795/,38975795,,false,,0,Deciphering taxonomic and functional patterns of microbial communities associated with the tiger tail seahorse (Hippocampus comes).,Physiological genomics,2024,10.1152/physiolgenomics.00039.2024,Padasas-Adalla CS; Ortega-Kindica RCM; Dalayap R; Martinez JG; Amparado O; Moneva CS; Lomelí-Ortega CO; Tabugo SR; Balcázar JL,
38975760,https://pubmed.ncbi.nlm.nih.gov/38975760/,38975760,PMC11334461,true,ERP149415; PRJEB64278,2,Impact of diet change on the gut microbiome of common marmosets (Callithrix jacchus).,mSystems,2024,10.1128/msystems.00108-24,Tang-Wing C; Mohanty I; Bryant M; Makowski K; Melendez D; Dorrestein PC; Knight R; Caraballo-Rodríguez AM; Allaband C; Jenné K,
38973153,https://pubmed.ncbi.nlm.nih.gov/38973153/,38973153,,false,,0,Lactococcus lactis MA5 is a potential autochthonous probiotic for nutrient digestibility enhancement and bacterial pathogen inhibition in hybrid catfish (Ictalurus punctatus × I. furcatus).,Journal of fish diseases,2024,10.1111/jfd.13997,Huang J; Jordan HR; Older CE; Griffin MJ; Allen PJ; Wise DJ; Goodman PM; Reifers JG; Yamamoto FY,
38969657,https://pubmed.ncbi.nlm.nih.gov/38969657/,38969657,PMC11226671,true,PRJNA1060930,1,Green spaces contribute to structural resilience of the gut microbiota in urban mammals.,Scientific reports,2024,10.1038/s41598-024-66209-4,Łopucki R; Sajnaga E; Kalwasińska A; Klich D; Kitowski I; Stępień-Pyśniak D; Christensen H,
38968121,https://pubmed.ncbi.nlm.nih.gov/38968121/,38968121,PMC11252816,true,,0,Beneficial metabolic effects of PAHSAs depend on the gut microbiota in diet-induced obese mice but not in chow-fed mice.,Proceedings of the National Academy of Sciences of the United States of America,2024,10.1073/pnas.2318691121,Lee J; Wellenstein K; Rahnavard A; Nelson AT; Holter MM; Cummings BP; Yeliseyev V; Castoldi A; Clish CB; Bry L; Siegel D; Kahn BB,
38966245,https://pubmed.ncbi.nlm.nih.gov/38966245/,38966245,PMC11222731,true,,0,"Cadmium exposure induces changes in gut microbial composition and metabolic function in long-tailed dwarf hamsters, Cricetulus longicaudatus.",Ecology and evolution,2024,10.1002/ece3.11682,Tao M; Cao K; Pu X; Hou Y; He L; Liu W; Ren Y; Yang X,
38960872,https://pubmed.ncbi.nlm.nih.gov/38960872/,38960872,PMC11294643,true,GSE264183,1,Comparing Gut Microbial Composition and Functional Adaptations between SPF and Non-SPF Pigs.,Journal of microbiology and biotechnology,2024,10.4014/jmb.2402.02018,Lee H; Park W; No J; Hyung NW; Lee JY; Kim S; Yang H; Lee P; Kim E; Oh KB; Yoo JG; Lee S,
38951816,https://pubmed.ncbi.nlm.nih.gov/38951816/,38951816,PMC11218088,true,PRJNA956273,1,Metagenomic and metabolomic analysis showing the adverse risk-benefit trade-off of the ketogenic diet.,Lipids in health and disease,2024,10.1186/s12944-024-02198-7,Qiu H; Kan C; Han F; Luo Y; Qu N; Zhang K; Ma Y; Hou N; Wu D; Sun X; Shi J,
38945001,https://pubmed.ncbi.nlm.nih.gov/38945001/,38945001,PMC11261454,true,GSE269154; PRJNA1120330,2,"Effects of a biotechnologically produced Pleurotus sapidus mycelium on gut microbiome, liver transcriptome and plasma metabolome of broilers.",Poultry science,2024,10.1016/j.psj.2024.103975,Schäfer L; Grundmann SM; Rühl M; Zorn H; Seel W; Simon MC; Schuchardt S; Most E; Ringseis R; Eder K,
38943206,https://pubmed.ncbi.nlm.nih.gov/38943206/,38943206,PMC11214205,true,PRJEB60032,1,Driving gut microbiota enterotypes through host genetics.,Microbiome,2024,10.1186/s40168-024-01827-8,Larzul C; Estellé J; Borey M; Blanc F; Lemonnier G; Billon Y; Thiam MG; Quinquis B; Galleron N; Jardet D; Lecardonnel J; Plaza Oñate F; Rogel-Gaillard C,
38940510,https://pubmed.ncbi.nlm.nih.gov/38940510/,38940510,PMC11288025,true,PRJNA1021612,1,"Group membership, not diet, structures the composition and functional potential of the gut microbiome in a wild primate.",mSphere,2024,10.1128/msphere.00233-24,Finnegan PM; Garber PA; McKenney AC; Bicca-Marques JC; De la Fuente MF; Abreu F; Souto A; Schiel N; Amato KR; Mallott EK,
38931255,https://pubmed.ncbi.nlm.nih.gov/38931255/,38931255,PMC11206325,true,PRJNA1065120; PRJNA880707,2,The Whole-Genome Sequencing and Probiotic Profiling of Lactobacillus reuteri Strain TPC32 Isolated from Tibetan Pig.,Nutrients,2024,10.3390/nu16121900,Kong Q; Shang Z; Nawaz S; Liu S; Li J,
38930552,https://pubmed.ncbi.nlm.nih.gov/38930552/,38930552,PMC11205835,true,,0,Identification of Causal Relationships between Gut Microbiota and Influenza a Virus Infection in Chinese by Mendelian Randomization.,Microorganisms,2024,10.3390/microorganisms12061170,Liao Q; Wang F; Zhou W; Liao G; Zhang H; Shu Y; Chen Y,
38929370,https://pubmed.ncbi.nlm.nih.gov/38929370/,38929370,PMC11201187,true,PRJNA1028484; PRJNA994721,2,"Metagenomics Analysis Reveals the Composition and Functional Differences of Fecal Microbiota in Wild, Farm, and Released Chinese Three-Keeled Pond Turtles (Mauremys reevesii).",Animals : an open access journal from MDPI,2024,10.3390/ani14121750,Khan I; Bu R; Ali Z; Iqbal MS; Shi H; Ding L; Hong M,
38923598,https://pubmed.ncbi.nlm.nih.gov/38923598/,38923598,,false,,0,A metagenomic survey of the fecal microbiome of the African savanna elephant (Loxodonta africana).,Animal genetics,2024,10.1111/age.13458,du Preez LL; van der Walt E; Valverde A; Rothmann C; Neser FWC; Cason ED,
38920000,https://pubmed.ncbi.nlm.nih.gov/38920000/,38920000,,false,,0,"Urolithin B protects mice from diet-induced obesity, insulin resistance, and intestinal inflammation by regulating gut microbiota composition.",Food & function,2024,10.1039/d4fo02545h,Chen P; Wang R; Lei J; Feng L; Zhou B,
38916334,https://pubmed.ncbi.nlm.nih.gov/38916334/,38916334,PMC11302664,true,PRJNA742232; PRJNA796167,2,Clostridium sporogenes increases fat accumulation in mice by enhancing energy absorption and adipogenesis.,Microbiology spectrum,2024,10.1128/spectrum.04116-23,Du L; Wang J; Qiu X; Wang Q; Peng H; Huang J; Yang F; Liu Z; Qi R,
38914648,https://pubmed.ncbi.nlm.nih.gov/38914648/,38914648,PMC11196659,true,,0,"Bile acids and the gut microbiome are involved in the hyperthermia mediated by 3,4-methylenedioxymethamphetamine (MDMA).",Scientific reports,2024,10.1038/s41598-024-65433-2,Rana S; Canfield JR; Ward CS; Sprague JE,
38911084,https://pubmed.ncbi.nlm.nih.gov/38911084/,38911084,PMC11188898,true,,0,Modulation of chicken gut microbiota for enhanced productivity and health: A review.,Veterinary world,2024,10.14202/vetworld.2024.1073-1083,Khasanah H; Kusbianto DE; Purnamasari L; Cruz JFD; Widianingrum DC; Hwang SG,
38910254,https://pubmed.ncbi.nlm.nih.gov/38910254/,38910254,PMC11193906,true,PRJNA952340,1,Diet-induced changes in the jejunal microbiota of developing broilers reduce the abundance of Enterococcus hirae and Enterococcus faecium.,BMC genomics,2024,10.1186/s12864-024-10496-8,Stege PB; Schokker D; Harders F; Kar SK; Stockhofe N; Perricone V; Rebel JMJ; de Jong IC; Bossers A,
38902926,https://pubmed.ncbi.nlm.nih.gov/38902926/,38902926,PMC11947469,true,,0,"Kismet/CHD7/CHD8 affects gut microbiota, mechanics, and the gut-brain axis in Drosophila melanogaster.",Biophysical journal,2025,10.1016/j.bpj.2024.06.016,Niosi A; Võ NH; Sundaramurthy P; Welch C; Penn A; Yuldasheva Y; Alfareh A; Rausch K; Amin-Rahbar T; Cavanaugh J; Yadav P; Peterson S; Brown R; Hu A; Ardon-Castro A; Nguyen D; Crawford R; Lee W; Morris EJ; Jensen MH; Mulligan K,
38900289,https://pubmed.ncbi.nlm.nih.gov/38900289/,38900289,,false,,0,Comparative analysis of commercially available kits for optimal DNA extraction from bovine fecal samples.,Archives of microbiology,2024,10.1007/s00203-024-04047-8,Seethalakshmi PS; Kumaresan TN; Vishnu Prasad Nair RU; Prathiviraj R; Seghal Kiran G; Selvin J,
38895717,https://pubmed.ncbi.nlm.nih.gov/38895717/,38895717,PMC11183499,true,PRJNA1116530,1,"Effects of concentrate feeding sequence on VFA production, and cecal microbiota of Dezhou donkeys by metagenomic technology.",Frontiers in veterinary science,2024,10.3389/fvets.2024.1401980,Cai C; Xie L; Xing J; Lu T; Qi X; Li L; Chen X; Akhtar MF; Jin Y; Liu G,
38892546,https://pubmed.ncbi.nlm.nih.gov/38892546/,38892546,PMC11174526,true,PRJNA1085270,1,Microbiome Taxonomic and Functional Differences in C3H/HeJ Mice Fed a Long-Term High-Fat Diet with Beef Protein ± Ammonium Hydroxide Supplementation.,Nutrients,2024,10.3390/nu16111613,Garrison EC; Brown AMV; Salazar MM; Barr B; Moustaid-Moussa N; Gollahon LS,
38879636,https://pubmed.ncbi.nlm.nih.gov/38879636/,38879636,PMC11180105,true,PRJNA884830,1,Metagenomic and culture-dependent analysis of Rhinopithecius bieti gut microbiota and characterization of a novel genus of Sphingobacteriaceae.,Scientific reports,2024,10.1038/s41598-024-64727-9,Wang Q; Zhan PC; Han XL; Lu T,
38870614,https://pubmed.ncbi.nlm.nih.gov/38870614/,38870614,PMC11225896,true,,0,Bacteroidales reduces growth rate through serum metabolites and cytokines in Chinese Ningdu yellow chickens.,Poultry science,2024,10.1016/j.psj.2024.103905,Xiong X; Lan Y; Wang Z; Xu J; Gong J; Chai X,
38864950,https://pubmed.ncbi.nlm.nih.gov/38864950/,38864950,,false,,0,Shotgun Metagenomics Reveals Taxonomic and Functional Patterns of the Microbiome Associated with Barbour's Seahorse (Hippocampus barbouri).,"Marine biotechnology (New York, N.Y.)",2024,10.1007/s10126-024-10330-y,Ortega-Kindica RCMH; Padasas-Adalla CS; Tabugo SRM; Martinez JGT; Amparado OA; Moneva CSO; Dalayap R; Lomeli-Ortega CO; Balcazar JL,
38862069,https://pubmed.ncbi.nlm.nih.gov/38862069/,38862069,,false,,0,Lowering mortality risk in CR-HvKP infection in intestinal immunohistological and microbiota restoration.,Pharmacological research,2024,10.1016/j.phrs.2024.107254,Ni H; Chan BK; Ye L; Wu H; Heng H; Xu Q; Chen K; Cheung RY; Wang H; Chan EW; Li F; Chen S,
38851338,https://pubmed.ncbi.nlm.nih.gov/38851338/,38851338,,false,,0,Gut microbiota-bile acid crosstalk contributes to intestinal damage after nitrate exposure in Bufo gargarizans tadpoles.,The Science of the total environment,2024,10.1016/j.scitotenv.2024.173795,Liu Y; Wang Y; Wei F; Chai L; Wang H,
38849107,https://pubmed.ncbi.nlm.nih.gov/38849107/,38849107,,false,,0,Novel indigenous probiotic isolated from the healthy Pacific white shrimp Litopenaeus vannamei intestine in differing stages based on metagenomic and screening approaches.,Fish & shellfish immunology,2024,10.1016/j.fsi.2024.109678,Sutanti S; Sukenda S; Widanarni W; Alimuddin A; Siti Aliah R,
38846786,https://pubmed.ncbi.nlm.nih.gov/38846786/,38846786,PMC11156221,true,PRJNA1105222,1,The protective role of phlorizin against lipopolysaccharide-induced acute orchitis in mice associated with changes in gut microbiota composition.,Frontiers in veterinary science,2024,10.3389/fvets.2024.1340591,Guo Q; Li TF; Huang J; Li JC; Zhang ZC; Qu YL,
38845047,https://pubmed.ncbi.nlm.nih.gov/38845047/,38845047,PMC11155115,true,PRJNA972320,1,Compendium of 5810 genomes of sheep and goat gut microbiomes provides new insights into the glycan and mucin utilization.,Microbiome,2024,10.1186/s40168-024-01806-z,Zhang K; He C; Wang L; Suo L; Guo M; Guo J; Zhang T; Xu Y; Lei Y; Liu G; Qian Q; Mao Y; Kalds P; Wu Y; Cuoji A; Yang Y; Brugger D; Gan S; Wang M; Wang X; Zhao F; Chen Y,
38833830,https://pubmed.ncbi.nlm.nih.gov/38833830/,38833830,,false,,0,Dietary α-linolenic acid supplementation enhances resistance to Salmonella Typhimurium challenge in chickens by altering the intestinal mucosal barrier integrity and cecal microbes.,Microbiological research,2024,10.1016/j.micres.2024.127773,Ma B; Wang D; Chen X; Wang Q; Zhang T; Wen R; Yang M; Li C; Lei C; Wang H,
38825773,https://pubmed.ncbi.nlm.nih.gov/38825773/,38825773,,false,,0,Tissue Accumulation and Biotransformation of 6PPD-Quinone in Adult Zebrafish and Its Effects on the Intestinal Microbial Community.,Environmental science & technology,2024,10.1021/acs.est.4c01409,Liao XL; Chen ZF; Liu QY; Zhou JM; Cai WX; Wang Y; Cai Z,
38820878,https://pubmed.ncbi.nlm.nih.gov/38820878/,38820878,,false,,0,Maternal Di-(2-ethylhexyl)-Phthalate exposure during pregnancy altered energy metabolism in immature offspring and caused hyperglycemia.,Ecotoxicology and environmental safety,2024,10.1016/j.ecoenv.2024.116494,Huang B; Zhang N; Wang J; Gao Y; Wu W; Jiang M; Han M,
38820703,https://pubmed.ncbi.nlm.nih.gov/38820703/,38820703,,false,,0,Zebrafish gut microbiota composition in response to tick saliva biomolecules correlates with allergic reactions to mammalian meat consumption.,Microbiological research,2024,10.1016/j.micres.2024.127786,Díaz-Sánchez S; Vaz-Rodrigues R; Contreras M; Rafael M; Villar M; González-García A; Artigas-Jerónimo S; Gortázar C; de la Fuente J,
38819818,https://pubmed.ncbi.nlm.nih.gov/38819818/,38819818,,false,,0,Characterization of the gut butyrate-producing bacteria and lipid metabolism in African green monkey as a natural host of simian immunodeficiency virus infection.,"AIDS (London, England)",2024,10.1097/QAD.0000000000003944,Zhao J; Zhou X; Qiu Y; Jia R,
38815878,https://pubmed.ncbi.nlm.nih.gov/38815878/,38815878,,false,,0,Mitochondrial DNA variants and microbiota: An experimental strategy to identify novel therapeutic potential in chronic inflammatory diseases.,Pharmacological research,2024,10.1016/j.phrs.2024.107231,Olbrich M; Hartmann AM; Künzel S; Aherrahrou Z; Schilf P; Baines JF; Ibrahim SM; Hirose M,
38814931,https://pubmed.ncbi.nlm.nih.gov/38814931/,38814931,PMC11139331,true,,0,Metagenomics and metaproteomics alterations are associated with kidney disease in opisthorchiasis hamsters fed a high-fat and high-fructose diet.,PloS one,2024,10.1371/journal.pone.0301907,Tunbenjasiri K; Pongking T; Sitthirach C; Kongsintaweesuk S; Roytrakul S; Charoenlappanit S; Klungsaeng S; Anutrakulchai S; Chalermwat C; Pairojkul C; Pinlaor S; Pinlaor P,
38810582,https://pubmed.ncbi.nlm.nih.gov/38810582/,38810582,,false,,0,Size-dependent effects of microplastics on intestinal microbiome for Perna viridis.,Journal of hazardous materials,2024,10.1016/j.jhazmat.2024.134658,Li J; Jong MC; Hu H; Gin KY; He Y,
38807988,https://pubmed.ncbi.nlm.nih.gov/38807988/,38807988,PMC11130442,true,PRJNA1086397,1,Effects of combined ciprofloxacin and Neulasta therapy on intestinal pathology and gut microbiota after high-dose irradiation in mice.,Frontiers in public health,2024,10.3389/fpubh.2024.1365161,Horseman TS; Frank AM; Cannon G; Zhai M; Olson MG; Lin B; Li X; Hull L; Xiao M; Kiang JG; Burmeister DM,
38803448,https://pubmed.ncbi.nlm.nih.gov/38803448/,38803448,PMC11128663,true,,0,Valine induces inflammation and enhanced adipogenesis in lean mice by multi-omics analysis.,Frontiers in nutrition,2024,10.3389/fnut.2024.1379390,Zheng HY; Wang L; Zhang R; Ding R; Yang CX; Du ZQ,
38800748,https://pubmed.ncbi.nlm.nih.gov/38800748/,38800748,PMC11122924,true,CRA014067; CRA014068,2,Diversity and host interaction of the gut microbiota in specific pathogen-free pigs.,Frontiers in microbiology,2024,10.3389/fmicb.2024.1402807,Wen M; Chen S; Zhang Y; Liu Y; Tang C; Zhang J; Sun J; Li X; Ding Y; Lu L; Long K; Nie Y; Li X; Li M; Ge L; Ma J,
38799799,https://pubmed.ncbi.nlm.nih.gov/38799799/,38799799,PMC11128259,true,PRJNA1054352; PRJNA1054761,2,Magnolia Officinalis Alcohol Extract Alleviates the Intestinal Injury Induced by Polygala Tenuifolia Through Regulating the PI3K/AKT/NF-κB Signaling Pathway and Intestinal Flora.,"Drug design, development and therapy",2024,10.2147/DDDT.S461152,Liu S; Yang D; Li W; Chen Q; Lu D; Xiong L; Wu J; Ao H; Huang L,
38799727,https://pubmed.ncbi.nlm.nih.gov/38799727/,38799727,PMC11117338,true,,0,Microencapsulated essential oils alleviate diarrhea in weaned piglets by modulating the intestinal microbial barrier as well as not inducing antibiotic resistance: a field research.,Frontiers in veterinary science,2024,10.3389/fvets.2024.1396051,Xu X; Mo K; Cui C; Lan Y; Ling L; Xu J; Li L; Huang X,
38792807,https://pubmed.ncbi.nlm.nih.gov/38792807/,38792807,PMC11123678,true,PRJNA1063657,1,"Metagenomic and Antibiotic Resistance Analysis of the Gut Microbiota in Larus relictus and Anatidae Species Inhabiting the Honghaizi Wetland of Ordos, Inner Mongolia, from 2021 to 2023.",Microorganisms,2024,10.3390/microorganisms12050978,Huang R; Ji X; Zhu L; Zhang C; Luo T; Liang B; Jiang B; Zhou A; Du C; Sun Y,
38792711,https://pubmed.ncbi.nlm.nih.gov/38792711/,38792711,PMC11124125,true,,0,Optimizing Akkermansia muciniphila Isolation and Cultivation: Insights into Gut Microbiota Composition and Potential Growth Promoters in a Chinese Cohort.,Microorganisms,2024,10.3390/microorganisms12050881,Meng X; Xv C; Lv J; Zhang S; Ma C; Pang X,
38784654,https://pubmed.ncbi.nlm.nih.gov/38784654/,38784654,PMC11112026,true,CRA012991,1,Metagenomic comparison of gut communities between wild and captive Himalayan griffons.,Frontiers in veterinary science,2024,10.3389/fvets.2024.1403932,Wang Y; Zhai J; Tang B; Dong Y; Sun S; He S; Zhao W; Lancuo Z; Jia Q; Wang W,
38780275,https://pubmed.ncbi.nlm.nih.gov/38780275/,38780275,PMC11237663,true,PRJNA731973,1,Lactobacillus-derived protoporphyrin IX and SCFAs regulate the fiber size via glucose metabolism in the skeletal muscle of chickens.,mSystems,2024,10.1128/msystems.00214-24,Cai L; Wang X; Zhu X; Xu Y; Qin W; Ren J; Jiang Q; Yan X,
38775898,https://pubmed.ncbi.nlm.nih.gov/38775898/,38775898,,false,,0,"Effects of a multi-strain Bacillus probiotic on the intestinal microbiome, haemato-immunology, and growth performance of Nile tilapia.",Veterinary research communications,2024,10.1007/s11259-024-10412-1,Ferrarezi JVS; Owatari MS; Martins MA; de Souza Sá L; Dutra SAP; de Oliveira HM; Soligo T; Martins ML; Mouriño JLP,
38771858,https://pubmed.ncbi.nlm.nih.gov/38771858/,38771858,PMC11108182,true,PRJNA861709,1,Characterization of bacteria expectorated during forced salivation of the Phlebotomus papatasi: A neglected component of sand fly infectious inoculums.,PLoS neglected tropical diseases,2024,10.1371/journal.pntd.0012165,Maleki-Ravasan N; Ghafari SM; Najafzadeh N; Karimian F; Darzi F; Davoudian R; Farshbaf Pourabad R; Parvizi P,
38763011,https://pubmed.ncbi.nlm.nih.gov/38763011/,38763011,,false,,0,Trilobatin suppresses aging-induced cognitive impairment by targeting SIRT2: Involvement of remodeling gut microbiota to mediate the brain-gut axis.,Phytomedicine : international journal of phytotherapy and phytopharmacology,2024,10.1016/j.phymed.2024.155744,Xie DY; Lin M; Luo YM; Dong L; Wei Y; Gao JM; Zhu YZ; Gong QH,
38757812,https://pubmed.ncbi.nlm.nih.gov/38757812/,38757812,,false,,0,The use of an in vitro fecal fermentation model to uncover the beneficial role of omega-3 and punicic acid in gut microbiota alterations induced by a Western diet.,Food & function,2024,10.1039/d4fo00727a,Salsinha AS; Cima A; Araújo-Rodrigues H; Viana S; Reis F; Coscueta ER; Rodríguez-Alcalá LM; Relvas JB; Pintado M,
38755047,https://pubmed.ncbi.nlm.nih.gov/38755047/,38755047,,false,,0,Combination of Simo Decoction and Golden Bifid alleviates functional dyspepsia through a mechanism involving intestinal microbiota and short-chain fatty acids.,Arab journal of gastroenterology : the official publication of the Pan-Arab Association of Gastroenterology,2024,10.1016/j.ajg.2023.12.009,Wang Y; Yao J; Zhu Y; Yin Z; Zhao X,
38745980,https://pubmed.ncbi.nlm.nih.gov/38745980/,38745980,PMC11092275,true,PRJNA720530; PRJNA791800,2,The gut microbiome of farmed Arctic char (Salvelinus alpinus) is shaped by feeding stage and nutrient presence.,FEMS microbes,2024,10.1093/femsmc/xtae011,Knobloch S; Skirnisdóttir S; Dubois M; Mayolle L; Kolypczuk L; Leroi F; Leeper A; Passerini D; Marteinsson VÞ,
38742910,https://pubmed.ncbi.nlm.nih.gov/38742910/,38742910,PMC11237395,true,CNP0005069; PRJNA843354,2,Multi-omics strategy reveals potential role of antimicrobial resistance and virulence factor genes responsible for Simmental diarrheic calves caused by Escherichia coli.,mSystems,2024,10.1128/msystems.01348-23,Shi Z; Lan Y; Wang Y; Yan X; Ma X; Hassan F-u; Rushdi HE; Xu Z; Wang W; Deng T,
38742878,https://pubmed.ncbi.nlm.nih.gov/38742878/,38742878,PMC11257099,true,PRJNA732531,1,Genome reduction and horizontal gene transfer in the evolution of Endomicrobia-rise and fall of an intracellular symbiosis with termite gut flagellates.,mBio,2024,10.1128/mbio.00826-24,Mies US; Hervé V; Kropp T; Platt K; Sillam-Dussès D; Šobotník J; Brune A,
38735389,https://pubmed.ncbi.nlm.nih.gov/38735389/,38735389,PMC11976423,true,,0,Biogeography of intestinal mucus-associated microbiome: Depletion of genus Pseudomonas is associated with depressive-like behaviors in female cynomolgus macaques.,Journal of advanced research,2025,10.1016/j.jare.2024.05.013,Tan X; Wu J; Zhang H; Li Y; Huang Y; Zheng P; Xie P,
38733121,https://pubmed.ncbi.nlm.nih.gov/38733121/,38733121,PMC11089936,true,PRJNA1006090,1,Relationship between the components of mare breast milk and foal gut microbiome: shaping gut microbiome development after birth.,The veterinary quarterly,2024,10.1080/01652176.2024.2349948,Mady EA; Osuga H; Toyama H; El-Husseiny HM; Inoue R; Murase H; Yamamoto Y; Nagaoka K,
38723876,https://pubmed.ncbi.nlm.nih.gov/38723876/,38723876,,false,,0,Metagenomic dissection of the intestinal microbiome in the giant river prawn Macrobrachium rosenbergii infected with Decapod iridescent virus 1.,Fish & shellfish immunology,2024,10.1016/j.fsi.2024.109617,Wan B; Lei Y; Yuan Z; Wang W,
38722758,https://pubmed.ncbi.nlm.nih.gov/38722758/,38722758,PMC11165905,true,PRJDB13917,1,"Turicibacter faecis sp. nov., isolated from faeces of heart failure mouse model.",International journal of systematic and evolutionary microbiology,2024,10.1099/ijsem.0.006379,Imamura Y; Motooka D; Nakajima Y; Ito S; Kitakaze M; Iida T; Nakamura S,
38718521,https://pubmed.ncbi.nlm.nih.gov/38718521/,38718521,,false,,0,Metagenomic and transcriptomic analysis revealing the impact of oxytetracycline and ciprofloxacin on gut microbiota and gene expression in the Chinese giant salamander (Andrias davidianus).,"Aquatic toxicology (Amsterdam, Netherlands)",2024,10.1016/j.aquatox.2024.106925,Ye T; He S; Li J; Luo J; Yang S; Wang P; Li C,
38715137,https://pubmed.ncbi.nlm.nih.gov/38715137/,38715137,PMC11075301,true,PRJCA019236; PRJNA863425,2,Short-term exposure to antibiotics begets long-term disturbance in gut microbial metabolism and molecular ecological networks.,Microbiome,2024,10.1186/s40168-024-01795-z,Hong Y; Li H; Chen L; Su H; Zhang B; Luo Y; Li C; Zhao Z; Shao Y; Guo L,
38711779,https://pubmed.ncbi.nlm.nih.gov/38711779/,38711779,PMC11073494,true,,0,Investigating the mechanism of rough phenotype in a naturally attenuated Brucella strain: insights from whole genome sequencing.,Frontiers in medicine,2024,10.3389/fmed.2024.1363785,Han W; Wei D; Sun Z; Qu D,
38701628,https://pubmed.ncbi.nlm.nih.gov/38701628/,38701628,PMC11078699,true,,0,"Are there consistent effects of gut microbiota composition on performance, productivity and condition in poultry?",Poultry science,2024,10.1016/j.psj.2024.103752,Marková K; Kreisinger J; Vinkler M,
38699479,https://pubmed.ncbi.nlm.nih.gov/38699479/,38699479,PMC11063333,true,,0,Analysis of fungal diversity in the gut feces of wild takin (Budorcas taxicolor).,Frontiers in microbiology,2024,10.3389/fmicb.2024.1364486,Ma X; Li Z; Cai L; Xiao M; He F; Liu Z; Chen D; Wang Y; Shen L; Gu Y,
38697408,https://pubmed.ncbi.nlm.nih.gov/38697408/,38697408,,false,,0,Multi-omics integrated analyses indicated that non-polysaccharides of Sijunzi decoction ameliorated spleen deficiency syndrome via regulating microbiota-gut-metabolites axis and exerted synergistic compatibility.,Journal of ethnopharmacology,2024,10.1016/j.jep.2024.118276,Dong B; Peng Y; Wang M; Peng C; Li X,
38695096,https://pubmed.ncbi.nlm.nih.gov/38695096/,38695096,PMC12463759,true,,0,"Multi-omics reveal the gut microbiota-mediated severe foraging environment adaption of small wild ruminants in the Three-River-Source National Park, China.",Integrative zoology,2025,10.1111/1749-4877.12830,Liu H; Zhao X; Xu S; Zhao L; Han X; Xu X; Zhao N; Hu L; Luo C; Wang X; Zhang Q; Guo T,
38694752,https://pubmed.ncbi.nlm.nih.gov/38694752/,38694752,PMC11057059,true,,0,The macroecology of butyrate-producing bacteria via metagenomic assessment of butyrate production capacity.,Ecology and evolution,2024,10.1002/ece3.11239,Brame JE; Liddicoat C; Abbott CA; Edwards RA; Robinson JM; Gauthier NE; Breed MF,
38692848,https://pubmed.ncbi.nlm.nih.gov/38692848/,38692848,,false,,0,Venom-microbiomics of eight species of Neotropical spiders from the Theraphosidae family.,Journal of applied microbiology,2024,10.1093/jambio/lxae113,Viquez C; Rojas-Gätjens D; Mesén-Porras E; Avendaño R; Sasa M; Lomonte B; Chavarría M,
38690316,https://pubmed.ncbi.nlm.nih.gov/38690316/,38690316,PMC11058721,true,PRJNA1061805,1,"Sea cucumber (Holothuria glaberrima) intestinal microbiome dataset from Puerto Rico, generated by shotgun sequencing.",Data in brief,2024,10.1016/j.dib.2024.110421,Rivera-Lopez EO; Nieves-Morales R; Melendez-Martinez G; Paez-Diaz JA; Rodriguez-Carrio SM; Rodriguez-Ramos J; Morales-Valle L; Rios-Velazquez C,
38685762,https://pubmed.ncbi.nlm.nih.gov/38685762/,38685762,PMC11062366,true,PRJNA1052115,1,Efficacy of an inulin-based treatment on intestinal colonization by multidrug-resistant E. coli: insight into the mechanism of action.,Gut microbes,2024,10.1080/19490976.2024.2347021,Ishnaiwer M; Le Bastard Q; Naour M; Zeman M; Dailly E; Montassier E; Batard E; Dion M,
38684965,https://pubmed.ncbi.nlm.nih.gov/38684965/,38684965,PMC11059720,true,PRJNA1033150,1,Castration alters the ileum microbiota of Holstein bulls and promotes beef flavor compounds.,BMC genomics,2024,10.1186/s12864-024-10272-8,Shi J; Li Z; Jia L; Ma Y; Huang Y; He P; Ran T; Liu W; Zhang W; Cheng Q; Zhang Z; Lei Z,
38675716,https://pubmed.ncbi.nlm.nih.gov/38675716/,38675716,PMC11054971,true,,0,Beneficial Effects of Dietary Fiber in Young Barley Leaf on Gut Microbiota and Immunity in Mice.,"Molecules (Basel, Switzerland)",2024,10.3390/molecules29081897,Chudan S; Kurakawa T; Nishikawa M; Nagai Y; Tabuchi Y; Ikushiro S; Furusawa Y,
38674701,https://pubmed.ncbi.nlm.nih.gov/38674701/,38674701,PMC11052019,true,PRJNA805352,1,Metagenomic Analyses Reveal Gut Microbial Profiles of Cnaphalocrocis medinalis Driven by the Infection of Baculovirus CnmeGV.,Microorganisms,2024,10.3390/microorganisms12040757,Li C; Han G; Huang L; Lu Y; Xia Y; Zhang N; Liu Q; Xu J,
38674657,https://pubmed.ncbi.nlm.nih.gov/38674657/,38674657,PMC11051890,true,,0,The Potential of Co-Evolution and Interactions of Gut Bacteria-Phages in Bamboo-Eating Pandas: Insights from Dietary Preference-Based Metagenomic Analysis.,Microorganisms,2024,10.3390/microorganisms12040713,Zhang M; Zhou Y; Cui X; Zhu L,
38672421,https://pubmed.ncbi.nlm.nih.gov/38672421/,38672421,PMC11047922,true,PRJNA774646; PRJNA777737; PRJNA810901,3,Dysbiosis of Gut Microbiome Aggravated Male Infertility in Captivity of Plateau Pika.,Biomolecules,2024,10.3390/biom14040403,Zhang L; Tang X; Fan C; Ren S; Cheng Q; Zhou H; Liu K; Jia S; Zhang Y,
38671923,https://pubmed.ncbi.nlm.nih.gov/38671923/,38671923,PMC11047735,true,,0,Porcine Brain Enzyme Hydrolysate Enhances Immune Function and Antioxidant Defense via Modulation of Gut Microbiota in a Cyclophosphamide-Induced Immunodeficiency Model.,"Antioxidants (Basel, Switzerland)",2024,10.3390/antiox13040476,Yue Y; Yang HJ; Zhang T; Li C; Kim MJ; Kim KN; Park S,
38668783,https://pubmed.ncbi.nlm.nih.gov/38668783/,38668783,,false,,0,"The role of insect gut microbiota in host fitness, detoxification and nutrient supplementation.",Antonie van Leeuwenhoek,2024,10.1007/s10482-024-01970-0,Shamjana U; Vasu DA; Hembrom PS; Nayak K; Grace T,
38664929,https://pubmed.ncbi.nlm.nih.gov/38664929/,38664929,PMC11079155,true,,0,New insights into the interactions between the gut microbiota and the inflammatory response to ulcerative colitis in a mouse model of dextran sodium sulfate and possible mechanisms of action for treatment with PE&AFWE.,Animal models and experimental medicine,2024,10.1002/ame2.12405,Fu Q; Ma X; Li S; Shi M; Song T; Cui J,
38662518,https://pubmed.ncbi.nlm.nih.gov/38662518/,38662518,,false,,0,Intestinal microbiota diversity from broilers with runting and stunting syndrome performed by metagenomics.,Avian pathology : journal of the W.V.P.A,2024,10.1080/03079457.2024.2348509,Lages da Silva DH; Marques da Silva RL; Rios DL; de Souza DDG; Aburjaile F; de Freitas Neto OC; Camargos Lara LJ; Dias Araújo M; Ecco R,
38658654,https://pubmed.ncbi.nlm.nih.gov/38658654/,38658654,PMC11043334,true,PRJNA964478,1,"Bacteriophage EPP-1, a potential antibiotic alternative for controlling edwardsiellosis caused by Edwardsiella piscicida while mitigating drug-resistant gene dissemination.",Scientific reports,2024,10.1038/s41598-024-60214-3,Han G; Huang T; Liu X; Liu R,
38651859,https://pubmed.ncbi.nlm.nih.gov/38651859/,38651859,PMC11237676,true,PRJNA924947,1,Intake of compound probiotics accelerates the construction of immune function and gut microbiome in Holstein calves.,Microbiology spectrum,2024,10.1128/spectrum.01909-23,Cai X; Yi P; Chen X; Wu J; Lan G; Li S; Luo S; Huang F; Huang J; Shen P,
38647315,https://pubmed.ncbi.nlm.nih.gov/38647315/,38647315,PMC11237417,true,PRJNA757473,1,Ling-Gui-Zhu-Gan decoction ameliorates nonalcoholic fatty liver disease via modulating the gut microbiota.,Microbiology spectrum,2024,10.1128/spectrum.01979-23,Chen L-p; Zhang L-f; Liu S; Hua H; Zhang L; Liu B-c; Wang R-r,
38643745,https://pubmed.ncbi.nlm.nih.gov/38643745/,38643745,,false,,0,Integrative analysis of metagenome and metabolome provides new insights into intestinal health protection in Coilia nasus larvae via probiotic intervention.,"Comparative biochemistry and physiology. Part D, Genomics & proteomics",2024,10.1016/j.cbd.2024.101230,Mang Q; Gao J; Li Q; Sun Y; Xu G; Xu P,
38643098,https://pubmed.ncbi.nlm.nih.gov/38643098/,38643098,PMC11031955,true,,0,The gut microbiota facilitate their host tolerance to extreme temperatures.,BMC microbiology,2024,10.1186/s12866-024-03277-6,Wang Z; Wu Y; Li X; Ji X; Liu W,
38640403,https://pubmed.ncbi.nlm.nih.gov/38640403/,38640403,PMC11368565,true,,0,Gonadal sex and chromosome complement influence the gut microbiome in a mouse model of allergic airway inflammation.,Physiological genomics,2024,10.1152/physiolgenomics.00003.2024,Ekpruke CD; Alford R; Parker E; Silveyra P,
38638558,https://pubmed.ncbi.nlm.nih.gov/38638558/,38638558,PMC11024931,true,,0,Systemic investigation of di-isobutyl phthalate (DIBP) exposure in the risk of cardiovascular via influencing the gut microbiota arachidonic acid metabolism in obese mice model.,Regenerative therapy,2024,10.1016/j.reth.2024.03.024,Liu M; Du X; Chen H; Bai C; Lan L,
38636385,https://pubmed.ncbi.nlm.nih.gov/38636385/,38636385,,false,,0,New evidence for gut-muscle axis: Lactic acid bacteria-induced gut microbiota regulates duck meat flavor.,Food chemistry,2024,10.1016/j.foodchem.2024.139354,Xu L; Mao T; Xia M; Wu W; Chen J; Jiang C; Zeng T; Tian Y; Lu L; Cai Z,
38635321,https://pubmed.ncbi.nlm.nih.gov/38635321/,38635321,PMC11028030,true,PRJNA1011488,1,The gut microbe pair of Oribacterium sp. GMB0313 and Ruminococcus sp. GMB0270 confers complete protection against SARS-CoV-2 infection by activating CD8+ T cell-mediated immunity.,Gut microbes,2024,10.1080/19490976.2024.2342497,Wang M; Lkhagva E; Kim S; Zhai C; Islam MM; Kim HJ; Hong ST,
38627869,https://pubmed.ncbi.nlm.nih.gov/38627869/,38627869,PMC11022352,true,PRJNA984595,1,Effects of removing in-feed antibiotics and zinc oxide on the taxonomy and functionality of the microbiota in post weaning pigs.,Animal microbiome,2024,10.1186/s42523-024-00306-7,Ortiz Sanjuán JM; Argüello H; Cabrera-Rubio R; Crispie F; Cotter PD; Garrido JJ; Ekhlas D; Burgess CM; Manzanilla EG,
38625103,https://pubmed.ncbi.nlm.nih.gov/38625103/,38625103,,false,,0,Phlorizin Limits Bovine Viral Diarrhea Virus Infection in Mice via Regulating Gut Microbiota Composition.,Journal of agricultural and food chemistry,2024,10.1021/acs.jafc.4c01228,Zhao Z; Li C; Huang J; Yuan X; Cui Y; Liu Y; Zhou Y; Zhu Z; Zhang Z,
38613119,https://pubmed.ncbi.nlm.nih.gov/38613119/,38613119,PMC11013445,true,,0,Resveratrol Improves Hyperuricemia and Ameliorates Renal Injury by Modulating the Gut Microbiota.,Nutrients,2024,10.3390/nu16071086,Zhou Y; Zeng Y; Wang R; Pang J; Wang X; Pan Z; Jin Y; Chen Y; Yang Y; Ling W,
38608741,https://pubmed.ncbi.nlm.nih.gov/38608741/,38608741,,false,,0,Early treatment with rifaximin during epileptogenesis reverses gut alterations and reduces seizure duration in a mouse model of acquired epilepsy.,"Brain, behavior, and immunity",2024,10.1016/j.bbi.2024.04.007,Kebede V; Ravizza T; Balosso S; Di Sapia R; Canali L; Soldi S; Galletti S; Papazlatani C; Karas PA; Vasileiadis S; Sforzini A; Pasetto L; Bonetto V; Vezzani A; Vesci L,
38606356,https://pubmed.ncbi.nlm.nih.gov/38606356/,38606356,PMC11006968,true,PRJNA1049315,1,Effect of a probiotic and an antibiotic on the mobilome of the porcine microbiota.,Frontiers in genetics,2024,10.3389/fgene.2024.1355134,Monger XC; Saucier L; Guay F; Turcotte A; Lemieux J; Pouliot E; Fournaise S; Vincent AT,
38594229,https://pubmed.ncbi.nlm.nih.gov/38594229/,38594229,,false,,0,"A review on recent taxonomic updates of gut bacteria associated with social bees, with a curated genomic reference database.",Insect science,2025,10.1111/1744-7917.13365,Yang C; Hu J; Su Q; Zhang Z; Du Y; Wang J; Sun H; Han B; Tang J; Guo L; Li H; Cai W; Zheng H; Zhou X; Zhang X,
38593566,https://pubmed.ncbi.nlm.nih.gov/38593566/,38593566,,false,,0,"Temporal changes in the fermentation characteristics, bacterial community structure and the functionality of the predicted metagenome of a batch fermenter medium containing the upper gastrointestinal enzyme resistant fraction of white sorghum (Sorghum bicolor L. Moench).",Food chemistry,2024,10.1016/j.foodchem.2024.139102,Pelpolage SW; Kobayashi H; Fukuma N; Hoshizawa M; Hamamoto T; Han KH; Fukushima M,
38591043,https://pubmed.ncbi.nlm.nih.gov/38591043/,38591043,PMC10999662,true,PRJNA1043846,1,Enterococcus casseliflavus regulates amino acid metabolism in edible insect Clanis bilineata tsingtauica: a functional metagenomics study.,Frontiers in microbiology,2024,10.3389/fmicb.2024.1343265,Qian L; Wang Y; Deng P; Zhang J; Qin Y; Li Z; Liao H; Chen F,
38579995,https://pubmed.ncbi.nlm.nih.gov/38579995/,38579995,,false,,0,Effects of dietary selenized glucose on intestinal microbiota and tryptophan metabolism in rats: Assessing skatole reduction potential.,Environmental research,2024,10.1016/j.envres.2024.118874,Zeng Z; Lv B; Tang YE; Sun H; Li S; He Y; Wang J; Wang Z,
38575861,https://pubmed.ncbi.nlm.nih.gov/38575861/,38575861,PMC10993544,true,PRJNA1035647,1,"Impact of Limosilactobacillus fermentum probiotic treatment on gut microbiota composition in sahiwal calves with rotavirus diarrhea: A 16S metagenomic analysis study"".",BMC microbiology,2024,10.1186/s12866-024-03254-z,Murtaza N; Nawaz M; Yaqub T; Mehmood AK,
38565017,https://pubmed.ncbi.nlm.nih.gov/38565017/,38565017,,false,,0,"Effect of microplastics on oxytetracycline trophic transfer: Immune, gut microbiota and antibiotic resistance gene responses.",Journal of hazardous materials,2024,10.1016/j.jhazmat.2024.134147,Zhang P; Lu G; Sun Y; Yan Z; Zhang L; Liu J,
38556024,https://pubmed.ncbi.nlm.nih.gov/38556024/,38556024,,false,,0,Initial diet shapes resistance-gene composition and fecal microbiome dynamics in young ruminants during nursing.,The Science of the total environment,2024,10.1016/j.scitotenv.2024.172103,Chen T; Liu S; Zhang S; Song H; Zhuang Y; Ma J; Xiao J; Wang J; Ma Y; Wang Y; Wang W; Li S; Cao Z,
38555432,https://pubmed.ncbi.nlm.nih.gov/38555432/,38555432,PMC10981832,true,PRJEB68161,1,Dispersion of antimicrobial resistant bacteria in pig farms and in the surrounding environment.,Animal microbiome,2024,10.1186/s42523-024-00305-8,Scicchitano D; Leuzzi D; Babbi G; Palladino G; Turroni S; Laczny CC; Wilmes P; Correa F; Leekitcharoenphon P; Savojardo C; Luise D; Martelli P; Trevisi P; Aarestrup FM; Candela M; Rampelli S,
38550938,https://pubmed.ncbi.nlm.nih.gov/38550938/,38550938,PMC10953772,true,,0,Combating hypertension beyond genome-wide association studies: Microbiome and artificial intelligence as opportunities for precision medicine.,Cambridge prisms. Precision medicine,2023,10.1017/pcm.2023.13,Aryal S; Manandhar I; Mei X; Yeoh BS; Tummala R; Saha P; Osman I; Zubcevic J; Durgan DJ; Vijay-Kumar M; Joe B,
38549118,https://pubmed.ncbi.nlm.nih.gov/38549118/,38549118,PMC10979557,true,PRJNA947933,1,Time series of chicken stool metagenomics and egg metabolomics in changing production systems: preliminary insights from a proof-of-concept.,One health outlook,2024,10.1186/s42522-024-00100-0,Rosch MEG; Rehner J; Schmartz GP; Manier SK; Becker U; Müller R; Meyer MR; Keller A; Becker SL; Keller V,
38546528,https://pubmed.ncbi.nlm.nih.gov/38546528/,38546528,,false,,0,Oral administration of egg ovalbumin allergen induces dysregulation of tryptophan metabolism in sensitized BALB/c mice.,Food & function,2024,10.1039/d3fo05300h,Wang Z; Zhang J; Yuan J; Min F; Gao J; Liu W; Huang M; Wu Y; Chen H,
38539968,https://pubmed.ncbi.nlm.nih.gov/38539968/,38539968,PMC10967552,true,,0,Fetal Programming Influence on Microbiome Diversity and Ruminal and Cecal Epithelium in Beef Cattle.,Animals : an open access journal from MDPI,2024,10.3390/ani14060870,Dias EFF; de Carvalho FE; Polizel GHG; Cançado FACQ; Furlan É; Fernandes AC; Schalch Júnior FJ; Santos GEC; Ferraz JBS; Santana MHA,
38534158,https://pubmed.ncbi.nlm.nih.gov/38534158/,38534158,PMC11077953,true,PRJNA1023379; PRJNA819194,2,Enrichable consortia of microbial symbionts degrade macroalgal polysaccharides in Kyphosus fish.,mBio,2024,10.1128/mbio.00496-24,Oliver A; Podell S; Wegley Kelly L; Sparagon WJ; Plominsky AM; Nelson RS; Laurens LML; Augyte S; Sims NA; Nelson CE; Allen EE,
38533674,https://pubmed.ncbi.nlm.nih.gov/38533674/,38533674,,false,,0,Induction of autism-related behavior in male mice by early-life vitamin D deficiency: association with disruption of the gut microbial composition and homeostasis.,Food & function,2024,10.1039/d4fo00279b,Cui J; Wang S; Zhai Z; Song X; Qiu T; Yu L; Zhai Q; Zhang H,
38529182,https://pubmed.ncbi.nlm.nih.gov/38529182/,38529182,PMC10961340,true,PRJNA751718,1,Shotgun metagenomics reveals the gut microbial diversity and functions in Vespa mandarinia (Hymenoptera: Vespidae) at multiple life stages.,Frontiers in microbiology,2024,10.3389/fmicb.2024.1288051,Yin PK; Xiao H; Yang ZB; Yang DS; Yang YH,
38527398,https://pubmed.ncbi.nlm.nih.gov/38527398/,38527398,,false,,0,Interaction of tetracycline and copper co-intake in inducing antibiotic resistance genes and potential pathogens in mouse gut.,Environment international,2024,10.1016/j.envint.2024.108594,Xue YX; Huang LJ; Wang HY; Peng JJ; Jin MK; Hu SL; Li HB; Xue XM; Zhu YG,
38520323,https://pubmed.ncbi.nlm.nih.gov/38520323/,38520323,,false,,0,"Gut microbiota metagenomics and mediation of phenol degradation in Bactrocera minax (Diptera, Tephritidae).",Pest management science,2024,10.1002/ps.8096,Cao S; Ren X; Zhang G; Wang H; Wei B; Niu C,
38519112,https://pubmed.ncbi.nlm.nih.gov/38519112/,38519112,PMC11014883,true,CRA006394,1,Chronic bee paralysis virus exploits host antimicrobial peptides and alters gut microbiota composition to facilitate viral infection.,The ISME journal,2024,10.1093/ismejo/wrae051,Deng Y; Yang S; Zhang L; Chen C; Cheng X; Hou C,
38519004,https://pubmed.ncbi.nlm.nih.gov/38519004/,38519004,PMC11390333,true,PRJNA1052069,1,Coordinated elimination of bacterial taxa optimally attenuates alloimmunity and prolongs allograft survival.,American journal of transplantation : official journal of the American Society of Transplantation and the American Society of Transplant Surgeons,2024,10.1016/j.ajt.2024.03.020,Sepulveda M; Rasic M; Lei YM; Kwan M; Chen L; Chen Y; Perkins D; Alegre ML,
38503977,https://pubmed.ncbi.nlm.nih.gov/38503977/,38503977,PMC10994852,true,PRJNA1067830,1,Prevotella copri and microbiota members mediate the beneficial effects of a therapeutic food for malnutrition.,Nature microbiology,2024,10.1038/s41564-024-01628-7,Chang HW; Lee EM; Wang Y; Zhou C; Pruss KM; Henrissat S; Chen RY; Kao C; Hibberd MC; Lynn HM; Webber DM; Crane M; Cheng J; Rodionov DA; Arzamasov AA; Castillo JJ; Couture G; Chen Y; Balcazo NP Jr; Lebrilla CB; Terrapon N; Henrissat B; Ilkayeva O; Muehlbauer MJ; Newgard CB; Mostafa I; Das S; Mahfuz M; Osterman AL; Barratt MJ; Ahmed T; Gordon JI,
38502690,https://pubmed.ncbi.nlm.nih.gov/38502690/,38502690,PMC10990124,true,GSE252543; GSE252823,2,Glucuronic acid confers colonization advantage to enteric pathogens.,Proceedings of the National Academy of Sciences of the United States of America,2024,10.1073/pnas.2400226121,Rosay T; Jimenez AG; Sperandio V,
38498111,https://pubmed.ncbi.nlm.nih.gov/38498111/,38498111,,false,,0,"In Vitro Profiling of Potential Fish Probiotics, Enterococcus hirae Strains, Isolated from Jade Perch, and Safety Properties Assessed Using Whole Genome Sequencing.",Probiotics and antimicrobial proteins,2025,10.1007/s12602-024-10244-0,Li W; Lim CH; Zhao Z; Wang Y; Conway PL; Loo SCJ,
38497257,https://pubmed.ncbi.nlm.nih.gov/38497257/,38497257,PMC10945410,true,,0,The role of animal hosts in shaping gut microbiome variation.,"Philosophical transactions of the Royal Society of London. Series B, Biological sciences",2024,10.1098/rstb.2023.0071,Maritan E; Quagliariello A; Frago E; Patarnello T; Martino ME,
38485034,https://pubmed.ncbi.nlm.nih.gov/38485034/,38485034,,false,,0,Metagenomic analysis of intestinal microbial function and key genes responsive to acute high-salinity stress in Nile tilapia (Oreochromis niloticus).,Gene,2024,10.1016/j.gene.2024.148371,Gong J; Xu F; Li Y; He Y; Liang Z; Chen X; Zhang X; Liu L; Zhou L; Huang X,
38483744,https://pubmed.ncbi.nlm.nih.gov/38483744/,38483744,,false,,0,Comparative analysis of gut microbiome in Pangasionodon hypopthalmus and Labeo catla during health and disease.,International microbiology : the official journal of the Spanish Society for Microbiology,2024,10.1007/s10123-024-00494-x,Bharathi Rathinam R; Tripathi G; Das BK; Jain R; Acharya A,
38483509,https://pubmed.ncbi.nlm.nih.gov/38483509/,38483509,PMC11097781,true,PRJNA1044581,1,Clonal dissemination of Acinetobacter radioresistens among Humboldt penguins (Spheniscus humboldti) inhabiting a barren northern Peruvian island.,European journal of microbiology & immunology,2024,10.1556/1886.2023.00066,Roca I; Espinoza K; Irigoin-Lovera C; Piquet M; Palomino-Kobayashi LA; Castillo AK; Gonzales-DelCarpio DD; Viñes J; Muñoz L; Ymaña B; Oporto R; Zavalaga C; Pons MJ; Ruiz J,
38481663,https://pubmed.ncbi.nlm.nih.gov/38481663/,38481663,PMC10933104,true,PRJEB66438; PRJEB66439,2,Defining a metagenomic threshold for detecting low abundances of Providencia alcalifaciens in canine faecal samples.,Frontiers in cellular and infection microbiology,2024,10.3389/fcimb.2024.1305742,Aardal AM; Soltvedt EM; Nørstebø SF; Haverkamp THA; Rodriguez-Campos S; Skancke E; Llarena AK,
38469667,https://pubmed.ncbi.nlm.nih.gov/38469667/,38469667,PMC10939107,true,PRJNA876316,1,Gut microbiota in the association between obesity and kidney function decline: a metagenomics-based study in a rat model.,Renal failure,2024,10.1080/0886022X.2024.2328320,Alemasi A; Gu L; Zhou Y,
38461199,https://pubmed.ncbi.nlm.nih.gov/38461199/,38461199,PMC10924886,true,PRJNA685398,1,Apis mellifera filamentous virus from a honey bee gut microbiome survey in Hungary.,Scientific reports,2024,10.1038/s41598-024-56320-x,Papp M; Tóth AG; Békési L; Farkas R; Makrai L; Maróti G; Solymosi N,
38451230,https://pubmed.ncbi.nlm.nih.gov/38451230/,38451230,PMC10986573,true,PRJEB65885,1,"A comparison of short-read, HiFi long-read, and hybrid strategies for genome-resolved metagenomics.",Microbiology spectrum,2024,10.1128/spectrum.03590-23,Eisenhofer R; Nesme J; Santos-Bay L; Koziol A; Sørensen SJ; Alberdi A; Aizpurua O,
38443405,https://pubmed.ncbi.nlm.nih.gov/38443405/,38443405,PMC10914738,true,,0,Uncovering the microbiome landscape in sashimi delicacies.,Scientific reports,2024,10.1038/s41598-024-55938-1,Ho CW; Chen PY; Liao YT; Cheng YF; Tsou HH; Liu TY; Liang KH,
38441977,https://pubmed.ncbi.nlm.nih.gov/38441977/,38441977,PMC10986500,true,PRJNA973216,1,Metagenomic analysis of the intestinal microbiome reveals the potential mechanism involved in Bacillus amyloliquefaciens in treating schistosomiasis japonica in mice.,Microbiology spectrum,2024,10.1128/spectrum.03735-23,Chen H; Huang S; Zhao Y; Sun R; Wang J; Yao S; Huang J; Yu Z,
38422109,https://pubmed.ncbi.nlm.nih.gov/38422109/,38422109,PMC10903844,true,PRJNA1047345,1,Effects of nano-cerium dioxide on intestinal microflora in rats by oral subchronic exposure.,PloS one,2024,10.1371/journal.pone.0298917,Ye Q; Jia D; Ji J; Liu Y; Wu G,
38421192,https://pubmed.ncbi.nlm.nih.gov/38421192/,38421192,PMC10986621,true,PRJNA1049576,1,Sleep deprivation-induced anxiety-like behaviors are associated with alterations in the gut microbiota and metabolites.,Microbiology spectrum,2024,10.1128/spectrum.01437-23,Zhang N; Gao X; Li D; Xu L; Zhou G; Xu M; Peng L; Sun G; Pan F; Li Y; Ren R; Huang R; Yang Y; Wang Z,
38420673,https://pubmed.ncbi.nlm.nih.gov/38420673/,38420673,,false,,0,Red pandas with different diets and environments exhibit different gut microbial functional composition and capacity.,Integrative zoology,2024,10.1111/1749-4877.12813,Lu Y; Zhang L; Liu X; Lan Y; Wu L; Wang J; Wu K; Yang C; Lv R; Yi D; Zhuo G; Li Y; Shen F; Hou R; Yue B; Fan Z,
38412016,https://pubmed.ncbi.nlm.nih.gov/38412016/,38412016,PMC10942630,true,PRJNA1029996,1,Oral supplementation of gut microbial metabolite indole-3-acetate alleviates diet-induced steatosis and inflammation in mice.,eLife,2024,10.7554/eLife.87458,Ding Y; Yanagi K; Yang F; Callaway E; Cheng C; Hensel ME; Menon R; Alaniz RC; Lee K; Jayaraman A,
38411058,https://pubmed.ncbi.nlm.nih.gov/38411058/,38411058,PMC10986473,true,,0,Screening potential biomarkers associated with insulin resistance in high-fat diet-fed mice by integrating metagenomics and untargeted metabolomics.,Microbiology spectrum,2024,10.1128/spectrum.04094-23,Zhou Y; Tang J; Du W; Zhang Y; Ye B-C,
38400721,https://pubmed.ncbi.nlm.nih.gov/38400721/,38400721,PMC10896145,true,PRJCA005398; PRJCA005400,2,S-amlodipine induces liver inflammation and dysfunction through the alteration of intestinal microbiome in a rat model.,Gut microbes,2024,10.1080/19490976.2024.2316923,Liu X; Fang H; Pan L; Zhang P; Lin H; Gao H; Ye C; Mao D; Luo Y,
38396840,https://pubmed.ncbi.nlm.nih.gov/38396840/,38396840,PMC10889215,true,,0,Changes in HLA-B27 Transgenic Rat Fecal Microbiota Following Tofacitinib Treatment and Ileocecal Resection Surgery: Implications for Crohn's Disease Management.,International journal of molecular sciences,2024,10.3390/ijms25042164,Blondeaux A; Valibouze C; Speca S; Rousseaux C; Dubuquoy C; Blanquart H; Zerbib P; Desreumaux P; Foligné B; Titécat M,
38396543,https://pubmed.ncbi.nlm.nih.gov/38396543/,38396543,PMC10886277,true,,0,Lactiplantibacillus plantarum and Saccharomyces cerevisiae-Fermented Coconut Water Alleviates Dextran Sodium Sulfate-Induced Enteritis in Wenchang Chicken: A Gut Microbiota and Metabolomic Approach.,Animals : an open access journal from MDPI,2024,10.3390/ani14040575,Zheng L; Han Z; Zhang J; Kang J; Li C; Pang Q; Liu S,
38384302,https://pubmed.ncbi.nlm.nih.gov/38384302/,38384302,PMC10879578,true,PRJNA894343,1,Fine-tuning of post-weaning pig microbiome structure and functionality by in-feed zinc oxide and antibiotics use.,Frontiers in cellular and infection microbiology,2024,10.3389/fcimb.2024.1354449,Ortiz Sanjuán JM; Manzanilla EG; Cabrera-Rubio R; Crispie F; Cotter PD; Garrido JJ; Ekhlas D; O'Neill L; Argüello H,
38375831,https://pubmed.ncbi.nlm.nih.gov/38375831/,38375831,PMC10880513,true,,0,Dietary resistant starch supplementation increases gut luminal deoxycholic acid abundance in mice.,Gut microbes,2024,10.1080/19490976.2024.2315632,Reuter MA; Tucker M; Marfori Z; Shishani R; Bustamante JM; Moreno R; Goodson ML; Ehrlich A; Taha AY; Lein PJ; Joshi N; Brito I; Durbin-Johnson B; Nandakumar R; Cummings BP,
38374121,https://pubmed.ncbi.nlm.nih.gov/38374121/,38374121,PMC10877772,true,PRJNA1019009,1,Integrated meta-omics reveals the regulatory landscape involved in lipid metabolism between pig breeds.,Microbiome,2024,10.1186/s40168-023-01743-3,Sun J; Xie F; Wang J; Luo J; Chen T; Jiang Q; Xi Q; Liu GE; Zhang Y,
38366194,https://pubmed.ncbi.nlm.nih.gov/38366194/,38366194,PMC10873858,true,CNP0002106,1,Characterizing core microbiota and regulatory functions of the pig gut microbiome.,The ISME journal,2024,10.1093/ismejo/wrad037,Hu J; Chen J; Ma L; Hou Q; Zhang Y; Kong X; Huang X; Tang Z; Wei H; Wang X; Yan X,
38350466,https://pubmed.ncbi.nlm.nih.gov/38350466/,38350466,,false,,0,"Heat-stable spores of carotenoid-producing Bacillus marisflavi and non-pigmented Bacillus subtilis cooperatively promote growth, quality, and gut microbiota of white-leg shrimp.",Beneficial microbes,2023,10.1163/18762891-20230041,Nguyen TT; Bui ATP; Le NTH; Vo HTN; Nguyen AH; Pham TD; Hara T; Yokota K; Matsutani M; Takatsuka Y; Nguyen ATV,
41853558,https://pubmed.ncbi.nlm.nih.gov/41853558/,41853558,PMC12993598,true,ERP157099,1,Wildlife fecal microbiota exhibit community stability across a longitudinal semi-controlled non-invasive sampling experiment.,Frontiers in microbiomes,2024,10.3389/frmbi.2024.1274277,Pannoni SB; Holben WE,
38349437,https://pubmed.ncbi.nlm.nih.gov/38349437/,38349437,,false,,0,Gut Microbiota Disorders in Obesity-Associated Benign Prostatic Hyperplasia in Rats.,Biochemical genetics,2024,10.1007/s10528-023-10634-z,Gu L; Alemasi A; Chen Y; Li X; Mei Y; Zhou J; He D; Zeng J,
38349151,https://pubmed.ncbi.nlm.nih.gov/38349151/,38349151,PMC10949489,true,PRJNA997708,1,Serial passage of PDCoV in cell culture reduces its pathogenicity and its damage of gut microbiota homeostasis in piglets.,mSystems,2024,10.1128/msystems.01346-23,Zhang Y; Si L; Gao J; Shu X; Qiu C; Zhang Y; Zu S; Hu H,
38347598,https://pubmed.ncbi.nlm.nih.gov/38347598/,38347598,PMC10860329,true,PRJNA1031251,1,Metagenome-assembled genome reveals species and functional composition of Jianghan chicken gut microbiota and isolation of Pediococcus acidilactic with probiotic properties.,Microbiome,2024,10.1186/s40168-023-01745-1,Shen H; Wang T; Dong W; Sun G; Liu J; Peng N; Zhao S,
38341424,https://pubmed.ncbi.nlm.nih.gov/38341424/,38341424,PMC10858875,true,PRJCA012504; PRJNA831632,2,Eco-evolutionary dynamics of gut phageome in wild gibbons (Hoolock tianxing) with seasonal diet variations.,Nature communications,2024,10.1038/s41467-024-45663-8,Gao SM; Fei HL; Li Q; Lan LY; Huang LN; Fan PF,
38336077,https://pubmed.ncbi.nlm.nih.gov/38336077/,38336077,,false,,0,Daily fluctuation of Lactobacillus species and their antibiotic resistome in the colon of growing pigs.,The Science of the total environment,2024,10.1016/j.scitotenv.2024.170821,Xu J; Wang H; Xu R; Li Q; Li L; Su Y; Liu J; Zhu W,
38333588,https://pubmed.ncbi.nlm.nih.gov/38333588/,38333588,PMC10850238,true,PRJEB71614,1,"Impact of precursor-derived peracetic acid on post-weaning diarrhea, intestinal microbiota, and predicted microbial functional genes in weaned pigs.",Frontiers in microbiology,2024,10.3389/fmicb.2024.1356538,Galgano S; Conway L; Fellows A; Houdijk J,
38332701,https://pubmed.ncbi.nlm.nih.gov/38332701/,38332701,PMC10860355,true,,0,Vancomycin relieves tacrolimus-induced hyperglycemia by eliminating gut bacterial beta-glucuronidase enzyme activity.,Gut microbes,2024,10.1080/19490976.2024.2310277,Li P; Zhang R; Zhou J; Guo P; Liu Y; Shi S,
38331218,https://pubmed.ncbi.nlm.nih.gov/38331218/,38331218,,false,,0,Prevalence and Antimicrobial Resistance of Campylobacter in Conventional and No Antibiotics Ever Broiler Farms.,Journal of food protection,2024,10.1016/j.jfp.2024.100238,Rama EN; Bailey M; Kumar S; Leone C; den Bakker H; Thippareddi H; Singh M,
38329353,https://pubmed.ncbi.nlm.nih.gov/38329353/,38329353,PMC10949452,true,PRJCA012598,1,The adaptation of bumblebees to extremely high elevation associated with their gut microbiota.,mSystems,2024,10.1128/msystems.01219-23,Dong J-H; Xu X; Ren Z-X; Zhao Y-H; Zhang Y; Chen L; Wu Y; Chen G; Cao R; Wu Q; Wang H,
38329115,https://pubmed.ncbi.nlm.nih.gov/38329115/,38329115,PMC10857465,true,,0,Prescription opioids induced microbial dysbiosis worsens severity of chronic pancreatitis and drives pain hypersensitivity.,Gut microbes,2024,10.1080/19490976.2024.2310291,Kesh K; Tao J; Ghosh N; Jalodia R; Singh S; Dawra R; Roy S,
38321177,https://pubmed.ncbi.nlm.nih.gov/38321177/,38321177,PMC10847429,true,,0,Rebaudioside D decreases adiposity and hepatic lipid accumulation in a mouse model of obesity.,Scientific reports,2024,10.1038/s41598-024-53587-y,Morissette A; de Wouters d'Oplinter A; Andre DM; Lavoie M; Marcotte B; Varin TV; Trottier J; Pilon G; Pelletier M; Cani PD; Barbier O; Houde VP; Marette A,
38317217,https://pubmed.ncbi.nlm.nih.gov/38317217/,38317217,PMC10840300,true,PRJNA923293; PRJNA923754; PRJNA923757; PRJNA923758; PRJNA925792; PRJNA925821,6,Gut microbiota-derived LCA mediates the protective effect of PEDV infection in piglets.,Microbiome,2024,10.1186/s40168-023-01734-4,Xing JH; Niu TM; Zou BS; Yang GL; Shi CW; Yan QS; Sun MJ; Yu T; Zhang SM; Feng XZ; Fan SH; Huang HB; Wang JH; Li MH; Jiang YL; Wang JZ; Cao X; Wang N; Zeng Y; Hu JT; Zhang D; Sun WS; Yang WT; Wang CF,
38312103,https://pubmed.ncbi.nlm.nih.gov/38312103/,38312103,PMC10854365,true,PRJNA1022859; PRJNA1024074; PRJNA1024099; PRJNA1024450,4,Integrated multi-omics reveal gut microbiota-mediated bile acid metabolism alteration regulating immunotherapy responses to anti-α4β7-integrin in Crohn's disease.,Gut microbes,2024,10.1080/19490976.2024.2310894,Han B; Tang D; Lv X; Fan J; Li S; Zhu H; Zhang J; Xu S; Xu X; Huang Z; Huang Z; Lin G; Zhan L; Lv X,
38309691,https://pubmed.ncbi.nlm.nih.gov/38309691/,38309691,PMC11725157,true,PRJNA1067548,1,Glycosidic linkages of fungus polysaccharides influence the anti-inflammatory activity in mice.,Journal of advanced research,2025,10.1016/j.jare.2024.01.037,Yuan Q; Liu W; Hao W; Chen Y; Xiao Y; Li H; Shui M; Wu DT; Wang S,
38309340,https://pubmed.ncbi.nlm.nih.gov/38309340/,38309340,,false,,0,Exposure of Danio rerio to environmental sulfamethoxazole may contribute to neurobehavioral abnormalities via gut microbiome disturbance.,The Science of the total environment,2024,10.1016/j.scitotenv.2024.170546,Yu K; Song Y; Wang N; Yu X; Sun T; Yu H; Ruan Z; Qiu Y,
38309231,https://pubmed.ncbi.nlm.nih.gov/38309231/,38309231,,false,,0,Analysis of the gut microbiome associated to PVC biodegradation in yellow mealworms.,Ecotoxicology and environmental safety,2024,10.1016/j.ecoenv.2024.116046,Xu J; Dong Y,
38306257,https://pubmed.ncbi.nlm.nih.gov/38306257/,38306257,,false,,0,Mechanisms Underlying the Overlooked Chiral Fungicide-Driven Enantioselective Proliferation of Antibiotic Resistance in Earthworm Intestinal Microbiome.,Environmental science & technology,2024,10.1021/acs.est.3c07761,Song J; Zheng C; Qiu M; Zhan XP; Zhang Z; Zhang H; Shi N; Zhang L; Yu Y; Nicolaisen M; Xu L; Fang H,
38305171,https://pubmed.ncbi.nlm.nih.gov/38305171/,38305171,PMC10913395,true,PRJNA356809,1,Pseudomonas-associated bacteria play a key role in obtaining nutrition from bamboo for the giant panda (Ailuropoda melanoleuca).,Microbiology spectrum,2024,10.1128/spectrum.03819-23,Ning R; Li C; Xia M; Zhang Y; Gan Y; Huang Y; Zhang T; Song H; Zhang S; Guo W,
38305096,https://pubmed.ncbi.nlm.nih.gov/38305096/,38305096,PMC10853691,true,ERP156176; PRJEB71372,2,Evaluation of the safety and efficacy of fecal microbiota transplantations in bottlenose dolphins (Tursiops truncatus) using metagenomic sequencing.,Journal of applied microbiology,2024,10.1093/jambio/lxae026,Linnehan BK; Kodera SM; Allard SM; Brodie EC; Allaband C; Knight R; Lutz HL; Carroll MC; Meegan JM; Jensen ED; Gilbert JA,
38302438,https://pubmed.ncbi.nlm.nih.gov/38302438/,38302438,PMC10834593,true,GSE130970; GSE158237; GSE213632,3,ACOD1 deficiency offers protection in a mouse model of diet-induced obesity by maintaining a healthy gut microbiota.,Cell death & disease,2024,10.1038/s41419-024-06483-2,Eberhart T; Stanley FU; Ricci L; Chirico T; Ferrarese R; Sisti S; Scagliola A; Baj A; Badurek S; Sommer A; Culp-Hill R; Dzieciatkowska M; Shokry E; Sumpton D; D'Alessandro A; Clementi N; Mancini N; Cardaci S,
38288819,https://pubmed.ncbi.nlm.nih.gov/38288819/,38288819,,false,,0,Characterization of a Novel Thermostable 7α-Hydroxysteroid Dehydrogenase.,Protein and peptide letters,2024,10.2174/0109298665279004231229100320,Lou D; Cao Y; Duan H; Tan J; Li B; Zhou Y; Wang D,
38287457,https://pubmed.ncbi.nlm.nih.gov/38287457/,38287457,PMC10823672,true,PRJNA948469,1,"Functional similarity, despite taxonomical divergence in the millipede gut microbiota, points to a common trophic strategy.",Microbiome,2024,10.1186/s40168-023-01731-7,Nweze JE; Šustr V; Brune A; Angel R,
38281699,https://pubmed.ncbi.nlm.nih.gov/38281699/,38281699,PMC11550200,true,,0,Comprehensive insight into the alterations in the gut microbiome and the intestinal barrier as a consequence of iron deficiency anaemia.,Biomedical journal,2024,10.1016/j.bj.2024.100701,Soriano-Lerma A; García-Burgos M; Barton W; Alférez MJM; Crespo-Pérez JV; Soriano M; López-Aliaga I; Cotter PD; García-Salcedo JA,
38273006,https://pubmed.ncbi.nlm.nih.gov/38273006/,38273006,PMC10810782,true,,0,Effects of host-associated low-temperature probiotics in olive flounder (Paralichthys olivaceus) aquaculture.,Scientific reports,2024,10.1038/s41598-024-52491-9,Lee SJ; Noh DI; Lee YS; Hasan MT; Hur SW; Lee S; Jeong SM; Lee JM; Lee EW; Kim KW; Jang WJ,
38259106,https://pubmed.ncbi.nlm.nih.gov/38259106/,38259106,PMC10878065,true,CRA011276; CRA011605; PRJCA017220,3,Metabolomics and metagenomics reveal the impact of γδ T inhibition on gut microbiota and metabolism in periodontitis-promoting OSCC.,mSystems,2024,10.1128/msystems.00777-23,Wei W; Li J; Tang B; Deng Y; Li Y; Chen Q,
38258019,https://pubmed.ncbi.nlm.nih.gov/38258019/,38258019,PMC10819737,true,PRJNA977416,1,The Response of the Honey Bee Gut Microbiota to Nosema ceranae Is Modulated by the Probiotic Pediococcus acidilactici and the Neonicotinoid Thiamethoxam.,Microorganisms,2024,10.3390/microorganisms12010192,Sbaghdi T; Garneau JR; Yersin S; Chaucheyras-Durand F; Bocquet M; Moné A; El Alaoui H; Bulet P; Blot N; Delbac F,
38254505,https://pubmed.ncbi.nlm.nih.gov/38254505/,38254505,PMC10814958,true,,0,Effect of a Probiotic Beverage Enriched with Cricket Proteins on the Gut Microbiota: Composition of Gut and Correlation with Nutritional Parameters.,"Foods (Basel, Switzerland)",2024,10.3390/foods13020204,Dridi C; Millette M; Salmieri S; Aguilar Uscanga BR; Lacroix S; Venneri T; Sarmast E; Allahdad Z; Di Marzo V; Silvestri C; Lacroix M,
38254365,https://pubmed.ncbi.nlm.nih.gov/38254365/,38254365,PMC10812474,true,,0,"The Impact of Fiber Source on Digestive Function, Fecal Microbiota, and Immune Response in Adult Dogs.",Animals : an open access journal from MDPI,2024,10.3390/ani14020196,Montserrat-Malagarriga M; Castillejos L; Salas-Mani A; Torre C; Martín-Orúe SM,
38252058,https://pubmed.ncbi.nlm.nih.gov/38252058/,38252058,PMC10802228,true,PRJNA960650,1,Tailed bacteriophages (Caudoviricetes) dominate the microbiome of a diseased stingless bee.,Genetics and molecular biology,2024,10.1590/1678-4685-GMB-2023-0120,Caesar L; Haag KL,
38249446,https://pubmed.ncbi.nlm.nih.gov/38249446/,38249446,PMC10795773,true,PRJNA971188,1,Convergent remodelling of the gut microbiome is associated with host energetic condition over long-distance migration.,Functional ecology,2023,10.1111/1365-2435.14430,Trevelline BK; Sprockett D; DeLuca WV; Andreadis CR; Moeller AH; Tonra CM,
38245554,https://pubmed.ncbi.nlm.nih.gov/38245554/,38245554,PMC10799938,true,PRJNA850882; PRJNA892732; PRJNA892765,3,Endogenous Coriobacteriaceae enriched by a high-fat diet promotes colorectal tumorigenesis through the CPT1A-ERK axis.,NPJ biofilms and microbiomes,2024,10.1038/s41522-023-00472-7,Tang Q; Huang H; Xu H; Xia H; Zhang C; Ye D; Bi F,
38245349,https://pubmed.ncbi.nlm.nih.gov/38245349/,38245349,,false,,0,Enhancing microbial diversity as well as multi-organ health in hind-limb unloaded mice.,Life sciences in space research,2024,10.1016/j.lssr.2023.08.006,Shama S; Ranade AV; Qaisar R; Khan NA; Tauseef I; Elmoselhi A; Siddiqui R,
38231315,https://pubmed.ncbi.nlm.nih.gov/38231315/,38231315,,false,,0,Bioinformatic Approach to Investigate Larvae Gut Microbiota Cellulosimicrobium protaetiae via Whole-Genome Analysis.,Molecular biotechnology,2024,10.1007/s12033-023-00984-9,Le Ho H; Tran-Van L; Quyen PTQ; Kim SG; Jiang LM; Chew KW; Khoo KS; Chan SS; Tran TNT; Nguyen TDP,
38231265,https://pubmed.ncbi.nlm.nih.gov/38231265/,38231265,PMC10794284,true,PRJNA997754,1,Pioneering gut health improvements in piglets with phytogenic feed additives.,Applied microbiology and biotechnology,2024,10.1007/s00253-023-12925-2,Yu SJ; Morris A; Kayal A; Milošević I; Van TTH; Bajagai YS; Stanley D,
38229330,https://pubmed.ncbi.nlm.nih.gov/38229330/,38229330,PMC10789680,true,PRJNA884655; PRJNA884819,2,Integrated omics analysis reveals the alteration of gut microbiota and fecal metabolites in Cervus elaphus kansuensis.,Applied microbiology and biotechnology,2024,10.1007/s00253-023-12841-5,Zhang Z; Bao C; Li Z; He C; Jin W; Li C; Chen Y,
38219578,https://pubmed.ncbi.nlm.nih.gov/38219578/,38219578,,false,,0,"Biodegradation of polyethylene terephthalate by Tenebrio molitor: Insights for polymer chain size, gut metabolome and host genes.",Journal of hazardous materials,2024,10.1016/j.jhazmat.2024.133446,He L; Yang SS; Ding J; Chen CX; Yang F; He ZL; Pang JW; Peng BY; Zhang Y; Xing DF; Ren NQ; Wu WM,
38217406,https://pubmed.ncbi.nlm.nih.gov/38217406/,38217406,PMC10787367,true,PRJEB42631,1,Early microbial intervention reshapes phenotypes of newborn Bos taurus through metabolic regulations.,GigaScience,2024,10.1093/gigascience/giad118,Shen Y; Li Y; Wu T; Dong Q; Deng Q; Liu L; Guo Y; Cao Y; Li Q; Shi J; Zou H; Jiao Y; Ding L; Li J; Gao Y; Hu S; Wang Y; Chen L,
38212429,https://pubmed.ncbi.nlm.nih.gov/38212429/,38212429,PMC10784533,true,PRJNA1035229,1,Probiotic potential of Lacticaseibacillus rhamnosus VHProbi M15 on sucralfate-induced constipation in mice.,Scientific reports,2024,10.1038/s41598-024-51497-7,Cheng S; Cui H; Zhang J; Wang Q; Duan Z,
38212383,https://pubmed.ncbi.nlm.nih.gov/38212383/,38212383,PMC10784543,true,PRJNA1006652,1,Probiotic consortium modulating the gut microbiota composition and function of sterile Mediterranean fruit flies.,Scientific reports,2024,10.1038/s41598-023-50679-z,Haytham H; Kamel C; Wafa D; Salma F; Naima BM; George T; Ameur C; Msaad Guerfali M,
38203712,https://pubmed.ncbi.nlm.nih.gov/38203712/,38203712,PMC10778654,true,PRJNA944265,1,Red Cabbage Juice-Mediated Gut Microbiota Modulation Improves Intestinal Epithelial Homeostasis and Ameliorates Colitis.,International journal of molecular sciences,2023,10.3390/ijms25010539,Jean Wilson E; Sirpu Natesh N; Ghadermazi P; Pothuraju R; Prajapati DR; Pandey S; Kaifi JT; Dodam JR; Bryan JN; Lorson CL; Watrelot AA; Foster JM; Mansell TJ; Joshua Chan SH; Batra SK; Subbiah J; Rachagani S,
38194811,https://pubmed.ncbi.nlm.nih.gov/38194811/,38194811,,false,,0,Intestinal microbiota promoted NiONPs-induced liver fibrosis via effecting serum metabolism.,Ecotoxicology and environmental safety,2024,10.1016/j.ecoenv.2024.115943,Tang J; Zhao H; Li K; Zhou H; Chen Q; Wang H; Li S; Xu J; Sun Y; Chang X,
38191834,https://pubmed.ncbi.nlm.nih.gov/38191834/,38191834,PMC11009197,true,,0,Fisetin modulates the gut microbiota alongside biomarkers of senescence and inflammation in a DSS-induced murine model of colitis.,GeroScience,2024,10.1007/s11357-024-01060-z,Ashiqueali SA; Chaudhari D; Zhu X; Noureddine S; Siddiqi S; Garcia DN; Gostynska A; Stawny M; Rubis B; Zanini BM; Mansoor MAM; Schneider A; Naser SA; Yadav H; Masternak MM,
38188576,https://pubmed.ncbi.nlm.nih.gov/38188576/,38188576,PMC10768053,true,,0,Analysis of the microbial diversity in takin (Budorcas taxicolor) feces.,Frontiers in microbiology,2023,10.3389/fmicb.2023.1303085,Ma X; Wang W; Cai L; Xiao M; He F; Liu Z; Chen D; Wang Y; Shen L; Gu Y,
38188569,https://pubmed.ncbi.nlm.nih.gov/38188569/,38188569,PMC10770849,true,PRJNA952501,1,Comparison of the gut microbiota and metabolism in different regions of Red Swamp Crayfish (Procambarus clarkii).,Frontiers in microbiology,2023,10.3389/fmicb.2023.1289634,Liu S; Wang Z; Wang Z; Wu Q; Zhou J; Wang R; Han J; Su X,
38186252,https://pubmed.ncbi.nlm.nih.gov/38186252/,38186252,PMC10838664,true,,0,'- Invited Review - Translational gut microbiome research for strategies to improve beef cattle production sustainability and meat quality.,Animal bioscience,2024,10.5713/ab.23.0387,Mizoguchi Y; Guan LL,
38182626,https://pubmed.ncbi.nlm.nih.gov/38182626/,38182626,PMC10770139,true,PRJEB68160; PRJNA491335; PRJNA539933; PRJNA692042,4,Functional host-specific adaptation of the intestinal microbiome in hominids.,Nature communications,2024,10.1038/s41467-023-44636-7,Rühlemann MC; Bang C; Gogarten JF; Hermes BM; Groussin M; Waschina S; Poyet M; Ulrich M; Akoua-Koffi C; Deschner T; Muyembe-Tamfum JJ; Robbins MM; Surbeck M; Wittig RM; Zuberbühler K; Baines JF; Leendertz FH; Franke A,
38181823,https://pubmed.ncbi.nlm.nih.gov/38181823/,38181823,,false,,0,Ileitis promotes MASLD progression via bile acid modulation and enhanced TGR5 signaling in ileal CD8(+) T cells.,Journal of hepatology,2024,10.1016/j.jhep.2023.12.024,Zheng C; Wang L; Zou T; Lian S; Luo J; Lu Y; Hao H; Xu Y; Xiang Y; Zhang X; Xu G; Zou X; Jiang R,
38171069,https://pubmed.ncbi.nlm.nih.gov/38171069/,38171069,,false,,0,"Integration of metagenome and metabolome analysis reveals the correlation of gut microbiota, oxidative stress, and inflammation in Coilia nasus under air exposure stress and salinity mitigation.","Comparative biochemistry and physiology. Part D, Genomics & proteomics",2024,10.1016/j.cbd.2023.101175,Liu Y; Gao J; Nie Z; Wang J; Sun Y; Xu G,
38170981,https://pubmed.ncbi.nlm.nih.gov/38170981/,38170981,PMC10846032,true,PRJNA995784,1,Major urinary protein (Mup) gene family deletion drives sex-specific alterations in the house-mouse gut microbiota.,Microbiology spectrum,2024,10.1128/spectrum.03566-23,Real MVF; Colvin MS; Sheehan MJ; Moeller AH,
38167330,https://pubmed.ncbi.nlm.nih.gov/38167330/,38167330,PMC10763231,true,PRJNA945233; PRJNA945347; PRJNA945365,3,Deciphering the gut microbiome of grass carp through multi-omics approach.,Microbiome,2024,10.1186/s40168-023-01715-7,Li M; Liang H; Yang H; Ding Q; Xia R; Chen J; Zhou W; Yang Y; Zhang Z; Yao Y; Ran C; Zhou Z,
38163076,https://pubmed.ncbi.nlm.nih.gov/38163076/,38163076,PMC10754987,true,PRJNA987743,1,Rumen and fecal microbiomes are related to diet and production traits in Bos indicus beef cattle.,Frontiers in microbiology,2023,10.3389/fmicb.2023.1282851,Conteville LC; da Silva JV; Andrade BGN; Cardoso TF; Bruscadin JJ; de Oliveira PSN; Mourão GB; Coutinho LL; Palhares JCP; Berndt A; de Medeiros SR; Regitano LCA,
38147943,https://pubmed.ncbi.nlm.nih.gov/38147943/,38147943,,false,,0,PuRenDan alleviates type 2 diabetes mellitus symptoms by modulating the gut microbiota and its metabolites.,Journal of ethnopharmacology,2024,10.1016/j.jep.2023.117627,Ma X; Qiu Y; Mao M; Lu B; Zhao H; Pang Z; Li S,
38147149,https://pubmed.ncbi.nlm.nih.gov/38147149/,38147149,,false,,0,"The anti-hyperuricemic and gut microbiota regulatory effects of a novel purine assimilatory strain, Lactiplantibacillus plantarum X7022.",European journal of nutrition,2024,10.1007/s00394-023-03291-w,Zou Y; Ro KS; Jiang C; Yin D; Zhao L; Zhang D; Du L; Xie J,
38145758,https://pubmed.ncbi.nlm.nih.gov/38145758/,38145758,,false,,0,Gut microbiome and metabolic profiles of mouse model for MeCP2 duplication syndrome.,Brain research bulletin,2024,10.1016/j.brainresbull.2023.110862,Wu J; Hu Q; Rao X; Zhao H; Tang H; Wang Y,
38139356,https://pubmed.ncbi.nlm.nih.gov/38139356/,38139356,PMC10744069,true,PRJNA1025901,1,Characterization and Preliminary Application of a Novel Lytic Vibrio parahaemolyticus Bacteriophage vB_VpaP_SJSY21.,International journal of molecular sciences,2023,10.3390/ijms242417529,Xu Y; Sun J; Hu J; Bao Z; Wang M,
38139130,https://pubmed.ncbi.nlm.nih.gov/38139130/,38139130,PMC10744024,true,PRJNA1012124,1,Gut Microbiota Composition of Insectivorous Synanthropic and Fructivorous Zoo Bats: A Direct Metagenomic Comparison.,International journal of molecular sciences,2023,10.3390/ijms242417301,Popov IV; Popov IV; Krikunova AA; Lipilkina TA; Derezina TN; Chikindas ML; Venema K; Ermakov AM,
38138066,https://pubmed.ncbi.nlm.nih.gov/38138066/,38138066,PMC10745334,true,PRJNA1010509,1,Unveiling the Probiotic Potential of the Anaerobic Bacterium Cetobacterium sp. nov. C33 for Enhancing Nile Tilapia (Oreochromis niloticus) Cultures.,Microorganisms,2023,10.3390/microorganisms11122922,Colorado Gómez MA; Melo-Bolívar JF; Ruíz Pardo RY; Rodriguez JA; Villamil LM,
38137965,https://pubmed.ncbi.nlm.nih.gov/38137965/,38137965,PMC10745379,true,,0,Biological Characterization and Whole-Genome Analysis of Bacillus subtilis MG-1 Isolated from Mink Fecal Samples.,Microorganisms,2023,10.3390/microorganisms11122821,Ren J; Yu D; Li N; Liu S; Xu H; Li J; He F; Zou L; Cao Z; Wen J,
38136701,https://pubmed.ncbi.nlm.nih.gov/38136701/,38136701,PMC10740403,true,PRJNA1009258,1,High Diversity but Monodominance of Multidrug-Resistant Bacteria in Immunocompromised Pediatric Patients with Acute Lymphoblastic Leukemia Developing GVHD Are Not Associated with Changes in Gut Mycobiome.,"Antibiotics (Basel, Switzerland)",2023,10.3390/antibiotics12121667,Sardzikova S; Andrijkova K; Svec P; Beke G; Klucar L; Minarik G; Bielik V; Kolenova A; Soltys K,
38133228,https://pubmed.ncbi.nlm.nih.gov/38133228/,38133228,PMC10748322,true,,0,Modulation of Swine Gut Microbiota by Phytogenic Blends and High Concentrations of Casein in a Validated Swine Large Intestinal In Vitro Model.,Veterinary sciences,2023,10.3390/vetsci10120677,Popov IV; Einhardt Manzke N; Sost MM; Verhoeven J; Verbruggen S; Chebotareva IP; Ermakov AM; Venema K,
38114436,https://pubmed.ncbi.nlm.nih.gov/38114436/,38114436,PMC10839661,true,PRJCA018916; PRJNA1003305,2,Comprehensive analysis of the gut microbiome and post-translational modifications elucidates the route involved in microbiota-host interactions.,Zoological research,2024,10.24272/j.issn.2095-8137.2023.008,Wang HY; Liu LX; Chen XY; Zhang YD; Li WX; Li WW; Wang L; Mo XL; Wei H; Ji P; Xie P,
38108689,https://pubmed.ncbi.nlm.nih.gov/38108689/,38108689,PMC10732090,true,,0,Oral Metformin Inhibits Choroidal Neovascularization by Modulating the Gut-Retina Axis.,Investigative ophthalmology & visual science,2023,10.1167/iovs.64.15.21,Zhang JY; Xiao J; Xie B; Barba H; Boachie-Mensah M; Shah RN; Nadeem U; Spedale M; Dylla N; Lin H; Sidebottom AM; D'Souza M; Theriault B; Sulakhe D; Chang EB; Skondra D,
38108654,https://pubmed.ncbi.nlm.nih.gov/38108654/,38108654,PMC10804959,true,PRJNA966790,1,Bifidobacterium animalis subsp. lactis Probio-M8 alleviates abnormal behavior and regulates gut microbiota in a mouse model suffering from autism.,mSystems,2024,10.1128/msystems.01013-23,Miao Z; Chen L; Zhang Y; Zhang J; Zhang H,
38104411,https://pubmed.ncbi.nlm.nih.gov/38104411/,38104411,PMC10765113,true,,0,Differential cytokine profiling and microbial species involved in cecal microbiota modulations in SPF chicks immunized with a dual vaccine against Salmonella Typhimurium infection.,Poultry science,2024,10.1016/j.psj.2023.103334,Jan TR; Lin CS; Yang WY,
38100390,https://pubmed.ncbi.nlm.nih.gov/38100390/,38100390,,false,,0,Metagenomic sequencing revealed the regulative effect of Danshen and Honghua herb pair on the gut microbiota in rats with myocardial ischemia injury.,FEMS microbiology letters,2024,10.1093/femsle/fnad133,Du SB; Zhou HH; Xue ZP; Gao S; Li J; Meng Y; Zhao YJ; Wang PF; Li N; Bai JX; Bai JQ; Wang XP,
38098653,https://pubmed.ncbi.nlm.nih.gov/38098653/,38098653,PMC10720322,true,PRJNA972719; PRJNA987703,2,Pantoea bathycoeliae sp. nov and Sodalis sp. are core gut microbiome symbionts of the two-spotted stink bug.,Frontiers in microbiology,2023,10.3389/fmicb.2023.1284397,Fourie A; Venter SN; Slippers B; Fourie G,
38092264,https://pubmed.ncbi.nlm.nih.gov/38092264/,38092264,,false,,0,Evaluation of curcumin nanoemulsion effect to prevent intestinal damage.,International journal of pharmaceutics,2024,10.1016/j.ijpharm.2023.123683,Vitória Minzoni de Souza Iacia M; Eduarda Ferraz Mendes M; Cristiny de Oliveira Vieira K; Cristine Marques Ruiz G; José Leopoldo Constantino C; da Silva Martin C; Eloizo Job A; Alborghetti Nai G; Kretli Winkelstroter Eller L,
38085089,https://pubmed.ncbi.nlm.nih.gov/38085089/,38085089,PMC10805029,true,PRJNA970480,1,Fecal microbial gene transfer contributes to the high-grain diet-induced augmentation of aminoglycoside resistance in dairy cattle.,mSystems,2024,10.1128/msystems.00810-23,Zhang T; Mu Y; Gao Y; Tang Y; Mao S; Liu J,
38079031,https://pubmed.ncbi.nlm.nih.gov/38079031/,38079031,,false,,0,Bacillus subtilis JATP-3 Improves Nitrogen Metabolism by Regulating Intestinal Flora and AKG in Weaned Piglets.,Probiotics and antimicrobial proteins,2025,10.1007/s12602-023-10196-x,He F; Jin X; Sun K; Zhao L; Yang W; Zhang X; Dong X; Zhao Y; Pan L; Bao N; Sun H,
38076955,https://pubmed.ncbi.nlm.nih.gov/38076955/,38076955,PMC10705383,true,PRJNA1023379; PRJNA819194,2,Enrichable consortia of microbial symbionts degrade macroalgal polysaccharides in Kyphosus fish.,bioRxiv : the preprint server for biology,2023,10.1101/2023.11.28.568905,Oliver A; Podell S; Kelly LW; Sparagon WJ; Plominsky AM; Nelson RS; Laurens LML; Augyte S; Sims NA; Nelson CE; Allen EE,
38075901,https://pubmed.ncbi.nlm.nih.gov/38075901/,38075901,PMC10704100,true,,0,The fecal microbiota from children with autism impact gut metabolism and learning and memory abilities of honeybees.,Frontiers in microbiology,2023,10.3389/fmicb.2023.1278162,Li Y; Zhang Y; Luo X; Meng Y; Zhong Z; Zheng H; Yang Y,
38072228,https://pubmed.ncbi.nlm.nih.gov/38072228/,38072228,,false,,0,Metagenomic analysis for exploring the potential of Lactobacillus yoelii FYL1 to mitigate bacterial diarrhea and changes in the gut microbiota of juvenile yaks.,Microbial pathogenesis,2024,10.1016/j.micpath.2023.106496,Zhang J; Shi B; Lu S; Wang S; Ren X; Liu R; Dong H; Li K; Fouad D; Ataya FS; Mansoor MK; Qamar H; Wu Q,
38068802,https://pubmed.ncbi.nlm.nih.gov/38068802/,38068802,PMC10708240,true,PRJEB68194,1,Analysis of Gut Characteristics and Microbiota Changes with Maternal Supplementation in a Neural Tube Defect Mouse Model.,Nutrients,2023,10.3390/nu15234944,Cordero-Varela JA; Reyes-Corral M; Lao-Pérez M; Fernández-Santos B; Montenegro-Elvira F; Sempere L; Ybot-González P,
38067023,https://pubmed.ncbi.nlm.nih.gov/38067023/,38067023,PMC10705773,true,PRJNA995374,1,Gut Microbial Diversity Analysis of Different Native Chickens and Screening of Chicken-Derived Probiotics.,Animals : an open access journal from MDPI,2023,10.3390/ani13233672,Chen L; Bai X; Wang T; Liu J; Miao X; Zeng B; Li D,
38066426,https://pubmed.ncbi.nlm.nih.gov/38066426/,38066426,PMC10709923,true,PRJNA809764; SRP361281,2,Rapid intestinal and systemic metabolic reprogramming in an immunosuppressed environment.,BMC microbiology,2023,10.1186/s12866-023-03141-z,Ma B; Gavzy SJ; France M; Song Y; Lwin HW; Kensiski A; Saxena V; Piao W; Lakhan R; Iyyathurai J; Li L; Paluskievicz C; Wu L; WillsonShirkey M; Mongodin EF; Mas VR; Bromberg JS,
38062990,https://pubmed.ncbi.nlm.nih.gov/38062990/,38062990,,false,,0,Impacts of coprophagic foraging behaviour on the avian gut microbiome.,Biological reviews of the Cambridge Philosophical Society,2024,10.1111/brv.13036,Dunbar A; Drigo B; Djordjevic SP; Donner E; Hoye BJ,
38056640,https://pubmed.ncbi.nlm.nih.gov/38056640/,38056640,,false,,0,Enzymatically prepared neoagarooligosaccharides improve gut health and function through promoting the production of spermidine by Faecalibacterium in chickens.,The Science of the total environment,2024,10.1016/j.scitotenv.2023.169057,Zhu La AT; Li D; Cheng Z; Wen Q; Hu D; Jin X; Liu D; Feng Y; Guo Y; Cheng G; Hu Y,
38036425,https://pubmed.ncbi.nlm.nih.gov/38036425/,38036425,,false,,0,Differential Effects of Two Common Antiparasitics on Microbiota Resilience.,The Journal of infectious diseases,2024,10.1093/infdis/jiad547,Doolin ML; Dearing MD,
38033561,https://pubmed.ncbi.nlm.nih.gov/38033561/,38033561,PMC10684969,true,,0,Diversity and taxonomic revision of methanogens and other archaea in the intestinal tract of terrestrial arthropods.,Frontiers in microbiology,2023,10.3389/fmicb.2023.1281628,Protasov E; Nonoh JO; Kästle Silva JM; Mies US; Hervé V; Dietrich C; Lang K; Mikulski L; Platt K; Poehlein A; Köhler-Ramm T; Miambi E; Boga HI; Feldewert C; Ngugi DK; Plarre R; Sillam-Dussès D; Šobotník J; Daniel R; Brune A,
38031339,https://pubmed.ncbi.nlm.nih.gov/38031339/,38031339,PMC10748473,true,PRJNA913801; PRJNA913821,2,Gut microbiome biogeography in reindeer supersedes millennia of ecological and evolutionary separation.,FEMS microbiology ecology,2023,10.1093/femsec/fiad157,Kamenova S; de Muinck EJ; Veiberg V; Utsi TA; Steyaert SMJG; Albon SD; Loe LE; Trosvik P,
38004740,https://pubmed.ncbi.nlm.nih.gov/38004740/,38004740,PMC10673576,true,PRJNA625290,1,Two-Dose Ceftiofur Treatment Increases Cephamycinase Gene Quantities and Fecal Microbiome Diversity in Dairy Cows Diagnosed with Metritis.,Microorganisms,2023,10.3390/microorganisms11112728,Ossa-Trujillo C; Taylor EA; Sarwar F; Vinasco J; Jordan ER; Buitrago JAG; Hagevoort GR; Lawhon SD; Piñeiro JM; Galloway-Peña J; Norman KN; Scott HM,
38001502,https://pubmed.ncbi.nlm.nih.gov/38001502/,38001502,PMC10668521,true,,0,Gut microbiota in parasite-transmitting gastropods.,Infectious diseases of poverty,2023,10.1186/s40249-023-01159-z,Li P; Hong J; Yuan Z; Huang Y; Wu M; Ding T; Wu Z; Sun X; Lin D,
38001079,https://pubmed.ncbi.nlm.nih.gov/38001079/,38001079,PMC10673953,true,,0,Identification of peptides from honeybee gut symbionts as potential antimicrobial agents against Melissococcus plutonius.,Nature communications,2023,10.1038/s41467-023-43352-6,Lang H; Liu Y; Duan H; Zhang W; Hu X; Zheng H,
37999031,https://pubmed.ncbi.nlm.nih.gov/37999031/,37999031,PMC10671698,true,,0,Understanding the Role of Free-Living Bacteria in the Gut of the Lower Termite Coptotermes gestroi Based on Metagenomic DNA Analysis.,Insects,2023,10.3390/insects14110832,Do TH; Dao TK; Nguyen HD; Truong NH,
37993724,https://pubmed.ncbi.nlm.nih.gov/37993724/,37993724,PMC10665472,true,PRJNA961367,1,Gut microbiomes of cycad-feeding insects tolerant to β-methylamino-L-alanine (BMAA) are rich in siderophore biosynthesis.,ISME communications,2023,10.1038/s43705-023-00323-8,Gutiérrez-García K; Whitaker MRL; Bustos-Díaz ED; Salzman S; Ramos-Aboites HE; Reitz ZL; Pierce NE; Cibrián-Jaramillo A; Barona-Gómez F,
37991826,https://pubmed.ncbi.nlm.nih.gov/37991826/,37991826,,false,,0,"Amelioration of Type 2 Diabetes Using Four Strains of Lactobacillus Probiotics: Effects on Gut Microbiota Reconstitution-Mediated Regulation of Glucose Homeostasis, Inflammation, and Oxidative Stress in Mice.",Journal of agricultural and food chemistry,2023,10.1021/acs.jafc.3c04665,Song H; Xue H; Zhang Z; Wang J; Li A; Zhang J; Luo P; Zhan M; Zhou X; Chen L; Fang Y,
37987083,https://pubmed.ncbi.nlm.nih.gov/37987083/,37987083,,false,,0,Pediococcus acidilactici (pA1c®) alleviates obesity-related dyslipidemia and inflammation in Wistar rats by activating beta-oxidation and modulating the gut microbiota.,Food & function,2023,10.1039/d3fo01651j,Yavorov-Dayliev D; Milagro FI; López-Yoldi M; Clemente I; Riezu-Boj JI; Ayo J; Oneca M; Aranaz P,
37981184,https://pubmed.ncbi.nlm.nih.gov/37981184/,37981184,,false,,0,"Flunitrazepam and its metabolites compromise zebrafish nervous system functionality: An integrated microbiome, metabolome, and genomic analysis.","Environmental pollution (Barking, Essex : 1987)",2024,10.1016/j.envpol.2023.122949,Lin W; Qin Y; Ren Y,
37979958,https://pubmed.ncbi.nlm.nih.gov/37979958/,37979958,PMC10922159,true,,0,"OA susceptibility in mice is partially mediated by the gut microbiome, is transferrable via microbiome transplantation and is associated with immunophenotype changes.",Annals of the rheumatic diseases,2024,10.1136/ard-2023-224907,Prinz E; Schlupp L; Dyson G; Barrett M; Szymczak A; Velasco C; Izda V; Dunn CM; Jeffries MA,
37979711,https://pubmed.ncbi.nlm.nih.gov/37979711/,37979711,,false,,0,Fructose corn syrup induces inflammatory injury and obesity by altering gut microbiota and gut microbiota-related arachidonic acid metabolism.,The Journal of nutritional biochemistry,2024,10.1016/j.jnutbio.2023.109527,Chen Q; Luo Y; Shen Y; Li X; Yang H; Li J; Wang J; Xiao Y,
37974103,https://pubmed.ncbi.nlm.nih.gov/37974103/,37974103,PMC10652448,true,,0,Unlocking gut microbiota potential of dairy cows in varied environmental conditions using shotgun metagenomic approach.,BMC microbiology,2023,10.1186/s12866-023-03101-7,Khan FA; Pandupuspitasari NS; Huang C; Negara W; Ahmed B; Putri EM; Lestari P; Priyatno TP; Prima A; Restitrisnani V; Surachman M; Akhadiarto S; Darmawan IWA; Wahyuni DS; Herdis H,
37972468,https://pubmed.ncbi.nlm.nih.gov/37972468/,37972468,,false,,0,Fuzhengjiedu formula exerts protective effect against LPS-induced acute lung injury via gut-lung axis.,Phytomedicine : international journal of phytotherapy and phytopharmacology,2024,10.1016/j.phymed.2023.155190,Lu Y; Wu Y; Huang M; Chen J; Zhang Z; Li J; Yang R; Liu Y; Cai S,
37970497,https://pubmed.ncbi.nlm.nih.gov/37970497/,37970497,PMC10640952,true,,0,Comparative analysis of the pig gut microbiome associated with the pig growth performance.,Journal of animal science and technology,2023,10.5187/jast.2022.e122,Lee JH; Kim S; Kim ES; Keum GB; Doo H; Kwak J; Pandey S; Cho JH; Ryu S; Song M; Cho JH; Kim S; Kim HB,
37962419,https://pubmed.ncbi.nlm.nih.gov/37962419/,37962419,PMC10699837,true,,0,"Effect of heating, microbial fermentation, and enzymatic hydrolysis of soybean meal on growth performance, nutrient digestibility, and intestinal microbiota of weaned piglets.",Journal of animal science,2023,10.1093/jas/skad384,Tang J; Li W; Zhou Q; Fang Z; Lin Y; Xu S; Feng B; Zhuo Y; Jiang X; Zhao H; Wu D; Trabalza-Marinucci M; Che L,
37960282,https://pubmed.ncbi.nlm.nih.gov/37960282/,37960282,PMC10648986,true,,0,Ketogenic Diet Has Moderate Effects on the Fecal Microbiota of Wild-Type Mice.,Nutrients,2023,10.3390/nu15214629,Rohwer N; El Hage R; Smyl C; Ocvirk S; Goris T; Grune T; Swidsinski A; Weylandt KH,
37958120,https://pubmed.ncbi.nlm.nih.gov/37958120/,37958120,PMC10648977,true,,0,Differences in Physiological Performance and Gut Microbiota between Deep-Sea and Coastal Aquaculture of Thachinotus Ovatus: A Metagenomic Approach.,Animals : an open access journal from MDPI,2023,10.3390/ani13213365,Li S; Wang S; Pan C; Luo Y; Liang S; Long S; Yang X; Wang B,
37949212,https://pubmed.ncbi.nlm.nih.gov/37949212/,37949212,,false,,0,Chronic exposure to nanocellulose altered depression-related behaviors in mice on a western diet: The role of immune modulation and the gut microbiome.,Life sciences,2023,10.1016/j.lfs.2023.122259,Xu HS; Chen Y; Patel A; Wang Z; McDonough C; Guo TL,
37946266,https://pubmed.ncbi.nlm.nih.gov/37946266/,37946266,PMC10636827,true,PRJNA825520,1,Persistent effects of intramammary ceftiofur treatment on the gut microbiome and antibiotic resistance in dairy cattle.,Animal microbiome,2023,10.1186/s42523-023-00274-4,Vasco KA; Carbonell S; Sloup RE; Bowcutt B; Colwell RR; Graubics K; Erskine R; Norby B; Ruegg PL; Zhang L; Manning SD,
37940330,https://pubmed.ncbi.nlm.nih.gov/37940330/,37940330,PMC10632089,true,PRJNA434628,1,Acetate and succinate benefit host muscle energetics as exercise-associated post-biotics.,Physiological reports,2023,10.14814/phy2.15848,Ismaeel A; Valentino TR; Burke B; Goh J; Saliu TP; Albathi F; Owen A; McCarthy JJ; Wen Y,
37937647,https://pubmed.ncbi.nlm.nih.gov/37937647/,37937647,PMC10721261,true,PRJNA1012006,1,Remote effects of kidney drug transporter OAT1 on gut microbiome composition and urate homeostasis.,JCI insight,2023,10.1172/jci.insight.172341,Ermakov VS; Granados JC; Nigam SK,
37936065,https://pubmed.ncbi.nlm.nih.gov/37936065/,37936065,PMC10631117,true,PRJNA937780,1,Specific gastrointestinal microbiota profiles in Chinese Tan sheep are associated with lauric acid content in muscle.,BMC microbiology,2023,10.1186/s12866-023-03079-2,Li Z; Cui R; Wang YB; Luo YB; Xue PX; Tang QG; Fang MY,
37924576,https://pubmed.ncbi.nlm.nih.gov/37924576/,37924576,,false,,0,Fecal metabolomics combined with metagenomics sequencing to analyze the antidepressant mechanism of Yueju Wan.,Journal of pharmaceutical and biomedical analysis,2024,10.1016/j.jpba.2023.115807,Qu Z; Wu S; Zheng Y; Bing Y; Liu X; Li S; Li W; Zou X,
37909786,https://pubmed.ncbi.nlm.nih.gov/37909786/,37909786,PMC10746178,true,PRJNA843079,1,Limitation of amino acid availability by bacterial populations during enhanced colitis in IBD mouse model.,mSystems,2023,10.1128/msystems.00703-23,Richie TG; Heeren L; Kamke A; Monk K; Pogranichniy S; Summers T; Wiechman H; Ran Q; Sarkar S; Plattner BL; Lee STM,
37908544,https://pubmed.ncbi.nlm.nih.gov/37908544/,37908544,PMC10614001,true,,0,Metagenomic and metabolomic analysis of changes in intestinal contents of rainbow trout (Oncorhynchus mykiss) infected with infectious hematopoietic necrosis virus at different culture water temperatures.,Frontiers in microbiology,2023,10.3389/fmicb.2023.1275649,Hai Q; Wang J; Kang W; Cheng S; Li J; Lyu N; Li Y; Luo Z; Liu Z,
37908118,https://pubmed.ncbi.nlm.nih.gov/37908118/,37908118,PMC10621307,true,PRJNA886985,1,A metagenomic analysis for combination therapy of multiple classes of antibiotics on the prevention of the spread of antibiotic-resistant genes.,Gut microbes,2023,10.1080/19490976.2023.2271150,Igo M; Xu L; Krishna A; Stewart S; Xu L; Li Z; Weaver JL; Stone H; Sacks L; Bensman T; Florian J; Rouse R; Han X,
37906569,https://pubmed.ncbi.nlm.nih.gov/37906569/,37906569,,false,,0,Jute (Corchorus olitorius L.) Nanocrystalline Cellulose Inhibits Insect Virus via Gut Microbiota and Metabolism.,ACS nano,2023,10.1021/acsnano.3c06824,Deng Y; Yang X; Chen J; Yang S; Chi H; Chen C; Yang X; Hou C,
37898635,https://pubmed.ncbi.nlm.nih.gov/37898635/,37898635,PMC10613252,true,,0,Orange juice containing Pediococcus acidilactici CE51 modulates the intestinal microbiota and reduces induced inflammation in a murine model of colitis.,Scientific reports,2023,10.1038/s41598-023-45819-4,de Oliveira Vieira KC; da Silva ABB; Felício SA; Lira FS; de Figueiredo C; Bezirtzoglou E; Pereira VC; Nakagaki WR; Nai GA; Winkelströter LK,
37894077,https://pubmed.ncbi.nlm.nih.gov/37894077/,37894077,PMC10609589,true,,0,Metagenomic Analysis Reveals Variations in Gut Microbiomes of the Schistosoma mansoni-Transmitting Snails Biomphalaria straminea and Biomphalaria glabrata.,Microorganisms,2023,10.3390/microorganisms11102419,Li P; Hong J; Wu M; Yuan Z; Li D; Wu Z; Sun X; Lin D,
37889679,https://pubmed.ncbi.nlm.nih.gov/37889679/,37889679,PMC10252047,true,PRJNA951774,1,Effect of a Co-Feed Liquid Whey-Integrated Diet on Crossbred Pigs' Fecal Microbiota.,Animals : an open access journal from MDPI,2023,10.3390/ani13111750,Sutera AM; Arfuso F; Tardiolo G; Riggio V; Fazio F; Aiese Cigliano R; Paytuví A; Piccione G; Zumbo A,
37877794,https://pubmed.ncbi.nlm.nih.gov/37877794/,37877794,,false,,0,The metabolic benefits of substituting sucrose for maple syrup are associated with a shift in carbohydrate digestion and gut microbiota composition in high-fat high-sucrose diet-fed mice.,American journal of physiology. Endocrinology and metabolism,2023,10.1152/ajpendo.00065.2023,Morissette A; André DM; Agrinier AL; Varin TV; Pilon G; Flamand N; Houde VP; Marette A,
37875797,https://pubmed.ncbi.nlm.nih.gov/37875797/,37875797,PMC10594901,true,PRJNA890321,1,Metagenomic analysis of gut microbiome and resistome of Whooper and Black Swans: a one health perspective.,BMC genomics,2023,10.1186/s12864-023-09742-2,Fu Y; Zhang K; Shan F; Li J; Wang Y; Li X; Xu H; Qin Z; Zhang L,
37871736,https://pubmed.ncbi.nlm.nih.gov/37871736/,37871736,,false,,0,Gut microbiota perturbations during larval stages in Bufo gargarizans tadpoles after Cu exposure with or without the presence of Pb.,"Environmental pollution (Barking, Essex : 1987)",2024,10.1016/j.envpol.2023.122774,Chai L; Song Y; Chen A; Jiang L; Deng H,
37858797,https://pubmed.ncbi.nlm.nih.gov/37858797/,37858797,,false,,0,High Soluble Fiber Promotes Colorectal Tumorigenesis Through Modulating Gut Microbiota and Metabolites in Mice.,Gastroenterology,2024,10.1053/j.gastro.2023.10.012,Yang J; Wei H; Lin Y; Chu ESH; Zhou Y; Gou H; Guo S; Lau HCH; Cheung AHK; Chen H; To KF; Sung JJY; Wang Y; Yu J,
37855604,https://pubmed.ncbi.nlm.nih.gov/37855604/,37855604,PMC10652919,true,PRJNA875084,1,"Twenty-five metagenome-assembled genomes recovered from the gut microbiome of the domestic ferret, Mustela putorius.",Microbiology resource announcements,2023,10.1128/MRA.00364-23,Amundson KK; Wolfe BA; Wilkins MJ,
37853813,https://pubmed.ncbi.nlm.nih.gov/37853813/,37853813,,false,,0,Pectic oligosaccharides ameliorate high-fat diet-induced obesity and hepatic steatosis in association with modulating gut microbiota in mice.,Food & function,2023,10.1039/d3fo02168h,Yu S; Wang H; Cui L; Wang J; Zhang Z; Wu Z; Lin X; He N; Zou Y; Li S,
37835689,https://pubmed.ncbi.nlm.nih.gov/37835689/,37835689,PMC10572025,true,PRJNA947945; PRJNA947971,2,Human Disturbance Increases Health Risks to Golden Snub-Nosed Monkeys and the Transfer Risk of Pathogenic Antibiotic-Resistant Bacteria from Golden Snub-Nosed Monkeys to Humans.,Animals : an open access journal from MDPI,2023,10.3390/ani13193083,Zou S; Yuan T; Lu T; Yan J; Kang D; Li D,
37830846,https://pubmed.ncbi.nlm.nih.gov/37830846/,37830846,PMC10652996,true,,0,Whole-genome sequences of two Drosophila melanogaster microbiome symbionts.,Microbiology resource announcements,2023,10.1128/MRA.00602-23,Barron AJ; Broderick NA,
37830742,https://pubmed.ncbi.nlm.nih.gov/37830742/,37830742,,false,,0,Limited impact of weathered residues from the Deepwater Horizon oil spill on the gut-microbiome and foraging behavior of sheepshead minnows (Cyprinodon variegatus).,Journal of toxicology and environmental health. Part A,2024,10.1080/15287394.2023.2265413,Wigren MA; Johnson TA; Griffitt RJ; Hay AG; Knott JA; Sepúlveda MS,
37828802,https://pubmed.ncbi.nlm.nih.gov/37828802/,37828802,,false,,0,Livestock grazing is associated with the gut microbiota and antibiotic resistance genes in sympatric plateau pika (Ochotona curzoniae).,Integrative zoology,2024,10.1111/1749-4877.12778,Zhao J; Feng T; An X; Chen X; Han N; Wang J; Chang G; Hou X,
37822757,https://pubmed.ncbi.nlm.nih.gov/37822757/,37822757,PMC10562206,true,,0,Metagenomics Characterization of Ixodes ricinus Intestinal Microbiota as Major Vector of Tick-Borne Diseases in Domestic Animals.,Journal of arthropod-borne diseases,2023,10.18502/jad.v17i2.13620,Yousefi-Behzadi M; Mehrabi A; Ahmadinezhad M; Rohani M; Naddaf SR; Bagheri A; Shams-Ghahfarokhi M; Maghsoudlou E; Mojahed N; Mounesan L; Tahmasebi Z; Sohrabi A; Salehi-Vaziri M; Salehi Z; Razzaghi-Abyaneh M,
37810788,https://pubmed.ncbi.nlm.nih.gov/37810788/,37810788,PMC10557944,true,,0,Current knowledge of the Southern Hemisphere marine microbiome in eukaryotic hosts and the Strait of Magellan surface microbiome project.,PeerJ,2023,10.7717/peerj.15978,Ochoa-Sánchez M; Acuña Gomez EP; Ramírez-Fenández L; Eguiarte LE; Souza V,
37806587,https://pubmed.ncbi.nlm.nih.gov/37806587/,37806587,,false,,0,Effects of artificial sweetener acesulfame on soil-dwelling earthworms (Eisenia fetida) and its gut microbiota.,The Science of the total environment,2024,10.1016/j.scitotenv.2023.167641,Lin X; Liu Z; Wang W; Duan G; Zhu Y,
37805557,https://pubmed.ncbi.nlm.nih.gov/37805557/,37805557,PMC10559513,true,,0,"PandaGUT provides new insights into bacterial diversity, function, and resistome landscapes with implications for conservation.",Microbiome,2023,10.1186/s40168-023-01657-0,Huang G; Shi W; Wang L; Qu Q; Zuo Z; Wang J; Zhao F; Wei F,
37803714,https://pubmed.ncbi.nlm.nih.gov/37803714/,37803714,,false,,0,Dynamic analysis of metabolomics reveals the potential associations between colonic peptides and serum appetite-related hormones.,"Food research international (Ottawa, Ont.)",2023,10.1016/j.foodres.2023.113376,Li Q; Wang H; Xu R; Su Y; Zhu W,
37801779,https://pubmed.ncbi.nlm.nih.gov/37801779/,37801779,,false,,0,Effect of olive cake supplementation on faecal microbiota profile of Holstein and Modicana dairy cattle.,Microbiological research,2023,10.1016/j.micres.2023.127510,Floridia V; Russo N; D'Alessandro E; Lopreiato V; Pino A; Amato A; Liotta L; Caggia C; Randazzo CL,
37792060,https://pubmed.ncbi.nlm.nih.gov/37792060/,37792060,PMC10656342,true,PRJNA449436; PRJNA449437; PRJNA449438,3,Host genetics and gut microbiota jointly regulate blood biochemical indicators in chickens.,Applied microbiology and biotechnology,2023,10.1007/s00253-023-12814-8,Jiang X; Zhang B; Lan F; Zhong C; Jin J; Li X; Zhou Q; Li J; Yang N; Wen C; Sun C,
37784018,https://pubmed.ncbi.nlm.nih.gov/37784018/,37784018,PMC10546737,true,PRJNA951203,1,Angelica polysaccharides relieve blood glucose levels in diabetic KKAy mice possibly by modulating gut microbiota: an integrated gut microbiota and metabolism analysis.,BMC microbiology,2023,10.1186/s12866-023-03029-y,Tang X; Yang L; Miao Y; Ha W; Li Z; Mi D,
37779688,https://pubmed.ncbi.nlm.nih.gov/37779688/,37779688,PMC10540074,true,,0,Insights into early evolutionary adaptations of the Akkermansia genus to the vertebrate gut.,Frontiers in microbiology,2023,10.3389/fmicb.2023.1238580,González D; Morales-Olavarria M; Vidal-Veuthey B; Cárdenas JP,
37777765,https://pubmed.ncbi.nlm.nih.gov/37777765/,37777765,PMC10542248,true,PRJNA906278,1,Blocked conversion of Lactobacillus johnsonii derived acetate to butyrate mediates copper-induced epithelial barrier damage in a pig model.,Microbiome,2023,10.1186/s40168-023-01655-2,Wen Y; Yang L; Wang Z; Liu X; Gao M; Zhang Y; Wang J; He P,
37764032,https://pubmed.ncbi.nlm.nih.gov/37764032/,37764032,PMC10536862,true,PRJNA983257,1,"Diversity and Abundance of Bacterial and Fungal Communities Inhabiting Camellia sinensis Leaf, Rhizospheric Soil, and Gut of Agriophara rhombata.",Microorganisms,2023,10.3390/microorganisms11092188,Qu H; Long Y; Wang X; Wang K; Chen L; Yang Y; Chen L,
37752615,https://pubmed.ncbi.nlm.nih.gov/37752615/,37752615,PMC10523725,true,PRJNA953147,1,The gut metabolite 3-hydroxyphenylacetic acid rejuvenates spermatogenic dysfunction in aged mice through GPX4-mediated ferroptosis.,Microbiome,2023,10.1186/s40168-023-01659-y,Jin Z; Yang Y; Cao Y; Wen Q; Xi Y; Cheng J; Zhao Q; Weng J; Hong K; Jiang H; Hang J; Zhang Z,
37752225,https://pubmed.ncbi.nlm.nih.gov/37752225/,37752225,PMC10616104,true,,0,Thiostrepton alleviates experimental colitis by promoting RORγt ubiquitination and modulating dysbiosis.,Cellular & molecular immunology,2023,10.1038/s41423-023-01085-y,Luo Y; Liu C; Luo Y; Zhang X; Li J; Hu C; Yang S,
37749431,https://pubmed.ncbi.nlm.nih.gov/37749431/,37749431,,false,,0,Metagenomic Studies Reveal the Evidence of Akkermansia muciniphila and Other Probiotic Bacteria in the Gut of Healthy and Enterocytozoon hepatopenaei (EHP)-Infected Farmed Penaeus vannamei.,Probiotics and antimicrobial proteins,2025,10.1007/s12602-023-10165-4,Arumugam U; Sudarsanan GB; Karuppannan AK; Palaniappan S,
37748599,https://pubmed.ncbi.nlm.nih.gov/37748599/,37748599,,false,,0,An integrated analysis of the fecal metabolome and metagenome reveals the distinct effects of differentially charged nanoplastics on the gut microbiota-associated metabolites in mice.,The Science of the total environment,2024,10.1016/j.scitotenv.2023.167287,Teng M; Zhao X; Zhou L; Yan H; Zhao L; Sun J; Li Y; Zhu W; Wu F,
37747192,https://pubmed.ncbi.nlm.nih.gov/37747192/,37747192,PMC10586148,true,PRJNA964437,1,Gut and flesh microbiome sequencing of the Bangladesh national fish hilsa (Tenualosa ilisha).,Microbiology resource announcements,2023,10.1128/MRA.00448-23,Islam T; Hoque MN,
37744933,https://pubmed.ncbi.nlm.nih.gov/37744933/,37744933,PMC10516607,true,PRJNA791189,1,Metagenomic signatures reveal the key role of phloretin in amelioration of gut dysbiosis attributed to metabolic dysfunction-associated fatty liver disease by time-dependent modulation of gut microbiome.,Frontiers in microbiology,2023,10.3389/fmicb.2023.1210517,Chhimwal J; Anand P; Mehta P; Swarnkar MK; Patial V; Pandey R; Padwad Y,
37736390,https://pubmed.ncbi.nlm.nih.gov/37736390/,37736390,PMC10509535,true,,0,Assessing the impact of meta-genomic tools on current cutting-edge genome engineering and technology.,International journal of biochemistry and molecular biology,2023,,Dweh TJ; Pattnaik S; Sahoo JP,
37731932,https://pubmed.ncbi.nlm.nih.gov/37731932/,37731932,PMC10508338,true,PRJNA955791,1,"Influence of phylogenetic, environmental, and behavioral factors on the gut bacterial community structure of dung beetles (Scarabaeidae: Scarabaeinae) in a Neotropical Biosphere Reserve.",Frontiers in microbiology,2023,10.3389/fmicb.2023.1224601,Jácome-Hernández A; Lamelas A; Desgarennes D; Huerta C; Cruz-Rosales M; Favila ME,
37714224,https://pubmed.ncbi.nlm.nih.gov/37714224/,37714224,,false,,0,"Efficacy and mechanism study of Baichanting compound, a combination of Acanthopanax senticosus (Rupr. and Maxim.) Harms, Paeonia lactiflora Pall and Uncaria rhynchophylla (Miq.) Miq. ex Havil, on Parkinson's disease based on metagenomics and metabolomics.",Journal of ethnopharmacology,2024,10.1016/j.jep.2023.117182,Lu Y; Gao X; Mohammed SAD; Wang T; Fu J; Wang Y; Nan Y; Lu F; Liu S,
37705113,https://pubmed.ncbi.nlm.nih.gov/37705113/,37705113,PMC10500907,true,PRJEB37575; PRJNA864640; PRJNA873906,3,Plastics shape the black soldier fly larvae gut microbiome and select for biodegrading functions.,Microbiome,2023,10.1186/s40168-023-01649-0,De Filippis F; Bonelli M; Bruno D; Sequino G; Montali A; Reguzzoni M; Pasolli E; Savy D; Cangemi S; Cozzolino V; Tettamanti G; Ercolini D; Casartelli M; Caccia S,
37704113,https://pubmed.ncbi.nlm.nih.gov/37704113/,37704113,,false,,0,Traditional Medicine Pien Tze Huang Suppresses Colorectal Tumorigenesis Through Restoring Gut Microbiota and Metabolites.,Gastroenterology,2023,10.1053/j.gastro.2023.08.052,Gou H; Su H; Liu D; Wong CC; Shang H; Fang Y; Zeng X; Chen H; Li Y; Huang Z; Fan M; Wei C; Wang X; Zhang X; Li X; Yu J,
37700351,https://pubmed.ncbi.nlm.nih.gov/37700351/,37700351,PMC10496319,true,PRJNA935534,1,Specific pathway abundances in the neonatal calf faecal microbiome are associated with susceptibility to Cryptosporidium parvum infection: a metagenomic analysis.,Animal microbiome,2023,10.1186/s42523-023-00265-5,Hares MF; Griffiths BE; Johnson F; Nelson C; Haldenby S; Stewart CJ; Duncan JS; Oikonomou G; Coombes JL,
37699793,https://pubmed.ncbi.nlm.nih.gov/37699793/,37699793,,false,,0,Diversity analysis of hilsa (Tenualosa ilisha) gut microbiota using culture-dependent and culture-independent approaches.,Journal of applied microbiology,2023,10.1093/jambio/lxad208,Chakraborty M; Acharya D; Dutta TK,
37697496,https://pubmed.ncbi.nlm.nih.gov/37697496/,37697496,,false,,0,Ethanol extract of Pueraria lobata improve acute myocardial infarction in rats via regulating gut microbiota and bile acid metabolism.,Phytotherapy research : PTR,2023,10.1002/ptr.8005,Zhang P; Fang Z; Zhao M; Yi B; Huang Y; Yang H; Guo N; Zhao C,
37695076,https://pubmed.ncbi.nlm.nih.gov/37695076/,37695076,PMC10497250,true,,0,The role of intestine in metabolic dysregulation in murine Wilson disease.,Hepatology communications,2023,10.1097/HC9.0000000000000247,Sarode GV; Mazi TA; Neier K; Shibata NM; Jospin G; Harder NHO; Caceres A; Heffern MC; Sharma AK; More SK; Dave M; Schroeder SM; Wang L; LaSalle JM; Lutsenko S; Medici V,
37684694,https://pubmed.ncbi.nlm.nih.gov/37684694/,37684694,PMC10486110,true,CRA006871,1,Gut microbes exacerbate systemic inflammation and behavior disorders in neurologic disease CADASIL.,Microbiome,2023,10.1186/s40168-023-01638-3,Liu S; Men X; Guo Y; Cai W; Wu R; Gao R; Zhong W; Guo H; Ruan H; Chou S; Mai J; Ping S; Jiang C; Zhou H; Mou X; Zhao W; Lu Z,
37684524,https://pubmed.ncbi.nlm.nih.gov/37684524/,37684524,PMC10579368,true,CNP0002503; PRJNA844538,2,Differential effects of wastewater treatment plant effluents on the antibiotic resistomes of diverse river habitats.,The ISME journal,2023,10.1038/s41396-023-01506-w,Lee J; Ju F; Beck K; Bürgmann H,
37675433,https://pubmed.ncbi.nlm.nih.gov/37675433/,37675433,PMC10477363,true,,0,Protocol for the safety and efficacy of fecal microbiota transplantation liquid in children with autism spectrum disorder: a randomized controlled study.,Frontiers in microbiology,2023,10.3389/fmicb.2023.1236904,Wei J; Chen J; Fang X; Liu T; Yuan Y; Zhang J,
37670231,https://pubmed.ncbi.nlm.nih.gov/37670231/,37670231,PMC10478257,true,PRJNA843204; PRJNA894235,2,Analysis of gut microbiota in chinese donkey in different regions using metagenomic sequencing.,BMC genomics,2023,10.1186/s12864-023-09575-z,Guo R; Zhang W; Shen W; Zhang G; Xie T; Li L; Jinmei J; Liu Y; Kong F; Guo B; Li B; Sun Y; Liu S,
37666200,https://pubmed.ncbi.nlm.nih.gov/37666200/,37666200,,false,,0,Arecoline alleviated loperamide induced constipation by regulating gut microbes and the expression of colonic genome.,Ecotoxicology and environmental safety,2023,10.1016/j.ecoenv.2023.115423,Xu M; Wang W; Su S; Li W; Hu X; Zhang J,
37662279,https://pubmed.ncbi.nlm.nih.gov/37662279/,37662279,PMC10473621,true,,0,A suite of selective pressures supports the maintenance of alleles of a Drosophila immune peptide.,bioRxiv : the preprint server for biology,2024,10.1101/2023.08.18.553899,Mullinax SR; Darby AM; Gupta A; Chan P; Smith BR; Unckless RL,
37661068,https://pubmed.ncbi.nlm.nih.gov/37661068/,37661068,,false,,0,The chronic consumption of dietary fructose promotes the gut Clostridium species imbalance and bile acid alterations in developing nonalcoholic fatty liver disease.,The Journal of nutritional biochemistry,2023,10.1016/j.jnutbio.2023.109434,Zhang D; Wang H; Liu A; Wang S; Xu C; Lan K; Xiang W; Zhu K; Xiao Y; Fu J; Jiang R; Chen W; Ni Y,
37659809,https://pubmed.ncbi.nlm.nih.gov/37659809/,37659809,,false,,0,An inulin-type fructan isolated from Serratula chinensis alleviated the dextran sulfate sodium-induced colitis in mice through regulation of intestinal barrier and gut microbiota.,Carbohydrate polymers,2023,10.1016/j.carbpol.2023.121206,Li Z; Wen Q; Pi J; Zhang D; Nie J; Wei W; Li W; Guo DA,
37650630,https://pubmed.ncbi.nlm.nih.gov/37650630/,37650630,PMC10653949,true,PRJEB58265,1,Mammals show distinct functional gut microbiome dynamics to identical series of environmental stressors.,mBio,2023,10.1128/mbio.01606-23,Koziol A; Odriozola I; Leonard A; Eisenhofer R; San José C; Aizpurua O; Alberdi A,
37650612,https://pubmed.ncbi.nlm.nih.gov/37650612/,37650612,PMC10654083,true,PRJNA942254,1,Metagenomics uncovers dietary adaptations for chitin digestion in the gut microbiota of convergent myrmecophagous mammals.,mSystems,2023,10.1128/msystems.00388-23,Teullet S; Tilak M-K; Magdeleine A; Schaub R; Weyer NM; Panaino W; Fuller A; Loughry WJ; Avenant NL; de Thoisy B; Borrel G; Delsuc F,
37648194,https://pubmed.ncbi.nlm.nih.gov/37648194/,37648194,,false,,0,Deciphering the dysbiosis caused in the fish microbiota by emerging contaminants and its mitigation strategies-A review.,Environmental research,2023,10.1016/j.envres.2023.117002,Kakakhel MA; Narwal N; Kataria N; Johari SA; Zaheer Ud Din S; Jiang Z; Khoo KS; Xiaotao S,
37645712,https://pubmed.ncbi.nlm.nih.gov/37645712/,37645712,PMC10461977,true,PRJEB47807,1,Prevotella copri-related effects of a therapeutic food for malnutrition.,bioRxiv : the preprint server for biology,2023,10.1101/2023.08.11.553030,Chang HW; Lee EM; Wang Y; Zhou C; Pruss KM; Henrissat S; Chen RY; Kao C; Hibberd MC; Lynn HM; Webber DM; Crane M; Cheng J; Rodionov DA; Arzamasov AA; Castillo JJ; Couture G; Chen Y; Balcazo NP Jr; Lebrilla CB; Terrapon N; Henrissat B; Ilkayeva O; Muehlbauer MJ; Newgard CB; Mostafa I; Das S; Mahfuz M; Osterman AL; Barratt MJ; Ahmed T; Gordon JI,
37638757,https://pubmed.ncbi.nlm.nih.gov/37638757/,37638757,PMC10570034,true,PRJNA485481; PRJNA727483; PRJNA777104; PRJNA906625; PRJNA991497,5,The hologenome of Daphnia magna reveals possible DNA methylation and microbiome-mediated evolution of the host genome.,Nucleic acids research,2023,10.1093/nar/gkad685,Chaturvedi A; Li X; Dhandapani V; Marshall H; Kissane S; Cuenca-Cambronero M; Asole G; Calvet F; Ruiz-Romero M; Marangio P; Guigó R; Rago D; Mirbahai L; Eastwood N; Colbourne JK; Zhou J; Mallon E; Orsini L,
37630578,https://pubmed.ncbi.nlm.nih.gov/37630578/,37630578,PMC10459535,true,,0,Current Insights into the Use of Probiotics and Fatty Acids in Alleviating Depression.,Microorganisms,2023,10.3390/microorganisms11082018,Gao H; He C; Xin S; Hua R; Du Y; Wang B; Gong F; Yu X; Pan L; Gao L; Xu J,
37630519,https://pubmed.ncbi.nlm.nih.gov/37630519/,37630519,PMC10459846,true,PRJNA641245; PRJNA817574,2,"An Immobilized Form of a Blend of Essential Oils Improves the Density of Beneficial Bacteria, in Addition to Suppressing Pathogens in the Gut and Also Improves the Performance of Chicken Breeding.",Microorganisms,2023,10.3390/microorganisms11081960,Paul SS; Rama Rao SV; Chatterjee RN; Raju MVLN; Mahato AK; Prakash B; Yadav SP; Kannan A; Reddy GN; Kumar V; Kumar PSP,
37621874,https://pubmed.ncbi.nlm.nih.gov/37621874/,37621874,PMC10446838,true,PRJEB589,1,The crosstalk between microbiota and metabolites in AP mice: an analysis based on metagenomics and untargeted metabolomics.,Frontiers in cellular and infection microbiology,2023,10.3389/fcimb.2023.1134321,Zhou Q; Tao X; Guo F; Zhu Y; Wu Y; Xiang H; Shang D,
37621652,https://pubmed.ncbi.nlm.nih.gov/37621652/,37621652,PMC10446493,true,,0,Dietary protein levels modulate the gut microbiome composition through fecal samples derived from lactating ewes.,Frontiers in endocrinology,2023,10.3389/fendo.2023.1194425,Liang J; Ali S; Lv C; Yang H; Zhao X; Ni X; Li C; Danzeng B; Wang Y; Quan G,
37620768,https://pubmed.ncbi.nlm.nih.gov/37620768/,37620768,PMC10463970,true,,0,Whole genome analyses of toxicants tolerance genes of Apis mellifera gut-derived Enterococcus faecium strains.,BMC genomics,2023,10.1186/s12864-023-09590-0,Zaghloul HAH; El Halfawy NM,
37620319,https://pubmed.ncbi.nlm.nih.gov/37620319/,37620319,PMC10449846,true,PRJNA984334,1,Fiber supplementation protects from antibiotic-induced gut microbiome dysbiosis by modulating gut redox potential.,Nature communications,2023,10.1038/s41467-023-40553-x,Penumutchu S; Korry BJ; Hewlett K; Belenky P,
37615434,https://pubmed.ncbi.nlm.nih.gov/37615434/,37615434,PMC10654109,true,CNP0004562; PRJNA956982,2,Metagenomic and metabolomic analyses reveal the role of gut microbiome-associated metabolites in diarrhea calves.,mSystems,2023,10.1128/msystems.00582-23,Shi Z; Wang Y; Yan X; Ma X; Duan A; Hassan F-u; Wang W; Deng T,
37610102,https://pubmed.ncbi.nlm.nih.gov/37610102/,37610102,PMC10448978,true,GSE230096,1,Multi-omics analysis revealing the interplay between gut microbiome and the host following opioid use.,Gut microbes,2023,10.1080/19490976.2023.2246184,Kolli U; Jalodia R; Moidunny S; Singh PK; Ban Y; Tao J; Cantu GN; Valdes E; Ramakrishnan S; Roy S,
37606634,https://pubmed.ncbi.nlm.nih.gov/37606634/,37606634,,false,,0,Fuzhuan brick tea ameliorates hepatic steatosis and steatohepatitis through gut microbiota-derived aryl hydrocarbon receptor ligands in high-fat diet-induced obese mice.,Food & function,2023,10.1039/d3fo01782f,Liu D; Wang S; Liu Y; Luo Y; Wen B; Wu W; Zeng H; Huang J; Liu Z,
37584728,https://pubmed.ncbi.nlm.nih.gov/37584728/,37584728,PMC10542285,true,,0,Glucose-lowering effects of a synbiotic combination containing Pediococcus acidilactici in C. elegans and mice.,Diabetologia,2023,10.1007/s00125-023-05981-w,Yavorov-Dayliev D; Milagro FI; Ayo J; Oneca M; Goyache I; López-Yoldi M; Aranaz P,
37580828,https://pubmed.ncbi.nlm.nih.gov/37580828/,37580828,PMC10424351,true,PRJNA872265,1,The unique gut microbiome of giant pandas involved in protein metabolism contributes to the host's dietary adaption to bamboo.,Microbiome,2023,10.1186/s40168-023-01603-0,Deng F; Wang C; Li D; Peng Y; Deng L; Zhao Y; Zhang Z; Wei M; Wu K; Zhao J; Li Y,
37573429,https://pubmed.ncbi.nlm.nih.gov/37573429/,37573429,PMC10423206,true,CNP0000824; CRA007668; PRJCA010893; PRJNA687506; SRP119571,5,Characterization of the pig lower respiratory tract antibiotic resistome.,Nature communications,2023,10.1038/s41467-023-40587-1,Zhou Y; Li J; Huang F; Ai H; Gao J; Chen C; Huang L,
37569608,https://pubmed.ncbi.nlm.nih.gov/37569608/,37569608,PMC10418321,true,PRJEB1220,1,Adlercreutzia equolifaciens Is an Anti-Inflammatory Commensal Bacterium with Decreased Abundance in Gut Microbiota of Patients with Metabolic Liver Disease.,International journal of molecular sciences,2023,10.3390/ijms241512232,Oñate FP; Chamignon C; Burz SD; Lapaque N; Monnoye M; Philippe C; Bredel M; Chêne L; Farin W; Paillarse JM; Boursier J; Ratziu V; Mousset PY; Doré J; Gérard P; Blottière HM,
37550758,https://pubmed.ncbi.nlm.nih.gov/37550758/,37550758,PMC10405559,true,ERP134817,1,metaSpectraST: an unsupervised and database-independent analysis workflow for metaproteomic MS/MS data using spectrum clustering.,Microbiome,2023,10.1186/s40168-023-01602-1,Hao C; Elias JE; Lee PKH; Lam H,
37541570,https://pubmed.ncbi.nlm.nih.gov/37541570/,37541570,,false,,0,Investigation of the fall armyworm (Spodoptera frugiperda) gut microbiome and entomopathogenic fungus-induced pathobiome.,Journal of invertebrate pathology,2023,10.1016/j.jip.2023.107976,Liu YC; Chen TH; Huang YF; Chen CL; Nai YS,
37537673,https://pubmed.ncbi.nlm.nih.gov/37537673/,37537673,PMC10399007,true,PRJNA836733,1,"Lactiplantibacillus plantarum, lactiplantibacillus pentosus and inulin meal inclusion boost the metagenomic function of broiler chickens.",Animal microbiome,2023,10.1186/s42523-023-00257-5,Ferrocino I; Biasato I; Dabbou S; Colombino E; Rantsiou K; Squara S; Gariglio M; Capucchio MT; Gasco L; Cordero CE; Liberto E; Schiavone A; Cocolin L,
37525231,https://pubmed.ncbi.nlm.nih.gov/37525231/,37525231,PMC10388496,true,PRJNA924548,1,Metagenomic analysis reveals the relationship between intestinal protozoan parasites and the intestinal microecological balance in calves.,Parasites & vectors,2023,10.1186/s13071-023-05877-z,Fu Y; Zhang K; Yang M; Li X; Chen Y; Li J; Xu H; Dhakal P; Zhang L,
37525141,https://pubmed.ncbi.nlm.nih.gov/37525141/,37525141,PMC10388479,true,PRJNA891490,1,Influence of scat ageing on the gut microbiome: how old is too old?,BMC genomics,2023,10.1186/s12864-023-09520-0,Oliveros A; Terraube J; Levengood AL; Powell D; Frère CH,
37524154,https://pubmed.ncbi.nlm.nih.gov/37524154/,37524154,,false,,0,ENPP2 inhibitor improves proliferation in AOM/DSS-induced colorectal cancer mice via remodeling the gut barrier function and gut microbiota composition.,Pharmacological research,2023,10.1016/j.phrs.2023.106877,Yan J; Duan W; Gao Q; Mao T; Wang M; Duan J; Li J,
37508100,https://pubmed.ncbi.nlm.nih.gov/37508100/,37508100,PMC10376647,true,PRJNA911158,1,Comparison of the Faecal Microbiota Composition Following a Dairy By-Product Supplemented Diet in Nero Siciliano and Large White × Landrace Pig Breeds.,Animals : an open access journal from MDPI,2023,10.3390/ani13142323,Floridia V; Giuffrè L; Giosa D; Arfuso F; Aragona F; Fazio F; Chen C; Song C; Romeo O; D'Alessandro E,
37505576,https://pubmed.ncbi.nlm.nih.gov/37505576/,37505576,PMC10386730,true,PRJNA908247; PRJNA908248,2,Comparative Metagenomic and Metatranscriptomic Analyses Reveal the Response of Black Soldier Fly (Hermetia illucens) Larvae Intestinal Microbes and Reduction Mechanisms to High Concentrations of Tetracycline.,Toxics,2023,10.3390/toxics11070611,Pei Y; Sun M; Zhang J; Lei A; Chen H; Kang X; Ni H; Yang S,
37504575,https://pubmed.ncbi.nlm.nih.gov/37504575/,37504575,PMC10470603,true,CRA003912,1,Divergence and convergence of gut microbiomes of wild insect pollinators.,mBio,2023,10.1128/mbio.01270-23,Li J; Sauers L; Zhuang D; Ren H; Guo J; Wang L; Zhuang M; Guo Y; Zhang Z; Wu J; Yao J; Yang H; Huang J; Wang C; Lin Q; Zhang Z; Sadd BM,
37499616,https://pubmed.ncbi.nlm.nih.gov/37499616/,37499616,PMC10393819,true,PRJNA861719,1,A catalog of microbial genes and metagenome-assembled genomes from the quail gut microbiome.,Poultry science,2023,10.1016/j.psj.2023.102931,Xiong X; Rao Y; Ma J; Wang Z; He Q; Gong J; Sheng W; Xu J; Zhu X; Tan Y; Yang Y,
37497061,https://pubmed.ncbi.nlm.nih.gov/37497061/,37497061,PMC10365968,true,,0,Multiple micronutrient deficiencies alter energy metabolism in host and gut microbiome in an early-life murine model.,Frontiers in nutrition,2023,10.3389/fnut.2023.1151670,Littlejohn PT; Bar-Yoseph H; Edwards K; Li H; Ramirez-Contreras CY; Holani R; Metcalfe-Roach A; Fan YM; Yang TM; Radisavljevic N; Hu X; Johnson JD; Finlay BB,
37496083,https://pubmed.ncbi.nlm.nih.gov/37496083/,37496083,PMC10369819,true,PRJNA880549,1,Early-life prophylactic antibiotic treatment disturbs the stability of the gut microbiota and increases susceptibility to H9N2 AIV in chicks.,Microbiome,2023,10.1186/s40168-023-01609-8,Liang X; Zhang Z; Wang H; Lu X; Li W; Lu H; Roy A; Shen X; Irwin DM; Shen Y,
37493577,https://pubmed.ncbi.nlm.nih.gov/37493577/,37493577,,false,,0,"Metagenomic reconstructions of caecal microbiome in Landes, Roman and Zhedong White geese.",British poultry science,2023,10.1080/00071668.2023.2239172,Zhu J; Song Y; Xiao Y; Ma L; Hu C; Yang H; Wang X; Lyu W,
37490989,https://pubmed.ncbi.nlm.nih.gov/37490989/,37490989,,false,,0,Enhancing NKT cell-mediated immunity against hepatocellular carcinoma: Role of XYXD in promoting primary bile acid synthesis and improving gut microbiota.,Journal of ethnopharmacology,2024,10.1016/j.jep.2023.116945,Deng Z; Ouyang Z; Mei S; Zhang X; Li Q; Meng F; Hu Y; Dai X; Zhou S; Mao K; Huang C; Dai J; Yi C; Tan N; Feng T; Long H; Tian X,
37485826,https://pubmed.ncbi.nlm.nih.gov/37485826/,37485826,,false,,0,Effect of in-water administration of quorum system inhibitors in broilers' productive performance and intestinal microbiome in a mild necrotic enteritis challenge.,Avian pathology : journal of the W.V.P.A,2023,10.1080/03079457.2023.2224260,Jaramillo-Jaramillo AS; Coulson TJD; Hofacre C; Jones M; O'Neill L; Nguyen N; Labbe A,
37479827,https://pubmed.ncbi.nlm.nih.gov/37479827/,37479827,PMC10640434,true,PRJNA933524,1,Spatial and Sexual Divergence of Gut Bacterial Communities in Field Cricket Teleogryllus occipitalis (Orthoptera: Gryllidae).,Microbial ecology,2023,10.1007/s00248-023-02265-z,Hirata K; Asahi T; Kataoka K,
37478939,https://pubmed.ncbi.nlm.nih.gov/37478939/,37478939,,false,,0,"Gastrointestinal microbiome, resistance genes, and risk assessment of heavy metals in wild giant pandas.",The Science of the total environment,2023,10.1016/j.scitotenv.2023.165671,Jin L; Wu H; Li G; Yang S; Wei R; Huang Y; Penttinen P; Deng W; Chen J; Han X; Li C; Hu L; Li T; Zhang H; Zhao K; Zou L,
37473695,https://pubmed.ncbi.nlm.nih.gov/37473695/,37473695,,false,,0,Genomic analysis of multidrug-resistant Escherichia coli strains carrying the mcr-1 gene recovered from pigs in Lima-Peru.,"Comparative immunology, microbiology and infectious diseases",2023,10.1016/j.cimid.2023.102019,Espinoza LL; Huamán DC; Cueva CR; Gonzales CD; León YI; Espejo TS; Monge GM; Alcántara RR; Hernández LM,
37470119,https://pubmed.ncbi.nlm.nih.gov/37470119/,37470119,,false,,0,The combination of metagenome and metabolome to compare the differential effects and mechanisms of fructose and sucrose on the metabolic disorders and gut microbiota in vitro and in vivo.,Food & function,2023,10.1039/d3fo02246c,Chen Q; Ren R; Sun Y; Xu J; Yang H; Li X; Xiao Y; Li J; Lyu W,
37465027,https://pubmed.ncbi.nlm.nih.gov/37465027/,37465027,PMC10350513,true,,0,Hybridization altered the gut microbiota of pigs.,Frontiers in microbiology,2023,10.3389/fmicb.2023.1177947,Wei L; Zeng B; Zhang S; Guo W; Li F; Zhao J; Li Y,
37462611,https://pubmed.ncbi.nlm.nih.gov/37462611/,37462611,,false,,0,Role of Gastrointestinal Microbiota from Crucian Carp in Microbial Transformation and Estrogenicity Modification of Novel Plastic Additives.,Environmental science & technology,2023,10.1021/acs.est.3c03595,Hou R; Zhang S; Huang Q; Lin L; Li H; Li J; Liu S; Sun C; Xu X,
37452210,https://pubmed.ncbi.nlm.nih.gov/37452210/,37452210,,false,,0,Long-term potassium-competitive acid blockers administration causes microbiota changes in rats.,Surgical endoscopy,2023,10.1007/s00464-023-10269-6,Najah H; Edelmuth RCL; Riascos MC; Grier A; Al Asadi H; Greenberg JA; Miranda I; Crawford CV; Finnerty BM; Fahey TJ 3rd; Zarnegar R,
37450589,https://pubmed.ncbi.nlm.nih.gov/37450589/,37450589,PMC10348671,true,GSE210328; GSE210833; PRJNA864080; PRJNA865544,4,Targeting gut microbiota-derived kynurenine to predict and protect the remodeling of the pressure-overloaded young heart.,Science advances,2023,10.1126/sciadv.adg7417,Shi B; Zhang X; Song Z; Dai Z; Luo K; Chen B; Zhou Z; Cui Y; Feng B; Zhu Z; Zheng J; Zhang H; He X,
37445967,https://pubmed.ncbi.nlm.nih.gov/37445967/,37445967,PMC10342044,true,CRA006926,1,Metagenome of Gut Microbiota Provides a Novel Insight into the Pathogenicity of Balantioides coli in Weaned Piglets.,International journal of molecular sciences,2023,10.3390/ijms241310791,He K; Xiong J; Yang W; Zhao L; Wang T; Qian W; Hu S; Wang Q; Aleem MT; Miao W; Yan W,
37444034,https://pubmed.ncbi.nlm.nih.gov/37444034/,37444034,PMC10340016,true,,0,Seasonal Variation in Gut Microbiota of the Wild Daurian Ground Squirrel (Spermophilus dauricus): Metagenomic Insights into Seasonal Breeding.,Animals : an open access journal from MDPI,2023,10.3390/ani13132235,Song F; Ma S; Zhang Y; Yang X; Zhang H; Han Y; Liu Y; Gao F; Yuan Z,
37440367,https://pubmed.ncbi.nlm.nih.gov/37440367/,37440367,,false,,0,,,,,,Request failed: Failed to fetch
37439777,https://pubmed.ncbi.nlm.nih.gov/37439777/,37439777,PMC10438820,true,PRJNA857725,1,The gut microbiome and resistome of conventionally vs. pasture-raised pigs.,Microbial genomics,2023,10.1099/mgen.0.001061,Holman DB; Gzyl KE; Kommadath A,
37434868,https://pubmed.ncbi.nlm.nih.gov/37434868/,37434868,PMC10332357,true,,0,First metagenomic analysis of the Andean condor (Vultur gryphus) gut microbiome reveals microbial diversity and wide resistome.,PeerJ,2023,10.7717/peerj.15235,Martinez-Hernandez JE; Berrios P; Santibáñez R; Cuesta Astroz Y; Sanchez C; Martin AJM; Trombert AN,
37429473,https://pubmed.ncbi.nlm.nih.gov/37429473/,37429473,,false,,0,Environmental cadmium exposure facilitates mammary tumorigenesis via reprogramming gut microbiota-mediated glutamine metabolism in MMTV-Erbb2 mice.,The Science of the total environment,2023,10.1016/j.scitotenv.2023.165348,Yue Y; Zhang H; Deng P; Tan M; Chen C; Tang B; Li J; Chen F; Zhao Q; Li L; Hao R; Wang H; Luo Y; Tian L; Xie J; Chen M; Yu Z; Zhou Z; Pi H,
37428087,https://pubmed.ncbi.nlm.nih.gov/37428087/,37428087,PMC10434016,true,PRJNA908214; PRJNA908260,2,Identification of Gut Microbiome and Metabolites Associated with Acute Diarrhea in Cats.,Microbiology spectrum,2023,10.1128/spectrum.00590-23,Bai H; Liu T; Wang S; Gong W; Shen L; Zhang S; Wang Z,
37413963,https://pubmed.ncbi.nlm.nih.gov/37413963/,37413963,,false,,0,Effect of chlorpyrifos on freshwater microbial community and metabolic capacity of zebrafish.,Ecotoxicology and environmental safety,2023,10.1016/j.ecoenv.2023.115230,Xu N; Zhou Z; Chen B; Zhang Z; Zhang J; Li Y; Lu T; Sun L; Peijnenburg WJGM; Qian H,
37401755,https://pubmed.ncbi.nlm.nih.gov/37401755/,37401755,PMC10321227,true,PRJNA930167,1,"In vitro adhesion, pilus expression, and in vivo amelioration of antibiotic-induced microbiota disturbance by Bifidobacterium spp. strains from fecal donors.",Gut microbes,2023,10.1080/19490976.2023.2229944,Ronkainen A; Khan I; Krzyżewska-Dudek E; Hiippala K; Freitag TL; Satokari R,
37400907,https://pubmed.ncbi.nlm.nih.gov/37400907/,37400907,PMC10318751,true,,0,Selection for environmental variance shifted the gut microbiome composition driving animal resilience.,Microbiome,2023,10.1186/s40168-023-01580-4,Casto-Rebollo C; Argente MJ; García ML; Pena RN; Blasco A; Ibáñez-Escriche N,
37399986,https://pubmed.ncbi.nlm.nih.gov/37399986/,37399986,,false,,0,Connecting gut microbiome changes with fish health conditions in juvenile Atlantic cod (Gadus morhua) exposed to dispersed crude oil.,Environmental research,2023,10.1016/j.envres.2023.116516,Magnuson JT; Monticelli G; Schlenk D; Bisesi JH Jr; Pampanin DM,
37398675,https://pubmed.ncbi.nlm.nih.gov/37398675/,37398675,PMC10311434,true,,0,Corrigendum: Edwardsiella piscicida infection reshapes the intestinal microbiome and metabolome of big-belly seahorses: mechanistic insights of synergistic actions of virulence factors.,Frontiers in immunology,2023,10.3389/fimmu.2023.1222662,Zhang L; Wang F; Jia L; Yan H; Gao L; Tian Y; Su X; Zhang X; Lv C; Ma Z; Xue Y; Lin Q; Wang K,
37394467,https://pubmed.ncbi.nlm.nih.gov/37394467/,37394467,PMC10316573,true,PRJNA873123,1,Enzymatically prepared alginate oligosaccharides improve broiler chicken growth performance by modulating the gut microbiota and growth hormone signals.,Journal of animal science and biotechnology,2023,10.1186/s40104-023-00887-4,Zhu La AT; Feng Y; Hu D; Feng Y; Jin X; Liu D; Guo Y; Cheng G; Hu Y,
37386075,https://pubmed.ncbi.nlm.nih.gov/37386075/,37386075,PMC10390331,true,CRA009819; CRA009820; CRA009823,3,Parabacteroides distasonis uses dietary inulin to suppress NASH via its metabolite pentadecanoic acid.,Nature microbiology,2023,10.1038/s41564-023-01418-7,Wei W; Wong CC; Jia Z; Liu W; Liu C; Ji F; Pan Y; Wang F; Wang G; Zhao L; Chu ESH; Zhang X; Sung JJY; Yu J,
37384524,https://pubmed.ncbi.nlm.nih.gov/37384524/,37384524,,false,,0,Fatty acid metabolization and insulin regulation prevent liver injury from lipid accumulation in Himalayan marmots.,Cell reports,2023,10.1016/j.celrep.2023.112718,Bao Z; Guo C; Chen Y; Li C; Lei T; Zhou S; Qi D; Xiang Z,
37374982,https://pubmed.ncbi.nlm.nih.gov/37374982/,37374982,PMC10304935,true,,0,Significant Microbial Changes Are Evident in the Reproductive Tract of Pregnant Rhesus Monkeys at Mid-Gestation but Their Gut Microbiome Does Not Shift until Late Gestation.,Microorganisms,2023,10.3390/microorganisms11061481,Amaral WZ; Lubach GR; Rendina DN; Phillips GJ; Lyte M; Coe CL,
37369278,https://pubmed.ncbi.nlm.nih.gov/37369278/,37369278,PMC10468370,true,,0,Intestinal Epithelial Inactivity of Dual Oxidase 2 Results in Microbiome-Mediated Metabolic Syndrome.,Cellular and molecular gastroenterology and hepatology,2023,10.1016/j.jcmgh.2023.06.009,Hazime H; Ducasa GM; Santander AM; Brito N; González EE; Ban Y; Kaunitz J; Akiba Y; Fernández I; Burgueño JF; Abreu MT,
37358243,https://pubmed.ncbi.nlm.nih.gov/37358243/,37358243,PMC10347973,true,,0,"Combined supplementation with Lactobacillus sp. and Bifidobacterium thermacidophilum isolated from Tibetan pigs improves growth performance, immunity, and microbiota composition in weaned piglets.",Journal of animal science,2023,10.1093/jas/skad220,He Y; Liang J; Liu Y; Zhou X; Peng C; Long C; Huang P; Feng J; Zhang Z,
37355675,https://pubmed.ncbi.nlm.nih.gov/37355675/,37355675,PMC10290639,true,PRJNA892774,1,Interaction between tissue-dwelling helminth and the gut microbiota drives mucosal immunoregulation.,NPJ biofilms and microbiomes,2023,10.1038/s41522-023-00410-7,Wang Y; Guo A; Zou Y; Mu W; Zhang S; Shi Z; Liu Z; Cai X; Zhu XQ; Wang S,
37355217,https://pubmed.ncbi.nlm.nih.gov/37355217/,37355217,,false,,0,"Peroxiredoxin-4 supplementation modulates the immune response, shapes the intestinal microbiome, and enhances AHPND resistance in Penaeus vannamei.",Fish & shellfish immunology,2023,10.1016/j.fsi.2023.108915,Wanvimonsuk S; Somboonwiwat K,
37347191,https://pubmed.ncbi.nlm.nih.gov/37347191/,37347191,PMC10433979,true,DRA013792; DRA013793; DRA015622; PRJDB13358; PRJDB13360,5,Symbiosis of Carpenter Bees with Uncharacterized Lactic Acid Bacteria Showing NAD Auxotrophy.,Microbiology spectrum,2023,10.1128/spectrum.00782-23,Kawasaki S; Ozawa K; Mori T; Yamamoto A; Ito M; Ohkuma M; Sakamoto M; Matsutani M,
37346030,https://pubmed.ncbi.nlm.nih.gov/37346030/,37346030,PMC10279956,true,PRJNA678759; PRJNA943112,2,Comprehensive analysis of gut microbiome and host transcriptome in chickens after Eimeria tenella infection.,Frontiers in cellular and infection microbiology,2023,10.3389/fcimb.2023.1191939,Yu H; Wang Q; Tang J; Dong L; Dai G; Zhang T; Zhang G; Xie K; Wang H; Zhao Z,
37345674,https://pubmed.ncbi.nlm.nih.gov/37345674/,37345674,,false,,0,"Heptamethoxyflavone Alleviates Metabolic Syndrome in High-Fat Diet-Fed Mice by Regulating the Composition, Function, and Metabolism of Gut Microbiota.",Journal of agricultural and food chemistry,2023,10.1021/acs.jafc.3c01881,Feng K; Zhang H; Chen C; Ho CT; Kang M; Zhu S; Xu J; Deng X; Huang Q; Cao Y,
37339742,https://pubmed.ncbi.nlm.nih.gov/37339742/,37339742,PMC10281810,true,,0,Evidence of cospeciation between termites and their gut bacteria on a geological time scale.,Proceedings. Biological sciences,2023,10.1098/rspb.2023.0619,Arora J; Buček A; Hellemans S; Beránková T; Arias JR; Fisher BL; Clitheroe C; Brune A; Kinjo Y; Šobotník J; Bourguignon T,
37333647,https://pubmed.ncbi.nlm.nih.gov/37333647/,37333647,PMC10275075,true,PRJNA938989,1,Population response of intestinal microbiota to acute Vibrio alginolyticus infection in half-smooth tongue sole (Cynoglossus semilaevis).,Frontiers in microbiology,2023,10.3389/fmicb.2023.1178575,Hao Y; Zhao Y; Zhang Y; Liu Y; Wang G; He Z; Cao W; Han T; Zhang X; Zhang Z; Wang Y; Gong C; Hou J,
37325710,https://pubmed.ncbi.nlm.nih.gov/37325710/,37325710,PMC10260722,true,,0,"Diets, Gut Microbiota and Metabolites.","Phenomics (Cham, Switzerland)",2023,10.1007/s43657-023-00095-0,Liu Y; Zhong W; Li X; Shen F; Ma X; Yang Q; Hong S; Sun Y,
37323917,https://pubmed.ncbi.nlm.nih.gov/37323917/,37323917,PMC10266427,true,,0,Disentangling hindgut metabolism in the American cockroach through single-cell genomics and metatranscriptomics.,Frontiers in microbiology,2023,10.3389/fmicb.2023.1156809,Dukes HE; Tinker KA; Ottesen EA,
37317330,https://pubmed.ncbi.nlm.nih.gov/37317330/,37317330,PMC10221583,true,,0,"The Effects of Different Feeding Regimes on Body Composition, Gut Microbial Population, and Susceptibility to Pathogenic Infection in Largemouth Bass.",Microorganisms,2023,10.3390/microorganisms11051356,Zheng Y; Zhu H; Li Q; Xu G,
37317182,https://pubmed.ncbi.nlm.nih.gov/37317182/,37317182,PMC10223079,true,,0,Research Progresses on the Function and Detection Methods of Insect Gut Microbes.,Microorganisms,2023,10.3390/microorganisms11051208,Li Y; Chang L; Xu K; Zhang S; Gao F; Fan Y,
37304849,https://pubmed.ncbi.nlm.nih.gov/37304849/,37304849,PMC10257228,true,PRJNA772302; PRJNA772305,2,Body Metrics and the Gut Microbiome in Response to Macronutrient Limitation in the Zebrafish Danio rerio.,Current developments in nutrition,2023,10.1016/j.cdnut.2023.100065,Green GBH; Williams MB; Chehade SB; Flowers JT; Morrow CD; Lawrence AL; Bej AK; Watts SA,
37301103,https://pubmed.ncbi.nlm.nih.gov/37301103/,37301103,,false,,0,Supplemental Clostridium butyricum modulates skeletal muscle development and meat quality by shaping the gut microbiota of lambs.,Meat science,2023,10.1016/j.meatsci.2023.109235,Dou L; Liu C; Chen X; Yang Z; Hu G; Zhang M; Sun L; Su L; Zhao L; Jin Y,
37298198,https://pubmed.ncbi.nlm.nih.gov/37298198/,37298198,PMC10252606,true,,0,Further Insights into the Gut Microbiota of Cow's Milk Allergic Infants: Analysis of Microbial Functionality and Its Correlation with Three Fecal Biomarkers.,International journal of molecular sciences,2023,10.3390/ijms24119247,Zubeldia-Varela E; Barker-Tejeda TC; Mera-Berriatua L; Bazire R; Cabrera-Freitag P; Ubeda C; Barber D; Francino MP; Rojo D; Ibáñez-Sandín MD; Pérez-Gordo M,
37290656,https://pubmed.ncbi.nlm.nih.gov/37290656/,37290656,,false,,0,The diurnal fluctuation of colonic antibiotic resistome is correlated with nutrient substrates in a pig model.,The Science of the total environment,2023,10.1016/j.scitotenv.2023.164692,Xu J; Wang H; Xu R; Li Q; Su Y; Liu J; Zhu W,
37286586,https://pubmed.ncbi.nlm.nih.gov/37286586/,37286586,PMC10247725,true,PRJEB57214,1,Impaired flux of bile acids from the liver to the gut reveals microbiome-immune interactions associated with liver damage.,NPJ biofilms and microbiomes,2023,10.1038/s41522-023-00398-0,Leung H; Xiong L; Ni Y; Busch A; Bauer M; Press AT; Panagiotou G,
37280708,https://pubmed.ncbi.nlm.nih.gov/37280708/,37280708,PMC10242799,true,PRJEB61541,1,Cefquinome shows a higher impact on the pig gut microbiome and resistome compared to ceftiofur.,Veterinary research,2023,10.1186/s13567-023-01176-8,Rutjens S; Vereecke N; Sauer J; Croubels S; Devreese M,
37279755,https://pubmed.ncbi.nlm.nih.gov/37279755/,37279755,,false,,0,Pulsed antibiotic treatments of gnotobiotic mice manifest in complex bacterial community dynamics and resistance effects.,Cell host & microbe,2023,10.1016/j.chom.2023.05.013,Münch PC; Eberl C; Woelfel S; Ring D; Fritz A; Herp S; Lade I; Geffers R; Franzosa EA; Huttenhower C; McHardy AC; Stecher B,
37273228,https://pubmed.ncbi.nlm.nih.gov/37273228/,37273228,PMC10308887,true,CNP0003316,1,Age-related alterations in metabolome and microbiome provide insights in dietary transition in giant pandas.,mSystems,2023,10.1128/msystems.00252-23,Liu F; Li R; Zhong Y; Liu X; Deng W; Huang X; Price M; Li J,
37272702,https://pubmed.ncbi.nlm.nih.gov/37272702/,37272702,PMC10308893,true,,0,Gut phageome of the giant panda (Ailuropoda melanoleuca) reveals greater diversity than relative species.,mSystems,2023,10.1128/msystems.00161-23,Lu J; Wang H; Wang C; Zhao M; Hou R; Shen Q; Yang S; Ji L; Liu Y; Wang X; Liu S; Shan T; Zhang W,
37269991,https://pubmed.ncbi.nlm.nih.gov/37269991/,37269991,,false,,0,Long-read metagenomic sequencing reveals that high-copy small plasmids shape the highly prevalent antibiotic resistance genes in animal fecal microbiome.,The Science of the total environment,2023,10.1016/j.scitotenv.2023.164585,Peng K; Liu YX; Sun X; Wang Q; Du P; Zhang Y; Wang M; Wang Z; Li R,
37258862,https://pubmed.ncbi.nlm.nih.gov/37258862/,37258862,,false,,0,Application of High-Throughput Sequencing (HTS) to Enhance the Well-Being of an Endangered Species (Malayan Tapir): Characterization of Gut Microbiome Using MG-RAST.,"Methods in molecular biology (Clifton, N.J.)",2023,10.1007/978-1-0716-3072-3_8,Arumugam R; Ravichandran P; Yeap SK; Sharma RSK; Zulkifly SB; Yawah D; Annavi G,
37258543,https://pubmed.ncbi.nlm.nih.gov/37258543/,37258543,PMC10232493,true,PRJNA902833,1,Gut microbiome determines therapeutic effects of OCA on NAFLD by modulating bile acid metabolism.,NPJ biofilms and microbiomes,2023,10.1038/s41522-023-00399-z,Liu J; Sun J; Yu J; Chen H; Zhang D; Zhang T; Ma Y; Zou C; Zhang Z; Ma L; Yu X,
37255458,https://pubmed.ncbi.nlm.nih.gov/37255458/,37255458,PMC10433821,true,PRJNA608629,1,Copy Number Variation on ABCC2-DNMBP Loci Affects the Diversity and Composition of the Fecal Microbiota in Pigs.,Microbiology spectrum,2023,10.1128/spectrum.05271-22,Ramayo-Caldas Y; Crespo-Piazuelo D; Morata J; González-Rodríguez O; Sebastià C; Castello A; Dalmau A; Ramos-Onsins S; Alexiou KG; Folch JM; Quintanilla R; Ballester M,
37252382,https://pubmed.ncbi.nlm.nih.gov/37252382/,37252382,PMC10213700,true,,0,Gut microbial diversity in Apis cerana indica and Apis florea colonies: a comparative study.,Frontiers in veterinary science,2023,10.3389/fvets.2023.1149876,Khan KA; Ganeshprasad DN; Sachin HR; Shouche YS; Ghramh HA; Sneharani AH,
37249588,https://pubmed.ncbi.nlm.nih.gov/37249588/,37249588,,false,,0,Gut microbiota enhance energy accumulation of black-necked crane to cope with impending migration.,Applied microbiology and biotechnology,2023,10.1007/s00253-023-12598-x,Li W; Zhao J; Tian H; Shen Y; Wang Y; Shao M; Xiong T; Yao Y; Zhang L; Chen X; Xiao H; Xiong Y; Yang S; Tan C; Xu H,
37245209,https://pubmed.ncbi.nlm.nih.gov/37245209/,37245209,,false,,0,Helicobacter spp. are prevalent in wild mice and protect from lethal Citrobacter rodentium infection in the absence of adaptive immunity.,Cell reports,2023,10.1016/j.celrep.2023.112549,Zhao B; Osbelt L; Lesker TR; Wende M; Galvez EJC; Hönicke L; Bublitz A; Greweling-Pils MC; Grassl GA; Neumann-Schaal M; Strowig T,
37238082,https://pubmed.ncbi.nlm.nih.gov/37238082/,37238082,PMC10215331,true,,0,"Differences in Faecal Microbiome Taxonomy, Diversity and Functional Potential in a Bovine Cohort Experimentally Challenged with Mycobacterium avium subsp. paratuberculosis (MAP).",Animals : an open access journal from MDPI,2023,10.3390/ani13101652,Matthews C; Walsh AM; Gordon SV; Markey B; Cotter PD; O' Mahony J,
37238063,https://pubmed.ncbi.nlm.nih.gov/37238063/,37238063,PMC10215438,true,,0,Sustainable Fish Feeds with Insects and Probiotics Positively Affect Freshwater and Marine Fish Gut Microbiota.,Animals : an open access journal from MDPI,2023,10.3390/ani13101633,Hasan I; Rimoldi S; Saroglia G; Terova G,
37231976,https://pubmed.ncbi.nlm.nih.gov/37231976/,37231976,,false,,0,Effects of ex situ conservation on diversity and function of the gut microbiota of the Tibetan wild ass (Equus kiang).,Integrative zoology,2023,10.1111/1749-4877.12726,Gao H; Jiang F; Zhang J; Chi X; Song P; Li B; Cai Z; Zhang T,
37225687,https://pubmed.ncbi.nlm.nih.gov/37225687/,37225687,PMC10209067,true,CNP0003325; PRJEB11755,2,Gut microbiome signatures of extreme environment adaption in Tibetan pig.,NPJ biofilms and microbiomes,2023,10.1038/s41522-023-00395-3,Zhao F; Yang L; Zhang T; Zhuang D; Wu Q; Yu J; Tian C; Zhang Z,
37224782,https://pubmed.ncbi.nlm.nih.gov/37224782/,37224782,,false,,0,"Short-term arecoline exposure affected the systemic health state of mice, in which gut microbes played an important role.",Ecotoxicology and environmental safety,2023,10.1016/j.ecoenv.2023.115055,Xu M; Su S; Jiang S; Li W; Zhang Z; Zhang J; Hu X,
37215132,https://pubmed.ncbi.nlm.nih.gov/37215132/,37215132,PMC10193291,true,PRJNA916642,1,Edwardsiella piscicida infection reshapes the intestinal microbiome and metabolome of big-belly seahorses: mechanistic insights of synergistic actions of virulence factors.,Frontiers in immunology,2023,10.3389/fimmu.2023.1135588,Zhang L; Wang F; Jia L; Yan H; Gao L; Tian Y; Su X; Zhang X; Lv C; Ma Z; Xue Y; Lin Q; Wang K,
37215025,https://pubmed.ncbi.nlm.nih.gov/37215025/,37215025,PMC10197731,true,PRJNA971196,1,Differences in gut metagenomes between dairy workers and community controls: a cross-sectional study.,bioRxiv : the preprint server for biology,2023,10.1101/2023.05.10.540270,Trinh P; Roberts MC; Rabinowitz PM; Willis AD,
37209654,https://pubmed.ncbi.nlm.nih.gov/37209654/,37209654,PMC10208887,true,,0,Gut microbiome and serum metabolome analyses identify biomarkers associated with sexual maturity in quails.,Poultry science,2023,10.1016/j.psj.2023.102762,Xiong X; Xu J; Yan X; Wu S; Ma J; Wang Z; He Q; Gong J; Rao Y,
37208728,https://pubmed.ncbi.nlm.nih.gov/37208728/,37208728,PMC10199500,true,ERP019674; GSE20168; GSE20291; GSE7621,4,Dysbiosis of gut microbiota inhibits NMNAT2 to promote neurobehavioral deficits and oxidative stress response in the 6-OHDA-lesioned rat model of Parkinson's disease.,Journal of neuroinflammation,2023,10.1186/s12974-023-02782-1,Yu J; Meng J; Qin Z; Yu Y; Liang Y; Wang Y; Min D,
37206333,https://pubmed.ncbi.nlm.nih.gov/37206333/,37206333,PMC10188969,true,PRJNA909483,1,Influence of olive cake dietary supplementation on fecal microbiota of dairy cows.,Frontiers in microbiology,2023,10.3389/fmicb.2023.1137452,Russo N; Floridia V; D'Alessandro E; Lopreiato V; Pino A; Chiofalo V; Caggia C; Liotta L; Randazzo CL,
37202719,https://pubmed.ncbi.nlm.nih.gov/37202719/,37202719,PMC10193603,true,PRJCA010671,1,Amplicon-based metagenomic association analysis of gut microbiota in relation to egg-laying period and breeds of hens.,BMC microbiology,2023,10.1186/s12866-023-02857-2,Wang XY; Meng JX; Ren WX; Ma H; Liu G; Liu R; Geng HL; Zhao Q; Zhang XX; Ni HB,
37202543,https://pubmed.ncbi.nlm.nih.gov/37202543/,37202543,,false,,0,High-fat diet impairs gut barrier through intestinal microbiota-derived reactive oxygen species.,Science China. Life sciences,2024,10.1007/s11427-022-2283-4,Zeng N; Wu F; Lu J; Li X; Lin S; Zhou L; Wang Z; Wu G; Huang Q; Zheng D; Gao J; Wu S; Chen X; Chen M; Meng F; Shang H; He Y; Chen P; Wei H; Li Z; Zhou H,
37201335,https://pubmed.ncbi.nlm.nih.gov/37201335/,37201335,PMC10203746,true,,0,Magnesium increases numbers of Foxp3+ Treg cells and reduces arthritis severity and joint damage in an IL-10-dependent manner mediated by the intestinal microbiome.,EBioMedicine,2023,10.1016/j.ebiom.2023.104603,Laragione T; Harris C; Azizgolshani N; Beeton C; Bongers G; Gulko PS,
37194081,https://pubmed.ncbi.nlm.nih.gov/37194081/,37194081,PMC10186628,true,PRJNA746242,1,Disruption of fish gut microbiota composition and holobiont's metabolome during a simulated Microcystis aeruginosa (Cyanobacteria) bloom.,Microbiome,2023,10.1186/s40168-023-01558-2,Gallet A; Halary S; Duval C; Huet H; Duperron S; Marie B,
37186232,https://pubmed.ncbi.nlm.nih.gov/37186232/,37186232,PMC9999464,true,ERP141185; PRJEB56262,2,A parasitic nematode induces dysbiosis in susceptible but not resistant gastropod hosts.,MicrobiologyOpen,2023,10.1002/mbo3.1346,Sheehy L; MacDonald-Howard K; Williams CD; Weedall GD; Jones H; Rae R,
37183784,https://pubmed.ncbi.nlm.nih.gov/37183784/,37183784,,false,,0,Anti-Inflammatory Effect of Clostridium butyricum-Derived Extracellular Vesicles in Ulcerative Colitis: Impact on Host microRNAs Expressions and Gut Microbiome Profiles.,Molecular nutrition & food research,2023,10.1002/mnfr.202200884,Ma L; Lyu W; Song Y; Chen K; Lv L; Yang H; Wang W; Xiao Y,
37183345,https://pubmed.ncbi.nlm.nih.gov/37183345/,37183345,,false,,0,"Sublethal phosphine fumigation induces transgenerational hormesis in a factitious host, Corcyra cephalonica.",Pest management science,2023,10.1002/ps.7542,Nath A; Gadratagi BG; Maurya RP; Ullah F; Patil NB; Adak T; Govindharaj GPP; Ray A; Mahendiran A; Desneux N; Chandra Rath P,
37178843,https://pubmed.ncbi.nlm.nih.gov/37178843/,37178843,,false,,0,"Combined effects of microplastics and chlortetracycline on the intestinal barrier, gut microbiota, and antibiotic resistome of Muscovy ducks (Cairina moschata).",The Science of the total environment,2023,10.1016/j.scitotenv.2023.164050,Liu B; Yu D; Ge C; Luo X; Du L; Zhang X; Hui C,
37178644,https://pubmed.ncbi.nlm.nih.gov/37178644/,37178644,,false,,0,Short-term exposure to enrofloxacin causes hepatic metabolism disorder associated with intestinal flora dysbiosis in adult marine medaka (Oryzias melastigma).,Marine pollution bulletin,2023,10.1016/j.marpolbul.2023.114966,Wang M; Qin Y; Liu Y; Yang H; Wang J; Ru S; Cui P,
37178322,https://pubmed.ncbi.nlm.nih.gov/37178322/,37178322,,false,,0,Postnatal 14D is the Key Window for Mice Intestinal Development- An Insight from Age-Dependent Antibiotic-Mediated Gut Microbial Dysbiosis Study.,Advanced biology,2023,10.1002/adbi.202300089,Pandey U; Tambat S; Aich P,
37175619,https://pubmed.ncbi.nlm.nih.gov/37175619/,37175619,PMC10178137,true,PRJEB24885,1,Bact-to-Batch: A Microbiota-Based Tool to Determine Optimal Animal Allocation in Experimental Designs.,International journal of molecular sciences,2023,10.3390/ijms24097912,Even G; Mouray A; Vandenabeele N; Martel S; Merlin S; Lebrun-Ruer S; Chabé M; Audebert C,
37166318,https://pubmed.ncbi.nlm.nih.gov/37166318/,37166318,PMC10269631,true,,0,Longitudinal Investigation of Enteric Virome Signatures from Parental-Generation to Offspring Pigs.,Microbiology spectrum,2023,10.1128/spectrum.00023-23,Chen Q; Zhang X; Shi W; Du X; Ma L; Wang W; Tao S; Xiao Y,
37166164,https://pubmed.ncbi.nlm.nih.gov/37166164/,37166164,,false,,0,Selenized glucose improves rat semen quality by improving the gut microbiota and serum metabolome.,Food & function,2023,10.1039/d3fo00692a,Sun H; Lv B; Zhu H; Zeng Z; El-Ashram S; Li J; Chao Y; Wang J; Wang Z,
37158970,https://pubmed.ncbi.nlm.nih.gov/37158970/,37158970,PMC10165798,true,CNP0002106; CNP0003730,2,Gut microbiota-derived 3-phenylpropionic acid promotes intestinal epithelial barrier function via AhR signaling.,Microbiome,2023,10.1186/s40168-023-01551-9,Hu J; Chen J; Xu X; Hou Q; Ren J; Yan X,
37152756,https://pubmed.ncbi.nlm.nih.gov/37152756/,37152756,PMC10157192,true,PRJNA951204,1,Hybridization alters the gut microbial and metabolic profile concurrent with modifying intestinal functions in Tunchang pigs.,Frontiers in microbiology,2023,10.3389/fmicb.2023.1159653,He J; Zhang Y; Li H; Xie Y; Huang G; Peng C; Zhao P; Wang Z,
37145290,https://pubmed.ncbi.nlm.nih.gov/37145290/,37145290,,false,,0,"Description of Luteibacter aegosomatis sp. nov., Luteibacter aegosomaticola sp. nov., and Luteibacter aegosomatissinici sp. nov. isolated from the Intestines of Aegosoma sinicum Larvae.","Journal of microbiology (Seoul, Korea)",2023,10.1007/s12275-023-00051-7,Joe HI; Choi JW; Lee JY; Sung H; Jeong SW; Jeong YS; Lee JY; Bae JW,
37145100,https://pubmed.ncbi.nlm.nih.gov/37145100/,37145100,,false,,0,Perturbations of gut microbiome and metabolome of pigs infected with Mycoplasma hyorhinis.,Journal of the science of food and agriculture,2023,10.1002/jsfa.12690,Zhang Y; Gan Y; Bao H; Wang R,
37141097,https://pubmed.ncbi.nlm.nih.gov/37141097/,37141097,PMC10242440,true,PRJEB52043,1,MetaPhlAn 4 profiling of unknown species-level genome bins improves the characterization of diet-associated microbiome changes in mice.,Cell reports,2023,10.1016/j.celrep.2023.112464,Manghi P; Blanco-Míguez A; Manara S; NabiNejad A; Cumbo F; Beghini F; Armanini F; Golzato D; Huang KD; Thomas AM; Piccinno G; Punčochář M; Zolfo M; Lesker TR; Bredon M; Planchais J; Glodt J; Valles-Colomer M; Koren O; Pasolli E; Asnicar F; Strowig T; Sokol H; Segata N,
37140369,https://pubmed.ncbi.nlm.nih.gov/37140369/,37140369,PMC10269900,true,PRJNA915351,1,Microbiome Alterations Driven by Trypanosoma cruzi Infection in Two Disjunctive Murine Models.,Microbiology spectrum,2023,10.1128/spectrum.00199-23,Castañeda S; Muñoz M; Hotez PJ; Bottazzi ME; Paniz-Mondolfi AE; Jones KM; Mejia R; Poveda C; Ramírez JD,
37133385,https://pubmed.ncbi.nlm.nih.gov/37133385/,37133385,PMC10231202,true,,0,Herbivorous Fish Microbiome Adaptations to Sulfated Dietary Polysaccharides.,Applied and environmental microbiology,2023,10.1128/aem.02154-22,Podell S; Oliver A; Kelly LW; Sparagon WJ; Plominsky AM; Nelson RS; Laurens LML; Augyte S; Sims NA; Nelson CE; Allen EE,
37129524,https://pubmed.ncbi.nlm.nih.gov/37129524/,37129524,,false,,0,The Role of Gynostemma pentaphyllum in Regulating Hyperlipidemia.,The American journal of Chinese medicine,2023,10.1142/S0192415X23500441,Li Y; Ouyang Q; Li X; Alolgal RN; Fan Y; Sun Y; Gong H; Xiao P; Ma G,
37118882,https://pubmed.ncbi.nlm.nih.gov/37118882/,37118882,,false,,0,Effect of SCD probiotics supplemented with tauroursodeoxycholic acid (TUDCA) application on the aged rat gut microbiota composition.,Journal of applied microbiology,2023,10.1093/jambio/lxad092,Ceylani T,
37118698,https://pubmed.ncbi.nlm.nih.gov/37118698/,37118698,PMC10148556,true,GSE126124; GSE140972; GSE160804; GSE190059; GSE53306; GSE75214; GSE95095; PRJNA784369,8,Gut taste receptor type 1 member 3 is an intrinsic regulator of Western diet-induced intestinal inflammation.,BMC medicine,2023,10.1186/s12916-023-02848-0,Shon WJ; Song JW; Oh SH; Lee KH; Seong H; You HJ; Seong JK; Shin DM,
37110500,https://pubmed.ncbi.nlm.nih.gov/37110500/,37110500,PMC10143790,true,SRP117355,1,In Silico Analysis of Changes in Predicted Metabolic Capabilities of Intestinal Microbiota after Fecal Microbial Transplantation for Treatment of Recurrent Clostridioides difficile Infection.,Microorganisms,2023,10.3390/microorganisms11041078,Dahiya M; Jovel J; Monaghan T; Wong K; Elhenawy W; Chui L; McAlister F; Kao D,
37110298,https://pubmed.ncbi.nlm.nih.gov/37110298/,37110298,PMC10143014,true,PRJNA938155,1,The Gut Microbiota of Broilers Reared with and without Antibiotic Treatment.,Microorganisms,2023,10.3390/microorganisms11040876,Greene G; Koolman L; Whyte P; Burgess C; Bolton D,
37100380,https://pubmed.ncbi.nlm.nih.gov/37100380/,37100380,,false,,0,Tumor-targeting engineered probiotic Escherichia coli Nissle 1917 inhibits colorectal tumorigenesis and modulates gut microbiota homeostasis in mice.,Life sciences,2023,10.1016/j.lfs.2023.121709,Tang H; Zhou T; Jin W; Zong S; Mamtimin T; Salama ES; Jeon BH; Liu P; Han H; Li X,
37100093,https://pubmed.ncbi.nlm.nih.gov/37100093/,37100093,,false,,0,Intestinal epigenotype of Atlantic salmon (Salmo salar) associates with tenacibaculosis and gut microbiota composition.,Genomics,2023,10.1016/j.ygeno.2023.110629,Hansen SB; Bozzi D; Mak SST; Clausen CG; Nielsen TK; Kodama M; Hansen LH; Gilbert MTP; Limborg MT,
37097162,https://pubmed.ncbi.nlm.nih.gov/37097162/,37097162,PMC10269587,true,PRJEB42313,1,Spatial Succession Underlies Microbial Contribution to Food Digestion in the Gut of an Algivorous Sea Urchin.,Microbiology spectrum,2023,10.1128/spectrum.00514-23,Masasa M; Kushmaro A; Nguyen D; Chernova H; Shashar N; Guttman L,
37090719,https://pubmed.ncbi.nlm.nih.gov/37090719/,37090719,PMC10118048,true,CNP0003889,1,Metagenomic insights into the composition and function of the gut microbiota of mice infected with Toxoplasma gondii.,Frontiers in immunology,2023,10.3389/fimmu.2023.1156397,Meng JX; Wei XY; Guo H; Chen Y; Wang W; Geng HL; Yang X; Jiang J; Zhang XX,
37087457,https://pubmed.ncbi.nlm.nih.gov/37087457/,37087457,PMC10122372,true,PRJNA786358; PRJNA786362,2,The hindgut microbiome contributes to host oxidative stress in postpartum dairy cows by affecting glutathione synthesis process.,Microbiome,2023,10.1186/s40168-023-01535-9,Gu F; Zhu S; Hou J; Tang Y; Liu JX; Xu Q; Sun HZ,
37085482,https://pubmed.ncbi.nlm.nih.gov/37085482/,37085482,PMC10121652,true,PRJCA012504,1,Gut microbiome responds compositionally and functionally to the seasonal diet variations in wild gibbons.,NPJ biofilms and microbiomes,2023,10.1038/s41522-023-00388-2,Li Q; Fei HL; Luo ZH; Gao SM; Wang PD; Lan LY; Zhao XF; Huang LN; Fan PF,
37081021,https://pubmed.ncbi.nlm.nih.gov/37081021/,37081021,PMC10119431,true,CNP0003401,1,Metagenome and metabolome insights into the energy compensation and exogenous toxin degradation of gut microbiota in high-altitude rhesus macaques (Macaca mulatta).,NPJ biofilms and microbiomes,2023,10.1038/s41522-023-00387-3,Zhao J; Yao Y; Li D; Zhu W; Xiao H; Xie M; Xiong Y; Wu J; Ni Q; Zhang M; Xu H,
37069233,https://pubmed.ncbi.nlm.nih.gov/37069233/,37069233,PMC10284932,true,PRJNA922612,1,Benzo[a]pyrene stress impacts adaptive strategies and ecological functions of earthworm intestinal viromes.,The ISME journal,2023,10.1038/s41396-023-01408-x,Xia R; Sun M; Balcázar JL; Yu P; Hu F; Alvarez PJJ,
37056746,https://pubmed.ncbi.nlm.nih.gov/37056746/,37056746,PMC10086405,true,,0,Editorial: The potential role of gut microbiome in animal gut-linked diseases.,Frontiers in microbiology,2023,10.3389/fmicb.2023.1179481,Zhang H; Rehman MU; Chang YF; Zhaoxin T,
37056740,https://pubmed.ncbi.nlm.nih.gov/37056740/,37056740,PMC10088563,true,PRJNA903526; PRJNA903555,2,Gut microbiota of two invasive fishes respond differently to temperature.,Frontiers in microbiology,2023,10.3389/fmicb.2023.1087777,Zhang L; Yang Z; Yang F; Wang G; Zeng M; Zhang Z; Yang M; Wang Z; Li Z,
37052498,https://pubmed.ncbi.nlm.nih.gov/37052498/,37052498,PMC10190532,true,,0,"CDBN-YGXZ, a Novel Small-Molecule Drug, Shows Efficacy against Clostridioides difficile Infection and Recurrence in Mouse and Hamster Infection Models.",Antimicrobial agents and chemotherapy,2023,10.1128/aac.01704-22,Hu X; Dong R; Huang S; Zeng Y; Zhan W; Gao X; Tian D; Peng J; Xu J; Wang T; Zhang Y; Wang X; Zhang X; Liu J; Guang B; Yang T,
37052495,https://pubmed.ncbi.nlm.nih.gov/37052495/,37052495,PMC10269862,true,,0,Flagellar Genes Are Associated with the Colonization Persistence Phenotype of the Drosophila melanogaster Microbiota.,Microbiology spectrum,2023,10.1128/spectrum.04585-22,Morgan SJ; Chaston JM,
37049841,https://pubmed.ncbi.nlm.nih.gov/37049841/,37049841,PMC10096111,true,,0,Effect of Wheat-Derived Arabinoxylan on the Gut Microbiota Composition and Colonic Regulatory T Cells.,"Molecules (Basel, Switzerland)",2023,10.3390/molecules28073079,Chudan S; Ishibashi R; Nishikawa M; Tabuchi Y; Nagai Y; Ikushiro S; Furusawa Y,
37047647,https://pubmed.ncbi.nlm.nih.gov/37047647/,37047647,PMC10095559,true,PRJNA944200,1,Microorganisms Involved in Hydrogen Sink in the Gastrointestinal Tract of Chickens.,International journal of molecular sciences,2023,10.3390/ijms24076674,Cisek AA; Dolka B; Bąk I; Cukrowska B,
37027929,https://pubmed.ncbi.nlm.nih.gov/37027929/,37027929,PMC10085781,true,,0,Lacticaseibacillus rhamnosus Probio-M9 enhanced the antitumor response to anti-PD-1 therapy by modulating intestinal metabolites.,EBioMedicine,2023,10.1016/j.ebiom.2023.104533,Gao G; Shen S; Zhang T; Zhang J; Huang S; Sun Z; Zhang H,
37027361,https://pubmed.ncbi.nlm.nih.gov/37027361/,37027361,PMC10081788,true,PRJNA717669,1,The selection of software and database for metagenomics sequence analysis impacts the outcome of microbial profiling and pathogen detection.,PloS one,2023,10.1371/journal.pone.0284031,Xu R; Rajeev S; Salvador LCM,
37020716,https://pubmed.ncbi.nlm.nih.gov/37020716/,37020716,PMC10067739,true,PRJNA892608,1,Effects of Eimeria acervulina infection on the luminal and mucosal microbiota of the duodenum and jejunum in broiler chickens.,Frontiers in microbiology,2023,10.3389/fmicb.2023.1147579,Campos PM; Miska KB; Jenkins MC; Yan X; Proszkowiec-Weglarz M,
37019075,https://pubmed.ncbi.nlm.nih.gov/37019075/,37019075,PMC10106964,true,,0,A meta-analysis of the effect of Eimeria spp. and/or Clostridium perfringens infection on the microbiota of broiler chickens.,Poultry science,2023,10.1016/j.psj.2023.102652,Pietruska A; Bortoluzzi C; Hauck R,
37005428,https://pubmed.ncbi.nlm.nih.gov/37005428/,37005428,PMC10067942,true,PRJNA794207,1,"Composition and function of the Galapagos penguin gut microbiome vary with age, location, and a putative bacterial pathogen.",Scientific reports,2023,10.1038/s41598-023-31826-y,Rohrer SD; Jiménez-Uzcátegui G; Parker PG; Chubiz LM,
37004685,https://pubmed.ncbi.nlm.nih.gov/37004685/,37004685,,false,,0,"Collinsella urealyticum sp. nov., a urease-positive bacterial strain isolated from swine faeces.",Archives of microbiology,2023,10.1007/s00203-023-03510-2,Oh BS; Ryu SW; Yu SY; Bak JE; Choi WJ; Kim JS; Lee JS; Park SH; Kang SW; Lee J; Lee MK; Jung WY; Kim JE; Choi YH; Kim HB; Kim JK; Lee JH; Lee JH,
36996123,https://pubmed.ncbi.nlm.nih.gov/36996123/,36996123,PMC10062541,true,,0,Detection of specific uncultured bacteriophages by fluorescence in situ hybridisation in pig microbiome.,PloS one,2023,10.1371/journal.pone.0283676,Ostenfeld LJ; Munk P; Aarestrup FM; Otani S,
36993518,https://pubmed.ncbi.nlm.nih.gov/36993518/,36993518,PMC10055500,true,,0,Common Variable Immunodeficiency Patient Fecal Microbiota Transplant Recapitulates Gut Dysbiosis.,Research square,2023,10.21203/rs.3.rs-2640584/v1,Hajjar J; Voigt A; Conner M; Swennes A; Fowler S; Calarge C; Mendonca D; Armstrong D; Chang CY; Walter J; Butte M; Savidge T; Oh J; Kheradmand F; Petrosino J,
36992396,https://pubmed.ncbi.nlm.nih.gov/36992396/,36992396,PMC10058366,true,PRJNA917074; PRJNA917095; PRJNA917097; PRJNA917099; PRJNA917103; PRJNA917104; PRJNA917113; PRJNA917115; PRJNA917118; PRJNA917120,10,Viral Metagenomic Analysis of the Fecal Samples in Domestic Dogs (Canis lupus familiaris).,Viruses,2023,10.3390/v15030685,Wang H; Li Z; Li C; Ma Y; Sun Q; Zhang H; Niu G; Wei J; Yao H; Ma Z,
36990340,https://pubmed.ncbi.nlm.nih.gov/36990340/,36990340,,false,,0,Understanding the ecological effects of the fungicide difenoconazole on soil and Enchytraeus crypticus gut microbiome.,"Environmental pollution (Barking, Essex : 1987)",2023,10.1016/j.envpol.2023.121518,Qin G; Zhang Q; Zhang Z; Chen Y; Zhu J; Yang Y; Peijnenburg WJGM; Qian H,
36990166,https://pubmed.ncbi.nlm.nih.gov/36990166/,36990166,,false,,0,A. macrocephala polysaccharide induces alterations to gut microbiome and serum metabolome in constipated mice.,Microbial pathogenesis,2023,10.1016/j.micpath.2023.106084,Yang H; Wu C; Chen L; Chang X; Luo G; Wu K; Tian W,
36985338,https://pubmed.ncbi.nlm.nih.gov/36985338/,36985338,PMC10058807,true,,0,Effects of Resource Availability and Antibiotic Residues on Intestinal Antibiotic Resistance in Bellamya aeruginosa.,Microorganisms,2023,10.3390/microorganisms11030765,Xiao Y; Zhang P; Zhang H; Wang H; Min G; Wang H; Wang Y; Xu J,
36977954,https://pubmed.ncbi.nlm.nih.gov/36977954/,36977954,,false,,0,Management of dog sperm parameters and gut microbiota composition with Lactobacillus rhamnosus supplementation.,Veterinary research communications,2023,10.1007/s11259-023-10116-y,Mahiddine FY; You I; Park H; Kim MJ,
36943061,https://pubmed.ncbi.nlm.nih.gov/36943061/,36943061,PMC10101032,true,PRJNA910333,1,Development and Clinical Application of a Multilocus Sequence Typing Scheme for Bacteroides fragilis Based on Whole-Genome Sequencing Data.,Microbiology spectrum,2023,10.1128/spectrum.05111-22,Nielsen FD; Skov MN; Sydenham TV; Justesen US,
36930202,https://pubmed.ncbi.nlm.nih.gov/36930202/,36930202,,false,,0,Plasmid-Mediated Colistin Resistance Genes mcr-1 and mcr-4 in Multidrug-Resistant Escherichia coli Strains Isolated from a Healthy Pig in Portugal.,"Microbial drug resistance (Larchmont, N.Y.)",2023,10.1089/mdr.2022.0228,Amaro A; Leão C; Guerra V; Albuquerque T; Clemente L,
36927795,https://pubmed.ncbi.nlm.nih.gov/36927795/,36927795,PMC10018936,true,PRJNA784655; PRJNA784741,2,Fecal microbiota from MRL/lpr mice exacerbates pristane-induced lupus.,Arthritis research & therapy,2023,10.1186/s13075-023-03022-w,Yi X; Huang C; Huang C; Zhao M; Lu Q,
36922761,https://pubmed.ncbi.nlm.nih.gov/36922761/,36922761,PMC10018900,true,PRJNA633772; PRJNA633837; PRJNA634022; PRJNA635664,4,A holobiont approach towards polysaccharide degradation by the highly compartmentalised gut system of the soil-feeding higher termite Labiotermes labralis.,BMC genomics,2023,10.1186/s12864-023-09224-5,Marynowska M; Sillam-Dussès D; Untereiner B; Klimek D; Goux X; Gawron P; Roisin Y; Delfosse P; Calusinska M,
36921777,https://pubmed.ncbi.nlm.nih.gov/36921777/,36921777,,false,,0,Metagenomics analysis reveals the effects of norfloxacin on the gut microbiota of juvenile common carp (Cyprinus carpio).,Chemosphere,2023,10.1016/j.chemosphere.2023.138389,Li P; Chen CZ; Zhao XL; Liu L; Li ZH,
36920238,https://pubmed.ncbi.nlm.nih.gov/36920238/,36920238,,false,,0,Effects of Consuming Fermented Fish (Surströmming) on the Fecal Microflora in Healthy Individuals.,Journal of medicinal food,2023,10.1089/jmf.2021.0195,Kallner A; Debelius J; Schuppe-Koistinen I; Pereira M; Engstrand L,
36915549,https://pubmed.ncbi.nlm.nih.gov/36915549/,36915549,PMC10006684,true,PRJNA888429,1,Diversity and potential function of pig gut DNA viruses.,Heliyon,2023,10.1016/j.heliyon.2023.e14020,Qin J; Ji B; Ma Y; Liu X; Wang T; Liu G; Li B; Wang G; Gao P,
36915382,https://pubmed.ncbi.nlm.nih.gov/36915382/,36915382,PMC10006464,true,PRJNA20689; PRJNA31257,2,Mechanistic insights into zearalenone-accelerated colorectal cancer in mice using integrative multi-omics approaches.,Computational and structural biotechnology journal,2023,10.1016/j.csbj.2023.02.048,Lo EKK; Wang X; Lee PK; Wong HC; Lee JC; Gómez-Gallego C; Zhao D; El-Nezami H; Li J,
36910168,https://pubmed.ncbi.nlm.nih.gov/36910168/,36910168,PMC9998695,true,PRJCA014883,1,Gut microbiota facilitates adaptation of the plateau zokor (Myospalax baileyi) to the plateau living environment.,Frontiers in microbiology,2023,10.3389/fmicb.2023.1136845,Hu B; Wang J; Li Y; Ge J; Pan J; Li G; He Y; Zhong H; Wang B; Huang Y; Han S; Xing Y; He H,
36906632,https://pubmed.ncbi.nlm.nih.gov/36906632/,36906632,PMC10008618,true,PRJNA826725,1,Changes in community structures and functions of the gut microbiomes of deep-sea cold seep mussels during in situ transplantation experiment.,Animal microbiome,2023,10.1186/s42523-023-00238-8,Xiao Y; Wang H; Lan Y; Zhong C; Yan G; Xu Z; Lu G; Chen J; Wei T; Wong WC; Kwan YH; Qian PY,
36896179,https://pubmed.ncbi.nlm.nih.gov/36896179/,36896179,PMC9990496,true,,0,Integrated analysis of the microbiota-gut-brain axis in response to sleep deprivation and diet-induced obesity.,Frontiers in endocrinology,2023,10.3389/fendo.2023.1117259,Lee J; Kang J; Kim Y; Lee S; Oh CM; Kim T,
36879316,https://pubmed.ncbi.nlm.nih.gov/36879316/,36879316,PMC9990352,true,PRJEB12469; PRJEB35945; PRJNA240272; PRJNA344006; PRJNA725502,5,Trophic level and proteobacteria abundance drive antibiotic resistance levels in fish from coastal New England.,Animal microbiome,2023,10.1186/s42523-023-00236-w,Korry BJ; Belenky P,
36869370,https://pubmed.ncbi.nlm.nih.gov/36869370/,36869370,PMC9983187,true,PRJCA009169,1,Gut microbiome is linked to functions of peripheral immune cells in transition cows during excessive lipolysis.,Microbiome,2023,10.1186/s40168-023-01492-3,Gu F; Zhu S; Tang Y; Liu X; Jia M; Malmuthuge N; Valencak TG; McFadden JW; Liu JX; Sun HZ,
36860485,https://pubmed.ncbi.nlm.nih.gov/36860485/,36860485,PMC9970161,true,PRJNA929077,1,Does diet or macronutrients intake drive the structure and function of gut microbiota?,Frontiers in microbiology,2023,10.3389/fmicb.2023.1126189,Li Y; Yan Y; Fu H; Jin S; He S; Wang Z; Dong G; Li B; Guo S,
36846779,https://pubmed.ncbi.nlm.nih.gov/36846779/,36846779,PMC9947789,true,,0,In vitro digestion of ESC-resistant Escherichia coli from poultry meat and evaluation of human health risk.,Frontiers in microbiology,2023,10.3389/fmicb.2023.1050143,Buberg ML; Wasteson Y; Lindstedt BA; Witsø IL,
36846268,https://pubmed.ncbi.nlm.nih.gov/36846268/,36846268,PMC9945107,true,PRJNA884648,1,Identification and characterization of the causative agents of Focal Ulcerative Dermatitis in commercial laying hens.,Frontiers in veterinary science,2023,10.3389/fvets.2023.1110573,Ayala DI; Grum DS; Evans NP; Russo KN; Kimminau EA; Trible BR; Lahoti MM; Novak CL; Karnezos TP,
36839325,https://pubmed.ncbi.nlm.nih.gov/36839325/,36839325,PMC9964072,true,,0,Anti-Hyperuricemic Effect of Anserine Based on the Gut-Kidney Axis: Integrated Analysis of Metagenomics and Metabolomics.,Nutrients,2023,10.3390/nu15040969,Halimulati M; Wang R; Aihemaitijiang S; Huang X; Ye C; Zhang Z; Li L; Zhu W; Zhang Z; He L,
36838868,https://pubmed.ncbi.nlm.nih.gov/36838868/,36838868,PMC9960391,true,,0,Characterization of the Glucan-Branching Enzyme GlgB Gene from Swine Intestinal Bacteria.,"Molecules (Basel, Switzerland)",2023,10.3390/molecules28041881,Shao Y; Wang W; Hu Y; Gänzle MG,
36837868,https://pubmed.ncbi.nlm.nih.gov/36837868/,36837868,PMC9966595,true,,0,Seasonal Changes in the Structure and Function of Gut Microbiota in the Muskrat (Ondatra zibethicus).,Metabolites,2023,10.3390/metabo13020248,Song F; Xu Y; Peng P; Li H; Zheng R; Zhang H; Han Y; Weng Q; Yuan Z,
36835663,https://pubmed.ncbi.nlm.nih.gov/36835663/,36835663,PMC9962797,true,,0,Microbiome Dysbiosis Shows Strong Association of Gut-Derived Altered Metabolomic Profile in Gulf War Chronic Multisymptom Illness Symptom Persistence Following Western Diet Feeding and Development of Obesity.,International journal of molecular sciences,2023,10.3390/ijms24044245,Bose D; Stebliankin V; Cickovski T; Saha P; Trivedi A; Roy S; More M; Tuteja A; Mathee K; Narasimhan G; Chatterjee S,