input_raw,pubmed_url,pmid,pmcid,is_pmc_article,accessions,accession_count,title,journal,pub_year,doi,authors,error_message
42397430,https://pubmed.ncbi.nlm.nih.gov/42397430/,42397430,,false,,0,A special multifiber dietary mixture ameliorates Crohn's-like colitis in an IL-10(-)/(-) mouse model by promoting treg differentiation through the ETS1/RUNX1/Foxp3 axis.,European journal of nutrition,2026,10.1007/s00394-026-04053-0,Liu Y; Jiang W; Wang J; Cheng S; Cheng C; Zhang C; Zhang J; Liu C; Zhao J; Wang H,
42394335,https://pubmed.ncbi.nlm.nih.gov/42394335/,42394335,,false,,0,[Effects and Mechanisms of a multi-strain probiotic on the gut microbiota of healthy mice].,Wei sheng yan jiu = Journal of hygiene research,2026,10.19813/j.cnki.weishengyanjiu.2026.03.019,Sun X; Ding M; Li Y; Mu D; Wu J; Yu X; Zhu M; Sun G; Xiang X,
42388191,https://pubmed.ncbi.nlm.nih.gov/42388191/,42388191,PMC13322667,true,PRJNA1108898; PRJNA1108923; PRJNA1108955; PRJNA1144187,4,"How Host Phylogeny, Diet, and Habitat Affect Gut Microbial Diversity in Wild Snakes.",Ecology and evolution,2026,10.1002/ece3.73902,Zhang J; Fu C; Tan S; Lyu B; Shu G; Shi L; Wu Y; Guo P,
42387604,https://pubmed.ncbi.nlm.nih.gov/42387604/,42387604,PMC13326367,true,PRJNA1041488; PRJNA1041579,2,Dynamic alterations and potential roles of gut microbiota and metabolites in Angiostrongylus cantonensis-infected mice and rats.,Infectious diseases of poverty,2026,10.1186/s40249-026-01436-7,Hu Y; Chen JS; Zhou MY; Huang H; Zhou YF; Zhou HY; Lv ZY,
42385456,https://pubmed.ncbi.nlm.nih.gov/42385456/,42385456,,false,,0,Qualitative profiling of the gut-specific chlamydial population in Ixodes ricinus ticks.,Ticks and tick-borne diseases,2026,10.1016/j.ttbdis.2026.102679,Hodžić A; Cizek V; Kunert M; Berry D; Collingro A,
42381379,https://pubmed.ncbi.nlm.nih.gov/42381379/,42381379,,false,,0,"Multi-omics analysis of saccharomyces boulardii supplementation reveals coordinated microbiome, metabolic, and immune signaling changes accompanying tumor suppression.",Gut microbes,2026,10.1080/19490976.2026.2690687,Vaaben TH; Lützhøft DO; Hedin KA; Ahonen L; Vazquez-Uribe R; Sommer MOA,
42381037,https://pubmed.ncbi.nlm.nih.gov/42381037/,42381037,,false,,0,Fasting-mimicking diet counteracts gut microbial dysbiosis in experimental lynch syndrome.,Cancer & metabolism,2026,10.1186/s40170-026-00446-1,Garcia-Castillo L; Ferrero G; Blaževitš O; Francescato G; Eliass AT; Cortez NE; Beltrà M; Tarallo S; Pardini B; Costelli P; Naccarati A; Longo VD; Penna F,
42376617,https://pubmed.ncbi.nlm.nih.gov/42376617/,42376617,PMC13311206,true,,0,"Bidens pilosa extract and bentonite, a phytogenic formulation, as a feed additive to improve diarrhea and gut microbiota in calves: Effects on feed use and regulation of gut microbiota.",Veterinary and animal science,2026,10.1016/j.vas.2026.100732,Lee YS; Kuo TF; Yang G; Liang YC; Yang WC,
42376574,https://pubmed.ncbi.nlm.nih.gov/42376574/,42376574,PMC13311072,true,PRJNA1295778; PRJNA1307007,2,Exploring the Tenebrio molitor gut microbiota response to LDPE and PET: putative genetic indicators and methodological insights.,Frontiers in microbiology,2026,10.3389/fmicb.2026.1746922,Biełło K; Rodríguez-Caballero G; Becerra-Mora D; Dorado-Blanco N; Sáez-Melero LP; Moreno-Vivián C; Luque-Almagro VM; Olaya-Abril A; Roldán MD,
42371248,https://pubmed.ncbi.nlm.nih.gov/42371248/,42371248,,false,,0,Gnotobiology: from 19th-century global foundations to 21st-century omics - six decades of Czech contribution to microbiome research.,Folia microbiologica,2026,10.1007/s12223-026-01536-9,Tlaskalová-Hogenová H; Hrnčíř T; Štěpánková R; Trebichavský I; Hudcovic T; Šplíchal I; Šplíchalová A; Šinkora M; Funda D; Sánchez D; Kverka M; Jirásková Zákostelská Z; Kostovčíková K; Coufal Š; Procházková P; Roubalová R; Vannucci L; Miler I,
42370747,https://pubmed.ncbi.nlm.nih.gov/42370747/,42370747,,false,,0,Detoxifying and depolymerizing microorganisms reveal intertwined guild collaborations in the gut microbiome of the generalist macro-algivorous fish Kyphosus cinerascens.,mBio,2026,10.1128/mbio.03382-25,Plominsky AM; Oliver A; Henriquez-Castillo C; Podell S; Minich JJ; Augyte S; Lowell-Hawkins J; Sims NA; Allen EE,
42366391,https://pubmed.ncbi.nlm.nih.gov/42366391/,42366391,,false,,0,Deep metagenomics uncovers functional adaptations and pathogenic risks in the gut microbiome of Antarctic fur seals (Arctocephalus gazella).,Environmental microbiome,2026,10.1186/s40793-026-00919-2,Lai T; Liu Y; Duan Z; Su S; Ding H; Dai Y; Gao M; Ji M; Liao L,
42354826,https://pubmed.ncbi.nlm.nih.gov/42354826/,42354826,PMC13303754,true,PRJNA1302101,1,"Hi-C Metagenome Deconvolution of Double-Crested Cormorant (Nannopterum auritum) Fecal Samples Demonstrates Feasibility of Linking Microbial Genomes, AMR Genes, and Mobile Elements in Avian Microbiomes.",Microorganisms,2026,10.3390/microorganisms14061198,O'Donald SN; Patel F; Keen P; Hanson LA; Cunningham F; Lawrence ML; Tekedar HC,
42353476,https://pubmed.ncbi.nlm.nih.gov/42353476/,42353476,PMC13296173,true,PRJNA1477333,1,Investigation of the Effect of TiO(2) as a Dietary Marker on Broiler Intestinal Fermentation: Combination of Ex Vivo Simulation and In Vivo Approach.,Animals : an open access journal from MDPI,2026,10.3390/ani16121867,Kiani A; Jurgens G; Gonzalez-Ortiz G; Walk CL; Rinttilä T,
42353029,https://pubmed.ncbi.nlm.nih.gov/42353029/,42353029,PMC13299921,true,,0,Metagenomic Insights into Gut Microbiota Alterations Following Dendrobium huoshanense Water Extract Intervention in Streptozotocin-Induced Type 1 Diabetic Rats.,International journal of molecular sciences,2026,10.3390/ijms27125308,Xu HJ; Liu QL; Zhang YF; Cuan SN; Jia Z; Qiao D,
42352384,https://pubmed.ncbi.nlm.nih.gov/42352384/,42352384,PMC13296961,true,PRJNA1258580,1,Bacterial Community Composition and Functional Potential of the Kleptoplastic Sea Slug Elysia papillosa.,Biomolecules,2026,10.3390/biom16060918,Brown JL; Mahadevan P; Middlebrooks M,
42351266,https://pubmed.ncbi.nlm.nih.gov/42351266/,42351266,,false,,0,Differential rumen and hindgut microbiome and metabolome in Holstein female calves with divergent feed efficiency.,Microbiome,2026,10.1186/s40168-026-02446-1,Chen T; Xiao J; Li S; Peng R; Xu Y; Zhuang Y; Zhao X; Sha M; Wang J; Ma J; Wang W; Gao J; Ma M; Li S; Cao Z; Liu S,
42348335,https://pubmed.ncbi.nlm.nih.gov/42348335/,42348335,PMC13296792,true,PRJDB15857,1,Increased abundance of Limosilactobacillus reuteri in the gut of selectively bred high-tameness mice and its association with behavioural changes.,DNA research : an international journal for rapid publication of reports on genes and genomes,2026,10.1093/dnares/dsag006,Biswa BB; Mori H; Toyoda A; Fujiwara K; Kurokawa K; Koide T,
42346775,https://pubmed.ncbi.nlm.nih.gov/42346775/,42346775,PMC13301036,true,,0,GV-971 Ameliorates Chronic Restraint Stress-Induced Depression-like Phenotypes Accompanied by Reshaping of the Microbiota-Gut-Brain Axis.,Marine drugs,2026,10.3390/md24060189,He Z; Nie Y; Li C; Sun G; Zheng W; Liu H; Geng M; Tian J; Zhang Y,
42345817,https://pubmed.ncbi.nlm.nih.gov/42345817/,42345817,PMC13297112,true,,0,Horizontal Gene Transfer in Listeria monocytogenes: Evolution of Antimicrobial Resistance and Virulence in a One Health Context.,Biology,2026,10.3390/biology15120961,Stefan G; Gurau MR; Ciocîrlie N; Tudor L; Bărăităreanu S; Tache-Codreanu DL; Sporea C; Gligor A; Iancu I; Herman V,
42344668,https://pubmed.ncbi.nlm.nih.gov/42344668/,42344668,PMC13287323,true,PRJNA1442370,1,"Altitude-Associated Divergence of the Gut Microbiome in Endangered Forest Musk Deer: Evidence From Integrated Metagenomics, Metabolomics, and Culturomics.",Evolutionary applications,2026,10.1111/eva.70285,Huang F; Zhang Z; Zhao Y; Ye S; Gan M; Li X; Zhang Y; Chen L; Zhang Y; Chen L; Wang T; Huang J; Zhang X,
42341885,https://pubmed.ncbi.nlm.nih.gov/42341885/,42341885,,false,,0,"Ultra-processed food intake and its associations with atherogenic dyslipidemia, glycemic control, and gut microbiome features in adults with type 1 diabetes from Southern Italy.",Diabetes research and clinical practice,2026,10.1016/j.diabres.2026.113373,Abuqwider J; Pasolli E; Scidà G; Corrado A; Vitale M; Giosuè A; Filippis F; Ercolini D; Annuzzi G; Rivellese AA; Bozzetto L,
42326413,https://pubmed.ncbi.nlm.nih.gov/42326413/,42326413,PMC13275662,true,PRJNA715658,1,Antibiotic growth promoter and phytogenic feed additive consistently alter microbial community structure in chicken cecum.,Frontiers in microbiology,2026,10.3389/fmicb.2026.1702973,Peng C; Delle Grazie G; Ghanbari M; May A; Abeel T,
42324618,https://pubmed.ncbi.nlm.nih.gov/42324618/,42324618,PMC13285596,true,PRJEB107655,1,Mapping the metagenomic landscape: combined shotgun sequencing and quantitative PCR to profile gut metagenome-assembled genomes in marmosets following treatment with a broad-spectrum antibiotic cocktail.,Gut microbes,2026,10.1080/19490976.2026.2687925,Hernandez JB; Abiodun M; Hayer SS; Dickson T; Ayayee P; Clayton JB,
42312182,https://pubmed.ncbi.nlm.nih.gov/42312182/,42312182,PMC13271373,true,,0,iSymBase: an integrative functional-genomic platform for ecological exploration of insect symbionts.,ISME communications,2026,10.1093/ismeco/ycag128,Wang Z; Zhu Y; Liu X; Li Z; Bai J; Zou M; Zhang C; Liu Y; Li F; He K,
42307995,https://pubmed.ncbi.nlm.nih.gov/42307995/,42307995,PMC13274764,true,PRJNA952655,1,"Gut microbiome of the grape berry moth, Paralobesia viteana (Lepidoptera: Tortricidae) larvae through the grape ripening process revealed by high-throughput 16S and 18S rRNA sequencing.",Microbial genomics,2026,10.1099/mgen.0.001756,Laiton L; Acevedo FE,
42301503,https://pubmed.ncbi.nlm.nih.gov/42301503/,42301503,,false,,0,Detoxification mechanisms of black soldier fly larvae against microcystin-LR.,Functional & integrative genomics,2026,10.1007/s10142-026-01939-4,Bao W; Li X; Pan H; Gao Y; Zhao L; Liu J; Wang S; Zhang Y,
42301501,https://pubmed.ncbi.nlm.nih.gov/42301501/,42301501,PMC13272259,true,,0,Omics technologies in aquafeed: unlocking the black box towards systems biology.,Functional & integrative genomics,2026,10.1007/s10142-026-01937-6,Öz M; Üstüner E,
42301089,https://pubmed.ncbi.nlm.nih.gov/42301089/,42301089,,false,,0,"Dietary High Fiber and N-Carbamylglutamate Enhance Sow Reproductive Performance via Modulating Lactobacilli, Lipid Metabolites, and the PI3K-Akt Signaling Pathway.",FASEB journal : official publication of the Federation of American Societies for Experimental Biology,2026,10.1096/fj.202601343R,Wang H; Liang Y; Wang Z; Zhang Y; Tu W; Zhou J; Diao Y; Pei H; Huang J; Zhou X; Tan Y,
42300931,https://pubmed.ncbi.nlm.nih.gov/42300931/,42300931,,false,,0,Animal-based diets and the human gut microbiota: an integrative review combining metagenomic profiling and graphical synthesis of diet-microbiota associations.,Food & function,2026,10.1039/d6fo00371k,Medouni-Haroune L; Medouni-Adrar S; Messaoudene L; Negrichi S; Bouiche C; Sahraoui-Remini Y; Allam A; Meghlaoui Z; Mouhoubi K; Abbou A; Brahimi N; Mellal MK; Sari Z; Madani K,
42296622,https://pubmed.ncbi.nlm.nih.gov/42296622/,42296622,,false,,0,Microbial allies in a cotton pest: A descriptive account of associated microbiota dynamics in Dysdercus cingulatus across development.,"Comparative biochemistry and physiology. Part D, Genomics & proteomics",2026,10.1016/j.cbd.2026.101902,Pravara R; Praveen R; Seema B,
42295521,https://pubmed.ncbi.nlm.nih.gov/42295521/,42295521,,false,,0,"Antimicrobial resistance and gut microbiome profiles in wild and cultured shrimp (Penaeus monodon) from the coast of the northern Bay of Bengal, Bangladesh.",Environmental monitoring and assessment,2026,10.1007/s10661-026-15585-7,Ferdous J; Islam SMR; Chakma K; Hasan MM; Tanni AA; Ahmed R; Sikder U; Biswas S; Siddiki AZ; Crandall KA; Rahnavard A; Hussain MH; Sharifuzzaman SM; Chowdhury MSN; Mannan A,
42295179,https://pubmed.ncbi.nlm.nih.gov/42295179/,42295179,PMC13268206,true,PRJNA1010706,1,Implementation of a high-throughput microfluidic platform for antimicrobial resistance surveillance in swine production systems.,Microbial genomics,2026,10.1099/mgen.0.001755,Guitart-Matas J; Ramayo-Caldas Y; González-Rodríguez O; Giler-Baquerizo N; Migura-Garcia L; Ballester M,
42282812,https://pubmed.ncbi.nlm.nih.gov/42282812/,42282812,PMC13252198,true,PRJEB50625; PRJEB7759; PRJEB79769; PRJEB82776; PRJEB9357; PRJNA1056763; PRJNA1083038; PRJNA114561; PRJNA114561729; PRJNA1212753; PRJNA1269239; PRJNA1367213; PRJNA417359; PRJNA792486; PRJNA795985; PRJNA988023,16,Discovery of BilV reveals a multienzymatic basis for bilirubin reduction across vertebrate gut microbiomes.,bioRxiv : the preprint server for biology,2026,10.64898/2026.06.01.729425,Jiang AK; Grant MR; Arp G; Dufault-Thompson K; Clarke AM; Li Y; Lehman D; Jarmusch AK; Hall B; Jiang X,
42282268,https://pubmed.ncbi.nlm.nih.gov/42282268/,42282268,PMC13251516,true,PRJNA1475489,1,"Brain health and the gut microbiome (bMicrobiome Study): a proof-of-concept, feasibility study integrating shotgun metagenomics, metrology, and multidimensional phenotyping across the cognitive aging spectrum.",Gut microbes reports,2026,10.1080/29933935.2026.2679810,Frame LA; Warren A; Al Qalam A; Corr PG; Farah M; Karam M; Rangoussis K; Fahim Devin M; Celikkol Z; Gordon L; Villarreal D; Catto E; Udam Y; Thompson K; Lubinski O; Samman A; Badawi A; Hack H; Hunter M; Hines I; Servetas S; Jackson SA; Hasan NA; Kogan M,
42278324,https://pubmed.ncbi.nlm.nih.gov/42278324/,42278324,PMC13256299,true,,0,Biomineral Complex with Probiotic and Detoxifying Properties for Recovery After Radiotherapy.,International journal of molecular sciences,2026,10.3390/ijms27114794,Ilinskaya O; Vagin K; Kurdy W; Yakovleva G; Karamova N; Zelenikhin P; Kolpakov A; Zuev Y,
42276346,https://pubmed.ncbi.nlm.nih.gov/42276346/,42276346,,false,,0,In silico identification and characterisation of putative biphenyl degradation mechanism in gut-derived Pediococcus pentosaceus.,Environmental research,2026,10.1016/j.envres.2026.125000,Harith-Fadzilah N; Iskandar Sahran MS; Bin Khairil MF; Ahmad HF,
42275884,https://pubmed.ncbi.nlm.nih.gov/42275884/,42275884,,false,,0,The neutral and acidic polysaccharides from Ginseng are metabolized by specific gut microbial taxa and confer immunomodulatory effects.,Phytomedicine : international journal of phytotherapy and phytopharmacology,2026,10.1016/j.phymed.2026.158400,Zhao J; Zuo M; Cao L; Li Q; Zhang R; Wu H; Yuan J; Lv C; Yu Y; Lu J,
42271557,https://pubmed.ncbi.nlm.nih.gov/42271557/,42271557,PMC13255501,true,DRA021882; DRA021883; PRJDB16225,3,Tetrodotoxin (TTX) reshapes the functional potential of the gut microbiome in juvenile tiger pufferfish (Takifugu rubripes) across salinity gradients.,Animal microbiome,2026,10.1186/s42523-026-00572-7,Wassel MA; Makabe-Kobayashi Y; Iqbal MM; Huang C; Amano M; Shimizu A; Mandario MAE; Takatani T; Sakakura Y; Hamasaki K,
42270261,https://pubmed.ncbi.nlm.nih.gov/42270261/,42270261,,false,,0,Polyphenols-rich Indian barberry berries extract alleviates inorganic arsenic exposure-induced cognitive impairments and associated gut microflora alterations.,"Food research international (Ottawa, Ont.)",2026,10.1016/j.foodres.2026.119548,Vandana; Gupta S; Sharma R; Pandey A; Bishnoi M; Rawal R; Das S; Singh DP,
42267567,https://pubmed.ncbi.nlm.nih.gov/42267567/,42267567,,false,,0,Gut microbiota remodeling in HBB-mutant cynomolgus monkeys reveals blood-gut axis disruption associated with β-thalassemia-related gastrointestinal dysfunction.,Zoological research,2026,10.24272/j.issn.2095-8137.2025.141,Liu BZ; Zhao XY; Sun ZW; Wang J; Zeng JT; Huang Y; Cai KQ; Zhao JG; Yang SH; Yuan JL,
42264245,https://pubmed.ncbi.nlm.nih.gov/42264245/,42264245,,false,,0,Structural elucidation and gut barrier-protective effects of a glucomannan polysaccharide fraction from Lanzhou lily bulbs.,International journal of biological macromolecules,2026,10.1016/j.ijbiomac.2026.152899,Zhao Y; Zhang Y; Tang S; Peng T; Bagadi AH; Jia X; Wei Z; Han J; Li L; Liu X; Kong W; Song S; Wei C; Wang J,
42262118,https://pubmed.ncbi.nlm.nih.gov/42262118/,42262118,,false,,0,Impact of ceftiofur administration and Escherichia coli inoculation on the calf fecal microbiome.,mSystems,2026,10.1128/msystems.00501-26,Sommer AJ; Ferrandis-Vila M; Mamerow S; Berens C; Menge C; Wei S; Wang Q; Aarestrup FM; Otani S; Sapountzis P,
42262077,https://pubmed.ncbi.nlm.nih.gov/42262077/,42262077,,false,,0,Multi-omics profiling of gut-serum axis dynamics in gestational sows with different reproductive performance.,Microbiology spectrum,2026,10.1128/spectrum.01132-25,Ran S; Fu S; Dai T; Wei H; Peng J; Zhou Y,
42249511,https://pubmed.ncbi.nlm.nih.gov/42249511/,42249511,PMC13242121,true,PRJNA1320715,1,Aging of the adaptive immune system affects the gut microbiome and systemic levels of vitamin B6.,Microbiome,2026,10.1186/s40168-026-02428-3,Stahl S; Widmaier H; Sakk V; Nalapareddy K; Kissmann AK; Rosenau F; Mulaw MA; Haslam DB; Geiger H,
42244002,https://pubmed.ncbi.nlm.nih.gov/42244002/,42244002,PMC13267423,true,PRJNA1097789,1,A diverse gut virome in natural populations of Drosophila melanogaster.,Animal microbiome,2026,10.1186/s42523-026-00585-2,Ansari MH; Staubach F; Alacatli N; Obbard DJ,
42242027,https://pubmed.ncbi.nlm.nih.gov/42242027/,42242027,,false,,0,Bifidobacterium longum alleviation of metabolic dysfunction-associated steatotic liver disease: A multi-omics landscape of microbiota and metabolome reconfiguration.,Microbiological research,2026,10.1016/j.micres.2026.128569,Li J; Ji J; Ma X; Xu Z; Zhou L; Guan Y; Ling X; Jia X; Xi B; Zhao M,
42240953,https://pubmed.ncbi.nlm.nih.gov/42240953/,42240953,,false,,0,"Phenotypic, Genomic, and In Vivo Characterization of a Host-Derived Limosilactobacillus fermentum RLF77 with Potential to Prevent Post-weaning Diarrhea in Rabbits.",Probiotics and antimicrobial proteins,2026,10.1007/s12602-026-11082-y,Zhao M; Zhang Y; Li G; Li F,
42239166,https://pubmed.ncbi.nlm.nih.gov/42239166/,42239166,PMC13228292,true,,0,ZipStrain Enables Rapid and Precise Strain-Resolved Metagenomics.,bioRxiv : the preprint server for biology,2026,10.64898/2026.05.20.726564,Ghadermazi P; Emerson JB; Olm MR,
42237982,https://pubmed.ncbi.nlm.nih.gov/42237982/,42237982,PMC13227141,true,,0,Dietary pulse prebiotic fibre intake in a rat obese pregnancy model alters maternal caecal microbiome and protects against steatosis in newly weaned offspring.,Journal of nutritional science,2026,10.1017/jns.2026.10103,Utreja S; Andreani GA; Mahmood S; Patel MS; Buck MJ; Rideout TC,
42233654,https://pubmed.ncbi.nlm.nih.gov/42233654/,42233654,,false,,0,Age-driven shifts of the camel gut microbiome and resistome in extensively reared dromedary camels.,Microbiology spectrum,2026,10.1128/spectrum.03183-25,Wang W; Li Y; Liang Y; Wang J; Zhang Z; Zhang Y; Xiao C; Hao H,
42222901,https://pubmed.ncbi.nlm.nih.gov/42222901/,42222901,,false,,0,Early-Life Obesity Leaves a Metabolic Memory That Accelerates Aging-Related Decline Through the Gut Microbiota-GABA Axis.,Molecular nutrition & food research,2026,10.1002/mnfr.70513,Dong Y; Hu D; Yang R; Xin T; Guan Y; Zhu X; Ding Y; Cui S; Wang R; Wang X; Niu Y; Kong X,
42219901,https://pubmed.ncbi.nlm.nih.gov/42219901/,42219901,,false,,0,Sub-inhibitory polyether ionophores enhance resistance plasmid transfer and transiently perturb the broiler gut resistome.,The Journal of antimicrobial chemotherapy,2026,10.1093/jac/dkag190,Yang J; Shi T; Du Z; Wang Y; Shen J; Wu C; Fu B,
42219044,https://pubmed.ncbi.nlm.nih.gov/42219044/,42219044,,false,,0,Hypervariable region-specific detection of an avian gut pathobiont in multi-primer 16S rRNA metagenomics: the V9 region identifies Gallibacterium anatis undetected by conventional V3-V4 approaches.,Journal of microbiological methods,2026,10.1016/j.mimet.2026.107565,Shil S; Datta SP; Banerjee D; Paul S; Khatua A; Chowdhury J; Koner GS; Das AK; Mukherjee A; Karmakar UK; Haldar S; Debnath A,
42216221,https://pubmed.ncbi.nlm.nih.gov/42216221/,42216221,,false,,0,Bone marrow mesenchymal stem cells synergize with fusobacterium nucleatum to drive colorectal tumorigenesis via gut microbiome dysbiosis.,Gut pathogens,2026,10.1186/s13099-026-00839-z,Zhang K; Duan C; Chen J; He Q; Jin Y; Liu J; Lin R; Han C,
42207344,https://pubmed.ncbi.nlm.nih.gov/42207344/,42207344,,false,,0,Intestinal microbiome in necrotic enteritis infection of broiler and comparison of treatment alternatives.,Tropical animal health and production,2026,10.1007/s11250-026-05068-9,Cagirgan OY; Korkmaz S; Diker KS,
42207030,https://pubmed.ncbi.nlm.nih.gov/42207030/,42207030,,false,,0,Yellow tea extract ameliorates dexamethasone-induced hepatic steatosis by modulating the gut-liver axis and reshaping microbial metabolites: a multi-omics insight.,Food & function,2026,10.1039/d6fo01620k,Ren P; Kan Z; Wei B; Qin W; Lu S,
42201143,https://pubmed.ncbi.nlm.nih.gov/42201143/,42201143,PMC13310142,true,,0,"Evolution, multifunctionality, and agricultural potential of insect microbiomes and the holobiont concept.",The ISME journal,2026,10.1093/ismejo/wrag137,Zhang W; Eleftherianos I; Mohamed A; Smagghe G; Chakkalakkal GJ; Al-Akeel R; Toprak U; Tettamanti G; Keyhani N; Renault D,
42200417,https://pubmed.ncbi.nlm.nih.gov/42200417/,42200417,,false,,0,Host-independent metagenomics reveal gut bacteria contribution to Delia antiqua growth by vitamin B6 provision.,Insect molecular biology,2026,10.1111/imb.70046,Lin L; Gao G; Sun S; Wu X; Fan S; Wang H; Zhou F; Zhang X,
42197470,https://pubmed.ncbi.nlm.nih.gov/42197470/,42197470,PMC13209948,true,PRJNA1434117,1,Temperature Elevation Alters the Gut Antibiotic Resistome and Carbohydrate-Active Enzymes in the Desert Lizard Eremias roborowskii.,Microorganisms,2026,10.3390/microorganisms14051084,Zheng Y; Wu R; Feng H; Wu X; Yang Y,
42197004,https://pubmed.ncbi.nlm.nih.gov/42197004/,42197004,PMC13209768,true,,0,FMT from Exercise and Konjac Glucomannan Preconditioned Donors Rescues Antibiotic-Induced Dysbiosis with Enhanced Ecological Restoration in Mice.,Nutrients,2026,10.3390/nu18101544,Wang M; Lyu Y; Zhang J; Wang Y; Yang Y; Mao YH,
42186028,https://pubmed.ncbi.nlm.nih.gov/42186028/,42186028,,false,,0,Gut microbiota and western dietary patterns associated with behavioral problems in children and adolescents: a cross-sectional study.,Nutrition journal,2026,10.1186/s12937-026-01335-5,Larroya A; Romera-Giner S; Tolosa-Enguís V; Rodríguez-Ruano SM; Andrés-García S; Soro-Conde I; Codoñer P; Sanz Y,
42184066,https://pubmed.ncbi.nlm.nih.gov/42184066/,42184066,,false,,0,Green tea polyphenol-iron oxide chitosan nanoparticles modulate gut microbiota and regulate metabolic pathways.,World journal of microbiology & biotechnology,2026,10.1007/s11274-026-05033-6,Al Awawdeh S; Shafie NH; Ishak AH; Mohd Esa N; Loh SP; Nurdin A,
42172982,https://pubmed.ncbi.nlm.nih.gov/42172982/,42172982,,false,,0,Evodiamine targets ZO-1 to ameliorate cholestatic liver disease: Intestinal homeostasis as the core mediator of gut-liver axis repair and bile acid metabolism remodeling.,Phytomedicine : international journal of phytotherapy and phytopharmacology,2026,10.1016/j.phymed.2026.158288,Yan S; Zhang Y; Fan Q; Jia W; Dai Y; Li X; Lu S; Sheng Y; Sun S; Lin R; Tang Y; Zhao C,
42164318,https://pubmed.ncbi.nlm.nih.gov/42164318/,42164318,PMC13184971,true,PRJEB76898,1,Beyond the core microbiome: endemic bacteria drive functional and microdiversity differences across salamander populations.,ISME communications,2026,10.1093/ismeco/ycag106,Aizpurua O; Brenner E; Martin-Bideguren G; Garin-Barrio I; Cabido C; Alberdi A,
42159959,https://pubmed.ncbi.nlm.nih.gov/42159959/,42159959,,false,,0,Animal gut microbes and microbiomes in the 21st century and beyond.,Science China. Life sciences,2026,10.1007/s11427-026-3312-5,Zhang Z; Jiang F; Li Z; Lin L; Qi B; Han D; Ran C; Mao S; Wang J; Zhou Z; Wang M; Li J; Wang G; Kang S; Zhang T,
42156216,https://pubmed.ncbi.nlm.nih.gov/42156216/,42156216,,false,,0,Metagenomic profiling of resistome and mobilome dynamics in diverse freshwater aquaculture modes.,Water research,2026,10.1016/j.watres.2026.126133,Deng X; Wang Y; Zhu H; Guo Y; Wang Q; Han J; Yu K; Zhou B,
42147179,https://pubmed.ncbi.nlm.nih.gov/42147179/,42147179,PMC13174769,true,PRJEB106514; PRJNA559605,2,"The Gut Microbiome Profile of Lions in Etosha National Park, Namibia.",Research square,2026,10.21203/rs.3.rs-9092464/v1,Belger C; Wirbel J; Maghini D; Carstens N; van Coller A; Beasley JC; Melzheimer J; Berkman AY; Strauss WM; Hetem RS; Hazelhurst S,
42140051,https://pubmed.ncbi.nlm.nih.gov/42140051/,42140051,,false,,0,Microplastic-induced gut dysbiosis and metabolic alterations in juvenile European seabass (Dicentrarchus labrax): A multi-omics approach.,Marine pollution bulletin,2026,10.1016/j.marpolbul.2026.119879,Missaoui Y; Venditti M; Zhang L; Vaccaric F; Abelouah MR; Abouda S; Gaaieda S; Puglisi E; Lucini L; Minnucci S; Banni M,
42139793,https://pubmed.ncbi.nlm.nih.gov/42139793/,42139793,,false,,0,"Effect of age, severity of diarrhoea, number of pathogens present and blooming of E. coli on metagenomic characteristics of stools from Danish dairy calves with diarrhoea.",Veterinary microbiology,2026,10.1016/j.vetmic.2026.111070,Jibril AH; Alencar ALF; Olsen JE; Hounmanou YMG,
42139081,https://pubmed.ncbi.nlm.nih.gov/42139081/,42139081,PMC13249080,true,PRJNA1399069,1,"Dietary niches drive microbial community assembly, network reorganization, and symbiont evolution in freshwater fish gut microbiomes.",The ISME journal,2026,10.1093/ismejo/wrag125,Shen H; Song J; Li J; Hu Y; Peng N; Zhao S,
42134644,https://pubmed.ncbi.nlm.nih.gov/42134644/,42134644,,false,,0,Antibiotic-mediated gut microbiota depletion partially attenuates methamphetamine-induced reward and linoleic acid metabolic disturbance.,Neuropharmacology,2026,10.1016/j.neuropharm.2026.111022,Liang M; Wang X; Li J; Li R; Peng J; Gao B; An R; Chen X; Zhang J; Liu X,
42132916,https://pubmed.ncbi.nlm.nih.gov/42132916/,42132916,PMC13188175,true,PRJNA1241462,1,"Detection of amoxicillin-resistant and multidrug-resistant Escherichia coli in young Australian bats (grey-headed flying fox, Pteropus poliocephalus).","Microbiology (Reading, England)",2026,10.1099/mic.0.001703,McDougall FK; Boardman WSJ; Power ML,
42121788,https://pubmed.ncbi.nlm.nih.gov/42121788/,42121788,PMC13162629,true,,0,"Analysis of Ochetobibus elongatus (Kner) Dietary Habits Based on Digestive System Morphology, Histology, and Intestinal Content Sequencing Technology.",Animals : an open access journal from MDPI,2026,10.3390/ani16091369,Gao F; Zuo Z; Wu Q; Xiao H; Peng Z; Zou L; Jiang G; Tian X; Feng Z; Xie X; Tian L,
42121260,https://pubmed.ncbi.nlm.nih.gov/42121260/,42121260,PMC13173809,true,PRJNA953833,1,"Integrative analysis of the mouse cecal microbiome across diet, age, and weight in the diverse BXD population.",Microbiome,2026,10.1186/s40168-026-02369-x,Zhou Z; Lamanna A; Halder R; Pansart E; Narayanasamy S; Boussoufa B; Kerkour T; Wilmes P; Williams E,
42120383,https://pubmed.ncbi.nlm.nih.gov/42120383/,42120383,PMC13168452,true,PRJNA1029302; PRJNA1227608,2,Distribution of microbial carrageenan foraging pathways reveals a widespread latent trait within the ruminant intestinal microbiome.,Nature communications,2026,10.1038/s41467-026-70776-7,Tingley JP; Andersen TO; Mihalynuk LG; Xing X; Low KE; Whiteside DP; Altshuler I; Jujihara N; Shearer AY; Klassen L; Serin S; Smith E; Reintjes G; Patel TR; Boraston AB; Hagen LH; Pope PB; Abbott DW,
42113401,https://pubmed.ncbi.nlm.nih.gov/42113401/,42113401,,false,,0,Ecological and genomic insights into Bacillus altitudinis as a potential indicator of resistance genes in soil antimicrobial resistance pools.,Environmental science and pollution research international,2026,10.1007/s11356-026-37761-5,Bhattacharjee A; Singh AK,
42111294,https://pubmed.ncbi.nlm.nih.gov/42111294/,42111294,PMC13155110,true,PRJEB101201,1,Toward reproducible pig gut microbiome profiling through standardized methodologies.,ISME communications,2026,10.1093/ismeco/ycag097,Yergaliyev T; Enokela SO; Eberhardt G; Flisikowski K; Hornburg SC; Reyer H; Tetens J; Wimmers K; Zentek J; Camarinha-Silva A,
42106836,https://pubmed.ncbi.nlm.nih.gov/42106836/,42106836,PMC13156864,true,PRJNA1391520; PRJNA277984,2,Dietary iron and metal-based growth promoters differentially modulate the gut resistome and Escherichia coli virulome in weaned pigs.,Journal of animal science and biotechnology,2026,10.1186/s40104-026-01399-7,Navazesh SE; Ter Horst A; Wen W; Liu Y; Kiang D; Li Z; Yu A; Brown CT; Ji P,
42105460,https://pubmed.ncbi.nlm.nih.gov/42105460/,42105460,,false,,0,Dual-omics links host genomic variation to gut microbiome restructuring under Mycobacterium marinum challenge in Cynoglossus semilaevis.,"Comparative biochemistry and physiology. Part D, Genomics & proteomics",2026,10.1016/j.cbd.2026.101838,Ma C; Chang M; Zang S; Shi K; Sha Z,
42104937,https://pubmed.ncbi.nlm.nih.gov/42104937/,42104937,,false,,0,Snake Gut Microbiota as a Source of Anti-Inflammatory Probiotics: Isolation and Functional Characterization of Two Novel Strains.,Integrative zoology,2026,10.1111/1749-4877.70118,Kang X; Hu L; Song J; Zhang Z; Li Y; Zhang Q; Luo C; Pang Y; Guo P; Yue B; Li P; Fan Z,
42103932,https://pubmed.ncbi.nlm.nih.gov/42103932/,42103932,PMC13270145,true,GSE325162,1,Gut microbiota-modulated glutamic acid rejuvenates the quality of oocytes deteriorated by advanced reproductive age.,EMBO molecular medicine,2026,10.1038/s44321-026-00443-3,Wang F; Zeng W; Zhang Z; Li N; Cui Z; Bai J; Yan J; Zhang Y; Miao Y; Gu L; Xiong B,
42103925,https://pubmed.ncbi.nlm.nih.gov/42103925/,42103925,,false,,0,Microbial zonation and functional roles in the gut of white grub (Maladera insanabilis) larvae.,Scientific reports,2026,10.1038/s41598-026-52250-y,Anil; Ramesh KB; Gouda MNR; Subramanian S,
42103708,https://pubmed.ncbi.nlm.nih.gov/42103708/,42103708,,false,,0,The honey bee triad: a comprehensive catalogue of phages in the Apis mellifera gut microbiome.,Nature communications,2026,10.1038/s41467-026-72757-2,Basler N; De Smet L; Bouras G; Swinnen J; Pranga K; Brussaard CPD; Vandamme P; de Graaf DC; Matthijnssens J,
42100978,https://pubmed.ncbi.nlm.nih.gov/42100978/,42100978,,false,,0,Cardiometabolomic signatures and gut microbiota dynamics in perinatally undernourished F(1) offspring: Decoding the metabolic footprint.,Journal of biosciences,2026,,Ranade AV; Hegde PS; Agni MB; Rai P; Upadhyay SS; Aravind A; Keshava Prasad TS; Gowda KMD,
42100652,https://pubmed.ncbi.nlm.nih.gov/42100652/,42100652,PMC13144039,true,,0,Functional metagenomic reconstruction of microbial pathways altered by probiotic supplementation in liver failure.,Frontiers in cellular and infection microbiology,2026,10.3389/fcimb.2026.1799729,Luo J; Feng Y; Chen J; Xu N; Zhang G; Ni J; Li C,
42098871,https://pubmed.ncbi.nlm.nih.gov/42098871/,42098871,PMC13321747,true,PRJNA1355441,1,Recombinant LAB vector-based multicomponent vaccine against Campylobacter jejuni potentially promoting a healthier microbial balance in the poultry gut.,Microbiome,2026,10.1186/s40168-026-02421-w,Biswas P; Ahmed S; Mondal S; Oladokun S; Gundogdu O; Mallick AI,
42091967,https://pubmed.ncbi.nlm.nih.gov/42091967/,42091967,,false,,0,Genetic diversity and gut microbiome of Anopheles mosquitoes in Tamil Nadu by using COI DNA barcoding and 16S rRNA metagenomics.,Scientific reports,2026,10.1038/s41598-026-48529-9,Vinayagam S; Bhowmick IP; Rajendran D; Arumugam DK; Sekar K; Renu K; Kaur H; Sattu K,
42083207,https://pubmed.ncbi.nlm.nih.gov/42083207/,42083207,,false,,0,Adaptive laboratory evolution of Lactobacillus gasseri-01 toward a safe probiotic for enhanced sulforaphane transformation.,"Food research international (Ottawa, Ont.)",2026,10.1016/j.foodres.2026.119160,Wang L; Shen H; Wang Y; Wu X; Luo L; Li J,
42075321,https://pubmed.ncbi.nlm.nih.gov/42075321/,42075321,PMC13119109,true,,0,Environmental Regulation of Gut Microbial Networks Links to Growth Variation in Schizopygopsis younghusbandi Across Contrasting Aquaculture Systems.,Microorganisms,2026,10.3390/microorganisms14040925,Wang W; Wang Z; Zhang P; Zhang J,
42069617,https://pubmed.ncbi.nlm.nih.gov/42069617/,42069617,PMC13285400,true,CRA028689,1,The gut metabolite arachidonic acid alleviates intestinal injury induced by a Toxoplasma gondii strain isolated from a wild rodent.,Parasites & vectors,2026,10.1186/s13071-026-07389-y,Yuan H; Song Y; Nie L; Yang Z; Yang L; Yang K; Yang Y; Li W; Wang X; Zhang XX; Hua Y; Yuan ZG,
42068877,https://pubmed.ncbi.nlm.nih.gov/42068877/,42068877,,false,,0,Haizao Yuhu Decoction alleviates goiter via the gut-thyroid axis: Microbiota-derived SCFAs promote hormone synthesis and restore apoptosis.,Phytomedicine : international journal of phytotherapy and phytopharmacology,2026,10.1016/j.phymed.2026.158256,Liao W; Gao J; Zhang J; Wu Y; Jiang Y; Liu H; Chen S; Xiu L; Zhong G,
42067917,https://pubmed.ncbi.nlm.nih.gov/42067917/,42067917,PMC13151249,true,PRJNA1171754,1,Capsaicin ameliorates glycemic levels via gut microbiota-derived 5-aminolevulinic acid in mice.,Microbiome,2026,10.1186/s40168-026-02415-8,Fang Q; Huang S; Zhang C; Li M; Ye Z; Guo H; Xiao M; Wang S; Yu L; Zhang H; Zhao J; Tian F; Chen W; Zhai Q,
42066496,https://pubmed.ncbi.nlm.nih.gov/42066496/,42066496,,false,,0,Integrative metagenomic and metabolomic profiling identifies faecal biomarkers of prolonged social stress in pigs.,Animal : an international journal of animal bioscience,2026,10.1016/j.animal.2026.101823,Río-López R; Vourlaki IT; Clavell-Sansalvador A; Valdés A; Padilla L; García-Gil LJ; Xifró X; Ballester M; Quintanilla R; Ochoteco-Asensio J; Prenafeta-Boldú FX; Dalmau A; Ramayo-Caldas Y,
42059571,https://pubmed.ncbi.nlm.nih.gov/42059571/,42059571,PMC13185590,true,PRJEB100772,1,Host genetics shapes the recovery of the gut microbiome after antibiotic treatment: the role of the blood group related B4galnt2 gene.,mSystems,2026,10.1128/msystems.01640-25,Čepić A; Rausch P; Geese T; Dempfle A; Grassl GA; Baines JF,
42059394,https://pubmed.ncbi.nlm.nih.gov/42059394/,42059394,PMC13228081,true,PRJNA1438093,1,Early-life development of the microbiome and resistome in antibiotic-naïve dairy calves.,Microbiology spectrum,2026,10.1128/spectrum.02510-25,Murphy MM; Pinnell LJ; Doster E; Wolfe CA; Baker LA; Machado VS; Morley PS,
42055201,https://pubmed.ncbi.nlm.nih.gov/42055201/,42055201,,false,,0,Subchronic exposure to environmental levels of fluoxetine disturbs gut microbiota-mediated intestinal barrier homeostasis and triggers delayed feeding response in zebrafish (Danio rerio).,Comparative biochemistry and physiology. Toxicology & pharmacology : CBP,2026,10.1016/j.cbpc.2026.110551,Lu L; Pan C; Fu L; Zhao L; Wang HY; Yao W; Yang M,
42051014,https://pubmed.ncbi.nlm.nih.gov/42051014/,42051014,,false,,0,"Probiotic-based fermentation of watermelon waste: Effects on bioconversion efficiency, microbial shifts, and expression profiles of black soldier fly larvae.",Insect science,2026,10.1111/1744-7917.70280,Memon FU; Ahmad S; Mo Q; Liu S; Xie X; Nabi F; Huang Z; Tettamanti G; Tian L,
42050727,https://pubmed.ncbi.nlm.nih.gov/42050727/,42050727,PMC13277185,true,PRJEB1046; PRJEB674; PRJEB88111,3,"Metagenomics provides broad detection of pathogens, antimicrobial resistance, and virulence genes in pig diarrhoea and complement conventional methods.",Animal microbiome,2026,10.1186/s42523-026-00577-2,Ivanova M; Svensmark B; Bruun Jensen EE; Aarestrup FM; Vigre H; Otani S,
42046064,https://pubmed.ncbi.nlm.nih.gov/42046064/,42046064,PMC13289240,true,,0,SCFAs inhibited NETosis to alleviate lung inflammation in COPD: a potential role for GPR43.,Respiratory research,2026,10.1186/s12931-026-03688-1,Tang S; Cai L; Hao Y; Jiang Q; Luan X; Fang X; Li Z; Zhu J,
42044779,https://pubmed.ncbi.nlm.nih.gov/42044779/,42044779,,false,,0,Effects of Rehmannia glutinosa Libosch. Rhizome water extract and Rehmapicrogenin on pulmonary hypertension: Multi-omics insights into epidermal growth factor receptor/pyruvate kinase M2 pathway and metabolic regulation.,Journal of ethnopharmacology,2026,10.1016/j.jep.2026.121775,Zhang Y; Zeng M; Guo P; Zhang Z; Chen X; Li X; Hao F; Jiao X; Wu Y; Feng W; Zheng X,
42043697,https://pubmed.ncbi.nlm.nih.gov/42043697/,42043697,,false,,0,"Dietary and water probiotics enhance immunity, modulate microbiota, and increase survival of Penaeus vannamei challenged with V. parahaemolyticus.",Brazilian journal of microbiology : [publication of the Brazilian Society for Microbiology],2026,10.1007/s42770-026-01903-1,Lomelí-Álvarez MF; Escamilla-Montes R; Diarte-Plata G; Guo X; Fierro-Coronado JA; Rubio-Luque AM; Vega-Carranza AS; González AL,
42041929,https://pubmed.ncbi.nlm.nih.gov/42041929/,42041929,PMC13113137,true,PRJNA1376267,1,The Gut Microbiome and Metabolome of Domestic Cats Were Altered by the Oral Administration of Complex Probiotics.,Biology,2026,10.3390/biology15080652,Ma Y; Hu Y; Zhang J; Sun Q; Wang H; Liu X; Tian W; Wang W; Ma X; Shao D; Liu K; Li B; Qiu Y; Ma Z; Li Z; Wei J,
42039826,https://pubmed.ncbi.nlm.nih.gov/42039826/,42039826,PMC13108611,true,PRJNA1320939,1,Data-driven enterosignatures link gut microbiome reorganization to heat stress responses in lactating sows.,Frontiers in microbiology,2026,10.3389/fmicb.2026.1797687,Gini C; Tiezzi F; Jiang J; Byrd MH; Wen H; Johnson JS; Brito LF; van Vliet S; Maltecca C,
42036496,https://pubmed.ncbi.nlm.nih.gov/42036496/,42036496,PMC13236738,true,PRJNA1434035,1,Metagenomic insights into urolithin formation from rambutan rind extract by rat faecal-derived microbiome.,Applied microbiology and biotechnology,2026,10.1007/s00253-026-13841-x,Tow WK; Teh CSJ; Ooi CW; Lee RFS; Krishnasamy M; Palanisamy UD; Sundralingam U,
42034426,https://pubmed.ncbi.nlm.nih.gov/42034426/,42034426,,false,,0,"Antibiotic resistance gene profiles in the gut microbiomes of Apis cerana, Apis mellifera, and Bombus terrestris.",Pesticide biochemistry and physiology,2026,10.1016/j.pestbp.2026.107059,Zhou N; Wei R; Yang S; Hu F; Feng Y; Zheng H,
42021075,https://pubmed.ncbi.nlm.nih.gov/42021075/,42021075,,false,,0,Influences of ampicillin exposure in early life on the murine gut microbiota and steatotic liver disease associated with western diet.,The journal of medical investigation : JMI,2026,10.2152/jmi.73.186,Ishikawa R; Nakamura M; Sakurai A; Nakayama-Imaohji H; Kuwahara T; Ichimura-Shimizu M; Shishibori M; Kataoka K,
42019469,https://pubmed.ncbi.nlm.nih.gov/42019469/,42019469,PMC13122816,true,PRJNA1282110; PRJNA1283350,2,Gut microbiota-derived taurolithocholic acid modulates myofiber-type switching via p38 MAPK/PGC-1α signaling underlying breed differences between Arbor Acres and Taoyuan chickens.,Poultry science,2026,10.1016/j.psj.2026.106914,Peng F; Zeng YY; Chang L; Huang YX; Deng JT; Liu YX; He X; Song ZH,
42016568,https://pubmed.ncbi.nlm.nih.gov/42016568/,42016568,PMC13092875,true,CRA040477; CRA040541; CRA040562,3,Restoring low-fiber diets-induced Lachnospiraceae bacterium loss partially recovers fiber digestion and immune function in mammals.,Current research in food science,2026,10.1016/j.crfs.2026.101401,Liu L; Xu C; Liu Y; Yang J; Ye Y; Yao Z; Lin D; Qiu H; Ruan D; Qiu Y; Wang S; Lin M; Zhang Z; Huang S; Meng F; Zheng E; Cai G; Wu Z; Wu JJ,
42014993,https://pubmed.ncbi.nlm.nih.gov/42014993/,42014993,PMC13237879,true,,0,Multi-omics integration analyses reveal microbiome and metabolome features in pregnant sow diarrhea induced by porcine epidemic diarrhea virus.,BMC microbiology,2026,10.1186/s12866-026-05043-2,Dong X; Yi J; Wang Y; Zhou A; Zhang J; Shi L; Wang C,
42014006,https://pubmed.ncbi.nlm.nih.gov/42014006/,42014006,,false,,0,Spleen metabolomics coupled with gut microbiome analysis to elucidate the immunomodulatory mechanisms of longan polysaccharides against cyclophosphamide-induced immunosuppression in mice.,International journal of biological macromolecules,2026,10.1016/j.ijbiomac.2026.152109,Liu H; Luo J; Yang Y; Yang R; Li W,
42012066,https://pubmed.ncbi.nlm.nih.gov/42012066/,42012066,,false,,0,"Multi-Omics Analysis Reveals Coordinated Adaptations in Genes, Metabolism, and Gut Microbiota Underpinning Herbivory in Lordiphosa Flies.",Integrative zoology,2026,10.1111/1749-4877.70110,Guo R; Gao J; Zhang C; Chang Z; Sun Y,
42010713,https://pubmed.ncbi.nlm.nih.gov/42010713/,42010713,PMC13227699,true,CRA027028; GSE146619; GSE212068; GSE289563; PRJNA1155878; PRJNA1157396,6,Gut microbiota induces dysspermatogenesis via microbial-derived phenylacetylglycine in Ggt1-deficient mice.,Microbiome,2026,10.1186/s40168-026-02401-0,Tang J; Wang L; Yang Z; Song Y; Wu S; Liang Q; Li Z; Zhou S; Xiong H; Chen D; Li J; Li F,
42010457,https://pubmed.ncbi.nlm.nih.gov/42010457/,42010457,PMC13231566,true,CRA033318,1,Metagenomics reveals gut microbial differences and ecological adaptation in plateau zokor (Eospalax baileyi) populations.,BMC microbiology,2026,10.1186/s12866-026-05069-6,Guo J; Liang C; Cairang L; Si L; Yan J; Liu D,
42004407,https://pubmed.ncbi.nlm.nih.gov/42004407/,42004407,PMC13090099,true,PRJNA1274967,1,Diet-Driven Divergence in Gut Microbiota Variation Between Two Sympatric Gerbil Species.,Ecology and evolution,2026,10.1002/ece3.73367,Chu D; Liu N; Liu Q; Li X; Yang H; Zhu N; Liu Z; Wang R; Yuan S; Fu H,
42002784,https://pubmed.ncbi.nlm.nih.gov/42002784/,42002784,PMC13224419,true,PRJNA1263030,1,Curcumin modulates hepatic pyroptosis-autophagy crosstalk induced by aflatoxin B1 via rumen microbiota-blood-liver axis.,Microbiome,2026,10.1186/s40168-026-02396-8,Liu T; Fan S; Li J; Wang T; Zhang J; Wang C,
42002357,https://pubmed.ncbi.nlm.nih.gov/42002357/,42002357,,false,,0,A novel Curcuma wenyujin-derived fructan modulates gut microbiota and metabolic pathways to ameliorate DSS-induced colitis.,Carbohydrate polymers,2026,10.1016/j.carbpol.2026.125292,Li Z; Li Z; Chu L; Hu S; Xue C; Lin H; Luo Y; Zhang Y; Zhang J; Wang Z,
42002296,https://pubmed.ncbi.nlm.nih.gov/42002296/,42002296,,false,,0,Mechanisms Underlying Bioactive Compounds Decline in Medicinal Blaps rhynchopetera During Artificial Rearing.,Environmental microbiology,2026,10.1111/1462-2920.70304,Yang X; Zhang L; Zhou S; Wang Z; Lv Q; Zhao M; Wang C,
42001834,https://pubmed.ncbi.nlm.nih.gov/42001834/,42001834,,false,,0,(-)-Epigallocatechin-3-gallate alleviates diarrhea in piglets by suppressing the NMU-NMUR1-ILC2 axis and modulating microbiota-associated energy metabolism.,Phytomedicine : international journal of phytotherapy and phytopharmacology,2026,10.1016/j.phymed.2026.158119,Ma Z; Gao L; Hou W; Wu J; Wen X; Zhang Y; Dong N; Dou X; Shan A,
42000463,https://pubmed.ncbi.nlm.nih.gov/42000463/,42000463,,false,,0,Gut microbial restructuring in white spot syndrome virus-infected Penaeus vannamei: Insights from long-read metagenomics.,"Comparative biochemistry and physiology. Part D, Genomics & proteomics",2026,10.1016/j.cbd.2026.101834,Devika NT; Jayaraman K; Nadimuthu S; Nathamuni SP; Sreya PS; Jangam AK; Katneni VK,
41998806,https://pubmed.ncbi.nlm.nih.gov/41998806/,41998806,,false,,0,Temporal Shifts in Gut Microbiota and Host Immunity During Chronic Diarrhea in an Infant Rhesus Macaque: A Longitudinal Case Study Based on Multi-Omics.,Journal of medical primatology,2026,10.1111/jmp.70074,Tang R; Wang J; Zhang Z; Li Y; Lan Y; Fan Z,
41996550,https://pubmed.ncbi.nlm.nih.gov/41996550/,41996550,PMC13089944,true,PRJEB62607,1,Fecal Material of Captive Wild Animals as Source of CAZymes With Application Potential.,Chembiochem : a European journal of chemical biology,2026,10.1002/cbic.70315,Bechtner J; Hosek J; Schwab C,
41996045,https://pubmed.ncbi.nlm.nih.gov/41996045/,41996045,,false,,0,Comparative performance of traditional and commercial DNA extraction methods for fish gut microbiota analysis.,Molecular biology reports,2026,10.1007/s11033-026-11788-w,Mohanty A; Pavan-Kumar A; Chaudhari A; Kumari K; Kumar P; Maurye P,
41994282,https://pubmed.ncbi.nlm.nih.gov/41994282/,41994282,PMC13079344,true,PRJNA1415237,1,Elephant-derived Bacillus licheniformis modulates immune cells shedding light on cancer resistance.,Frontiers in microbiology,2026,10.3389/fmicb.2026.1753410,Wang X; Wei M; Yi Y; An J; Wang J; Zhao R; Su Z; Ji G; Zhang X; Liu X,
41990134,https://pubmed.ncbi.nlm.nih.gov/41990134/,41990134,PMC13131234,true,CRA038720,1,"Hypobaric hypoxia affects gut microbiota of rats through affected community assembly, reduced network resilience, and metabolic reprogramming.",FEMS microbiology ecology,2026,10.1093/femsec/fiag039,Chen X; Wang Y; Feng J; Chen H; Yao B; Li F; Yang Q; Qu J,
41990029,https://pubmed.ncbi.nlm.nih.gov/41990029/,41990029,,false,,0,Gut Microbiota of Gray Snub-Nosed Monkeys: Adaptation to Seasonal Variations Through Energy Compensation and Thermogenesis.,Integrative zoology,2026,10.1111/1749-4877.70092,Sun Y; Zhang M; Wang X; Huang X; Yu Y; Pan H; Li H; Shi L; Yang W; Zhang C; Ding B; Liu X; Li J; Qian C; Cheng B; Zhang C; Ran J; Li M,
41985316,https://pubmed.ncbi.nlm.nih.gov/41985316/,41985316,,false,,0,Spray dried inulin-montmorillonite hybrids alleviate high-fat diet-induced inflammatory and metabolic dysregulation in rats.,Biomaterials advances,2026,10.1016/j.bioadv.2026.214878,Ariaee A; Hunter A; Wignall A; Bremmell K; Prestidge C; Joyce P,
41980940,https://pubmed.ncbi.nlm.nih.gov/41980940/,41980940,PMC13270123,true,CNP0009025,1,Tick-vectored mobilization of antibiotic resistance genes: transboundary dissemination across wildlife-livestock-vector-environment interfaces.,NPJ biofilms and microbiomes,2026,10.1038/s41522-026-00986-w,Lu Z; Li R; Zhou K; Li S; Sun S; Liu J; Zhao L; Chen S; Liu K; Yuan X; Shao Z,
41975427,https://pubmed.ncbi.nlm.nih.gov/41975427/,41975427,PMC13200360,true,PRJCA060776,1,Effects of synthetic breast milk on the gut metagenome and whole blood transcriptome in lambs.,BMC veterinary research,2026,10.1186/s12917-026-05460-5,Zhang Z; Bai J; Liu Y; Wang J; Lv Z; Tang L; Wang R; Gao L; Liu C; Lu S; Fu X; Ni J; Wan P,
41973542,https://pubmed.ncbi.nlm.nih.gov/41973542/,41973542,PMC13188918,true,,0,Functional gut microbiomes enhance performance in house fly larvae.,Applied and environmental microbiology,2026,10.1128/aem.00011-26,Muurmann AT; Rasmussen JA; Limborg MT; Gilbert MTP; Bahrndorff S,
41973308,https://pubmed.ncbi.nlm.nih.gov/41973308/,41973308,PMC13076410,true,,0,Mineral-microbiota interactions in aquaculture: implications for fish gut health and nutrition.,Veterinary research communications,2026,10.1007/s11259-026-11207-2,Aydin F; Çek Ş,
41972428,https://pubmed.ncbi.nlm.nih.gov/41972428/,41972428,,false,,0,Diversity of Pharmaceuticals Enhances Antibiotic Resistance in the Invertebrate Gut via Biofilm-Mediated Mechanisms.,"Advanced science (Weinheim, Baden-Wurttemberg, Germany)",2026,10.1002/advs.202518849,Wang YF; Wang YN; Lin D; Xu JY; Qi FY; Cui HL; Lu HJ; Qiao M; Topp E; Zhu D; Rillig MC; Zhu YG,
41971325,https://pubmed.ncbi.nlm.nih.gov/41971325/,41971325,PMC13061865,true,,0,Multi-omics profiling implicates gut microbiota-sphingolipid interplay in the neuroprotective effects of semaglutide on diabetic cognitive impairment.,Frontiers in microbiology,2026,10.3389/fmicb.2026.1705784,Qi L; Kang H; Li X; Wang L; Lin Y; Zhan M; Zeng F; Xiao Z; Liu X; Chen Z; Liu L,
41971320,https://pubmed.ncbi.nlm.nih.gov/41971320/,41971320,PMC13062235,true,PRJNA1120402,1,Intestinal microbiome gone native: gut microbiome shift and resistome diversity in first homecoming giant panda family.,Frontiers in microbiology,2026,10.3389/fmicb.2026.1737792,Wu Y; Deng L; He X; Zhou D; Ling S; He M; Wang Q; Wang C; Wang M; Wu H; Li L; Li D; Yun L,
41969653,https://pubmed.ncbi.nlm.nih.gov/41969653/,41969653,PMC13066129,true,PRJNA1416482; PRJNA1416566; PRJNA1416591; PRJNA1417531,4,"Characterization of a Klebsiella pneumoniae mutant strain wGF 1-2 with attenuated virulence, altered morphology, and reduced biofilm formation.",Frontiers in cellular and infection microbiology,2026,10.3389/fcimb.2026.1761564,Dai Z; Hu Y; Tai A; Lu Y; Hu S; Pan J; Xiao Y; Ma X; Fu Q; Zhao H; Su Z; Tong P; Hao Z; Yao G; Wang J,
41966829,https://pubmed.ncbi.nlm.nih.gov/41966829/,41966829,PMC13091997,true,PRJNA1091038,1,Protocol for the assessment of the impact of mycotoxins and glyphosate residues on the gut microbiome and resistome of European fallow deer.,STAR protocols,2026,10.1016/j.xpro.2026.104498,Tóth AG; Paholcsek M; Solymosi N; Stágel A; Gömbös P; Posta K; Lakatos I; Nagy SÁ; Ferenczi S; Szőke Z,
41965517,https://pubmed.ncbi.nlm.nih.gov/41965517/,41965517,PMC13214178,true,PRJNA1283548,1,Intestinal dysbiosis associates with silica-induced pulmonary fibrosis in mice via arginine and tryptophan pathways.,BMC microbiology,2026,10.1186/s12866-026-05023-6,Han J; Zhou X; Guo M; Zhang C; Liu C; Cai L; Zhao H,
41963968,https://pubmed.ncbi.nlm.nih.gov/41963968/,41963968,PMC13069694,true,PRJNA1267279,1,Vitamin K(2) emerges as the key mediator: Cetobacterium somerae ZNN-1 increases muscle protein deposition and improves liver health in Nile tilapia (Oreochromis niloticus).,Journal of animal science and biotechnology,2026,10.1186/s40104-026-01379-x,Zhou N; Liu J; Zhang X; Xiao G; Zhang M,
41961352,https://pubmed.ncbi.nlm.nih.gov/41961352/,41961352,,false,,0,Puerarin Alleviates Depression via Integrated Regulation of TLR4/MyD88/NF-κB Signaling and Gut Microbiota-Metabolic Axis.,Neurochemical research,2026,10.1007/s11064-026-04747-1,Cao XY; Tian JJ; Zhang W; Chen CL; Ma H,
41958322,https://pubmed.ncbi.nlm.nih.gov/41958322/,41958322,,false,,0,"Insights Into Variations in the Gut Virome of Tibetan Macaques (Macaca thibetana) Across Wild, Captive, and Semi-Provisioned Environments.",American journal of primatology,2026,10.1002/ajp.70148,Yang D; Bao C; Xia Y; Ling Y; Zhang F; Ji R; Zhong J; Zhang T; Tian H; Xu X; Sun B,
41953110,https://pubmed.ncbi.nlm.nih.gov/41953110/,41953110,PMC13053998,true,PRJEB45252,1,Metagenomic analysis of antimicrobial resistance genes in domestic canines.,"One health (Amsterdam, Netherlands)",2026,10.1016/j.onehlt.2026.101380,Craddock HA; Motro Y; Winner KM; Lotem-Michaeli Y; Segal E; Godneva A; Grinstein D; Moran-Gilad J,
41951635,https://pubmed.ncbi.nlm.nih.gov/41951635/,41951635,PMC13237096,true,CNP0000824; PRJNA1158959; PRJNA115895940; SRP531780; SRP53178039,5,"Metagenome-assembled genomes, and gene and protein catalogues from the global wild boar faecal microbiome.",Scientific data,2026,10.1038/s41597-026-07154-x,Heng YC; Dagar SS; Fliegerova K; Moniello G; Ikeda-Ohtsubo W; Okuda K; Kittelmann S,
41951111,https://pubmed.ncbi.nlm.nih.gov/41951111/,41951111,,false,,0,Bilophila wadsworthia is linked to basal ganglia atrophy in the general population.,"Brain, behavior, and immunity",2026,10.1016/j.bbi.2026.106587,Fässler D; Wittfeld K; Frenzel S; Van der Auwera S; Merhjerd A; Gholizadeh M; Simm S; Kaderali L; Franck M; Rühlemann M; Bang C; Franke A; Friedrich N; Nauck M; Lerch MM; Weiss FU; Völker U; Bülow R; Völzke H; Peuker K; Zeissig S; Grabe HJ; Frost F; Hertel J,
41940273,https://pubmed.ncbi.nlm.nih.gov/41940273/,41940273,PMC13045829,true,PRJNA1154995,1,Dietary drivers of gut microbiota diversity and function in wildlife of Wolong Nature Reserve: a metagenomic study.,Current zoology,2026,10.1093/cz/zoaf018,Huang F; Shi X; Chen P; Hu Q; Zhao Y; Chen Z; Ma W; Tan Q; Feng X; Zhang X,
41937718,https://pubmed.ncbi.nlm.nih.gov/41937718/,41937718,,false,,0,From Diet to Resistome: Habitat Fragmentation Rewires Gut Microbiomes To Elevate Antibiotic Resistance Gene Enrichment in a Horseshoe Crab Sentinel.,Environmental science & technology,2026,10.1021/acs.est.5c17817,Chen X; Xie M; Feng J; Zou J; Shi J; Xie X,
41935154,https://pubmed.ncbi.nlm.nih.gov/41935154/,41935154,,false,,0,Weissella as a core member of the Gir cow milk microbiome: functional insights.,Antonie van Leeuwenhoek,2026,10.1007/s10482-026-02293-y,Pandey K; Parmar A; Vilas S; Gosai H; Mistry H; Singh KS; Roy M; Dholpuria S; Patel RB,
41934511,https://pubmed.ncbi.nlm.nih.gov/41934511/,41934511,,false,,0,Dietary chitosan enhances gut microbial diversity and modulates beneficial and pathogenic communities in Channa striata fingerlings.,Antonie van Leeuwenhoek,2026,10.1007/s10482-026-02302-0,Kumar KS; Jeyabal J; Yagoo A; Vilvest J; Vaishnika AM,
41933826,https://pubmed.ncbi.nlm.nih.gov/41933826/,41933826,,false,,0,The health threat of wild animals by Rank I ARGs from habitat soils: Metagenomic and metabolomic evidence.,"Environmental pollution (Barking, Essex : 1987)",2026,10.1016/j.envpol.2026.128041,Ma J; Zhang H; Liang S; Feng X; Xia Z; Li H; Zou S; Li D,
41928361,https://pubmed.ncbi.nlm.nih.gov/41928361/,41928361,PMC13169683,true,CNP0000824; PRJNA1158959; PRJNA1180741,3,Metagenomic insights into the global wild boar faecal microbiome reveal novel taxa and carbohydrate degraders distinguishing wild and domesticated Sus.,Microbiome,2026,10.1186/s40168-026-02392-y,Heng YC; Chua JHX; Silvaraju S; Fan H; Low A; Lim ACH; Chen B; Mane L; Dagar SS; Fliegerova K; Moniello G; Ikeda-Ohtsubo W; Okuda K; Seedorf H; Lim KJ; Kittelmann S,
41925227,https://pubmed.ncbi.nlm.nih.gov/41925227/,41925227,PMC13099265,true,PRJNA1073587; PRJNA1292430; PRJNA1293880; PRJNA1402480,4,Microoxic conditions promote Escherichia-associated cellulase expression in the giant panda gut.,The ISME journal,2026,10.1093/ismejo/wrag068,Deng F; Han Y; Peng Y; Xu Z; Yang J; He J; Li D; Dong G; Zhang P; Jiang H; Chai J; Wang C; Zhao J; Li Y,
41921920,https://pubmed.ncbi.nlm.nih.gov/41921920/,41921920,,false,,0,Virulence and antimicrobial resistance profiling of Klebsiella pneumoniae isolated from foxes in northern China.,Microbial pathogenesis,2026,10.1016/j.micpath.2026.108476,Yang MT; Qin Y; Xu C; Leng X; Li XM; Hou QY; Sun YZ; Zhao Q; Liu S; Tang LY; Ma H; Chen BN; Zhang XX; Li ZY; Ni HB,
41921236,https://pubmed.ncbi.nlm.nih.gov/41921236/,41921236,,false,,0,Mechanism of Legionella pneumophila-induced liver injury via gut microbiota translocation under immunosuppression.,"Pathology, research and practice",2026,10.1016/j.prp.2026.156456,Lu D; Ping C; Jia D; Liu J; Wang H; Song Y; Cai X,
41919563,https://pubmed.ncbi.nlm.nih.gov/41919563/,41919563,,false,,0,Synergistic Effect of Glyphosate and Polyethylene Microplastics on Culturable Gut Microbiota Alterations in Zebrafish.,Environmental toxicology,2026,10.1002/tox.70091,Afridi R; Ibrahim M; Yaqoob M; Ahmad W,
41918528,https://pubmed.ncbi.nlm.nih.gov/41918528/,41918528,PMC13033606,true,PRJNA1373219,1,Paenibacillus lautus isolated from the Sphenophorus levis gut causes structural and physicochemical changes on polystyrene surface.,Frontiers in microbiology,2026,10.3389/fmicb.2026.1776542,de Souza EP; Sebestyen-França H; Basaglia MV; Watson A; Ferro M; Bettini SHP; Henrique-Silva F,
41912071,https://pubmed.ncbi.nlm.nih.gov/41912071/,41912071,,false,,0,Ophiopogon japonicus polysaccharide ameliorates pulmonary fibrosis via gut microbiota-metabolite crosstalk.,Microbial pathogenesis,2026,10.1016/j.micpath.2026.108464,Zhang PP; Cui MY; Shen Y; Han B; Yu W; Wei TT; Zeng KW; Tu PF,
41911519,https://pubmed.ncbi.nlm.nih.gov/41911519/,41911519,PMC13035071,true,,0,Host intestinal microbiota adaptive changes following Paranosema locustae infection and mechanism of chronic pathogenesis.,Journal of insect science (Online),2026,10.1093/jisesa/ieag027,Zhang H; Cao Z; Zha X; Wang W; Jashenko R; Hu H; Ji R,
41910214,https://pubmed.ncbi.nlm.nih.gov/41910214/,41910214,PMC13037440,true,PRJNA1300300,1,Limosilactobacillus reuteri normalizes gut microbiota dysfunction and social deficits of rat offspring associated with prenatal exposure to stress.,Gut microbes,2026,10.1080/19490976.2026.2649440,Zhang F; Xu W; Zeng R; Chen J; Huang J,
41910137,https://pubmed.ncbi.nlm.nih.gov/41910137/,41910137,PMC13141892,true,PRJNA1393111,1,Temperature modulates gut microbiome disruption and resistome enrichment in oxytetracycline-treated channel catfish (Ictalurus punctatus).,Microbiology spectrum,2026,10.1128/spectrum.04187-25,Li X; Wang H; Abdelrahman HA; Kelly AM; Roy LA; Soto E; Wang L,
41904606,https://pubmed.ncbi.nlm.nih.gov/41904606/,41904606,PMC13034635,true,PRJNA1320514; PRJNA13205140,2,A naturalized gut microbiome interacts with dietary fibers to protect against colonic inflammation.,Gut microbes,2026,10.1080/19490976.2026.2649435,Birkeland S; Rohde Mæhlum I; Senneset M; Wik Taxerås I; Snipen L; Markov Arnesen H; Boysen P; Carlsen H,
41904571,https://pubmed.ncbi.nlm.nih.gov/41904571/,41904571,PMC13064011,true,PRJEB11755; PRJNA1219188; PRJNA1273087; PRJNA1273977; PRJNA1276128,5,Copper is an intestinal habitat filter affecting the gut microbiota interactions with Salmonella Typhimurium.,Microbiome,2026,10.1186/s40168-025-02322-4,Kolenda R; Hassan MM; Arrieta-Gisasola A; Kamara A; Ansorge R; Sidorczuk K; Acton L; Thilliez G; Baker DJ; Burdukiewicz M; Stares MD; Browne HP; Le Gall G; Torres RC; Chavez-Arroyo A; Garrett J; Stevens MP; Lawley TD; Bäumler AJ; La Ragione R; Hildebrand F; Kingsley RA,
41903463,https://pubmed.ncbi.nlm.nih.gov/41903463/,41903463,PMC13054024,true,,0,Effects of conventional and raised without antibiotic feeding systems and exposure to infectious bursal disease virus on microbial diversity of the jejunal microbiota in broiler chickens.,Poultry science,2026,10.1016/j.psj.2026.106823,Rathnayake M; Shaik NA; Palkumbura A; Ranaraja A; Basnayake Y; Basyouni R; Taylor A; Ambrose N; Popowich S; Ayalew LE; Tikoo S; Gomis S,
41903099,https://pubmed.ncbi.nlm.nih.gov/41903099/,41903099,,false,,0,Host-derived Probiotics Enhance Immune Response and Gut Microbiome in the Freshwater Prawn Macrobrachium rosenbergii.,Probiotics and antimicrobial proteins,2026,10.1007/s12602-026-10993-0,Sumona AA; Hossen MB; Hadi SB; Haque MA; Haider MN; Hossain MT; Alam MS,
41901100,https://pubmed.ncbi.nlm.nih.gov/41901100/,41901100,PMC13029658,true,,0,"Effect of Alpha-Lipoic Acid, Betaine, and L-Carnitine Supplementation on Gut Microbiota and Obesity Biomarkers in Mice.",Nutrients,2026,10.3390/nu18060925,Kim HJ; Park J; Oh S; Kim D; Kim HJ; Jo C; Kim EB; Jang A,
41900466,https://pubmed.ncbi.nlm.nih.gov/41900466/,41900466,PMC13028988,true,,0,Hungatella hathewayi: A Tumor-Derived Bacterium Enriched in Colorectal Cancer Tissues and a Potential Diagnostic Biomarker.,Microorganisms,2026,10.3390/microorganisms14030707,Zhang W; Liu J; Sha S; Yan Q; Ma Y,
41897699,https://pubmed.ncbi.nlm.nih.gov/41897699/,41897699,PMC13024847,true,,0,Detoxification of Ochratoxin A by Bacillus amyloliquefaciens MM28: Whole-Genome Sequencing and Safety Evaluation of a Novel Probiotic Strain.,"Foods (Basel, Switzerland)",2026,10.3390/foods15060976,Jia Y; Guo J; Shen Y; Liao C; Chen S; Ding K; Yu Z,
41896639,https://pubmed.ncbi.nlm.nih.gov/41896639/,41896639,PMC13031609,true,PRJEB29232,1,Gut microbiome community structure correlates with different behavioral phenotypes in the Belyaev Farm-Fox Experiment.,Communications biology,2026,10.1038/s42003-026-09717-5,Puetz LC; O Delmont T; Mitchell AL; Finn RD; Zhang G; Shepeleva DV; Kharlamova AV; Kukekova AV; Trut LN; Gilbert MTP,
41893724,https://pubmed.ncbi.nlm.nih.gov/41893724/,41893724,PMC13030424,true,,0,Comparative Analysis of Microbial Community Structure and Function in the Gut of South China Tigers Under Different Dietary Treatments.,Veterinary sciences,2026,10.3390/vetsci13030307,Qiu Q; Gong T; Du L; Li W; Hu Y; Li D; Zhou C; Liu W,
41892593,https://pubmed.ncbi.nlm.nih.gov/41892593/,41892593,PMC13219744,true,PRJNA1242727,1,Sulfoquinovose degradation by cow rumen microbiota.,The ISME journal,2026,10.1093/ismejo/wrag069,Krasenbrink J; Chen SC; Tanabe TS; Sarikeçe H; Meurs P; Borusak S; Samrat R; Guan G; Priemer C; Osvatic J; Séneca J; Hausmann B; Speth DR; Selberherr E; Wanek W; Schleheck D; Mussmann M; Loy A,
41892478,https://pubmed.ncbi.nlm.nih.gov/41892478/,41892478,PMC13024384,true,,0,Bacteriophage Therapy Against Shigella spp.: A Precision Antimicrobial Strategy.,"Antibiotics (Basel, Switzerland)",2026,10.3390/antibiotics15030317,Scarlata GGM; Belančić A; Štimac D; Fajkić A; Meštrović T; Abenavoli L,
41889866,https://pubmed.ncbi.nlm.nih.gov/41889866/,41889866,PMC13015288,true,PRJEB105080; PRJEB106128,2,Diverse high-fat diets drive multi-omic reprogramming that persists after dietary reversal.,bioRxiv : the preprint server for biology,2026,10.64898/2026.03.17.708620,Van Camp AG; Park J; Ozcelik E; Eskiocak O; Ozler KA; Papciak K; Subhash S; Alwaseem H; Ergin I; Chung C; Shah V; Yueh B; Alici A; Fein MR; Durmaz C; Mozsary C; Kilic E; Damle N; Najjar D; Nelson TM; Ryon KA; Butler DJ; Patel CJ; Thaiss CA; Birsoy K; Mason CE; Meydan C; Tierney BT; Beyaz S,
41887297,https://pubmed.ncbi.nlm.nih.gov/41887297/,41887297,,false,,0,Metagenomic analysis of the gut microbiota in Cryptosporidium-infected Tibetan sheep.,Microbial pathogenesis,2026,10.1016/j.micpath.2026.108461,Lin X; Yang J; Kong H; Pu L; Ma P; Mu W; Sheng H; He J; Zou Y; Wang Y; Guo X; Zhang S; Wang S,
41886955,https://pubmed.ncbi.nlm.nih.gov/41886955/,41886955,,false,,0,A microbiota-tryptophol-AhR axis mediates the gut-kidney protective effects of Hushen Tongfengtai Granules in hyperuricemic nephropathy.,Phytomedicine : international journal of phytotherapy and phytopharmacology,2026,10.1016/j.phymed.2026.158089,Ling GC; Chen SJ; Li ZL; Yang S; Xiao YY; Xiao M; Zhang YY; Zhong HJ; Zhang JY; Li Y; Xie JJ,
41881804,https://pubmed.ncbi.nlm.nih.gov/41881804/,41881804,,false,,0,Functional Shifts in the Gut DNA Virome in a Long-Distance Migratory Shorebird During the Pre-Migratory Fattening.,Molecular ecology,2026,10.1111/mec.70315,Gutiérrez J; Vergara-Amado J; Martorell C; Navedo JG; Wille M; Guajardo-Leiva S; Castro-Nallar E; Verdugo C,
41877267,https://pubmed.ncbi.nlm.nih.gov/41877267/,41877267,PMC13134297,true,PRJNA1289876,1,African carnivore gut bacterial diversity and composition are associated with sample condition but not storage technique.,Animal microbiome,2026,10.1186/s42523-026-00553-w,Peirson LE; McKenney EA; Patterson JR; Beasley JC; Périquet-Pearce S; Cloete C; Melton MH; PetersonWood B; Portas R; Aschenborn O; Lafferty DJR,
41866358,https://pubmed.ncbi.nlm.nih.gov/41866358/,41866358,PMC13149519,true,PRJNA1322081,1,Bacterially expressed recombinant TMOF induces mortality and gut microbial alterations in Aedes albopictus larvae.,Scientific reports,2026,10.1038/s41598-026-41440-3,Deepthi M; Vadakkadath Meethal K,
41865866,https://pubmed.ncbi.nlm.nih.gov/41865866/,41865866,,false,,0,Comparative analysis of the gut microbiome and bile acid profiles in sympatric Rana chensinensis and Fejervarya multistriata tadpoles.,"Comparative biochemistry and physiology. Part A, Molecular & integrative physiology",2026,10.1016/j.cbpa.2026.111996,Wang Y; Wang D; Wang H,
41863933,https://pubmed.ncbi.nlm.nih.gov/41863933/,41863933,,false,,0,"Microbial degradation of plastics in the environment: Mechanisms, enzymatic pathways, and constraints from laboratory studies to environmental reality.",Journal of environmental management,2026,10.1016/j.jenvman.2026.129422,Dong X; Zhu L; He Y; Li C; Wu R; Li D,
41863619,https://pubmed.ncbi.nlm.nih.gov/41863619/,41863619,,false,,0,"Next-generation strategies for PLA degradation: microbial consortia, metagenomics, enzyme engineering and AI-guided approaches.",Archives of microbiology,2026,10.1007/s00203-026-04726-8,Jonathan AR; Balasubramanian VK; Ho ST; Chen YP; Khunnamwong P; Chou JY,
41862790,https://pubmed.ncbi.nlm.nih.gov/41862790/,41862790,PMC13126983,true,PRJNA1247471,1,Seasonal diet shifts alter the gut microbiome and resistome of captive geriatric giant pandas (Ailuropoda melanoleuca).,BMC microbiology,2026,10.1186/s12866-026-04966-0,Amir A; Zhong J; Yao Y; Chen T; Li M; Yan H,
41854683,https://pubmed.ncbi.nlm.nih.gov/41854683/,41854683,,false,,0,Effect of Diosmetin on Gut Microbiota and Serum Metabolites in Acute Pancreatitis Mice: A Metagenomic and Metabolomic Study.,FASEB journal : official publication of the Federation of American Societies for Experimental Biology,2026,10.1096/fj.202503650RRR,Wang J; Shi Y; Jia Y; Peng J,
41846078,https://pubmed.ncbi.nlm.nih.gov/41846078/,41846078,PMC13010968,true,PRJCA035345; PRJCA035346,2,Multi-omics analysis revealed that oxidative phosphorylation contributed to the heterosis for feed efficiency in laying chickens.,Poultry science,2026,10.1016/j.psj.2026.106658,Li Q; Yuan J; Sun Y; Wang Y; Li Y; Ni A; Zong Y; Yang H; Li X; Huang X; Ma H; Chen J,
41842581,https://pubmed.ncbi.nlm.nih.gov/41842581/,41842581,,false,,0,Brain-Targeted RVG-Liposomal Melatonin Ameliorates Manganese Neurotoxicity by Enhancing Neurogenesis and Modulating Systemic Amino Acid Profiles.,Journal of pineal research,2026,10.1111/jpi.70137,Wang X; Chen J; Xia J; Ma T; Yang W; Shan T; He W; Zhang G; Xia Z; Wang W; Liu Z; Zheng Y; Nong K; Niu P; Chen T,
41840712,https://pubmed.ncbi.nlm.nih.gov/41840712/,41840712,PMC13104465,true,CRA022324; CRA022680,2,Characterization of age-related changes in the gut microbiome and metabolome of Kunming dogs and their associations with police performance.,Microbiome,2026,10.1186/s40168-026-02388-8,Xu L; Liu C; Chen S; Mao A; Zi X; Li J; Ge X; Liu Q; Wang S; Li X; Wu Q; Wan J; Zhang Z; Xu H; Li J; Lin Q; Cao Z,
41840154,https://pubmed.ncbi.nlm.nih.gov/41840154/,41840154,,false,,0,Comparative analysis of the gut microbiota of the sympatric stingless bee species Melipona beecheii and Melipona yucatanica.,Brazilian journal of microbiology : [publication of the Brazilian Society for Microbiology],2026,10.1007/s42770-026-01905-z,Garza-González DA; Quezada-Euán JJG; Medina-Medina LA; Solís-Sánchez T; O'Connor-Sánchez A,
41834217,https://pubmed.ncbi.nlm.nih.gov/41834217/,41834217,,false,,0,T2DM-Induced Gut Dysbiosis Exacerbates Periodontitis Through Intestinal Barrier Disruption and Redox Imbalance.,Journal of clinical periodontology,2026,10.1111/jcpe.70116,Yuan X; Gong H; Zhang L; Liu Y; Zhou M; Liu Y; Tang J; Pan S; Xu X; Wang Y; Zhang X; Zhang T; Song J,
41828944,https://pubmed.ncbi.nlm.nih.gov/41828944/,41828944,PMC12984514,true,PRJNA1399070,1,Comparative Analysis of Gut Microbiota and Metabolome of Captive Male Malayan Pangolins with Normal and Abnormal Reproduction.,Animals : an open access journal from MDPI,2026,10.3390/ani16050735,Xu S; Zhang B; Liang W; Jia M; Guo X; Su B; Wang R; Pan Y; Lin Y; Li X; Hu D; Yan D,
41828538,https://pubmed.ncbi.nlm.nih.gov/41828538/,41828538,PMC12984943,true,PRJNA1390420,1,Enzymatic Synergy-Driven Biotransformation Generates a Postbiotic-Rich Functional Matrix That Reprograms Gut Microbiota Metabolic Pathways Under Stress Conditions.,International journal of molecular sciences,2026,10.3390/ijms27052313,Chen J; Xu Y; Liu Z,
41814421,https://pubmed.ncbi.nlm.nih.gov/41814421/,41814421,PMC12980968,true,PRJEB45408; PRJEB47095; PRJEB67634; PRJEB81709,4,Host immunogenetic variation and gut microbiome functionality in a wild vertebrate population.,Microbiome,2026,10.1186/s40168-026-02341-9,Lee CZ; Worsley SF; Davies CS; Komdeur J; Hildebrand F; Dugdale HL; Richardson DS,
41802510,https://pubmed.ncbi.nlm.nih.gov/41802510/,41802510,,false,,0,Swertia chirayita ameliorates MAFLD by improving intestinal microenvironment and hepatic lipogenesis.,Journal of ethnopharmacology,2026,10.1016/j.jep.2026.121471,Gou X; Shen Y; Liu F; Wang Y; Zong Y; Qu D; Ren Zeng C; Nhamdriel T; Kuang T; Fan G,
41801284,https://pubmed.ncbi.nlm.nih.gov/41801284/,41801284,PMC12972218,true,PRJNA1263915,1,Earthworm gut microbiome promotes biodegradation of albendazole in soil.,Crop health,2026,10.1007/s44297-026-00068-5,Wang J; Ge H; Liu Y; Huang C; Zhang L; Yu Y; Xu L; Fang H,
41798955,https://pubmed.ncbi.nlm.nih.gov/41798955/,41798955,PMC12963231,true,,0,"Multi-omics analysis reveals the mechanism of verbenalin in treating gout via modulating purine metabolism, gut microbiota, and inflammatory pathways.",Frontiers in immunology,2026,10.3389/fimmu.2026.1761558,Xiao Y; Zhang T; Chen Q; Zhang Y; Chen B; Wang M; Zhang Y; Huang M; Su Y; Guo J,
41794500,https://pubmed.ncbi.nlm.nih.gov/41794500/,41794500,,false,,0,ILA-producing bifidobacterium bifidum ameliorates chronic kidney disease via AHR signaling by modulating the gut-kidney axis.,"Food research international (Ottawa, Ont.)",2026,10.1016/j.foodres.2026.118638,Hua Q; Meng Y; Hu J; Wei Y; Yi H; Liang X; Zhang L; Zhang Z,
41794459,https://pubmed.ncbi.nlm.nih.gov/41794459/,41794459,,false,,0,Neomycin-sensitive gut bacteria-derived brassicasterol mediates the anti-obesity effects of Cordyceps militaris polysaccharide.,"Food research international (Ottawa, Ont.)",2026,10.1016/j.foodres.2026.118574,Cai J; Huang A; You L; Wang Z; Huang C; Huang R; Li Y; Liang T; Zhang F; Wu Q; Wang J; Zhu Z; Ding Y,
41792922,https://pubmed.ncbi.nlm.nih.gov/41792922/,41792922,PMC12998231,true,PRJNA1108251,1,Microbially derived essential amino acids compensate for dietary deficiencies in an ecologically relevant mammalian host.,The ISME journal,2026,10.1093/ismejo/wrag044,Mertz CM; Mancuso CJ; Robinson DM; Yeboah LD; Fogel ML; Takacs-Vesbach C; Newsome SD,
41792614,https://pubmed.ncbi.nlm.nih.gov/41792614/,41792614,PMC13081657,true,PRJCA013483,1,"Clostridium zhoujianii sp. nov., a novel gram-negative species isolated from bat feces and its genetic characteristics.",BMC microbiology,2026,10.1186/s12866-026-04884-1,Zhou J; Gu T; Zhou J; Zeng X; Liu Y; Chen F; Hu Y; Li S,
41789923,https://pubmed.ncbi.nlm.nih.gov/41789923/,41789923,PMC13055308,true,PRJNA1257937,1,Metagenomic analysis of gut bacteria in different developmental instars of Spodoptera litura.,Microbiology spectrum,2026,10.1128/spectrum.02081-25,Yao J; Yang C; Wang H; Zhang C; Meng J,
41787302,https://pubmed.ncbi.nlm.nih.gov/41787302/,41787302,PMC13077831,true,PRJNA1428229,1,Habitat-driven variation in gut microbiome composition and function of the pygmy grasshopper (Tetrix japonica) across diverse ecosystems in China.,BMC genomics,2026,10.1186/s12864-026-12725-8,Li Y; Liu L; Long M; Guan D; Deng W,
41786764,https://pubmed.ncbi.nlm.nih.gov/41786764/,41786764,PMC13086921,true,PRJNA1299316,1,"Gut microbiome modulation by cricket, pea, and whey protein using the SHIME in vitro simulator.",NPJ science of food,2026,10.1038/s41538-026-00785-9,Franciosa I; Castelnuovo G; Cantele C; Cardenia V; Bo S; Ponzo V; Goitre I; Pontonio E; Tortarolo D; Verni M; Bugianesi E; Cordero F; Beccuti M; Cocolin L; Ferrocino I,
41784805,https://pubmed.ncbi.nlm.nih.gov/41784805/,41784805,PMC13003067,true,PRJNA1267527; PRJNA1268176,2,Melatonin ameliorates autistic-like behaviors by restoring gut microbiota-derived tryptophan metabolites.,Cellular and molecular life sciences : CMLS,2026,10.1007/s00018-026-06163-8,Shen J; Gao J; Gao L; Yan D; Wang Y; Meng J; Li H; Chen D; Wu J,
41784373,https://pubmed.ncbi.nlm.nih.gov/41784373/,41784373,PMC13055366,true,PRJEB76898,1,Grass supplementation to a pellet-based diet fails to enrich gut microbiomes with wild-like functions in captive-bred hares.,Microbiology spectrum,2026,10.1128/spectrum.03691-25,Aizpurua O; Martin-Bideguren G; Gaun N; Alberdi A,
41782011,https://pubmed.ncbi.nlm.nih.gov/41782011/,41782011,PMC13069815,true,CRA026543; CRA027933; CRA028005,3,Bacteria and phage consortia modulate cecal SCFA production and host metabolism to enhance feed efficiency in ducks.,Microbiome,2026,10.1186/s40168-026-02368-y,Wang X; Tian S; Zhang Y; Yang L; Hu D; Wang Z; Yang X; Li S; Wei J; Zhou W; Wang S; Deng L; Li F; Hou S; Li P; Ru J,
41778161,https://pubmed.ncbi.nlm.nih.gov/41778161/,41778161,PMC12950561,true,PRJNA1070373; PRJNA1130061; PRJNA687329,3,Lacticaseibacillus rhamnosus B6 alleviates metabolic dysfunction-associated fatty liver disease by suppressing intestinal LPS synthesis and regulating lipid metabolism.,Frontiers in endocrinology,2026,10.3389/fendo.2026.1755982,Wang D; Han J; Wang X; Wang J; You C; Wu Z,
41776697,https://pubmed.ncbi.nlm.nih.gov/41776697/,41776697,PMC13064403,true,CNP0004215,1,Comprehensive catalog of gut microbial genomes in Asian elephants: insights from shotgun metagenomics.,Animal microbiome,2026,10.1186/s42523-026-00533-0,Shi X; Chen F; Dai M; Tang Y; Wang J; Lin Y; Shi M; Lan T; Liu H; Jin X; Xiao L; Kristiansen K; Li X,
41776310,https://pubmed.ncbi.nlm.nih.gov/41776310/,41776310,PMC13004687,true,CRA003645; PRJNA100222; PRJNA1002222; PRJNA1076509,4,Estropausal gut microbiota transplant improves measures of ovarian function in adult mice.,Nature aging,2026,10.1038/s43587-026-01069-3,Kim M; Wang J; Pilley SE; Lu RJ; Xu A; Kim Y; Liu M; Fu X; Booth SL; Mullen PJ; Benayoun BA,
41775266,https://pubmed.ncbi.nlm.nih.gov/41775266/,41775266,,false,,0,Competition and compromise between exogenous probiotics and native microbiota.,Cell systems,2026,10.1016/j.cels.2025.101516,Han Z; Sun Z; Zhao Q; Du L; Zhen D; Liu X; Jiang S; Liu YY; Zhang J,
41775000,https://pubmed.ncbi.nlm.nih.gov/41775000/,41775000,,false,,0,Yeast probiotic protects gut microbiota diversity and metabolic potential against Cryptosporidiosis-induced disruption in goat kids.,Veterinary parasitology,2026,10.1016/j.vetpar.2026.110729,Mammeri M; Obregon D; Chevillot A; Abuin-Denis L; Skičková Š; Kratou M; Wu-Chuang A; Maitre A; Christine J; Polack B; Cabezas-Cruz A; Adjou KT,
41772715,https://pubmed.ncbi.nlm.nih.gov/41772715/,41772715,PMC12983593,true,PRJNA1054518,1,Dynamics of gut bacteriophage in diversity outbred mice studied over lifespan and during extreme caloric restriction.,Microbiome,2026,10.1186/s40168-026-02362-4,Merenstein C; Litichevskiy L; Thaiss C; Collman RG; Bushman FD,
41771971,https://pubmed.ncbi.nlm.nih.gov/41771971/,41771971,PMC13057011,true,CRA038543,1,Multi-dimensional immunoprotection of Ganoderma lucidum spore oil in immunosuppressed mice via microbiome-proteome-metabolome network analysis.,Scientific reports,2026,10.1038/s41598-026-40137-x,Deng S; Wu X; Xu W; Wu X; Cai H; Wang S; Liu J; Cao J,
41770401,https://pubmed.ncbi.nlm.nih.gov/41770401/,41770401,,false,,0,"Dietary supplementation with allicin enhances growth performance and antioxidant capacity, and reduces gut pathogens and antibiotic resistance genes in Trachidermus fasciatus.",Fish physiology and biochemistry,2026,10.1007/s10695-026-01644-w,Han T; Yang T; Liu Y; He Z; Hao Y; Cao W; Ren J; Wang G; Gong C; Hou J,
41768933,https://pubmed.ncbi.nlm.nih.gov/41768933/,41768933,PMC12935917,true,PRJEB65106,1,Avian cecal microbiome response and resilience to Newcastle disease are dictated by breed background.,Frontiers in systems biology,2025,10.3389/fsysb.2025.1659648,Ameer A; Saleem F; Keating C; Afzal F; Irshad H; Ahmed K; Sattar S; Ijaz UZ; Javed S,
41762333,https://pubmed.ncbi.nlm.nih.gov/41762333/,41762333,,false,,0,Gut microbiota-mediated nitrogen recycling in the white Grub Holotrichia longipennis: A model for microbiome-targeted pest control.,World journal of microbiology & biotechnology,2026,10.1007/s11274-026-04824-1,Pavan JS; Deeksha PM; Rajarushi CN; Paschapur AU; Rishika KS; Ramakrishnan B; Subramanian S,
41762228,https://pubmed.ncbi.nlm.nih.gov/41762228/,41762228,,false,,0,Lactobacillus Taiwanensis Inhibits Gallstone Formation by Regulating Ileal Metabolism.,Current microbiology,2026,10.1007/s00284-026-04800-w,Liu T; Ding H; Lv Z; Yan C; Feng S; Lu D; Hang F; Meng X,
41759554,https://pubmed.ncbi.nlm.nih.gov/41759554/,41759554,PMC13055299,true,PRJNA1039141,1,Insights into antibiotic resistomes from gut metagenome-assembled genomes of the free-range pigs.,Microbiology spectrum,2026,10.1128/spectrum.02407-25,Dai X; Liu H; Bai X; Li D; Wang T; Zhong H; Xu H; Sun J,
41757098,https://pubmed.ncbi.nlm.nih.gov/41757098/,41757098,PMC12934648,true,PRJNA1415316; PRJNA1416997; PRJNA1418170,3,Sex-stratified Gut Microbiome Disruption is Associated with Altered Hepatic Gene Expression during Acute Azoxystrobin Exposure.,bioRxiv : the preprint server for biology,2026,10.64898/2026.02.18.706612,Duan L; Baumgartner WA; Wanyama JW; Okyere L; Alvarado DA; Minhas BF; Gaulke CA,
41756445,https://pubmed.ncbi.nlm.nih.gov/41756445/,41756445,PMC12934896,true,,0,Identification of Sialidase-Producing Bacteria in the Tsetse Gut and Characterisation of a Paenibacillus Sialidase: A Potential Tool for Paratransgenic Control of African Trypanosomes.,Research square,2026,10.21203/rs.3.rs-8627983/v1,Mfopit YM; Engel JS; Balogun EO; Waespy M; Berger P; Achukwi DM; Ngomtcho SCH; Ibrahim MAM; Mamman M; Chechet GD; Shuaibu MN; Kabir J; Reinhold-Hurek B; Kelm S,
41754401,https://pubmed.ncbi.nlm.nih.gov/41754401/,41754401,PMC12942779,true,,0,Ligilactobacillus agilis LA-V4 Isolated from Vulture Fecal Isolate: A Novel Probiotic Candidate with Broad-Spectrum Antibacterial Activity.,"Pathogens (Basel, Switzerland)",2026,10.3390/pathogens15020148,Li S; Quan C; Rahim MF; Sha P; Chen J; Shao W; Li J,
41754175,https://pubmed.ncbi.nlm.nih.gov/41754175/,41754175,PMC12942900,true,,0,Metagenomics and Machine Learning Identify TMA-Producing Serratia Induced by High-Fat/Choline Diet: A Novel Obesity Target for TMA.,Nutrients,2026,10.3390/nu18040658,Wang Z; Wei J; Huang Z; Liu X; Li S; Fang Z; Hu L; Li R; Tao L; Li C; Chen H,
41751100,https://pubmed.ncbi.nlm.nih.gov/41751100/,41751100,PMC12937252,true,CRA018278,1,The Effects of Dual-Yeast Compound Preparation on the Intestinal Health and Metabolism of Lambs.,Animals : an open access journal from MDPI,2026,10.3390/ani16040637,Yang L; Xu Z; Liu D,
41742841,https://pubmed.ncbi.nlm.nih.gov/41742841/,41742841,PMC13159146,true,PRJNA1379261; PRJNA556790; PRJNA563508; PRJNA890321,4,A Genomic Catalog of Migratory Microbiomes from Wild Birds across China's Habitats.,"Advanced science (Weinheim, Baden-Wurttemberg, Germany)",2026,10.1002/advs.74581,Wang Y; Wu H; Qu M; Zhang C; Xu Z; Pei Y; Zhao C; Wang J; Ma S; Lyu N; Xu X; Bi Y; Zhu B; Gao GF,
41741786,https://pubmed.ncbi.nlm.nih.gov/41741786/,41741786,PMC13046793,true,PRJNA1104663; PRJNA1216228,2,Antibiotic-induced gut microbiome remodeling reduces neuroinflammation in traumatic brain injury.,Communications biology,2026,10.1038/s42003-026-09737-1,Flinn H; Marshall A; Holcomb M; Burke M; Kara G; Cruz-Pineda L; Soriano S; Treangen TJ; Villapol S,
41740355,https://pubmed.ncbi.nlm.nih.gov/41740355/,41740355,,false,,0,Whole-genome shotgun metagenomics reveals environmental perturbations in the gut microbiome and resistome of wild raccoon dogs rescued at a wildlife center.,The Science of the total environment,2026,10.1016/j.scitotenv.2026.181588,Lee J; Hong S; Choi J; Song H; Han JH; Suh YD; Yeon SC; Cho S,
41737133,https://pubmed.ncbi.nlm.nih.gov/41737133/,41737133,PMC12926489,true,,0,Metagenomics and metabolomics integrated to explore the protective mechanisms of Mongolian medicine Zadi-5 in myocardial ischemic model rats.,Frontiers in microbiology,2025,10.3389/fmicb.2025.1677322,Wu R; Zu W; Wei L; Wu R; Su S; A R; A T; E N; Li H; Hu R; Li L,
41736978,https://pubmed.ncbi.nlm.nih.gov/41736978/,41736978,PMC12928124,true,PRJNA1353630,1,"Effects of Age, Sex, and Social Network on Antibiotic Resistance Genes in the Gut Microbiome of Tibetan Macaques (Macaca thibetana).",Ecology and evolution,2026,10.1002/ece3.73137,Ling Y; Yang DX; Xia YN; Bao CP; Zhang F; Xu XJ; Sun BH,
41734043,https://pubmed.ncbi.nlm.nih.gov/41734043/,41734043,,false,,0,"Illumina-Based Metagenomic Insights into the Gut Microbiome of Amblyomma helvolum (Koch, 1844) Parasitizing Xenochrophis trianguligerus from Great Nicobar Island, India.","Vector borne and zoonotic diseases (Larchmont, N.Y.)",2026,10.1177/15303667261423035,Thakur M; Dolker S; Wangmo LK; Sharma LK; Acharya S; Mohapatra P,
41732362,https://pubmed.ncbi.nlm.nih.gov/41732362/,41732362,PMC12925480,true,PRJNA1191222,1,"Gut microbiomes of wild and domesticated mammals and birds in Slovenia, Europe: 16S rRNA sequencing data.",Data in brief,2026,10.1016/j.dib.2026.112564,Tanja Z; Maja R,
41730403,https://pubmed.ncbi.nlm.nih.gov/41730403/,41730403,,false,,0,Ligilactobacillus murinus confers a dual benefit: Counteracting crotonis fructus-induced intestinal toxicity and synergizing with its processed form against ulcerative colitis.,Journal of ethnopharmacology,2026,10.1016/j.jep.2026.121420,Liu W; Zhang Z; Wu W; Yan X; Huang Y; Feng H; Mou Q; Wan J; Yan M; Tang H; Liang J; Zhang Y; Peng C; Pan X,
41729207,https://pubmed.ncbi.nlm.nih.gov/41729207/,41729207,,false,,0,Functional Genomics and Enzymatic Diversity of Gut Bacteria in Apis mellifera: A Multi-Approach Study from India.,Current microbiology,2026,10.1007/s00284-026-04775-8,Gouda MNR; Subramanian S,
41724868,https://pubmed.ncbi.nlm.nih.gov/41724868/,41724868,PMC12926250,true,,0,Dysbiosis of the enteric DNA virome correlates with the development of cachexia in a murine Lewis lung carcinoma (LLC) model.,Archives of virology,2026,10.1007/s00705-026-06522-7,Aciole Barbosa D; de Maria YNLF; Menegidio FB; de Oliveira RC; Jabes DL; Nunes LR,
41724049,https://pubmed.ncbi.nlm.nih.gov/41724049/,41724049,,false,,0,High fluoride exposure disrupts gut microbiota and induces intestinal barrier damage via RhoA/ROCK-mediated cytoskeletal remodeling.,Ecotoxicology and environmental safety,2026,10.1016/j.ecoenv.2026.119898,Wang D; Xin J; Lai C; Sun N; Yang Y; He Y; Duan L; Luo J; He Y; Zhang Y; Zhang Y; Wang H; Zeng D; Bai Y; Ni X,
41717089,https://pubmed.ncbi.nlm.nih.gov/41717089/,41717089,PMC12913512,true,PRJNA1412623,1,Convergent gut microbiome adaptation and pervasive antibiotic resistome in Qinghai-Tibet Plateau passerines.,Frontiers in microbiology,2025,10.3389/fmicb.2025.1733974,Shi S; Qi J; Peng W; Su X; Chen P; Xu S; Li S; Ma L; Wang W; Jiang K; Liu Z; Li W; Xiong H; Wang Y,
41715225,https://pubmed.ncbi.nlm.nih.gov/41715225/,41715225,PMC12937511,true,PRJCA038813,1,Association between the gut microbiome and plasma metabolites linked to vocalization-based temperament in Merino sheep.,Microbiome,2026,10.1186/s40168-025-02332-2,Ding L; Yang S; Wu F; Pilling D; Zhang J; Pool K; Nishvanthi M; Babington S; Maloney SK; Chen L; Shi J; Wang Y; Blache D; Wang M,
41715166,https://pubmed.ncbi.nlm.nih.gov/41715166/,41715166,PMC13019907,true,PRJCA043783,1,Cross-kingdom genomic variation in chicken gut microbiomes: insights from China's diverse local breeds.,Microbiome,2026,10.1186/s40168-026-02347-3,Zhang J; Xu L; Ge X; Zi X; Chen S; Liu C; Wang K; Zhou J; Dou T; Wong JWC; Lin Q; Kang X; Cao Z,
41714980,https://pubmed.ncbi.nlm.nih.gov/41714980/,41714980,PMC13020135,true,PRJNA1288408; PRJNA1289129,2,Multi-omics insights into gut microbiota-metabolite interactions under probiotic intervention in a developmental cafeteria diet model.,BMC genomics,2026,10.1186/s12864-026-12650-w,Ceylani T; Teker HT; Önlü H; Ünver T; Allahverdi H; Şahin E; Atalan E,
41714781,https://pubmed.ncbi.nlm.nih.gov/41714781/,41714781,PMC13031506,true,,0,"Metagenomic analysis of antimicrobial resistance, virulence, and mobile genetic elements in the gut microbiota of Caprinae species.",Communications biology,2026,10.1038/s42003-026-09726-4,Su JW; Elsheikha HM; Guo L; Liu R; Shang KM; Yu HL; Ma H; Ni HB; Chen BN; Zhang XX; Yang X,
41708187,https://pubmed.ncbi.nlm.nih.gov/41708187/,41708187,,false,,0,Pleurotus ostreatus polysaccharides improve microcystin-LR-induced intestinal damage in tadpoles by regulating the interaction between microbiota and intestine.,Harmful algae,2026,10.1016/j.hal.2026.103056,Fang M; He J; Zhou S; Hong P; Ke L; Wu H; Shu Y,
41707490,https://pubmed.ncbi.nlm.nih.gov/41707490/,41707490,PMC12926563,true,,0,Sustainable antibiotic reduction in poultry production with Pulsatilla saponins and herbal supplementation.,Poultry science,2026,10.1016/j.psj.2026.106562,Jian Z; Zhao R; Zi X; He S; He X; Ye Y; Wang K; Ge C; Jia J; Hu Y; Dou T,
41704848,https://pubmed.ncbi.nlm.nih.gov/41704848/,41704848,PMC12908922,true,,0,Sucrose supplementation influences gut microbial diversity and functional shifts in Apis cerana indica.,Frontiers in microbiology,2025,10.3389/fmicb.2025.1733283,Nayak D; Behera P; Singh S; Tripathy PS; Dash SS; Dasgupta M; Mohanty S; Sahoo MR; Satapathy CR; Sasmal A; Sahu S,
41700855,https://pubmed.ncbi.nlm.nih.gov/41700855/,41700855,PMC12997843,true,PRJEB103841; PRJEB39298; PRJEB60544; PRJEB60545; PRJNA498084; PRJNA555355; PRJNA590084; PRJNA594310; PRJNA650141; PRJNA662976; PRJNA730696; PRJNA733893; PRJNA762510; PRJNA824235; PRJNA824256; PRJNA866155,16,Genotypic characterization of gut isolates from Atlantic salmon fry reveals beneficial microbes with biotechnological potential.,Applied and environmental microbiology,2026,10.1128/aem.02409-25,Rojas Calderón D; Sandholm RM; Samskott T; Mjøs MT; Lorentsen ED; Røhr ÅK; Bakke I; La Rosa SL,
41699596,https://pubmed.ncbi.nlm.nih.gov/41699596/,41699596,PMC13011549,true,,0,Effects of aerobic exercise on inflammation and gut microbiota in obese mice: a metagenomic and metabolomic analysis.,Journal of translational medicine,2026,10.1186/s12967-026-07744-8,Hu S; Chen T; Liu X; Wu Z; Wang X,
41699049,https://pubmed.ncbi.nlm.nih.gov/41699049/,41699049,PMC12999981,true,PRJNA610239,1,FK506-binding protein-5 in high-fat diet-induced metabolic dysfunction-associated steatotic liver disease.,Scientific reports,2026,10.1038/s41598-026-38549-w,Wu LL; Liao YJ; Peng WH; Chen LK; Huang YC; Chen CY; Juan CC,
41698575,https://pubmed.ncbi.nlm.nih.gov/41698575/,41698575,,false,,0,"Dietary selection of starters drives changes in growth performance, fermentation, hindgut microbiome, and metabolism in preweaning calves.",Journal of dairy science,2026,10.3168/jds.2025-27473,Du Y; Zhao S; Hu Y; Wang X; Zhang L; Lin B; Wang M; Xu Q,
41697296,https://pubmed.ncbi.nlm.nih.gov/41697296/,41697296,,false,,0,Metagenomic analysis of fecal microbial communities in dairy goats from different farms.,Protoplasma,2026,10.1007/s00709-026-02160-7,Chengcheng L; Yanduo Z; Zhebin W; Jianzhang L; Yangtao Z; Jun L; Yu L; Felemban HR; Alyahyawy OY; Alhomodi AF; Hadadi F; Shaibah A; Bingzhi L; Xianwei W,
41696361,https://pubmed.ncbi.nlm.nih.gov/41696361/,41696361,PMC12894414,true,,0,Microbiota-driven therapeutic efficacy of Hyperoside in ulcerative colitis and associated anxiety.,Frontiers in cellular and infection microbiology,2026,10.3389/fcimb.2026.1734356,Yin L; Xu L; Shan YN; He Z; Li Y; Chen W,
41696020,https://pubmed.ncbi.nlm.nih.gov/41696020/,41696020,PMC12903957,true,DRA021614; PRJDB20285; PRJDB20286; PRJDB20287,4,"Behavioural phase transitions in the migratory locust, Locusta migratoria, are related to changes in the gut bacterial composition.",ISME communications,2026,10.1093/ismeco/ycag009,Kim J; Murakami T; Toyoda A; Mori H,
41691988,https://pubmed.ncbi.nlm.nih.gov/41691988/,41691988,,false,,0,Restoring gut microbiota homeostasis to ameliorate colitis via Huangqin decoction.,Phytomedicine : international journal of phytotherapy and phytopharmacology,2026,10.1016/j.phymed.2026.157929,Pan Y; Zong G; Liu M; Wang Z; Zhu H; Wei Z; Shan Y; Lu Y,
41680341,https://pubmed.ncbi.nlm.nih.gov/41680341/,41680341,,false,,0,Genomic and functional insights into a novel Lactococcus sp. AK05 from Cirrhinus mrigala with potent antagonism against Aeromonas hydrophila.,World journal of microbiology & biotechnology,2026,10.1007/s11274-026-04833-0,Karjee A; Chatterjee S; Chakraborty R,
41679623,https://pubmed.ncbi.nlm.nih.gov/41679623/,41679623,,false,,0,Genomic and functional characterization of probiotic strains from traditional fermented dairy products in alleviating dextran sulfate sodium-induced colitis.,Journal of dairy science,2026,10.3168/jds.2025-27589,Wang Y; An M; Lv Y; Hou Y; Li Z; Dai J; Ni W; Hu S,
41674575,https://pubmed.ncbi.nlm.nih.gov/41674575/,41674575,PMC12806034,true,GSE220297,1,Microbiota humanization drives human-like metabolic and immune transcriptomic shifts in pigs.,iMetaOmics,2025,10.1002/imo2.70034,Zhang Z; Xu Y; Pang K; Wu C; Zhao C; Lei T; Zhang J; Hai T; Zhao F; Zhao Y,
41673107,https://pubmed.ncbi.nlm.nih.gov/41673107/,41673107,PMC12972306,true,,0,SCARF1 deficiency exacerbates gut inflammation and autoimmune pathology.,Scientific reports,2026,10.1038/s41598-026-39378-7,Shepard DM; Hahn S; Chitre M; Neff H; Ward DV; Jadhav N; Richmond JM; Ramirez-Ortiz ZG,
41671957,https://pubmed.ncbi.nlm.nih.gov/41671957/,41671957,,false,,0,Silver sulfide nanoparticles amplify earthworm gut denitrification and elevate N₂O emissions in subtropical forest soils under nitrogen deposition.,Ecotoxicology and environmental safety,2026,10.1016/j.ecoenv.2026.119853,Wu J; He C; Wu K; Feng W; Yang Y; Zhou Q; Mao P; Xiao X,
41671813,https://pubmed.ncbi.nlm.nih.gov/41671813/,41671813,,false,,0,Ecological distribution and functional characterization of polyethylene-degrading enzymes from diverse metagenomes.,The Science of the total environment,2026,10.1016/j.scitotenv.2026.181486,Wang N; Jin M; Zhu Z; Wang Y; Li X; Xu J; Cheng S; Zhu Y; Wang R; Xu T; Yin F; Li X; Ke Y; Yue H,
41668731,https://pubmed.ncbi.nlm.nih.gov/41668731/,41668731,PMC12883841,true,PRJCA050988,1,Multi-omics profiling reveals associations between gut microbiota and olfactory gene expression in mosquitoes.,Frontiers in cellular and infection microbiology,2025,10.3389/fcimb.2025.1745848,Gao H; Li J; Liu L; Gu Z; Yu H; Xing D; Zhao T; Li C,
41655382,https://pubmed.ncbi.nlm.nih.gov/41655382/,41655382,,false,,0,Degradation of chrysene by Rhodococcus pyridinivorans C7 isolated from earthworm gut - Deciphering microbial community dynamics of the earthworm gut.,Journal of hazardous materials,2026,10.1016/j.jhazmat.2026.141328,Gupta N; Biswas R; Koley A; Mukherjee R; Das N; Balachandran S; Hoque RR,
41651389,https://pubmed.ncbi.nlm.nih.gov/41651389/,41651389,,false,,0,Profiles of gut microbiome in Litopenaeus vannamei artificially infected with Vibrio parahaemolyticus causing translucent post-larva disease.,Developmental and comparative immunology,2026,10.1016/j.dci.2026.105565,Shi B; Zhang L; Jia X; Tao Y; Wang M,
41651079,https://pubmed.ncbi.nlm.nih.gov/41651079/,41651079,,false,,0,Multi-omics reveal the key role of gut microbiota metabolism in adenine-induced chronic kidney disease.,Toxicology and applied pharmacology,2026,10.1016/j.taap.2026.117754,Xin Y; Ma H; Li X; Sun R; Fang L; Pan L,
41648142,https://pubmed.ncbi.nlm.nih.gov/41648142/,41648142,PMC12871589,true,PRJEB37062,1,Linking interpersonal differences in gut microbiota composition and drug biotransformation activity.,bioRxiv : the preprint server for biology,2026,10.64898/2026.01.21.700809,Mastrorilli E; Herd P; Rey FE; Goodman AL; Zimmermann M,
41645099,https://pubmed.ncbi.nlm.nih.gov/41645099/,41645099,PMC12973598,true,PRJNA1228348; PRJNA1228539,2,Intersite differences in gut microbiome are associated with habitat quality in a limestone forest-dwelling langur.,BMC microbiology,2026,10.1186/s12866-026-04800-7,Qiu Y; Mo F; Chen Y; Lai Y; Zhang K; Huang Z,
41645054,https://pubmed.ncbi.nlm.nih.gov/41645054/,41645054,PMC12973552,true,PRJNA1175865,1,Gut microbiota response to Enterocytozoon bieneusi infection in wild rodents: enhanced vitamin B and K(2) biosynthesis pathways.,BMC genomics,2026,10.1186/s12864-026-12575-4,Zhang XX; Zhang H; Zhao JX; Yu HL; Wang CR; Shang KM; Wei YJ; Qin Y; Li JM; Zhao ZY; Xia CY; Chen BN; Elsheikha HM; Ma H,
41644553,https://pubmed.ncbi.nlm.nih.gov/41644553/,41644553,PMC12982675,true,PRJNA1259715; PRJNA1260157,2,The gut microbiota mediates depression-like behaviors in mice with chronic Echinococcus multilocularis infection.,NPJ biofilms and microbiomes,2026,10.1038/s41522-026-00929-5,Wen R; Xin Y; Bao S; Zhang X; Wang Q; Dang Z; Zhou Z; Wu J; Song D; Fu L; Li W; Niu J; Wen Y; Zhou X; Han M; Zhao J,
41642529,https://pubmed.ncbi.nlm.nih.gov/41642529/,41642529,,false,,0,"Genomic safety assessment and metabolic modulation by Enterococcus faecium 140,623, a probiotic strain from lactasin tablets: implications for obesity management.",World journal of microbiology & biotechnology,2026,10.1007/s11274-026-04802-7,Gan Y; Liu C; Zheng X; Nong J; Fan L; Xie P; Li Y; Zhu B; Ning L; Zhang Z,
41640388,https://pubmed.ncbi.nlm.nih.gov/41640388/,41640388,PMC12865862,true,,0,"Harnessing Population Genomics, Gut Microbiota, and Environmental DNA Surveillance for the Conservation of Chinese Spotted Seals in a Changing World.",Ecology and evolution,2026,10.1002/ece3.72952,Li S; Li W; Zhang X; Zhou H; Zhan J,
41639568,https://pubmed.ncbi.nlm.nih.gov/41639568/,41639568,PMC12923567,true,PRJNA1227753,1,Multi-omics insights into Shenling Baizhu Powder's amelioration of murine asthma through gut microbiota and Glutamine-GLS1 pathway.,Scientific reports,2026,10.1038/s41598-026-38440-8,Zeng Y; Qi H; Guo W; Tan X; Huang B; Hu R; Ouyang X,
41638014,https://pubmed.ncbi.nlm.nih.gov/41638014/,41638014,,false,,0,Metagenomics and targeted metabolomics uncover concomitant gut microbiota dysbiosis and bile acid metabolism alteration in norfloxacin-exposed Bufo gargarizans tadpoles.,"Aquatic toxicology (Amsterdam, Netherlands)",2026,10.1016/j.aquatox.2026.107742,Song Y; Song X; Liu X; Jiang L; Chai L,
41634410,https://pubmed.ncbi.nlm.nih.gov/41634410/,41634410,PMC12916529,true,PRJNA1171501,1,"Akkermansia Muciniphila Ameliorates Imiquimod-Induced Skin Thickening, Colitis, and Gut Microbiota Alterations: A Metagenome Association Study.",Inflammation,2026,10.1007/s10753-025-02436-9,Chen YJ; Ho HJ; Tseng CH; Chen YF; Shieh JJ; Wu CY,
41629580,https://pubmed.ncbi.nlm.nih.gov/41629580/,41629580,PMC12921274,true,PRJNA792023,1,"Effectiveness of probiotic supplementation on growth performance, gut microbiota, and Salmonella reduction in broiler chicks challenged with Salmonella Typhimurium.",Scientific reports,2026,10.1038/s41598-026-37506-x,Khurajog B; Saenkankam I; Apiwatsiri P; Supimon N; Kamwa R; Niyomtham W; Yindee J; Phupolphan C; Hampson DJ; Prapasarakul N,
41627458,https://pubmed.ncbi.nlm.nih.gov/41627458/,41627458,PMC12868056,true,,0,Post-defecation exposure alters gut microbiota of forest musk deer with implications for conservation metagenomics.,Applied microbiology and biotechnology,2026,10.1007/s00253-026-13729-w,Jiang F; Gu H; Song P; Zhang J; Cai Z; Liang C; Gao H; Zhang R; Zhang T,
41619990,https://pubmed.ncbi.nlm.nih.gov/41619990/,41619990,,false,,0,Antimicrobial resistance and genomic characterization of Escherichia coli isolated from mink in northern China.,Microbial pathogenesis,2026,10.1016/j.micpath.2026.108328,Ni H; Hou QY; Xu C; Leng X; Li XM; Qin Y; Liu S; Yang MT; Tang LY; Sun YZ; Zhao Q; Ni HB; Zhang XX; Jiang J; Yang LH; Ma H,
41619556,https://pubmed.ncbi.nlm.nih.gov/41619556/,41619556,,false,,0,Atractyloside-A ameliorates spleen deficiency diarrhea in mice via modulating Lactobacillus johnsonii-butyric acid-GPR43 axis and NF-κB -NLRP3 signaling pathway.,Phytomedicine : international journal of phytotherapy and phytopharmacology,2026,10.1016/j.phymed.2026.157875,Xiao Y; Ke C; Wang D; Chen N; Chen G; Qu L; Liu Y,
41619490,https://pubmed.ncbi.nlm.nih.gov/41619490/,41619490,PMC12887404,true,,0,Antibiotic-free Wenchang chickens may promote blood levels of B vitamins by modulating the gut microbiota: An integrated analysis of cecal content metagenomics and serum metabolomics.,Poultry science,2026,10.1016/j.psj.2026.106506,Deng S; Zheng X; Chu H; Hong L; Zhang J; Yang H; Gu L; Pu L,
41619482,https://pubmed.ncbi.nlm.nih.gov/41619482/,41619482,PMC12874422,true,PRJNA1285067,1,Application of culturomics to explore the cultivable microbiota and enable targeted bacterial isolation from the ceca of broiler chickens.,Poultry science,2026,10.1016/j.psj.2026.106527,Wang M; Ye X; Hsu CY; Fugate H; Zhang X; Adhikari PA; Fan P; Elliott K; Macklin K; Zhang L,
41618858,https://pubmed.ncbi.nlm.nih.gov/41618858/,41618858,PMC13042867,true,,0,Gut-Metabolome-Proteome Interactions in Age-Related Hearing Loss: Insights from Fecal Microbiota Transplantation and Multi-Omics Analyses.,"Advanced science (Weinheim, Baden-Wurttemberg, Germany)",2026,10.1002/advs.202514269,Yang T; Gao Z; Huang H; Zhang C; Tang Y; Qu Q; Li H; Ke J; Chen Z; Feng M; Zhou H; Shu Y; Yuan W,
41618383,https://pubmed.ncbi.nlm.nih.gov/41618383/,41618383,PMC12857038,true,PRJNA1218713,1,From predisposition to recovery: field evidence of interactions between the gut microbiota and Brachyspira hyodysenteriae infection.,Veterinary research,2026,10.1186/s13567-025-01646-1,Pérez-Pérez L; Arguello H; Cobo-Díaz JF; Galisteo C; Puente H; Gómez-Martínez S; Carvajal A,
41618136,https://pubmed.ncbi.nlm.nih.gov/41618136/,41618136,PMC12990503,true,CNP0001390; PRJNA1257558,2,Genome-resolved analysis of bile acid-metabolizing microbiota in Tibetan antelope (Pantholops hodgsonii).,BMC microbiology,2026,10.1186/s12866-026-04750-0,Liu J; Elsheikha HM; Lei CC; Qin SY; Liu Y; Ni HB; Qin Y; Yu HL; Su JW; Chen BN; Jiang J; Sun HT; Zhang XX,
41611514,https://pubmed.ncbi.nlm.nih.gov/41611514/,41611514,,false,,0,[Gut fungal community composition and metabolic potential in honeybees and bumblebees].,Sheng wu gong cheng xue bao = Chinese journal of biotechnology,2026,10.13345/j.cjb.250473,Xu Z; Lang H; Wu Q; Wang X; Zheng H,
41598945,https://pubmed.ncbi.nlm.nih.gov/41598945/,41598945,PMC12841673,true,PRJDB9056; PRJNA1302757,2,Gut Microbiome Differences Across Mixed-Sex and Female-Only Social Rearing Regimes in Female Field Crickets Teleogryllus occipitalis (Orthoptera: Gryllidae).,Insects,2026,10.3390/insects17010091,Hirata K; Suzuki T; Yura K; Asahi T; Kataoka K,
41597574,https://pubmed.ncbi.nlm.nih.gov/41597574/,41597574,PMC12843926,true,,0,Whole-Genome Analysis and Lignin Degradation Characterization of Termite-Derived Bacillus cereus BC-8.,Microorganisms,2025,10.3390/microorganisms14010054,Zhang X; Li J; Hu Y; Cai Z; Li N; Xue R; Mo Z; Yang C; Yang Y,
41597231,https://pubmed.ncbi.nlm.nih.gov/41597231/,41597231,PMC12839183,true,CRA033192; CRA033205,2,Overwinter Syndrome in Grass Carp (Ctenopharyngodon idellus) Links Enteric Viral Proliferation to Mucosal Disruption via Multiomics Investigation.,Cells,2026,10.3390/cells15020157,Feng Y; Geng Y; Liu S; Huang X; Mou C; Zhao H; Zhou J; Li Q; Deng Y,
41597216,https://pubmed.ncbi.nlm.nih.gov/41597216/,41597216,PMC12839085,true,,0,VERU-111 Promotes an Anti-Tumor Response Through Restoration of Gut Microbial Homeostasis and Associated Metabolic Dysregulation.,Cells,2026,10.3390/cells15020141,Mamun MAA; Rakib A; Mandal M; Li W; Miller DD; Chen H; Nagarkatti M; Nagarkatti P; Singh UP,
41596659,https://pubmed.ncbi.nlm.nih.gov/41596659/,41596659,PMC12842398,true,,0,Effect of Garambullo (Myrtillocactus geometrizans) Consumption on the Intestinal Microbiota Profile in an Early-Phase Rat Model of Colon Cancer.,International journal of molecular sciences,2026,10.3390/ijms27021014,Sánchez-Recillas E; Almanza-Aguilera E; Bars-Cortina D; Zamora-Ros R; Godínez-Santillán RI; Sánchez-Tusié AA; Vergara-Castañeda HA,
41594879,https://pubmed.ncbi.nlm.nih.gov/41594879/,41594879,PMC12837580,true,,0,Age-Specific Composition and Predicted Function of Gut Microbiota in Plateau Pikas (Ochotona curzoniae).,Biology,2026,10.3390/biology15020144,Han H; Yang Y; Zhu X; Wangdwei M; Yang L,
41588320,https://pubmed.ncbi.nlm.nih.gov/41588320/,41588320,PMC12964808,true,PRJNA1293833,1,Multi-kingdom fecal microbiome and virus-host interactions associated with growth performance of indigenous beef calves in Guizhou.,BMC microbiology,2026,10.1186/s12866-025-04631-y,Guo W; Yu J; Wang W; Wang J; Ni M; Zhou M; Chen X,
41585377,https://pubmed.ncbi.nlm.nih.gov/41585377/,41585377,PMC12829359,true,PRJNA1298367,1,Reduced fibre-fermenting capacity of gut microbes in multiple sclerosis may result in prebiotic dietary fibre β-fructan promoting inflammation and CNS damage.,eGastroenterology,2026,10.1136/egastro-2025-100296,Tollenaar SL; Khorasaniha R; Jovel J; Ba I; Voisin A; Miller R; Olof H; Mahmood R; Marrie RA; Strachan E; Soares LP; Cheng C; Janveaux J; Zaidi D; Bernstein CN; Bonner C; Bar-Or A; Waubant E; Yeh EA; Graham M; Arnold DL; O'Mahony J; Banwell BL; Zhu F; Mirza AI; Karimi-Abdolrezaee S; Tsai S; Tremlett H; McGregor K; Willing BP; Armstrong H,
41572341,https://pubmed.ncbi.nlm.nih.gov/41572341/,41572341,PMC12828960,true,PRJNA1211805,1,Cross-sectional study characterizing the porcine faecal microbiome in commercial farms.,Porcine health management,2026,10.1186/s40813-025-00480-3,Ornelas MAS; Ortiz Sanjuán JM; Leonard FC; Correia-Gomes C; Estellé J; O'Neill L; Manzanilla EG,
41567631,https://pubmed.ncbi.nlm.nih.gov/41567631/,41567631,PMC12816200,true,PRJNA1381256,1,"Gut microbiota-dependent anti-inflammatory mechanisms of berberine in ameliorating hypertension: role of SCFAs, LPS reduction, and STAT3 signaling.",Frontiers in pharmacology,2025,10.3389/fphar.2025.1696934,Wang S; Hu Y; Li X; Ou Y; Chen J; Chen Y; Chen J; Bai K; Xu F; Wang X; Du H; Yuan D; Yang Z; Yuan J; Niu H,
41564978,https://pubmed.ncbi.nlm.nih.gov/41564978/,41564978,,false,,0,Maxing Shigan decoction serves as a key component of Lianhua Qingwen in alleviating lung and gut injury by restoring gut microbiota homeostasis and inhibiting inflammation via TLR4/NF-κB and JAK2/STAT3 dual regulation.,Microbial pathogenesis,2026,10.1016/j.micpath.2026.108285,Yuan C; Jin P; He Z; Guo J; Xiong M; Sun J; Wang L; Wang Z; Han N; Feng W; Hou Y; Qi H; Jia Z,
41562094,https://pubmed.ncbi.nlm.nih.gov/41562094/,41562094,PMC12812887,true,PRJNA1079352,1,Phlebotomus duboscqi gut microbiota dynamics in the context of Leishmania infection.,Frontiers in immunology,2025,10.3389/fimmu.2025.1717935,Tang K; Zhang Y; Meneses C; Rogerio LA; Willen L; Iniguez E; Kamhawi S; Valenzuela JG; Oliveira F; Cecilio P,
41560354,https://pubmed.ncbi.nlm.nih.gov/41560354/,41560354,PMC13042768,true,CNP0000126; CNP0000426; CNP0001833; CNP0005799; PRJEB55534; PRJNA482748; PRJNA903559,7,The Gut Commensal Butyricimonas Virosa Modulates Gut Microbiota-Dependent Thiamine Metabolism and Attenuates Mouse Steatotic Liver Disease.,"Advanced science (Weinheim, Baden-Wurttemberg, Germany)",2026,10.1002/advs.202517596,He N; Wang H; Yang Z; Li H; Liu B; Chen K; Wu Z; Zhao X; Liang H; Wang M; Li X; Zhong Y; Zhang H; Xiao L; Kristiansen K; Peng J; Zou Y; Li S,
41558076,https://pubmed.ncbi.nlm.nih.gov/41558076/,41558076,PMC12857283,true,,0,Ursolic acid modulates gut microbiota and metabolites to enhance Treg/Th17 balance and intestinal health in broilers.,Poultry science,2026,10.1016/j.psj.2026.106427,Zhao M; Wu F; Feng S; Li C; Liu S; Chen S; Liu Y; Chen B; Zhang G; Han S,
41552936,https://pubmed.ncbi.nlm.nih.gov/41552936/,41552936,,false,,0,Rutin alleviates dietary advanced glycation end products (AGEs)-induced insulin resistance in mice by modulation of gut microbiota.,Food & function,2026,10.1039/d5fo04604a,Lu Y; Chang L; Liu S; Wang M; Zhao Y,
41549250,https://pubmed.ncbi.nlm.nih.gov/41549250/,41549250,PMC13063553,true,,0,Fecal metagenome and plasma metabolome analyses reveal changes in gut microbiota composition and plasma metabolites in rats with abemaciclib-induced diarrhea.,BMC gastroenterology,2026,10.1186/s12876-025-04582-8,Ye L; Cao L; Du Q; Xu R; Han Y; Liu J,
41547908,https://pubmed.ncbi.nlm.nih.gov/41547908/,41547908,PMC12895704,true,PRJNA1310243,1,Identification of an altered gut microbiome and the protective effect of microbiome changer in prion diseases.,Veterinary research,2026,10.1186/s13567-025-01699-2,Kim YC; Won SY; Jeong BH,
41547860,https://pubmed.ncbi.nlm.nih.gov/41547860/,41547860,PMC12811905,true,PRJNA1222153,1,Waltham catalogue for the canine gut microbiome: a complete taxonomic and functional catalogue of the canine gut microbiome through novel metagenomic based genome discovery.,Microbiome,2026,10.1186/s40168-025-02265-w,Castillo-Fernandez J; Gilroy R; Jones RB; Honaker RW; Whittle MJ; Watson P; Amos GCA,
41543328,https://pubmed.ncbi.nlm.nih.gov/41543328/,41543328,,false,,0,Therapeutic Mechanisms of Lactiplantibacillus plantarum NXU0014 Against Chronic Alcohol-Induced Liver Injury Mediated by Gut-Liver Axis Modulation.,Molecular nutrition & food research,2026,10.1002/mnfr.70375,Ji Q; Wang Y; Huo L; Qiao C; Li F; Yang F; Pan L,
41542073,https://pubmed.ncbi.nlm.nih.gov/41542073/,41542073,PMC12799950,true,PRJNA1127327,1,"Phloretin-induced modulation in gut microbiome, mitigates colonic inflammation and alleviates colitis-associated colorectal cancer in mice.",Computational and structural biotechnology journal,2025,10.1016/j.csbj.2025.06.016,Kapoor S; Mehta P; Patial V; Pandey R; Padwad YS,
41540332,https://pubmed.ncbi.nlm.nih.gov/41540332/,41540332,PMC12947448,true,PRJNA1226362,1,Comparative metagenomic characterization of gut microbiota and antibiotic resistome in multi-facility SPF mice.,BMC microbiology,2026,10.1186/s12866-025-04699-6,Wang Y; Wu C; Zhu Q; Fan C; Zhu Y; Chen Y; Wei X; Feng L,
41539854,https://pubmed.ncbi.nlm.nih.gov/41539854/,41539854,PMC12828130,true,,0,Attenuation of Clostridioides difficile Infection by Clostridium hylemonae.,Journal of microbiology and biotechnology,2026,10.4014/jmb.2510.10017,Choi S; Kwon H; Kim WK; Ko G,
41539238,https://pubmed.ncbi.nlm.nih.gov/41539238/,41539238,PMC12830213,true,PRJNA1006504; PRJNA889347,2,Metagenomic insights into the effects of Clostridium butyricum and Bacillus subtilis probiotics on the gut microbiome and metabolic pathways of industrial broilers in Thailand.,Poultry science,2026,10.1016/j.psj.2026.106371,Sitthipunya A; Uthaipaisanwong P; Sinwat N; Kanjanavaikoon K; Cheevadhanarak S; Kusonmano K,
41539094,https://pubmed.ncbi.nlm.nih.gov/41539094/,41539094,,false,,0,Synergistic gut microbiome-host lipid axis underlies the antihypertensive effect of Qianyang Yuyin formula.,Phytomedicine : international journal of phytotherapy and phytopharmacology,2026,10.1016/j.phymed.2026.157804,Wang L; Xiong Z; Chen J; Liu J; Liu M; Yan X; Fang Z,
41529631,https://pubmed.ncbi.nlm.nih.gov/41529631/,41529631,,false,,0,Seasonal dynamics and stability of gut antibiotic resistance genes in plateau pika (Ochotona curzoniae) and plateau zokor (Eospalax baileyi).,Journal of hazardous materials,2026,10.1016/j.jhazmat.2026.141112,Wang Y; Qian Y; Shi C; Bi J; Dong P; Zou Y; Yang Y; Tao Y; Li H,
41526820,https://pubmed.ncbi.nlm.nih.gov/41526820/,41526820,PMC12825180,true,,0,Whole-genome analysis and fermentation-metabolite profiling of a cellulolytic Arthrobacter sp. FMD isolated from forest musk-deer faeces.,BMC microbiology,2026,10.1186/s12866-025-04441-2,Han H; Gong R; Jin Z; Wang L; Zhang B; Song B; Ren Z,
41524778,https://pubmed.ncbi.nlm.nih.gov/41524778/,41524778,,false,,0,Metagenomic profiling of fish-associated microbiota: ecological perspectives from freshwater to marine environment-a review.,Archives of microbiology,2026,10.1007/s00203-025-04646-z,Sundaray JK; Roy D; Mohapatra M; Mohanty D; Das II; Parida CK,
41521588,https://pubmed.ncbi.nlm.nih.gov/41521588/,41521588,,false,,0,Metagenomic Insights on the Progression of White Muscle Disease in Kuruma Shrimp (Penaeus japonicus) Caused by Photobacterium damselae subsp. damselae.,Journal of fish diseases,2026,10.1111/jfd.70117,Alolod GAL; Guzman JPMD; Bermeo-Capunong MRA; Konishi K; Koiwai K; Kondo H; Hirono I,
41519314,https://pubmed.ncbi.nlm.nih.gov/41519314/,41519314,,false,,0,Time-course with multi-omics reveals hyperlipidemia dysregulates diurnal rhythms in gut-liver axis.,Genomics,2026,10.1016/j.ygeno.2026.111198,Su J; Jiang S; Chu M; Dong X; Zhang C; Li X; He K,
41514837,https://pubmed.ncbi.nlm.nih.gov/41514837/,41514837,PMC12784710,true,,0,Synergistic Regulation of Bile Acid-Driven Nitrogen Metabolism by Swollenin in Ruminants: A Microbiota-Targeted Strategy to Improve Nitrogen Use Efficiency.,Animals : an open access journal from MDPI,2026,10.3390/ani16010149,Li L; Zhang H; Zhan L; Guan W; Hu J; Wei Z; Wu W; Wu Y; Xing Q; Wu J; Li Z; Liu Q; Chen J; Yuan A; Guo D; Ouyang K; Yang J; Hu W; Zhao X,
41514742,https://pubmed.ncbi.nlm.nih.gov/41514742/,41514742,PMC12784702,true,,0,"Duckweed as a Sustainable Aquafeed: Effects on Growth, Muscle Composition, Antioxidant and Immune Markers in Grass Carp.",Animals : an open access journal from MDPI,2025,10.3390/ani16010053,Song Y; Hu Z; Yang X; An Y; Lu Y,
41514203,https://pubmed.ncbi.nlm.nih.gov/41514203/,41514203,PMC12973633,true,PRJNA1243703; PRJNA1246253,2,Animal performance and gut microbiota of cattle as affected by the unfermented or fermented total mixed ration.,BMC microbiology,2026,10.1186/s12866-025-04678-x,You S; Zou Y; Xiao Y; He L; Liu L; Sun Y; Jia Y; Ge G; Du S,
41512763,https://pubmed.ncbi.nlm.nih.gov/41512763/,41512763,,false,,0,"Sublethal aflatoxin B1 exposure triggers multidimensional damage in honeybee (Apis mellifera) midgut: Integrative evidence from histomorphology, transcriptomics, and metagenomics.",Journal of hazardous materials,2026,10.1016/j.jhazmat.2026.141076,Liu X; Li J; Ma C,
41511078,https://pubmed.ncbi.nlm.nih.gov/41511078/,41511078,PMC12788396,true,PRJEB89408,1,A molecular inventory of the faecal microbiomes of 23 marsupial species.,Microbial genomics,2026,10.1099/mgen.0.001601,Bowerman KL; Soo RM; Chaumeil PA; Blyton MDJ; Sørensen M; Gunbilig D; Malig M; Islam M; Zaugg J; Wood DLA; Liachko I; Auch B; Morrison M; Krause L; Lindberg Møller B; Neilson EHJ; Hugenholtz P,
41508143,https://pubmed.ncbi.nlm.nih.gov/41508143/,41508143,PMC12874839,true,PRJNA1224300; PRJNA1225000,2,Prophylactic impact of cecal fermentation broth against gut microbiota dysbiosis of broiler chickens challenged with Escherichia coli.,Animal microbiome,2026,10.1186/s42523-025-00514-9,Gong Y; Shen S; Cao Z; Zou X; Zhou S; Jiang R; Kang X; Liu S; Tian Y,
41502854,https://pubmed.ncbi.nlm.nih.gov/41502854/,41502854,PMC12771539,true,CNP0001390; PRJEB55374; PRJEB55375; PRJNA1099794; PRJNA1257558,5,Blastocystis presence alters gut archaeal communities and metabolic functions in Tibetan antelopes (Pantholops hodgsonii).,Frontiers in veterinary science,2025,10.3389/fvets.2025.1744013,Su JW; Qin SY; Liu J; Lei CC; Zhang XT; Shi WH; Xie LH; Liu Y; Ni HB; Yu MY; Liang HR; Qin Y; Jiang J; Sun HT; Ma H; Li ZY; Zhang XX,
41501865,https://pubmed.ncbi.nlm.nih.gov/41501865/,41501865,PMC12870140,true,PRJNA1036837,1,Gut microbiome convergence and functional adaptation underlie the evolution of predation in stink bugs (Heteroptera: Pentatomidae).,Microbiome,2026,10.1186/s40168-025-02300-w,Sun J; Meng Y; Chen Z; Zhao T; Yang C; Chen S; Wang J; Tian L; Song F; Duan Y; Cai W; Zhang X; Li H,
41499817,https://pubmed.ncbi.nlm.nih.gov/41499817/,41499817,,false,,0,Di-n-pentyl phthalate exposure alters intestinal structure and gut microbiota composition and characteristics in mice.,Ecotoxicology and environmental safety,2026,10.1016/j.ecoenv.2025.119669,Liu Y; Zhong L; Zhou C; Zhang Y; Zhang K; Gan Y; Wang J; Lin S; Xie G; Zhong W; Ye X; Linghu D; Chen Q; Peng W; Cao C; Li Z,
41485666,https://pubmed.ncbi.nlm.nih.gov/41485666/,41485666,,false,,0,The horse gut microbiota genome represents a vast novel reservoir of CAZymes.,International journal of biological macromolecules,2026,10.1016/j.ijbiomac.2025.150042,He H; Han L; Ni W; Yu J; Liu K; Li W; Li C; Hu S; Li C; Li X,
41485293,https://pubmed.ncbi.nlm.nih.gov/41485293/,41485293,,false,,0,Jinlida ameliorates diabetic kidney disease via gut microbiota-dependent production of pyridoxamine targeting renal AGEs/RAGE and TGF-β pathways.,Phytomedicine : international journal of phytotherapy and phytopharmacology,2026,10.1016/j.phymed.2025.157744,Meng Y; Hou Y; Zhang R; Guo Z; Zhang Z; Li J; Yan Y; Chang Y; Li D; Chang L; Li M; Gao H,
41481471,https://pubmed.ncbi.nlm.nih.gov/41481471/,41481471,PMC12773770,true,,0,Host-microbiome mutualism drives urea carbon salvage and acetogenesis during hibernation.,Proceedings of the National Academy of Sciences of the United States of America,2026,10.1073/pnas.2518978123,Regan MD; Chiang E; Grahn M; Tonelli M; Assadi-Porter FM; Suen G; Carey HV,
41478064,https://pubmed.ncbi.nlm.nih.gov/41478064/,41478064,,false,,0,"Bupleurum polysaccharide improves CUMS-induced depressive behavior in rats by regulating the ""microbiota-gut-brain Axis"": a mechanism study based on metabolomics and metagenomics.","Journal of chromatography. B, Analytical technologies in the biomedical and life sciences",2026,10.1016/j.jchromb.2025.124905,Zhang H; Zhang S; Li X; Wang W; Kuang H,
41471929,https://pubmed.ncbi.nlm.nih.gov/41471929/,41471929,PMC12735184,true,PRJNA1353854,1,Comparative Analysis of Environmental and Host-Associated Microbiome in Odorrana schmackeri (Auran: Ranidae): Insights into Tissue-Specific Colonization and Microbial Adaptation.,Microorganisms,2025,10.3390/microorganisms13122725,Han D; Zhao R; Yang X; Wang T; Li Z; Zhu M; Yang Q; Qu Y; Chen X; Chen Z,
41468963,https://pubmed.ncbi.nlm.nih.gov/41468963/,41468963,,false,,0,Cetobacterium somerae ZNN-1 promotes goblet cell differentiation through glutamine-mediated Notch signaling suppression.,Journal of advanced research,2025,10.1016/j.jare.2025.12.046,Zhou NN; Liu JX; Wang T; Wang Z; Li LK; Qiao F; Du ZY; Zhang ML,
41466331,https://pubmed.ncbi.nlm.nih.gov/41466331/,41466331,PMC12751507,true,PRJNA1184454,1,Characterising gut microbiome dysbiosis in diarrhoea calves from multiple farms in Inner Mongolia using 16S and metagenomics.,Microbiome,2025,10.1186/s40168-025-02198-4,Li J; Zhang X; Zhao X; Gong G; Li J; Dalai B; Mo Z; Xu X; Jia X; Li Y; Lai J; Wang P; Sun L; Liu Y; Luo X,
41465696,https://pubmed.ncbi.nlm.nih.gov/41465696/,41465696,PMC12733467,true,,0,Diversity and Functional Analysis of Gut Microbiota in the Adult of Lissorhoptrus oryzophilus (Coleoptera: Curculionidae) by Metagenome Sequencing.,Insects,2025,10.3390/insects16121260,Jin JX; Wang Y; Zhang GF; Ye ZC; Liu B; Yao DD; Jiang ZC; He YF,
41463940,https://pubmed.ncbi.nlm.nih.gov/41463940/,41463940,PMC12729596,true,,0,Cultivated Gut Microbiota of Roe Deer and Red Deer in Central Poland Forest.,Animals : an open access journal from MDPI,2025,10.3390/ani15243656,Ospałek W; Wlazło Ł; Tajchman K; Targońska-Karasek M; Nowakowicz-Dębek B,
41463937,https://pubmed.ncbi.nlm.nih.gov/41463937/,41463937,PMC12729528,true,,0,The Role of Swine Gut Microbiota and Its Metabolites in Maintaining Intestinal Barrier Integrity and Mitigating Stress via the Gut-Brain Axis.,Animals : an open access journal from MDPI,2025,10.3390/ani15243653,Woś K; Pachciński K; Wacko M; Koszła O; Sołek P; Czech A,
41461466,https://pubmed.ncbi.nlm.nih.gov/41461466/,41461466,,false,,0,Nanoplastics and triclosan co-exposure aggravates DSS-induced colitis in mice by interfering with Akkermansia muciniphila and tryptophan metabolism.,Journal of environmental sciences (China),2026,10.1016/j.jes.2025.06.029,Cui M; Chen S; Zhang Z; Yu Y; Xu Y; Liu L; Gao H; Chen X; Liu Z; Zhang X; Yuan W; Chen S; Li D; Chen L; Xing X; Xiao Y; Chen W; Liu Y; Wang Q,
41456824,https://pubmed.ncbi.nlm.nih.gov/41456824/,41456824,,false,,0,Elucidating the therapeutic mechanism of Orthosiphon aristatus in hyperuricemic nephropathy: An integrated microbiome-metabolomics approach.,Journal of ethnopharmacology,2026,10.1016/j.jep.2025.121115,Quan H; Ouyang J; Fu X; Lin D; Wu Q; Li D; Li Y; Yang F; Wu S; Li C; Mao W,
41455002,https://pubmed.ncbi.nlm.nih.gov/41455002/,41455002,,false,,0,Seasonal dynamics of gut microbiota in rhesus macaques (Macaca mulatta) from western Sichuan Plateau and their adaptability to high altitude climate change.,Current microbiology,2025,10.1007/s00284-025-04678-0,Karim F; Lin Q; Xie H; Nargis S; Xiao H; Yang S; Xiong Y; Xie M; Ni Q; Yao Y; Xu H,
41453848,https://pubmed.ncbi.nlm.nih.gov/41453848/,41453848,,false,,0,"Gut microbiota of economically important termites: functional convergence, harmfulness and precision control.",Pest management science,2026,10.1002/ps.70490,Li XL; Li ZQ,
41451983,https://pubmed.ncbi.nlm.nih.gov/41451983/,41451983,PMC12889059,true,PRJNA1108021,1,Chicken cecal microbial functional gene content and resistome differ by age and barn disinfection practice.,Microbiology spectrum,2026,10.1128/spectrum.03737-25,Fan Y; Ju T; Bhardwaj T; Korver DR; Willing BP,
41448339,https://pubmed.ncbi.nlm.nih.gov/41448339/,41448339,,false,,0,Intestinal microbiome in response to air pollutant exposure in pregestational and gestational murine females and their male and female offspring.,"Reproductive toxicology (Elmsford, N.Y.)",2026,10.1016/j.reprotox.2025.109150,Ghosh S; Ganguly A; Dong TS; Lagishetty V; Jacobs JP; Devaskar SU,
41448295,https://pubmed.ncbi.nlm.nih.gov/41448295/,41448295,,false,,0,A novel bacteriophage pAEh1 for controlling Aeromonas hydrophila infection in aquaculture.,Fish & shellfish immunology,2026,10.1016/j.fsi.2025.111079,Jiang S; Zhou B; Zhang T; Dai R; Long S; Yang L; He M; Fu Y; Guo J; Gao Z,
41435895,https://pubmed.ncbi.nlm.nih.gov/41435895/,41435895,,false,,0,Astragalus membranaceus improves blood glucose and renal function in diabetic kidney disease mice via gut microbial metabolite axis.,Fitoterapia,2026,10.1016/j.fitote.2025.107048,Zhang PP; Cui MY; Yang SY; Han B; Yu W; Wei TT; Zeng KW; Tu PF,
41432437,https://pubmed.ncbi.nlm.nih.gov/41432437/,41432437,PMC12911397,true,PRJEB50625; PRJNA1102860; PRJNA1167890; PRJNA340521; PRJNA752224; PRJNA987743; SRP012966,7,Metagenomic analysis of fecal microbiomes reveals genetic potential for diverse hydrogen management strategies in marsupials.,mSystems,2026,10.1128/msystems.01608-25,Bowerman KL; Lu Y; McRae H; Volmer JG; Zaugg J; Pope PB; Hugenholtz P; Greening C; Morrison M; Soo RM; Evans PN,
41432144,https://pubmed.ncbi.nlm.nih.gov/41432144/,41432144,PMC12911420,true,CNP0001390; PRJEB53209; PRJNA1257558; PRJNA543906,4,"Comprehensive profiling of antibiotic resistance, virulence genes, and mobile genetic elements in the gut microbiome of Tibetan antelopes.",mSystems,2026,10.1128/msystems.01443-25,Liu J; Ni H-B; Yu M-Y; Qin S-Y; Elsheikha HM; Peng P; Guo L; Xie L-H; Liang H-R; Lei C-C; Xu Y; Tang Y; Yu H-L; Qin Y; Liu J; Sun H-C; Zhang X-X; Qiu B,
41429195,https://pubmed.ncbi.nlm.nih.gov/41429195/,41429195,,false,,0,Electroconvulsive therapy modulates brain plasticity in male depression: Links to gut microbial metabolites and diet-derived regulation of Wnt/BDNF signaling.,The Journal of nutritional biochemistry,2026,10.1016/j.jnutbio.2025.110240,Ji J; Guo J; Huang Y; Chen K; Xu Y; Liang W; Lin Z; Xiong C; Han X; Liu J; Hei Z; Chen S; Yao W; Chen C,
41428602,https://pubmed.ncbi.nlm.nih.gov/41428602/,41428602,PMC12721473,true,,0,Enhancing Salmonella Inhibition in Black Soldier Fly Larvae (Hermetia illucens L.) Conversion by Bioaugmentation With Gut Microbiota.,Microbial biotechnology,2025,10.1111/1751-7915.70242,Zhang Y; Chen W; Wang B; Rehman KU; van Huis A; Henawy AR; Cai M; Zheng L; Ren Z; Huang F; Zhang J,
41422269,https://pubmed.ncbi.nlm.nih.gov/41422269/,41422269,PMC12847833,true,CNP0003865,1,Gut microbiome profiling of a migratory Anser serrirostris population reveals two groups with distinct pathogen and ARG contents.,NPJ biofilms and microbiomes,2025,10.1038/s41522-025-00888-3,Wang Y; Xu J; Liang G; Liang S; Hou M; Sun L; Wang J; Chen H; Zhao Y; Chen W; Wang E; Huang J; Jiao X; Zhang Y,
41412647,https://pubmed.ncbi.nlm.nih.gov/41412647/,41412647,,false,,0,Therapeutic potential of Ficus pumila L. in chronic obstructive pulmonary disease through modulation of the gut microbiota-SCFA-lung signaling pathway.,"Food research international (Ottawa, Ont.)",2026,10.1016/j.foodres.2025.117952,Chen T; Mo S; Shen M; Du W; Yu Q; Chen Y; Xie J,
41411799,https://pubmed.ncbi.nlm.nih.gov/41411799/,41411799,,false,,0,Lead exposure changes carbohydrate and amino acid metabolism corresponding to a disturbed microbiota-gut-brain axis in mice.,Ecotoxicology and environmental safety,2026,10.1016/j.ecoenv.2025.119554,Chen M; Meng S; Guan R; Dong Q; Dong X; Shen X; Fang L; Zhao F,
41409544,https://pubmed.ncbi.nlm.nih.gov/41409544/,41409544,PMC12705584,true,PRJNA1257558,1,Blastocystis infection in Tibetan antelopes (Pantholops hodgsonii) alters gut microbiota composition and function.,Frontiers in cellular and infection microbiology,2025,10.3389/fcimb.2025.1719025,Liu J; Qin SY; Lei CC; Ma H; Xie LH; Liu Y; Li JH; Ni HB; Yu MY; Liang HR; Shi WH; Qin Y; Jiang J; Yan WL; Chen BN; Li ZY; Sun HT,
41404904,https://pubmed.ncbi.nlm.nih.gov/41404904/,41404904,PMC12889105,true,PRJEB83610,1,Tanzanian goat gut microbiomes adapt to roadside pollutants and environmental stressors.,Microbiology spectrum,2026,10.1128/spectrum.02036-25,Jensen EEB; Jespersen ML; Svendsen CA; Sonda T; Otani S; Aarestrup FM,
41403401,https://pubmed.ncbi.nlm.nih.gov/41403401/,41403401,PMC12703207,true,PRJNA1311824; PRJNA1313004,2,High-Throughput Sequencings Revealed That Gut Microbiota Dysbiosis is Implicated in Gouty Arthritis of Red-Crowned Crane (Grus japonensis).,Transboundary and emerging diseases,2025,10.1155/tbed/2422900,Lin H; Zhu X; Zhu J; Chen N; Bao W; Peng Z,
41401858,https://pubmed.ncbi.nlm.nih.gov/41401858/,41401858,,false,,0,Strain-specific gut microbiota modulation is linked to resistance to BmNPV infection in silkworms.,Journal of invertebrate pathology,2026,10.1016/j.jip.2025.108518,Memon FU; Xu J; Xie X; Shu C; Li Y; Li K; Xiao Y; Tian L,
41399814,https://pubmed.ncbi.nlm.nih.gov/41399814/,41399814,PMC12702284,true,PRJNA1277365,1,Genomic Characterization of Intestinal Colonizing Pseudomonas juntendi Strains Harboring bla (VIM-2).,Infection and drug resistance,2025,10.2147/IDR.S554163,Zhu W; Zhang J; Liu R; Fang L; Liu Y; Zhang H,
41396495,https://pubmed.ncbi.nlm.nih.gov/41396495/,41396495,,false,,0,A Metagenomic Analysis of Gut Microbiome and Growth Performance of Giant Gourami (Osphronemus goramy) Fed with Raw Plant-Based Diet.,"Marine biotechnology (New York, N.Y.)",2025,10.1007/s10126-025-10551-9,Sari DWK; Khamid NL; Ikhrami MA; Hardaningsih I; Satriyo TB; Suparmin A,
41394107,https://pubmed.ncbi.nlm.nih.gov/41394107/,41394107,PMC12698565,true,,0,Jinghuaweikang capsule alleviates Helicobacter pylori-infected gastric mucosal inflammation and drug resistance by regulating intestinal microbiota and MAPK pathway.,Frontiers in cellular and infection microbiology,2025,10.3389/fcimb.2025.1628594,Yang Y; Jia XF; Cui GH; Huang QY; Lin MM; Shi ZM; Ye H; Zhang XZ,
41392116,https://pubmed.ncbi.nlm.nih.gov/41392116/,41392116,PMC12804845,true,CRA024662,1,Characteristics of gut microbiota and metabolites in rats with ketamine-induced cystitis.,Scientific reports,2025,10.1038/s41598-025-31280-y,Li C; Jiang P; Fan C; Chen J; Liang S; Chen S; Mi H,
41391320,https://pubmed.ncbi.nlm.nih.gov/41391320/,41391320,,false,,0,Bacillus sp. S361 isolated from bioaerosols in pharmaceutical wastewater treatment plants aggravates Klebsiella pneumoniae-induced lung injury in rats by modulating the gut microbiota.,Journal of hazardous materials,2026,10.1016/j.jhazmat.2025.140669,Tang N; Deng G; Jin Z; Chen J; Wang D; Luo Y; Luo Y; Zhang G,
41391055,https://pubmed.ncbi.nlm.nih.gov/41391055/,41391055,PMC12702836,true,PRJNA1293113,1,Dietary macroalgae enhances amino acid metabolism via intestinal Shewanella in grass carp (Ctenopharyngodon idella).,Advanced biotechnology,2025,10.1007/s44307-025-00090-8,An X; Niu S; Al MA; Su E; Chen L; He H; Wang Y; Zhang S; Yang Y; Wang S; Wen Z; Xu B; Ming Y; Zhu W; Zhao Z; Wu K; Yang Y; Xie W; He Z; Yan Q,
41390863,https://pubmed.ncbi.nlm.nih.gov/41390863/,41390863,PMC12789572,true,PRJNA1006316,1,Neonicotinoid-induced signature dysbiosis identified via metagenomic sequencing of the honey bee gut microbiome.,Scientific reports,2025,10.1038/s41598-025-30907-4,Tran L; Deckers TB; Ho J; Lansing L; Cunningham M; Morfin N; Pepinelli M; De la Mora A; Conflitti IM; Gregoris A; Wu L; Trepanier-Leroux D; Muntz L; Newman T; Vishwakarma S; Bixby M; Jabbari H; Guzman-Novoa E; Hoover SE; Currie RW; Pernal SF; Giovenazzo P; Foster LJ; Zayed A; Ortega Polo R; Guarna MM,
41389890,https://pubmed.ncbi.nlm.nih.gov/41389890/,41389890,,false,,0,Shenqi funeng xingnao prescription regulated the TNF/NOD‒like receptor signaling pathway and brain-gut axis dysfunction caused by exercise-induced fatigue.,Journal of ethnopharmacology,2026,10.1016/j.jep.2025.121035,Xu D; Zhang W; Tao XR; Gao K; Zhao MN; Wang JW,
41389008,https://pubmed.ncbi.nlm.nih.gov/41389008/,41389008,,false,,0,Antibiotics alter duodenal immune populations upon gluten exposure in mice: implications for non-coeliac gluten sensitivity.,American journal of physiology. Gastrointestinal and liver physiology,2026,10.1152/ajpgi.00159.2025,Pryor JC; Hoedt EC; Soh WS; Fowler S; Caban S; Minahan K; Sherwin S; Nieva C; McCarthy H; Horvat J; Hedley KE; Duncanson K; Burns GL; Talley NJ; Keely S,
41388485,https://pubmed.ncbi.nlm.nih.gov/41388485/,41388485,,false,,0,Early upregulation of alpha-7 nicotinic acetylcholine receptor in limbic system correlates with gut dysbiosis in mice exposed to binge ethanol.,"Alcohol, clinical & experimental research",2026,10.1111/acer.70210,Khan MAS; Bishir M; Huang W; Chidambaram SB; Chang SL,
41387308,https://pubmed.ncbi.nlm.nih.gov/41387308/,41387308,PMC12948251,true,,0,Gut Bacterium Lysinibacillus Sphaericus Exacerbates Aspirin-induced Intestinal Injury by Production of Carboxylesterase EstB.,"Advanced science (Weinheim, Baden-Wurttemberg, Germany)",2026,10.1002/advs.202517747,Zhao Z; Li Q; Bai X; Zhai E; Dai W; Qian Y; Zhang T; Huang Z; Huang Z; Meng F; Chen J; Zuo T; Cai S; Zhao R,
41385957,https://pubmed.ncbi.nlm.nih.gov/41385957/,41385957,PMC12757649,true,PRJNA1064443; PRJNA1269239,2,Multi-omics reveals gut microbiota-mediated environmental adaptation in Mallards and domesticated Shaoxing ducks.,Poultry science,2026,10.1016/j.psj.2025.106177,Zhang C; Wang X; Wang L; Li P; Bao Y; Zhang Z; Jiang Z; Feng C; Chen L,
41379245,https://pubmed.ncbi.nlm.nih.gov/41379245/,41379245,,false,,0,"Comparative metagenomic analysis of bacterial communities associated with two mealybug species, Phenacoccus saccharifolii and Dysmicoccus carens infesting sugarcane in Tamil Nadu, India.",World journal of microbiology & biotechnology,2025,10.1007/s11274-025-04731-x,Namadara S; Pragadeesh ARU; Uthandi S; Rangasamy A; Malaichamy K; Venkatesan M; Narayanan MB; Murugaiyan S,
41378778,https://pubmed.ncbi.nlm.nih.gov/41378778/,41378778,,false,,0,"Bis(2-ethylhexyl)-2,3,4,5-tetrabromophthalate Triggers IBD-like Pathology through the Gut Microbiota-Arachidonic Acid Axis: Protective Role of Akkermansia muciniphila.",Environmental science & technology,2025,10.1021/acs.est.5c12302,Zhou Y; Ren X; Li B; Tang H; Guo Y; Yang L; Han J; Zhou B,
41373768,https://pubmed.ncbi.nlm.nih.gov/41373768/,41373768,PMC12692181,true,PRJNA1183575,1,Benchmarking Cost-Effective DNA Extraction Kits for Diverse Metagenomic Samples.,International journal of molecular sciences,2025,10.3390/ijms262311616,Sobolev A; Sibiryakina D; Chevokina E; Slonova D; Yurikova D; Kozlova S; Trofimova A; Zubarev V; Kiselev A; Konovalova O; Sutormin D; Isaev A,
41371128,https://pubmed.ncbi.nlm.nih.gov/41371128/,41371128,,false,,0,The gut as a reservoir of drug-resistant pathogens: Mechanisms of ENR-driven horizontal gene transfer in aquaculture.,Journal of hazardous materials,2026,10.1016/j.jhazmat.2025.140758,Zeng BH; Li P; Zhang HR; Xia BH; Liu B; Kong LM; Liu L; Li ZH,
41367394,https://pubmed.ncbi.nlm.nih.gov/41367394/,41367394,PMC12682650,true,,0,The role of gut microbiota-derived metabolites in modulating poultry immunometabolism.,Frontiers in physiology,2025,10.3389/fphys.2025.1700406,Oke OE; Fasasi LO; Opowoye IO; Akosile OA,
41366428,https://pubmed.ncbi.nlm.nih.gov/41366428/,41366428,PMC12687483,true,,0,Microbial production of short-chain fatty acids attenuates long-term neurologic impairment after traumatic brain injury.,Journal of neuroinflammation,2025,10.1186/s12974-025-03615-z,Xiong Z; Dodson BP; Rogers MB; Sneiderman CT; Janesko-Feldman K; Vagni V; Manole M; Li X; Rajasundaram D; Clark RSB; Raphael I; Morowitz MJ; Mariño E; Kochanek PM; Jha RM; Kohanbash G; Simon DW,
41365051,https://pubmed.ncbi.nlm.nih.gov/41365051/,41365051,,false,,0,Clostridium perfringens can promote the formation of fatty liver in cows.,Veterinary microbiology,2026,10.1016/j.vetmic.2025.110826,Wang H; Congzhu; Wang J; Lin X; Guo Y; Kiani FA; Zhou X; Ding Y,
41358839,https://pubmed.ncbi.nlm.nih.gov/41358839/,41358839,PMC12838195,true,,0,Metabolomic and metagenomic insights into WFBG-mediated regulation of gut microbiota and metabolism in broilers.,Applied and environmental microbiology,2026,10.1128/aem.01890-25,Li Y; Fu X; Sun F; Dong M; Wang Y; Wang Y; Liu Q,
41354995,https://pubmed.ncbi.nlm.nih.gov/41354995/,41354995,PMC12682731,true,,0,Phloretin inhibits ferroptosis by restoring the antioxidant capacity of bovine adipose and muscle cells via the AMPK-PPAR signaling pathway.,Stress biology,2025,10.1007/s44154-025-00263-4,Li J; Jiang E; Zhang M; Pan C; Lei C; Han L; Lan X,
41354993,https://pubmed.ncbi.nlm.nih.gov/41354993/,41354993,PMC12689619,true,CNP0007979,1,Dynamics of the gut microbiome and resistome in response to prophylactic antibiotic treatment in post-surgical giant pandas.,Scientific reports,2025,10.1038/s41598-025-25645-6,Zhang W; Zhang M; Xie J; Huang H; Schmitz-Esser S; Li W; Liu H; Li D,
41354765,https://pubmed.ncbi.nlm.nih.gov/41354765/,41354765,PMC12783762,true,PRJCA036472,1,"Age-dependent patterns of the gut microbiome, antibiotic resistome, and pathogenicity in captive koalas (Phascolarctos cinereus).",Communications biology,2025,10.1038/s42003-025-09302-2,Su H; Han P; Yan H; Wu C; Zeng S; Zhang P; Wang Z; Dong J; Liang M; Jing H; Zhang D; Yang C; Xie N; Liu X; Weng S; Dong G; He J,
41352476,https://pubmed.ncbi.nlm.nih.gov/41352476/,41352476,,false,,0,Early-life exposure to linezolid caused gut microbiota dysbiosis can be inherited from parents to offspring.,Chemico-biological interactions,2026,10.1016/j.cbi.2025.111863,Su J; Zhao K; Zhou X; Pan Z; Xia C,
41340151,https://pubmed.ncbi.nlm.nih.gov/41340151/,41340151,PMC12781396,true,,0,Perinatal citalopram exposure alters the gut composition and microbial metabolic profiles of Sprague-Dawley rat dams and female offspring but not male offspring.,Biology of sex differences,2025,10.1186/s13293-025-00794-5,Kropp DR; Glover ME; Samanta R; Unroe KA; Clinton SM; Hodes GE,
41330099,https://pubmed.ncbi.nlm.nih.gov/41330099/,41330099,,false,,0,"Microbial-viral synergy in Eisenia fetida gut supports earthworm survival, detoxification, and functional resilience.",The Science of the total environment,2025,10.1016/j.scitotenv.2025.181101,Barman P; Paul A; Sinha S; Saha T; Mondal N; Dutta S; Chatterjee S; Ghosh W; Chakraborty R,
41323881,https://pubmed.ncbi.nlm.nih.gov/41323881/,41323881,PMC12662676,true,,0,"Modulation of Gut Microbiota, Intestinal Physiology, and Digestive Enzyme Levels by Duo-Strain Probiotics in African Catfish (Clarias gariepinus) Challenged With Aeromonas hydrophila.",Aquaculture nutrition,2025,10.1155/anu/6624613,Aini N; Wahyuningsih SPA; Achhlam DH; Fatimah; Amin MHF; Do HDK,
41321534,https://pubmed.ncbi.nlm.nih.gov/41321534/,41321534,PMC12657841,true,PRJNA1049387; PRJNA1049592,2,Lactobacillus strains from sows improve swine appetite by reducing the pro-inflammatory cytokine concentrations.,Animal nutrition (Zhongguo xu mu shou yi xue hui),2025,10.1016/j.aninu.2025.03.021,Li S; Zheng J; Zhao Y; He J; Liu H; Zhong W; Huang Y; Li Z; Yang M; Zhao X; Feng B; Che L; Fang Z; Li J; Xu S; Lin Y; Jiang X; Hua L; Zhuo Y; Wu D,
41316344,https://pubmed.ncbi.nlm.nih.gov/41316344/,41316344,PMC12771730,true,CRA023900; CRA023921; PRJCA034615,3,Sodium oligomannate modulates the gut-brain axis to alleviate post-stroke cognitive impairment by restoring butyrate metabolism.,Microbiome,2025,10.1186/s40168-025-02257-w,Ren Y; Liang J; Xie J; Hu W; Lai M; Li X; Zhang J; Zheng Y; Wu Q; Zhou H; Yin J,
41310419,https://pubmed.ncbi.nlm.nih.gov/41310419/,41310419,PMC12659504,true,PRJNA1251315,1,Alistipes putredinis CCUG 45780(T) exacerbates DSS-induced colitis in mice via modulation of gut microbiota and succinate metabolism.,BMC microbiology,2025,10.1186/s12866-025-04445-y,Niu M; He QY; Chen YX; Liu SM; Pan YQ; Zhu XR; Miao YL; Du Y,
41308447,https://pubmed.ncbi.nlm.nih.gov/41308447/,41308447,,false,,0,Potential of traditional Chinese medicine as an antibiotic alternative for mitigating antibiotic resistance: A case study of Tetrastigma hemsleyanum.,Journal of hazardous materials,2025,10.1016/j.jhazmat.2025.140613,Yang Z; Chen B; Zhang Q; Hu X; Sun L; Lu T; Zhu L; Ma Y; Zhong H; Ni Y; Qian H,
41306589,https://pubmed.ncbi.nlm.nih.gov/41306589/,41306589,PMC12643989,true,PRJNA1175865,1,Metagenomic analysis of gut microbiota composition and function in wild mice (Rattus flavipectus) infected with Enterocytozoon bieneusi.,Frontiers in cellular and infection microbiology,2025,10.3389/fcimb.2025.1708266,Yu HL; Liu R; Wang HT; Hou QY; Qin Y; Yang X; Gao ZQ; Yang LH; Zhao Q; Ma H,
41305606,https://pubmed.ncbi.nlm.nih.gov/41305606/,41305606,PMC12655260,true,PRJNA1358044,1,Lactiplantibacillus plantarum Lp20 Alleviates High Fat Diet-Induced Obesity in Mice via Its Bile Salt Hydrolase Activity.,Nutrients,2025,10.3390/nu17223555,Bai X; Lu F; Jing Y; Wang H; Qian H; Zhang M; Zhai Z; Hao Y,
41302874,https://pubmed.ncbi.nlm.nih.gov/41302874/,41302874,PMC12653833,true,PRJDB7102; PRJNA217467; PRJNA238270; PRJNA284583,4,Disentangling Gut Bacterial Community Patterns in Cryptocercus punctulatus and Comparing Their Metagenomes with Other Xylophagous Dyctioptera Insects.,Insects,2025,10.3390/insects16111128,Berlanga M; Miñana-Galbis D; Guerrero R,
41297516,https://pubmed.ncbi.nlm.nih.gov/41297516/,41297516,,false,,0,High-fat diet promotes colorectal tumorigenesis through gut microbiota-mediated metabolic reprogramming and M2 macrophage polarization.,Biochemical and biophysical research communications,2026,10.1016/j.bbrc.2025.153014,Xu L; Zhang J; Xiao Y; Jin P; Zhang J,
41296394,https://pubmed.ncbi.nlm.nih.gov/41296394/,41296394,PMC12651869,true,PRJNA1344668,1,Intestinal Microbial Profiles of Wild Zobaidy (Pampus argenteus) Fish Characterized by 16S rRNA Next Generation Sequencing.,Current issues in molecular biology,2025,10.3390/cimb47110890,Albaijan D; Albaijan D; Akbar A,
41291200,https://pubmed.ncbi.nlm.nih.gov/41291200/,41291200,PMC12749538,true,PRJNA1307965,1,Triptolide ameliorates LPS-induced acute lung injury in Balb/c mice through gut-lung axis-mediated regulation of bile acid metabolism and gut microbiota.,Scientific reports,2025,10.1038/s41598-025-29758-w,Zha Y; Fan L; Shen T; Zhang Y; Ren H,
41290836,https://pubmed.ncbi.nlm.nih.gov/41290836/,41290836,PMC12647819,true,PRJNA1244039,1,Temporal dynamics of the resistome in gilts raised in an organic operation in which semen used for artificial insemination is the primary source of antimicrobial exposure.,Scientific reports,2025,10.1038/s41598-025-25776-w,Brito LFC; Althouse GC; Pitta DW; Indugu N; Sarmiento MP; Balamurugan NS,
41289310,https://pubmed.ncbi.nlm.nih.gov/41289310/,41289310,PMC12674529,true,PRJNA1273701,1,Toxoplasma gondii disrupts intestinal microbiota and host metabolism in a rat model.,PLoS neglected tropical diseases,2025,10.1371/journal.pntd.0013768,Zhao JX; Zheng WB; Xie SC; Ma H; Chen XT; Gao YQ; Tang LY; Yang MT; Nan FL; Jiang J; Elsheikha HM; Zhang XX,
41285454,https://pubmed.ncbi.nlm.nih.gov/41285454/,41285454,PMC12950325,true,,0,Gut microbiota profiling of Javan pangolin (Manis javanica).,The Journal of veterinary medical science,2026,10.1292/jvms.25-0036,Safika S; Nisa' C; Supratikno; Cahyadi DD,
41280077,https://pubmed.ncbi.nlm.nih.gov/41280077/,41280077,PMC12633377,true,,0,Butyrate rescues chlorpyrifos-induced social deficits through inhibition of class I histone deacetylases.,bioRxiv : the preprint server for biology,2025,10.1101/2025.10.19.683261,Diaz L; Kong AX; Zhang P; Chi J; Pham K; Johnson M; Eno A; Douglas I; Mao Y; MacDonald JW; Cui JY; Bammler T; Gu H; Geng Y,
41279399,https://pubmed.ncbi.nlm.nih.gov/41279399/,41279399,PMC12632915,true,PRJNA1339042,1,Mucinolysome in gut microbiomes of farm animals and humans.,bioRxiv : the preprint server for biology,2025,10.1101/2025.10.14.682383,Akresi JE; Van Thanh Do T; Cui Z; Shanmugam NRS; Moraïs S; Mizrahi I; Bayer EA; Auchtung J; Yin Y,
41279255,https://pubmed.ncbi.nlm.nih.gov/41279255/,41279255,PMC12637443,true,,0,Detoxifying and depolymerizing microorganisms reveal intertwined guild collaborations in the gut microbiome of a generalist macro-algivorous fish.,bioRxiv : the preprint server for biology,2025,10.1101/2025.11.04.686673,Plominsky AM; Oliver A; Henriquez-Castillo C; Podell S; Minich JJ; Augyte S; Lowell-Hawkins J; Sims NA; Allen EE,
41271321,https://pubmed.ncbi.nlm.nih.gov/41271321/,41271321,,false,,0,Modulation of gut microbiota and storage stability of yogurt fortified with novel EPS-producing Lactiplantibacillus plantarum DPA1C.,"Food research international (Ottawa, Ont.)",2025,10.1016/j.foodres.2025.117154,Wang X; Lai J; Ye C; Tao L; Liu Y; Hu K; Li J; Li Q; Zhao N; Liu S,
41269708,https://pubmed.ncbi.nlm.nih.gov/41269708/,41269708,,false,,0,"Comparative Analysis of Gut Microbiota in Culex pipiens pallens and Culex tritaeniorhynchus from Four Regions in Chinese: Composition, Function, and Antibiotic Resistance.","Vector borne and zoonotic diseases (Larchmont, N.Y.)",2026,10.1177/15303667251394200,Bao GR; Elsheikha HM; Hou XW; Zhao JX; Shang KM; Su JW; Liu R; Ni HB; Zhang XX; Ma H,
41264233,https://pubmed.ncbi.nlm.nih.gov/41264233/,41264233,PMC12772343,true,CRA024847,1,Gut microbiome plasticity explains the altitudinal distribution pattern and adaptability in a small mammal species (Apodemus draco).,Microbiology spectrum,2026,10.1128/spectrum.02388-25,Yun Y; Duan C; He X; Tang R; Lan Y; Lu M; Liu T; Fan X; Fan Z; Ran J,
41262456,https://pubmed.ncbi.nlm.nih.gov/41262456/,41262456,PMC12624539,true,,0,"Metagenomics research on the gut microbiota of the Marmota himalayana of the Sanjiangyuan National Nature Reserve in Qinghai Province, China.",Biosafety and health,2025,10.1016/j.bsheal.2025.09.003,Ma Y; Li Z; Liu P; Wei Y; Jiang K; Yue Y; Zhang A; Wang W; Li L; Zhang P; Gu X; Liu Q; Lu L,
41261182,https://pubmed.ncbi.nlm.nih.gov/41261182/,41261182,,false,,0,Integrative multi-omics characterization of the gut microbiome in Pila globosa: functional insights into nutrient cycling and detoxification potential.,World journal of microbiology & biotechnology,2025,10.1007/s11274-025-04675-2,Prusty G; Prasad BR; Polaki S; Mereddy S,
41253025,https://pubmed.ncbi.nlm.nih.gov/41253025/,41253025,,false,,0,Lactobacillus johnsonii alleviates rhubarb-induced diarrhoea by regulating the gut microbiota and TLR4/NF-κB signalling pathway.,Phytomedicine : international journal of phytotherapy and phytopharmacology,2025,10.1016/j.phymed.2025.157550,Tian R; Chen N; Liu Z; Yan YG; Wang YW; Zhao P; Bo Zhao C; Zhang L; Zhang Q; Tang YP,
41249177,https://pubmed.ncbi.nlm.nih.gov/41249177/,41249177,PMC12623491,true,PRJNA436633,1,Multi-omic profiling reveals distinct gut microbial and metabolic landscapes in golden snub-nosed monkeys under contrasting conservation strategies.,NPJ biofilms and microbiomes,2025,10.1038/s41522-025-00836-1,Zhang D; Hu Q; Zhou Y; Yu H; Cong W; Cheng M; Wang J; Liu X; Zou K; Long S; Zhao C; Jiang J; Zhang Y,
41239026,https://pubmed.ncbi.nlm.nih.gov/41239026/,41239026,,false,,0,Investigation of the Alterations in the Gut Microbiota and Intestinal Mucosa in Mice Infected with Echinococcus multilocularis.,Acta parasitologica,2025,10.1007/s11686-025-01166-0,Cao D; Huang W; Pang M; Li J; Huang H; Ma H; Li D; Qin Y; Peng X; Fan H,
41236809,https://pubmed.ncbi.nlm.nih.gov/41236809/,41236809,PMC12743186,true,PRJNA1219777,1,Characterization of Gut Microbiota of Honey Bees in Korea.,Polish journal of microbiology,2025,10.33073/pjm-2025-025,Shuvo MSH; Kim S; Jo S; Rahim MA; Barman I; Hossain MS; Jeong Y; Jeong H; Kim S; Seo H; Song HY,
41231970,https://pubmed.ncbi.nlm.nih.gov/41231970/,41231970,PMC12724367,true,,0,Shotgun metagenomic mining reveals a new FAD-dependent D-lactate dehydrogenase in an isopod gut microbiome.,Applied and environmental microbiology,2025,10.1128/aem.01480-25,Coelho C; Taborda A; Lorena C; Frazão T; Veríssimo A; Borges PT; Brissos V; Tiago I; Martins LO,
41231285,https://pubmed.ncbi.nlm.nih.gov/41231285/,41231285,,false,,0,Intestinal microbiome diversity and disparity between wild and captive endangered Asian elephants (Elephas maximus indicus) in southern India.,Antonie van Leeuwenhoek,2025,10.1007/s10482-025-02206-5,Padur Sankaranarayanan A; Dhanapal S; Valliyappan M; Shyu DJH; Parthasarathy TN,
41230492,https://pubmed.ncbi.nlm.nih.gov/41230492/,41230492,PMC12604102,true,PRJNA1234694; PRJNA1297587,2,Gut microbial community structure of the adult citrus root weevil Diaprepes abbreviatus.,Frontiers in insect science,2025,10.3389/finsc.2025.1676003,Rodriguez-Fernandez IA; Santiago-Rodriguez TM; Figueroa-Pratts PG; Cintrón-Berríos K; Rodriguez-Cornier ND; Toranzos GA,
41228409,https://pubmed.ncbi.nlm.nih.gov/41228409/,41228409,PMC12608177,true,,0,Steamed Panax notoginseng Saponins Ameliorate Cyclophosphamide-Induced Anemia by Attenuating Gut-Liver Injury and Activating the cAMP/PI3K/AKT Signaling Pathway.,Nutrients,2025,10.3390/nu17213335,Xu C; Cui H; Fang Q; Tu P; Cui X,
41222145,https://pubmed.ncbi.nlm.nih.gov/41222145/,41222145,PMC12691588,true,PRJNA1298916,1,A synthetic gut microbiota provides an understanding of the maintenance and functional impact of phage.,mBio,2025,10.1128/mbio.02341-25,Koo H; Heber K; Tian S; Connolly ST; Hao F; Zhao J; Swencki-Underwood B; Patterson AD; Townsend GE; Bisanz JE,
41218490,https://pubmed.ncbi.nlm.nih.gov/41218490/,41218490,,false,,0,Synergistic ecotoxicity of nanoscale zero-valent iron and cadmium in soil: Insights from Eisenia fetida.,Ecotoxicology and environmental safety,2025,10.1016/j.ecoenv.2025.119381,Qingrui L; Hongyang L; Guijun W; Yiqiao Z; Yue C; Changqun D; Chang'e L,
41218045,https://pubmed.ncbi.nlm.nih.gov/41218045/,41218045,PMC12604756,true,PRJNA1328360,1,Exploring the gut microbiota of Pacific white shrimp (Litopenaeus vannamei) suffering pale shrimp disease.,PloS one,2025,10.1371/journal.pone.0336700,Kitsanayanyong L; Chongprachavat N; Rairat T; Keetanon A; Wimanhaemin P; Chuchird N,
41204634,https://pubmed.ncbi.nlm.nih.gov/41204634/,41204634,,false,,0,Gut Microbiota-Mediated Antihypertensive Effects of Probiotic Fermented Milk: A Multi-Omics Study.,Journal of food science,2025,10.1111/1750-3841.70654,Yuan L; Li Y; Wang Z; Xie X; Wu Q,
41203007,https://pubmed.ncbi.nlm.nih.gov/41203007/,41203007,,false,,0,Disrupted Microbiome-Metabolome networks underlie gut barrier and immune imbalance in severe fever with thrombocytopenia syndrome.,Microbes and infection,2025,10.1016/j.micinf.2025.105586,Li H; Wang X; Zhang X; Mu H; Hao R; Li Y; Liu Q; Chi R; Zhai D,
41197330,https://pubmed.ncbi.nlm.nih.gov/41197330/,41197330,,false,,0,Probiotic-fermented milk alleviates hypertension in preeclampsia rats and is associated with increases in branched fatty acid esters of hydroxy fatty acids.,"Nutrition research (New York, N.Y.)",2025,10.1016/j.nutres.2025.10.004,Ke T; Jiang T; Li H; Dong X; Khoo HE,
41192191,https://pubmed.ncbi.nlm.nih.gov/41192191/,41192191,,false,,0,Gut microbiota composition and antibiotic resistance ontology landscape in Micropterus salmoides: Insights from metagenomic and metabolomic analyses.,"Comparative biochemistry and physiology. Part D, Genomics & proteomics",2026,10.1016/j.cbd.2025.101666,Zhou G; Wang YS; Zhang GF; Zhang SY; Wen X; Cui ZB; Shi QS; Xie XB,
41188219,https://pubmed.ncbi.nlm.nih.gov/41188219/,41188219,PMC12586679,true,PRJNA1232403,1,Phage diversity mirrors bacterial strain diversity in the honey bee gut microbiota.,Nature communications,2025,10.1038/s41467-025-64706-2,Ndiaye M; Bonilla-Rosso G; Mazel F; Engel P,
41183487,https://pubmed.ncbi.nlm.nih.gov/41183487/,41183487,,false,,0,Lactobacillus gasseri TF08-1 ameliorates high-fat diet induced nonalcoholic fatty liver disease and regulates gut microbiota in mice.,Journal of applied microbiology,2025,10.1093/jambio/lxaf271,Xu Q; He N; Tian Y; Wu Z; Wang H; Liu B; Yang Z; Zhang H; Luo Q; Zhong Y; Xiao L; Li S; Zou Y,
41180884,https://pubmed.ncbi.nlm.nih.gov/41180884/,41180884,,false,,0,Comparative Analysis of Gut Bacterial Communities in Fish and Shellfish of Great Himalayan River System.,Indian journal of microbiology,2025,10.1007/s12088-024-01286-7,Sharma P; Kapoor N; Langer S,
41177025,https://pubmed.ncbi.nlm.nih.gov/41177025/,41177025,,false,,0,Bisphenol-A at an environmentally plausible dose caused gut microbiota-led impaired cognitive performances in adult mice.,Journal of hazardous materials,2025,10.1016/j.jhazmat.2025.140254,Singh DP; Bijalwan V; Poonam J; Lal R; Palkhade R; Viramgami A; Vidhani H; Kumar A; Bishnoi M; Das S,
41172852,https://pubmed.ncbi.nlm.nih.gov/41172852/,41172852,,false,,0,Carbohydrate-metabolizing gastrointestinal bacteria mediate resistome divergence in high feed efficiency Holstein dairy calves.,Journal of hazardous materials,2025,10.1016/j.jhazmat.2025.140283,Chen T; Li S; Xiao J; Peng R; Sha M; Wang J; Ma J; Wang W; Ma M; Li S; Cao Z; Liu S,
41171541,https://pubmed.ncbi.nlm.nih.gov/41171541/,41171541,,false,,0,"Gut microbiota profiling of Apis cerana indica across biodiversity hotspots in the Western Ghats, India.",Molecular biology reports,2025,10.1007/s11033-025-11152-4,Joseph JS; Selvamani SB; Thiruvengadam V; Ramasamy GG; Subramanian S; Menon G; Sivakumar G; Manjunath C,
41163128,https://pubmed.ncbi.nlm.nih.gov/41163128/,41163128,PMC12573826,true,CRA018931; PRJNA358755; PRJNA407583; PRJNA539933; PRJNA932553,5,Comprehensive metagenomic analysis of the giant panda's oral microbiome reveals distinct taxonomic and functional characteristics.,Animal microbiome,2025,10.1186/s42523-025-00475-z,Xiao LF; Li Y; Lian H; Liu X; Wen Y; Chen X; Huang W; Li B; Luo L; Wang X; Tutt C; Zheng J; Wang VY; Shao NY,
41160143,https://pubmed.ncbi.nlm.nih.gov/41160143/,41160143,,false,,0,Gut microbiome profiling of antibiotic-treated Mystus cavasius using culture-based and shotgun metagenomic approaches.,Antonie van Leeuwenhoek,2025,10.1007/s10482-025-02195-5,Begum M; Barsha KF; Rahman MM; Sarkar MMH; Chowdhury SF; Bhowmik S; Shormi AS; Bari SM,
41159770,https://pubmed.ncbi.nlm.nih.gov/41159770/,41159770,PMC12570210,true,,0,Lactiplantibacillus plantarum Attenuates Diet-Induced Obesity and Insulin Resistance Through Gut Microbiota-Driven PPAR/PI3K-Axis Modulation.,Microbial biotechnology,2025,10.1111/1751-7915.70227,Gao Y; Zhu A; Li J; Liu H; Li X; Zhang H,
41159034,https://pubmed.ncbi.nlm.nih.gov/41159034/,41159034,PMC12557997,true,PRJNA1336314,1,Colonization by Akkermansia muciniphila modulates central nervous system autoimmunity in an ecological context-dependent manner.,Frontiers in immunology,2025,10.3389/fimmu.2025.1655428,Peipert D; Montgomery TL; Toppen LC; Lee MFJ; Scarborough MJ; Krementsov DN,
41153961,https://pubmed.ncbi.nlm.nih.gov/41153961/,41153961,PMC12561061,true,PRJNA1293921,1,Characteristics of the Gut Microbiota in Different Segments of the Gastrointestinal Tract of Big-Eyed Bamboo Snake (Pseudoxenodon macrops).,Animals : an open access journal from MDPI,2025,10.3390/ani15203035,Xiang R; Chen J; Wang J; Song H; Jiang J; Wu F; Luo J; Duan M; Zhu G,
41153865,https://pubmed.ncbi.nlm.nih.gov/41153865/,41153865,PMC12560936,true,,0,Metagenomic Applications to Herbivore Gut Microbiomes: A Comprehensive Review of Microbial Diversity and Host Interactions.,Animals : an open access journal from MDPI,2025,10.3390/ani15202938,Wei J; Wei L; Ullah A; Geng M; Zhang X; Wang C; Khan MZ; Wang C; Zhang Z,
41148302,https://pubmed.ncbi.nlm.nih.gov/41148302/,41148302,,false,,0,"Linking diet, gut microbiota, and metabolites to Parkinson's disease risk: a shotgun metagenomic comparison of Japanese and Taiwanese cohorts.","Journal of neural transmission (Vienna, Austria : 1996)",2025,10.1007/s00702-025-03052-5,Hirayama M; Maeda T; Kashihara K; Tsuboi Y; Ito M; Nishiwaki H; Ohno K; Ueyama J,
41147782,https://pubmed.ncbi.nlm.nih.gov/41147782/,41147782,,false,,0,Symbiotic nitrogen fixation and recycling in xylophagous insects: insights from gut microbiota of Apriona swainsoni larvae.,Pest management science,2026,10.1002/ps.70323,Zhang L; Yang G; Zhang C; Ji B; Wu D,
41143740,https://pubmed.ncbi.nlm.nih.gov/41143740/,41143740,,false,,0,Genotypic and phenotypic characterization of Lacticaseibacillus paracasei HP-B1337 associated with lipotropic effect on high-fat-diet-induced obesity mice.,Journal of applied microbiology,2025,10.1093/jambio/lxaf265,Li LF; Tan ZW; Wang YR; Mao XR; Jiang JX; Liu RR; Wu H; Hou SY,
41143690,https://pubmed.ncbi.nlm.nih.gov/41143690/,41143690,,false,,0,In vivo exposure of mixed microplastic particles in mice and its impacts on the murine gut microbiome and metabolome.,Toxicological sciences : an official journal of the Society of Toxicology,2026,10.1093/toxsci/kfaf145,Kim KJ; Garcia MM; Romero AS; Jin Y; Chi J; Campen MJ; Gu H; Richardson JR; Castillo EF; Cui JY,
41138182,https://pubmed.ncbi.nlm.nih.gov/41138182/,41138182,,false,,0,Health-associated key gut microbiota drives the variation in community metabolic interactions in non-human primates.,Cell reports,2025,10.1016/j.celrep.2025.116477,Gao SM; Lan LY; Yang L; Chen T; Fan PF,
41128412,https://pubmed.ncbi.nlm.nih.gov/41128412/,41128412,PMC12593376,true,GSE207651,1,Oral Multi-Enzymatic Manganese-Carbon Dots Alleviate Sepsis-Associated Lung Injury via the Gut-Lung Axis.,ACS nano,2025,10.1021/acsnano.5c10625,Peng L; Song H; Shi H; Wu L; Ma Y; Fan X; Wu M; Duan L; Li Z; Yuan H,
41121093,https://pubmed.ncbi.nlm.nih.gov/41121093/,41121093,PMC12539184,true,,0,Indole-3-lactic acid protects the gut vascular barrier following intestinal ischemia injury through AhR/Nrf2/STAT3 mediated claudin 2 downregulation.,Cell communication and signaling : CCS,2025,10.1186/s12964-025-02454-y,Jia Y; He M; Wang F; Zhan Y; Deng Q; Shen J; Wang X; Ran Q; Huang W; Ling Y; Wen S,
41117680,https://pubmed.ncbi.nlm.nih.gov/41117680/,41117680,PMC12782683,true,,0,The contribution of probiotics to combined cellular therapy in skin wound healing in diabetic rats.,Ulusal travma ve acil cerrahi dergisi = Turkish journal of trauma & emergency surgery : TJTES,2025,10.14744/tjtes.2025.37711,Karakayalı EM; Tuğlu Mİ,
41115834,https://pubmed.ncbi.nlm.nih.gov/41115834/,41115834,PMC12537272,true,PRJEB85982,1,Characterising the Multiple-Plastic Degrading Strain of Bacillus subtilis GM_03 From the Galleria mellonella Microbiome.,Environmental microbiology reports,2025,10.1111/1758-2229.70216,Facey FSB; Maharjan R; Dinh H; Buchanan JS; Connal LA; Tay AP; Paulsen IT; Cain AK,
41112047,https://pubmed.ncbi.nlm.nih.gov/41112047/,41112047,PMC12527995,true,PRJNA1193792,1,"Characterizing the microbiome of ""sterile"" organs in experimental mice and evidence of translocation of bacteria from the gut to other internal organs.",iMeta,2025,10.1002/imt2.70081,Xu M; Guan S; Zhong C; Ma M; Tao L; Huang G,
41110566,https://pubmed.ncbi.nlm.nih.gov/41110566/,41110566,,false,,0,Study on the intestinal metabolism and absorption of polysaccharides from Dendrobium officinale.,International journal of biological macromolecules,2025,10.1016/j.ijbiomac.2025.148390,Wu Z; He Z; Dou P; Wang K; Zhang Y,
41110291,https://pubmed.ncbi.nlm.nih.gov/41110291/,41110291,,false,,0,Host-dominated oxidative cascades and transgenerational Cu transfer drive population collapse in Spodoptera frugiperda under chronic CuO nanoparticle exposure: Implications for nano-pesticide environmental risk assessment.,Environment international,2025,10.1016/j.envint.2025.109874,Liu C; Liu Y; Li Y; Liu M; Lu H; Liu X; Lu M,
41108937,https://pubmed.ncbi.nlm.nih.gov/41108937/,41108937,PMC12554960,true,,0,Metagenomic analysis of bile acid biotransformation by gut microbiota in wild birds.,Poultry science,2025,10.1016/j.psj.2025.105956,Yang MT; Xie LH; Wang L; Gao YQ; Liu R; Ma H; Lei CC; Jiang J; Su JW; Zhang XX; Ni HB; Nan FL,
41106786,https://pubmed.ncbi.nlm.nih.gov/41106786/,41106786,,false,,0,Shenmai injection attenuates sepsis-associated acute lung injury by remodeling gut microbiota and restoring steroid hormone biosynthesis.,Fitoterapia,2025,10.1016/j.fitote.2025.106935,Guo M; Zhao H; Song N; Huang P; Li M; Han L; Zeng KW; Lu Z,
41101217,https://pubmed.ncbi.nlm.nih.gov/41101217/,41101217,,false,,0,Characterization and intestinal pathogenicity of Proteus mirabilis isolated from broiler carcasses and processing environments.,International journal of food microbiology,2026,10.1016/j.ijfoodmicro.2025.111487,Liu XL; Wu SY; Zou ZP; Xian X; Wang J; Min L; Zhou Y; Houf K; Yu Z,
41100443,https://pubmed.ncbi.nlm.nih.gov/41100443/,41100443,PMC12530534,true,PRJNA1190225,1,Increased urea nitrogen salvaging by a remodeled gut microbiota helps nonhibernating pikas maintain protein homeostasis during winter.,PLoS biology,2025,10.1371/journal.pbio.3003436,Shi F; Zou D; Zhang L; Guo N; Yu J; Degen AA; Tang X; Ren S; Ru Y; Zheng S; Zhang Y; Wang D,
41093983,https://pubmed.ncbi.nlm.nih.gov/41093983/,41093983,PMC12528479,true,,0,Sex-dependent responses in mice to indomethacin-induced organ injury and gut microbiome-targeted alleviation.,Scientific reports,2025,10.1038/s41598-025-20020-x,Zhang J; Sekela JJ; Hutchinson LE; Yang J; Sellers RS; Bhatt AP; Redinbo MR,
41092847,https://pubmed.ncbi.nlm.nih.gov/41092847/,41092847,,false,,0,"Gut microbiome metagenomics in diarrheic and healthy Simmental cattle from Ningxia Province, China.",Research in veterinary science,2025,10.1016/j.rvsc.2025.105922,Zhang Y; Su K; Munir F; Wang W; Liang X; Wang J; Hua J; Ma W,
41088378,https://pubmed.ncbi.nlm.nih.gov/41088378/,41088378,PMC12522788,true,PRJNA1240267,1,Effects of zacopride and multidimensional impacts of cross-kingdom symbiosis: gut microbiota modulates coronary microvascular dysfunction via the chlorophyll/heme-tryptophan metabolic axis.,Journal of translational medicine,2025,10.1186/s12967-025-07048-3,Chen Z; Jia Y; Li H; Fan R; Cao Y; Ni L; Yang L; Yuan Z; Zhu K; Gao Y; Lin Y,
41087617,https://pubmed.ncbi.nlm.nih.gov/41087617/,41087617,,false,,0,Hyperbaric oxygen treatment mitigates gut dysbiosis of mice with spinal cord injury.,"Journal of molecular medicine (Berlin, Germany)",2025,10.1007/s00109-025-02604-2,Liu M; Yang L; Nan D; Ma L; Zhang J; Liang F; Yang J; Liu X,
41083440,https://pubmed.ncbi.nlm.nih.gov/41083440/,41083440,PMC12518797,true,PRJNA1157353,1,Evolution of gut microbiota across honeybee species revealed by comparative metagenomics.,Nature communications,2025,10.1038/s41467-025-64115-5,Prasad A; Pallujam AD; Siddaganga R; Suryanarayanan A; Mazel F; Brockmann A; Yek SH; Engel P,
41082055,https://pubmed.ncbi.nlm.nih.gov/41082055/,41082055,,false,,0,Microbial ecology and functional landscape of black soldier fly larval bioconversion of orange waste: A metataxonomic perspective.,World journal of microbiology & biotechnology,2025,10.1007/s11274-025-04622-1,Aderolu AZ; Salam LB; Lawal MO; Kabiawu-Mutiu LF; Bassey ME; Shobande MA,
41079637,https://pubmed.ncbi.nlm.nih.gov/41079637/,41079637,PMC12514569,true,,0,Impact of mycotoxins and glyphosate residue on the gut microbiome and resistome of European fallow deer.,iScience,2025,10.1016/j.isci.2025.113539,Tóth AG; Nagy SÁ; Lakatos I; Solymosi N; Stágel A; Paholcsek M; Posta K; Gömbös P; Ferenczi S; Szőke Z,
41075532,https://pubmed.ncbi.nlm.nih.gov/41075532/,41075532,,false,,0,Characterisation of the gut microbiome and surveillance of antibiotic resistance genes in green sea turtles (Chelonia mydas).,Marine environmental research,2025,10.1016/j.marenvres.2025.107605,Ghafoor D; Hayakijkosol O; Prasetsincharoen N; Chen CCM; Noman M; Chomchat P; Kinobe R,
41068119,https://pubmed.ncbi.nlm.nih.gov/41068119/,41068119,PMC12511339,true,CNP0000175; CNP0002106; CRA010380; PRJCA042329; PRJEB6070; PRJNA763692; PRJNA984595,7,UPGG: expanding the taxonomic and functional diversity of the pig gut microbiome with an enhanced genome catalog.,NPJ biofilms and microbiomes,2025,10.1038/s41522-025-00828-1,Liu S; Feng B; Zhang Z; Miao J; Lai X; Zhao W; Xie Q; Ye X; Cao C; Yu P; Sun J; Guo J; Wang Z; Wang Q; Zhang Z; Pan Y,
41064842,https://pubmed.ncbi.nlm.nih.gov/41064842/,41064842,PMC12501567,true,,0,Rearing system and immune status influence the small intestinal microbiota of IPB-D3 chickens: A full-length 16S rRNA metagenomic approach.,Veterinary world,2025,10.14202/vetworld.2025.2206-2221,Kuswandi W; Budiman C; Khaerunnisa I; Sumantri C,
41060580,https://pubmed.ncbi.nlm.nih.gov/41060580/,41060580,,false,,0,"Investigating the effects of synbiotics, postbiotics and bacilli in the modulation of gut microbiota and the survival of Litopenaeus vannamei challenged with Vibrio parahaemolyticus.",Brazilian journal of microbiology : [publication of the Brazilian Society for Microbiology],2025,10.1007/s42770-025-01718-6,Vega-Carranza AS; Escamilla-Montes R; Luna-González A; Diarte-Plata G; Fierro-Coronado JA; García-Gutiérrez C; Ceseña CE,
41059035,https://pubmed.ncbi.nlm.nih.gov/41059035/,41059035,PMC12497699,true,PRJNA1254409,1,"A novel broad-spectrum lytic phage vB_EcoM_P3322: isolation, characterization, and therapeutic potential against avian pathogenic Escherichia coli.",Frontiers in cellular and infection microbiology,2025,10.3389/fcimb.2025.1645263,Huang Y; Zhang M; Tian Y; Lan X; Jin W; Bai Y; Zang Q; Chen M; Su Z; Zhang W; Aishan G; Geng M; Xie J; Tong P,
41046693,https://pubmed.ncbi.nlm.nih.gov/41046693/,41046693,,false,,0,Assessment of health effects of potato crop phytopharmaceuticals and storage products in a murine model.,The Science of the total environment,2025,10.1016/j.scitotenv.2025.180630,Theysgeur S; Dugardin C; Louvel B; Lemière S; Muchembled J; Taminiau B; Daube G; Siah A; Ravallec R; Hilbert JL; Lucau-Danila A,
41044758,https://pubmed.ncbi.nlm.nih.gov/41044758/,41044758,PMC12495711,true,PRJNA1214037,1,Severity of Brachyspira hyodysenteriae colitis correlates to the changes observed in the microbiota composition and its associated functionality in the large intestine.,Animal microbiome,2025,10.1186/s42523-025-00466-0,Pérez-Pérez L; Galisteo C; Sanjuán JMO; Cobo-Díaz JF; Puente H; Rubio P; Carvajal A; Arguello H,
41043307,https://pubmed.ncbi.nlm.nih.gov/41043307/,41043307,PMC12524044,true,CRA018763; CRA024437,2,Tooth Loss-Induced Gut Dysbiosis Promotes Neuroinflammation via L-Asparagine-Mediated Neuronal Toxicity.,International dental journal,2025,10.1016/j.identj.2025.103929,Ji Z; Liu S; Tian Z; Guo N; Wei W; Jiang Q,
41043233,https://pubmed.ncbi.nlm.nih.gov/41043233/,41043233,,false,,0,"Metagenome-metabolome responses to linarin alleviate hepatic inflammatory response, oxidative damage, and apoptosis in an ETEC-challenged weaned piglet model.",Ecotoxicology and environmental safety,2025,10.1016/j.ecoenv.2025.119145,Sun C; Liu X; Wang M; Zhang Q; Geng H; Ji X; Wang H; Li S; Jin E; Zhang F,
41040880,https://pubmed.ncbi.nlm.nih.gov/41040880/,41040880,PMC12486412,true,CRA029385,1,Developmental dynamics and functional adaptation of gut microbiota in Mongolian wild asses (Equus hemionus hemionus) across ontogenetic stages in arid desert ecosystems.,Frontiers in microbiology,2025,10.3389/fmicb.2025.1659661,Wang J; Gu H; Gao H; Zhang T; Li B; Zhang M; Jiang F; Song P; Liang C; Fan Q; Xu Y; Zhang R,
41039213,https://pubmed.ncbi.nlm.nih.gov/41039213/,41039213,PMC12492570,true,PRJEB81711,1,Metagenome-based identification of functional traits of the black soldier fly gut microbiome associated with larval performance.,BMC microbiology,2025,10.1186/s12866-025-04327-3,IJdema F; Arias-Giraldo LM; Vervoort E; Struyf T; Van den Ende W; Raaijmakers JM; Lievens B; De Smet J,
41035224,https://pubmed.ncbi.nlm.nih.gov/41035224/,41035224,PMC12489020,true,,0,Immunoproteasome Inhibition Positively Impacts the Gut-Muscle Axis in Duchenne Muscular Dystrophy.,"Journal of cachexia, sarcopenia and muscle",2025,10.1002/jcsm.70054,Farini A; Strati F; Molinaro M; Mostosi D; Saccone S; Tripodi L; Troisi J; Landolfi A; Amoroso C; Cassani B; Blanco-Míguez A; Leonetti E; Bazzani D; Bolzan M; Fortunato F; Caprioli F; Facciotti F; Torrente Y,
41030555,https://pubmed.ncbi.nlm.nih.gov/41030555/,41030555,PMC12477724,true,,0,Microbial gatekeepers: midgut bacteria in Aedes mosquitoes as modulators of arboviral transmission and targets for sustainable vector control.,Frontiers in microbiology,2025,10.3389/fmicb.2025.1656709,Worku AT; Sciarretta A; Guarnieri A; Falcone M; Brancazio N; Minwuyelet A; Cutuli MA; Atenafu G; Nicolosi D; Colacci M; Yewhalaw D; Di Marco R; Petronio Petronio G,
41029787,https://pubmed.ncbi.nlm.nih.gov/41029787/,41029787,PMC12487356,true,PRJNA1049315,1,Effect of an antibiotic and a probiotic on phage communities in the swine gut microbiota.,BMC research notes,2025,10.1186/s13104-025-07484-w,Lemieux É; Monger XC; Saucier L; Charette SJ; Guay F; Pouliot É; Fournaise S; Vincent AT,
41026172,https://pubmed.ncbi.nlm.nih.gov/41026172/,41026172,PMC12484350,true,,0,Population and Spatial Features Impact the Gut Phageome-Bacteriome Structure and Interactions in a Mammal Species Living in Fragmented Habitats.,Microbial ecology,2025,10.1007/s00248-025-02594-1,Gao H; Ma X; Lu M; Wang Y; Liu H; Hu X; Nie Y,
41019955,https://pubmed.ncbi.nlm.nih.gov/41019955/,41019955,,true,,0,,,,,,
41019524,https://pubmed.ncbi.nlm.nih.gov/41019524/,41019524,PMC12466152,true,,0,Bile acid pathways in Caprinae gut microbiota: adaptive shifts in microbial metabolism and community structure.,Frontiers in microbiology,2025,10.3389/fmicb.2025.1648896,Shang KM; Liu R; Ni HB; Ma H; Su JW; Yu HL; Guo L; Chen BN; Zhang XX; Yang X,
41019405,https://pubmed.ncbi.nlm.nih.gov/41019405/,41019405,PMC12463458,true,PRJNA1088789,1,The Influence of Diet on the Composition and Function of Gut Microbiota in Four Snake Species.,Ecology and evolution,2025,10.1002/ece3.72204,Song H; Li X; Luo J; Wang J; Wu F; Jiang J; Chen J; Cheng Y; Yong Y; Duan M; Zhu G,
41015602,https://pubmed.ncbi.nlm.nih.gov/41015602/,41015602,,false,,0,"Host-Driven Functional Divergence in Gut Microbiota of Honeybees Apis cerana and Apis mellifera: Implications for Pollination, Nutrition, and Sustainable Apiculture.",Current microbiology,2025,10.1007/s00284-025-04525-2,Nazrin MRR; Pavan JS; Gouda MNR; Kumaranag KM; Suroshe SS; Kamil D; Subramanian S,
41015376,https://pubmed.ncbi.nlm.nih.gov/41015376/,41015376,,false,,0,Toxoplasma gondii alters gut microbiota and systemic metabolism in cats: A multi-omics approach.,"Veterinary journal (London, England : 1997)",2025,10.1016/j.tvjl.2025.106455,Zhao JX; Wang XY; Zhang X; Tang LY; Xie SC; Lv YH; Zheng Z; Gao YQ; Jiang J; Zhang XX; Ma H,
41014671,https://pubmed.ncbi.nlm.nih.gov/41014671/,41014671,,false,,0,"Integrating metagenomics, lipidomics and proteomics to explore the effect and mechanism of ginsenoside Rb1 on atherosclerosis co-depression disease.",Phytomedicine : international journal of phytotherapy and phytopharmacology,2025,10.1016/j.phymed.2025.157301,Zhao Y; Song T; Ren P; Wu X; Luo Q; Xie J; Lai H; Li X; Wen Y; Liao X; Zhou J,
41011492,https://pubmed.ncbi.nlm.nih.gov/41011492/,41011492,PMC12472612,true,PRJEB94130,1,Impact of Organic and Conventional Husbandry Systems on the Gut Microbiome and Resistome in Pigs.,Microorganisms,2025,10.3390/microorganisms13092161,Wedemeyer J; Lechleiter N; Vernunft A; Junker J; Homeier-Bachmann T,
41010544,https://pubmed.ncbi.nlm.nih.gov/41010544/,41010544,PMC12472961,true,,0,Cholesterol-Lowering Mechanism of Lactobacillus Bile Salt Hydrolase Through Regulation of Bifidobacterium pseudolongum in the Gut Microbiota.,Nutrients,2025,10.3390/nu17183019,Liu Y; Kuang W; Li M; Wang Z; Liu Y; Zhao M; Huan H; Yang Y,
41007969,https://pubmed.ncbi.nlm.nih.gov/41007969/,41007969,PMC12466472,true,CRA019574; CRA019576; CRA019589,3,Host Genetic Effects and Phenotypic Landscapes of Rumen Bacterial Enterotypes in a Large Sheep Population.,Animals : an open access journal from MDPI,2025,10.3390/ani15182724,Zhang Y; Li F; Zhang X; Zhang D; Wang W,
41000896,https://pubmed.ncbi.nlm.nih.gov/41000896/,41000896,PMC12458340,true,PRJNA1306187,1,Isolation by distance promotes strain diversification in the wild mouse gut microbiota.,bioRxiv : the preprint server for biology,2025,10.1101/2025.09.15.676373,Dillard BA; Sanders JG; Husain AP; Yule KM; Moeller AH,
40999305,https://pubmed.ncbi.nlm.nih.gov/40999305/,40999305,,false,,0,Gut microbial genetic variations are associated with exploratory behavior via SNV-driven metabolic regulation in a sheep model.,Science China. Life sciences,2026,10.1007/s11427-025-3043-5,Yang S; Ma B; Gao M; Wu J; Pilling D; Zhu L; Wang X; Dong Q; Wang Y; Pool K; Maloney S; Li P; Blache D; Ding L; Chen L,
40997471,https://pubmed.ncbi.nlm.nih.gov/40997471/,40997471,,false,,0,Earthworm-assisted shift and enrichment of the active di(2-ethylhexyl) phthalate degraders in farmland soils by DNA-stable isotope probing.,Journal of hazardous materials,2025,10.1016/j.jhazmat.2025.139916,Wei T; Zhen Z; Luo S; Chen Y; Li J; Liang YQ; Song M; Li J; Lin Z; Zhang D,
40989616,https://pubmed.ncbi.nlm.nih.gov/40989616/,40989616,PMC12451167,true,PRJNA1250387,1,Complete genome sequence and genomic characterization of the probiotic Limosilactobacillus reuteri PSC102.,Open veterinary journal,2025,10.5455/OVJ.2025.v15.i6.15,Lee GY; Cho HY; Sayem SAJ; Kim SJ; Ali MS; Park SC,
40980884,https://pubmed.ncbi.nlm.nih.gov/40980884/,40980884,PMC12607879,true,PRJNA1206451,1,Hi-C-resolved metagenomics reveals host range variation among mobile genetic elements within the European honey bee.,mBio,2025,10.1128/mbio.02243-25,Robinson CRP; Dolezal AG; Liachko I; Newton ILG,
40977701,https://pubmed.ncbi.nlm.nih.gov/40977701/,40977701,PMC12446369,true,PRJCA038301; PRJNA1247133,2,Comprehensive metagenomic and lipidomic analysis showed that baicalin could improve depressive behaviour in atherosclerotic mice by inhibiting nerve cell ferroptosis.,Frontiers in immunology,2025,10.3389/fimmu.2025.1599570,Ren P; Zhao Y; Li X; Xie J; Liao X; Luo Q; Liu X; Li J; Fan Y; Cheng X; Fu X; Zhou J; Wu X,
40972730,https://pubmed.ncbi.nlm.nih.gov/40972730/,40972730,,false,,0,A novel cholesterol-reducing mechanism of polygonati rhizoma: Dual action via Bacteroides-mediated cholesterol sulfonation and feedback inhibition of ACAT2 by sulfated metabolite.,Journal of ethnopharmacology,2026,10.1016/j.jep.2025.120619,Wang X; Chen M; Su Y; Zhang X; Chen J; Huang Z; Xie J; Xie Q; He L; Su L; Su Z; Wang H; Li Y,
40972220,https://pubmed.ncbi.nlm.nih.gov/40972220/,40972220,,false,,0,Are biopesticides really safe? Impacts on gut microbiota and intestinal health in freshwater fish.,Journal of contaminant hydrology,2026,10.1016/j.jconhyd.2025.104727,Saha S; Mondal A; Bag S; Ghosh S; Mandal AH; Saha NC; Chatterjee S; Sopjani M; Multisanti CR; Faggio C,
40971838,https://pubmed.ncbi.nlm.nih.gov/40971838/,40971838,,false,,0,Rhizosphere-derived microbiome of Ailanthus altissima drives gut microbiome composition in Lycorma delicatula (Hemiptera: Fulgoridae).,Journal of economic entomology,2025,10.1093/jee/toaf217,Guo X; Liang A,
40969552,https://pubmed.ncbi.nlm.nih.gov/40969552/,40969552,PMC12440968,true,PRJNA1232340,1,Changes in antioxidant capacity and gut microbiota in mice after intake of camel milk.,Frontiers in cellular and infection microbiology,2025,10.3389/fcimb.2025.1621031,Wang J; Ren W; Liu S; Li Z; Zeng Y; Meng J; Yao X,
40966844,https://pubmed.ncbi.nlm.nih.gov/40966844/,40966844,,false,,0,"Genomic insights into Bacillus sp. KNSH11 from Litopenaeus vannamei intestine: Probiotic potential, safety, and aquaculture applications.","Comparative biochemistry and physiology. Part D, Genomics & proteomics",2025,10.1016/j.cbd.2025.101633,Sihamok W; Islam SI; Khang LTP; Dangsawat O; Sangsawad P; Tu TA; Thao CP; Dinh-Hung N; Permpoonpattana P; Linh NV,
40961667,https://pubmed.ncbi.nlm.nih.gov/40961667/,40961667,,false,,0,Greenhouse gas emissions from black soldier fly composting of silver and silver sulfide nanoparticle-enriched sludge.,Water research,2026,10.1016/j.watres.2025.124608,Wu J; Xiong L; Yang Y; Li C; Mao P; Zhou Q; Yu G; Huang X; Tyagi RD; He X; Wong JWC,
40946456,https://pubmed.ncbi.nlm.nih.gov/40946456/,40946456,,false,,0,"Comparative recovery of carbon, nitrogen, and phosphorus from food waste via anaerobic digestion and Black Soldier Fly Larvae.",Water research,2026,10.1016/j.watres.2025.124587,Li C; Yuan Z; Liu B; Sun Y; Wang Y; Quan J; Shen X; Guo J,
40945093,https://pubmed.ncbi.nlm.nih.gov/40945093/,40945093,,false,,0,Metabolic plasticity and gut microbiome synergy underlie high-altitude adaptation in the plateau frog Rana kukunoris: A multi-omics perspective.,Ecotoxicology and environmental safety,2025,10.1016/j.ecoenv.2025.119050,Niu Y; Zhang X; Jiao M; Storey KB; Shekhovtsov SV,
40943581,https://pubmed.ncbi.nlm.nih.gov/40943581/,40943581,PMC12428859,true,PRJNA1019627,1,Tenebrio molitor Meal-Induced Changes in Rat Gut Microbiota: Microbiological and Metagenomic Findings.,International journal of molecular sciences,2025,10.3390/ijms26178663,Gałęcki R; Nowak A; Szulc J,
40943165,https://pubmed.ncbi.nlm.nih.gov/40943165/,40943165,PMC12428327,true,PRJNA1237790,1,Metagenomic Analysis Reveals the Anti-Inflammatory Properties of Mare Milk.,International journal of molecular sciences,2025,10.3390/ijms26178239,Wang R; Ren W; Liu S; Li Z; Li L; Ma S; Yao X; Meng J; Zeng Y; Wang J,
40940575,https://pubmed.ncbi.nlm.nih.gov/40940575/,40940575,,false,,0,Exploring the plastivorous activity of Hermetia illucens (Diptera Stratiomyidae) larvae.,Environmental science and pollution research international,2025,10.1007/s11356-025-36952-w,Abenaim L; Mercati D; Mandoli A; Carpentier J; Noël G; Conti B; Caparros Megido R; Dallai R,
40939728,https://pubmed.ncbi.nlm.nih.gov/40939728/,40939728,,false,,0,"Consumption of Brazilian palm fruit (Acrocomia intumescens drude) improves biochemical and gut microbiome parameters, reducing cardiovascular risk in exercised rats.",Physiology & behavior,2025,10.1016/j.physbeh.2025.115102,de Souza MA; Pereira DE; da Silva ECA; Medeiros RG; Duarte AM; Dutra LMG; Araújo DFS; de Araújo WJ; de Oliveira CJB; Guerra GCB; Alves AF; Viera VB; Soares JKB,
40929881,https://pubmed.ncbi.nlm.nih.gov/40929881/,40929881,,false,,0,Alpha-linolenic acid ameliorates T2DM via reshaping gut-liver axis and inflammatory GPR120-NF-κB/NLRP3 pathway in mouse and rat models.,Phytomedicine : international journal of phytotherapy and phytopharmacology,2025,10.1016/j.phymed.2025.157214,Liu Y; Li K; Xu J; Shen W; Li Y; Ma J; Wang T; Liu J; Li T; Zhang X; Tian W; Tian J; Wang H; Zhang X,
40919801,https://pubmed.ncbi.nlm.nih.gov/40919801/,40919801,PMC12509582,true,PRJNA1270017,1,"16S rRNA metagenome analysis of gut bacteriome of Rohu (Labeo rohita) from Halda River and Kaptai Lake, Bangladesh.",Microbiology resource announcements,2025,10.1128/mra.00590-25,Chamonara K; Uddin MS; Masum MHU,
40911131,https://pubmed.ncbi.nlm.nih.gov/40911131/,40911131,,false,,0,Fish-Derived Clostridium butyricum LZK-08: Genomic Insights and Probiotic Evaluation in Largemouth Bass.,Probiotics and antimicrobial proteins,2026,10.1007/s12602-025-10721-0,Liu Z; Guo J; Su Q; Feng S; Zhang X; Zhang Y; Yang G; Chang X; Meng X,
40903950,https://pubmed.ncbi.nlm.nih.gov/40903950/,40903950,,false,,0,Bidirectional communication between the gut microbiota and the central nervous system.,Neural regeneration research,2026,10.4103/NRR.NRR-D-25-00434,Liu Y; Tang T; Cai H; Liu Z,
40902348,https://pubmed.ncbi.nlm.nih.gov/40902348/,40902348,PMC12433511,true,CRA026210,1,Gut microbiota dysbiosis exacerbates polystyrene microplastics-induced liver inflammation via activating LPS/TLR4 signaling pathway in ducks.,Poultry science,2025,10.1016/j.psj.2025.105757,Zhou N; Gu T; Duan M; Tian Y; Chen L; Zeng T; Hou X; Wang X; Xu Q; Zhang Y; Lu L,
40895097,https://pubmed.ncbi.nlm.nih.gov/40895097/,40895097,PMC12394042,true,,0,Gut-brain axis modulation in remote rehabilitation of Parkinson's disease: reconstructing the fecal metabolome and nigral network connectivity.,Frontiers in neurology,2025,10.3389/fneur.2025.1644490,Jin Y; Wang H; Song J,
40894694,https://pubmed.ncbi.nlm.nih.gov/40894694/,40894694,PMC12393297,true,,0,Host-microbiome mutualism drives urea carbon salvage and acetogenesis during hibernation.,bioRxiv : the preprint server for biology,2025,10.1101/2025.02.13.638127,Regan MD; Chiang E; Grahn M; Tonelli M; Assadi-Porter FM; Suen G; Carey HV,
40894065,https://pubmed.ncbi.nlm.nih.gov/40894065/,40894065,PMC12393476,true,,0,A prevalent huge phage clade in human and animal gut microbiomes.,Research square,2025,10.21203/rs.3.rs-7356405/v1,Chen L; Camargo AP; Qin Y; Koonin EV; Wang H; Zou Y; Duan Y; Li H,
40892742,https://pubmed.ncbi.nlm.nih.gov/40892742/,40892742,PMC12404375,true,,0,Mechanism of Huanglian Wendan Decoction in ameliorating non-alcoholic fatty liver disease via modulating gut microbiota-mediated metabolic reprogramming and activating the LKB1/AMPK pathway.,PloS one,2025,10.1371/journal.pone.0331303,Zhu J; Chen Y; Han Y; Li J,
40890565,https://pubmed.ncbi.nlm.nih.gov/40890565/,40890565,PMC12870807,true,PRJNA881985,1,Ketogenic Diet Modulates Gut Microbiota-Brain Metabolite Axis in a Sex- and Genotype-Specific Manner in APOE4 Mice.,Journal of neurochemistry,2025,10.1111/jnc.70216,Ivanich K; Yackzan A; Flemister A; Chang YH; Xing X; Chen A; Yanckello LM; Sun M; Aware C; Govindarajan M; Kramer S; Ericsson A; Lin AL,
40882788,https://pubmed.ncbi.nlm.nih.gov/40882788/,40882788,,false,,0,"Kai-Xin-San, an ancient herbal mixture for anti-depression, mitigates the fluoxetine-induced gut dysbiosis and intestinal damage in chronic unpredictable mild stressed mice.",Journal of ethnopharmacology,2026,10.1016/j.jep.2025.120484,Wu J; Li X; Huang X; Zhu Y; Yu H; Xia Y; Guo S; Wang X; Dong T; Keung Tsim KW; Zhu Y,
40878918,https://pubmed.ncbi.nlm.nih.gov/40878918/,40878918,PMC12396815,true,CRA013604; CRA013607; CRA013637; CRA013638; PRJCA021499,5,Multi-omics investigation of spontaneous T2DM macaque emphasizes gut microbiota could up-regulate the absorption of excess palmitic acid in the T2DM progression.,eLife,2025,10.7554/eLife.104355,Liu X; Xie Y; Yang S; Jiang C; Shang K; Luo J; Zhang L; Hu G; Liu Q; Yue B; Fan Z; He Z; Li J,
40877785,https://pubmed.ncbi.nlm.nih.gov/40877785/,40877785,PMC12395871,true,PRJNA1150362,1,Complete genome sequence of the probiotic candidate strain Lacticaseibacillus rhamnosus B3421 isolated from Panax ginseng C. A. Meyer in South Korea.,BMC genomic data,2025,10.1186/s12863-025-01344-z,Jin GD; Kim HY; Kim EB; Lee B,
40871296,https://pubmed.ncbi.nlm.nih.gov/40871296/,40871296,PMC12388694,true,,0,Composition and Structure of Gut Microbiota of Wild and Captive Epinephelus morio via 16S rRNA Analysis and Functional Prediction.,Microorganisms,2025,10.3390/microorganisms13081792,Montalvo-Fernández G; Ortiz-Alcantara JM; Durruty-Lagunes C; Espinosa-Asuar L; Reyes-Sosa MB; Arena-Ortiz ML,
40870601,https://pubmed.ncbi.nlm.nih.gov/40870601/,40870601,PMC12386637,true,PRJNA1264687,1,Characterization of DNA Viruses in Hindgut Contents of Protaetia brevitarsis Larvae.,Insects,2025,10.3390/insects16080800,Min JG; Min N; Nguyen BT; Flores RA; Yim D,
40869994,https://pubmed.ncbi.nlm.nih.gov/40869994/,40869994,PMC12385557,true,,0,Exploring the Functional Potential of the Broiler Gut Microbiome Using Shotgun Metagenomics.,Genes,2025,10.3390/genes16080946,Peña N; Lafuente I; Sevillano E; Feito J; Allendez G; Muñoz-Atienza E; Crispie F; Cintas LM; Cotter PD; Hernández PE; Borrero J,
40864614,https://pubmed.ncbi.nlm.nih.gov/40864614/,40864614,PMC12385407,true,,0,An insight into the gut microbiota of healthy and allergic West Highland Whiter Terrier dogs.,PloS one,2025,10.1371/journal.pone.0328100,Felten V; Turck JL; Unterer S; Favrot C; Suchodolski J; Fischer NM; Rostaher A,
40859157,https://pubmed.ncbi.nlm.nih.gov/40859157/,40859157,PMC12379529,true,PRJEB55374; PRJEB55375; PRJNA1099794,3,Metagenomic analysis of vitamins B and K(2) biosynthesis in chicken gut microbiota across laying periods.,BMC microbiology,2025,10.1186/s12866-025-04296-7,Gao ZQ; Su JW; Qin Y; Ye T; Cao H; Yang LH; Elsheikha HM,
40880127,https://pubmed.ncbi.nlm.nih.gov/40880127/,40880127,,false,,0,Successful establishment of a model of the piglet gastrointestinal microbiota and its' modulation by prebiotics.,Journal of applied microbiology,2025,10.1093/jambio/lxaf216,Milnitsky BP; Junior HLP; Chaúque BJM; Corção G,