input_raw,pubmed_url,pmid,pmcid,is_pmc_article,accessions,accession_count,title,journal,pub_year,doi,authors,error_message
36830429,https://pubmed.ncbi.nlm.nih.gov/36830429/,36830429,PMC9951753,true,PRJNA909983,1,Characterization of the Nero Siciliano Pig Fecal Microbiota after a Liquid Whey-Supplemented Diet.,Animals : an open access journal from MDPI,2023,10.3390/ani13040642,Tardiolo G; Romeo O; Zumbo A; Di Marsico M; Sutera AM; Cigliano RA; Paytuví A; D'Alessandro E,
36830274,https://pubmed.ncbi.nlm.nih.gov/36830274/,36830274,PMC9952363,true,PRJNA843999,1,Effect of Clindamycin on Intestinal Microbiome and Miltefosine Pharmacology in Hamsters Infected with Leishmania infantum.,"Antibiotics (Basel, Switzerland)",2023,10.3390/antibiotics12020362,Olías-Molero AI; Botías P; Cuquerella M; García-Cantalejo J; Barcia E; Torrado S; Torrado JJ; Alunda JM,
36827387,https://pubmed.ncbi.nlm.nih.gov/36827387/,36827387,,false,,0,Effect of Panax ginseng and Fructus Mume on Intestinal Barrier and Gut Microbiota in Rats with Diarrhea.,Journal of medicinal food,2023,10.1089/jmf.2022.K.0069,Zhao M; Zhao Q; Guan Z; Liu Q; Zhou H; Huang Q; Huo B,
36823480,https://pubmed.ncbi.nlm.nih.gov/36823480/,36823480,,false,,0,Variations in gut microbiome and metabolites of dogs with acute diarrhea in poodles and Labrador retrievers.,Archives of microbiology,2023,10.1007/s00203-023-03439-6,Bai H; Liu T; Wang S; Shen L; Wang Z,
36820999,https://pubmed.ncbi.nlm.nih.gov/36820999/,36820999,,false,,0,"Jaboticaba (Myrciaria cauliflora) Fruit Extract Suppressed Aberrant Crypt Formation in 1,2-Dimetylhydrazine-Induced Rats.","Plant foods for human nutrition (Dordrecht, Netherlands)",2023,10.1007/s11130-023-01051-z,Ardanareswari K; Lowisia W; Soedarini B; Liao JW; Chung YC,
36817471,https://pubmed.ncbi.nlm.nih.gov/36817471/,36817471,PMC9929865,true,PRJNA918387,1,TRPV6 deficiency attenuates stress and corticosterone-mediated exacerbation of alcohol-induced gut barrier dysfunction and systemic inflammation.,Frontiers in immunology,2023,10.3389/fimmu.2023.1093584,Meena AS; Shukla PK; Rao R; Canelas C; Pierre JF; Rao R,
36807409,https://pubmed.ncbi.nlm.nih.gov/36807409/,36807409,PMC10119124,true,PRJEB29346; PRJEB38061; PRJEB59886,3,Co-diversification of an intestinal Mycoplasma and its salmonid host.,The ISME journal,2023,10.1038/s41396-023-01379-z,Rasmussen JA; Kiilerich P; Madhun AS; Waagbø R; Lock ER; Madsen L; Gilbert MTP; Kristiansen K; Limborg MT,
36804561,https://pubmed.ncbi.nlm.nih.gov/36804561/,36804561,,false,,0,"Polystyrene microplastics induce endoplasmic reticulum stress, apoptosis and inflammation by disrupting the gut microbiota in carp intestines.","Environmental pollution (Barking, Essex : 1987)",2023,10.1016/j.envpol.2023.121233,Wang F; Zhang Q; Cui J; Bao B; Deng X; Liu L; Guo MY,
36798135,https://pubmed.ncbi.nlm.nih.gov/36798135/,36798135,PMC9927643,true,,0,"The association between altered intestinal microbiome, impaired systemic and ocular surface immunity, and impaired wound healing response after corneal alkaline-chemical injury in diabetic mice.",Frontiers in immunology,2023,10.3389/fimmu.2023.1063069,Bu Y; Shih KC; Wong HL; Kwok SS; Lo AC; Chan JY; Ng AL; Chan TC; Jhanji V; Tong L,
36794931,https://pubmed.ncbi.nlm.nih.gov/36794931/,36794931,PMC10117131,true,PRJEB50514,1,Comparative Genome Analysis of Enterococcus cecorum Reveals Intercontinental Spread of a Lineage of Clinical Poultry Isolates.,mSphere,2023,10.1128/msphere.00495-22,Laurentie J; Loux V; Hennequet-Antier C; Chambellon E; Deschamps J; Trotereau A; Furlan S; Darrigo C; Kempf F; Lao J; Milhes M; Roques C; Quinquis B; Vandecasteele C; Boyer R; Bouchez O; Repoila F; Le Guennec J; Chiapello H; Briandet R; Helloin E; Schouler C; Kempf I; Serror P,
36792209,https://pubmed.ncbi.nlm.nih.gov/36792209/,36792209,PMC10139780,true,,0,"The fecal microbiomes analysis of Marabou storks (Leptoptilos crumenifer) reveals their acclimatization to the feeding environment in the Kampala urban areas, Uganda.",The Journal of veterinary medical science,2023,10.1292/jvms.22-0580,Tsuchida S; Ueda A; Kakooza S; Okubo T; Wampande EM; Yamada T; Ushida K,
36790661,https://pubmed.ncbi.nlm.nih.gov/36790661/,36790661,,false,,0,Potential Probiotic Properties of Blautia producta Against Lipopolysaccharide-Induced Acute Liver Injury.,Probiotics and antimicrobial proteins,2023,10.1007/s12602-023-10044-y,Mao B; Guo W; Liu X; Cui S; Zhang Q; Zhao J; Tang X; Zhang H,
36765824,https://pubmed.ncbi.nlm.nih.gov/36765824/,36765824,PMC9913759,true,,0,Gut Microbiota in Colorectal Cancer: Biological Role and Therapeutic Opportunities.,Cancers,2023,10.3390/cancers15030866,Pandey H; Tang DWT; Wong SH; Lal D,
36759753,https://pubmed.ncbi.nlm.nih.gov/36759753/,36759753,PMC9981464,true,PRJNA744213; PRJNA772743; PRJNA896574,3,Genetic mapping of microbial and host traits reveals production of immunomodulatory lipids by Akkermansia muciniphila in the murine gut.,Nature microbiology,2023,10.1038/s41564-023-01326-w,Zhang Q; Linke V; Overmyer KA; Traeger LL; Kasahara K; Miller IJ; Manson DE; Polaske TJ; Kerby RL; Kemis JH; Trujillo EA; Reddy TR; Russell JD; Schueler KL; Stapleton DS; Rabaglia ME; Seldin M; Gatti DM; Keele GR; Pham DT; Gerdt JP; Vivas EI; Lusis AJ; Keller MP; Churchill GA; Blackwell HE; Broman KW; Attie AD; Coon JJ; Rey FE,
36744984,https://pubmed.ncbi.nlm.nih.gov/36744984/,36744984,,false,,0,A Metagenomic Based Approach on Abundance and Diversity of Bacterial Communities Across the Life Stages of Culicoides peregrinus (Diptera: Ceratopogonidae) a Vector of Bluetongue Virus.,Journal of medical entomology,2023,10.1093/jme/tjad011,Banerjee P; Sarkar A; Ghosh K; Mazumdar A,
36741899,https://pubmed.ncbi.nlm.nih.gov/36741899/,36741899,PMC9889972,true,,0,Metagenomic insights into the relationship between gut microbiota and residual feed intake of small-sized meat ducks.,Frontiers in microbiology,2022,10.3389/fmicb.2022.1075610,Bai H; Shi L; Guo Q; Jiang Y; Li X; Geng D; Wang C; Bi Y; Wang Z; Chen G; Xue F; Chang G,
36737703,https://pubmed.ncbi.nlm.nih.gov/36737703/,36737703,PMC9896789,true,PRJEB14698,1,Gut microbiome variations in Rhinopithecus roxellanae caused by changes in the environment.,BMC genomics,2023,10.1186/s12864-023-09142-6,Zhao G; Qi M; Wang Q; Hu C; Li X; Chen Y; Yang J; Yu H; Chen H; Guo A,
36722794,https://pubmed.ncbi.nlm.nih.gov/36722794/,36722794,,false,,0,Microbial species from multiple maternal body sites shape the developing giant panda (Ailuropoda melanoleuca) cub gut microbiome.,Molecular ecology,2023,10.1111/mec.16869,Guo W; Ren K; Ning R; Li C; Zhang Y; Gan Y; Fu X; Xiao C; Pang Y; Cheng L; Zhang S; Li D; Zhao J; Dai M; Li Y,
36719194,https://pubmed.ncbi.nlm.nih.gov/36719194/,36719194,PMC10100795,true,PRJNA876288; PRJNA902117,2,Week-Old Chicks with High Bacteroides Abundance Have Increased Short-Chain Fatty Acids and Reduced Markers of Gut Inflammation.,Microbiology spectrum,2023,10.1128/spectrum.03616-22,Fan Y; Ju T; Bhardwaj T; Korver DR; Willing BP,
36715883,https://pubmed.ncbi.nlm.nih.gov/36715883/,36715883,,false,,0,Lactiplantibacillus plantarum DLPT4 Protects Against Cyclophosphamide-Induced Immunosuppression in Mice by Regulating Immune Response and Intestinal Flora.,Probiotics and antimicrobial proteins,2024,10.1007/s12602-022-10015-9,Song Y; Sun M; Ma F; Xu D; Mu G; Jiao Y; Yu P; Tuo Y,
36715435,https://pubmed.ncbi.nlm.nih.gov/36715435/,36715435,,false,,0,Effect of tea catechins on gut microbiota in high fat diet-induced obese mice.,Journal of the science of food and agriculture,2023,10.1002/jsfa.12476,Liu J; Ding H; Yan C; He Z; Zhu H; Ma KY,
36711483,https://pubmed.ncbi.nlm.nih.gov/36711483/,36711483,PMC9882126,true,,0,The role of intestine in metabolic dysregulation in murine Wilson disease.,bioRxiv : the preprint server for biology,2023,10.1101/2023.01.13.524009,Sarode GV; Mazi TA; Neier K; Shibata NM; Jospin G; Harder NHO; Heffern MC; Sharma AK; More SK; Dave M; Schroeder SM; Wang L; LaSalle JM; Lutsenko S; Medici V,
36710967,https://pubmed.ncbi.nlm.nih.gov/36710967/,36710967,PMC9880330,true,PRJEB56657,1,Effects of Qi-Fu-Yin on aging of APP/PS1 transgenic mice by regulating the intestinal microbiome.,Frontiers in cellular and infection microbiology,2022,10.3389/fcimb.2022.1048513,Xiao QY; Ye TY; Wang XL; Qi DM; Cheng XR,
36699586,https://pubmed.ncbi.nlm.nih.gov/36699586/,36699586,PMC9868308,true,PRJNA894380,1,Metagenomic analysis of gut microbiota and antibiotic-resistant genes in Anser erythropus wintering at Shengjin and Caizi Lakes in China.,Frontiers in microbiology,2022,10.3389/fmicb.2022.1081468,Liu G; Xu N; Feng J,
36699263,https://pubmed.ncbi.nlm.nih.gov/36699263/,36699263,PMC9868478,true,,0,A simplified protocol for DNA extraction from FTA cards for faecal microbiome studies.,Heliyon,2023,10.1016/j.heliyon.2023.e12861,Bolt Botnen A; Bjørnsen MB; Alberdi A; Gilbert MTP; Aizpurua O,
36678135,https://pubmed.ncbi.nlm.nih.gov/36678135/,36678135,PMC9866305,true,PRJNA904819,1,Biotin Deficiency Induces Intestinal Dysbiosis Associated with an Inflammatory Bowel Disease-like Phenotype.,Nutrients,2023,10.3390/nu15020264,Yang JC; Jacobs JP; Hwang M; Sabui S; Liang F; Said HM; Skupsky J,
36677368,https://pubmed.ncbi.nlm.nih.gov/36677368/,36677368,PMC9865641,true,,0,Atlantic Salmon (Salmo salar) Transfer to Seawater by Gradual Salinity Changes Exhibited an Increase in The Intestinal Microbial Abundance and Richness.,Microorganisms,2022,10.3390/microorganisms11010076,Morales-Rivera MF; Valenzuela-Miranda D; Nuñez-Acuña G; Benavente BP; Gallardo-Escárate C; Valenzuela-Muñoz V,
36672969,https://pubmed.ncbi.nlm.nih.gov/36672969/,36672969,PMC9858838,true,PRJNA923763,1,Metatranscriptomic Analyses Reveal Important Roles of the Gut Microbiome in Primate Dietary Adaptation.,Genes,2023,10.3390/genes14010228,Zhang M; Wang X; Wang Z; Mao S; Zhang J; Li M; Pan H,
36646037,https://pubmed.ncbi.nlm.nih.gov/36646037/,36646037,,false,,0,Local myelin damage in the hippocampus fluctuates gut microbiome profile and memory.,Journal of psychiatric research,2023,10.1016/j.jpsychires.2023.01.006,Bostancıklıoğlu M; Kaplan DS; Temiz E; Yiğit E,
36640575,https://pubmed.ncbi.nlm.nih.gov/36640575/,36640575,,false,,0,Lactobacillus fermentum HNU312 alleviated oxidative damage and behavioural abnormalities during brain development in early life induced by chronic lead exposure.,Ecotoxicology and environmental safety,2023,10.1016/j.ecoenv.2023.114543,Zhang Z; Li J; Jiang S; Xu M; Ma T; Sun Z; Zhang J,
36638091,https://pubmed.ncbi.nlm.nih.gov/36638091/,36638091,PMC9838872,true,,0,Diversity and functional analysis of rumen and fecal microbial communities associated with dietary changes in crossbreed dairy cattle.,PloS one,2023,10.1371/journal.pone.0274371,Kibegwa FM; Bett RC; Gachuiri CK; Machuka E; Stomeo F; Mujibi FD,
36634616,https://pubmed.ncbi.nlm.nih.gov/36634616/,36634616,PMC10372611,true,PRJNA884174,1,Anti-PD-L1 Antibody and/or 17β-Estradiol Treatment Induces Changes in the Gut Microbiome in MC38 Colon Tumor Model.,Cancer research and treatment,2023,10.4143/crt.2022.1427,Song CH; Kim N; Nam RH; Choi SI; Jang JY; Choi J; Lee HN,
36627827,https://pubmed.ncbi.nlm.nih.gov/36627827/,36627827,,false,,0,Ampicillin exacerbates acetaminophen-induced acute liver injury by inducing intestinal microbiota imbalance and butyrate reduction.,Liver international : official journal of the International Association for the Study of the Liver,2023,10.1111/liv.15512,Li ZM; Kong CY; Mao YQ; Huang JT; Chen HL; Han B; Wang LS,
36625575,https://pubmed.ncbi.nlm.nih.gov/36625575/,36625575,PMC9927099,true,PRJNA893407; PRJNA894240,2,Characterization of Gut Microbiota Compositions along the Intestinal Tract in CD163/pAPN Double Knockout Piglets and Their Potential Roles in Iron Absorption.,Microbiology spectrum,2023,10.1128/spectrum.01906-22,Zhang XL; Zhou YR; Xu SS; Xu S; Xiong YJ; Xu K; Xu CJ; Che JJ; Huang L; Liu ZG; Wang BY; Mu YL; Xiao SB; Li K,
36624306,https://pubmed.ncbi.nlm.nih.gov/36624306/,36624306,PMC9829864,true,PRJEB52269,1,High-fat diet and estrogen modulate the gut microbiota in a sex-dependent manner in mice.,Communications biology,2023,10.1038/s42003-022-04406-5,Hases L; Stepanauskaite L; Birgersson M; Brusselaers N; Schuppe-Koistinen I; Archer A; Engstrand L; Williams C,
36608812,https://pubmed.ncbi.nlm.nih.gov/36608812/,36608812,,false,,0,Transcriptome analysis of the response of four immune related organs of tilapia (Oreochromis niloticus) to the addition of resveratrol in feed.,Fish & shellfish immunology,2023,10.1016/j.fsi.2022.108510,Ye W; Zheng Y; Sun Y; Li Q; Zhu H; Xu G,
36604114,https://pubmed.ncbi.nlm.nih.gov/36604114/,36604114,,false,,0,Gut commensal Parabacteroides distasonis alleviates inflammatory arthritis.,Gut,2023,10.1136/gutjnl-2022-327756,Sun H; Guo Y; Wang H; Yin A; Hu J; Yuan T; Zhou S; Xu W; Wei P; Yin S; Liu P; Guo X; Tang Y; Yan Y; Luo Z; Wang M; Liang Q; Wu P; Zhang A; Zhou Z; Chen Y; Li Y; Li J; Shan J; Zhou W,
36598237,https://pubmed.ncbi.nlm.nih.gov/36598237/,36598237,PMC9872680,true,,0,"Metagenome-Assembled Genome Sequence of Stenotrophomonas maltophilia Strain UJ_SKK_5.5, Obtained from the Gut Microbiome of a Macrotermes bellicosus Termite Collected from Hot, Arid Nigeria.",Microbiology resource announcements,2023,10.1128/mra.01060-22,Joel EB; Lenka JL; Yakubu B; Kutshik RJ; Tukur A; Longdet IY,
36598235,https://pubmed.ncbi.nlm.nih.gov/36598235/,36598235,PMC9872617,true,,0,Metagenome-Assembled Genome Sequence of a Strain of Burkholderia cepacia Isolated from the Gut of Macrotermes bellicosus in Nigeria.,Microbiology resource announcements,2023,10.1128/mra.00777-22,Lenka JL; Yakubu B; Kutshik RJ; Joel EB; Tukur A; Longdet IY,
36593662,https://pubmed.ncbi.nlm.nih.gov/36593662/,36593662,PMC9748938,true,CRA005611,1,Metformin modulates the gut microbiome in a mice model of high-fat diet-induced glycolipid metabolism disorder.,BMJ open diabetes research & care,2022,10.1136/bmjdrc-2022-003149,Wu H; Wang X; Fang X; Lian F; Li M; Liao J; Dai D; Tian J,
36590585,https://pubmed.ncbi.nlm.nih.gov/36590585/,36590585,PMC9798234,true,,0,Novel investigations in retinoic-acid-induced cleft palate about the gut microbiome of pregnant mice.,Frontiers in cellular and infection microbiology,2022,10.3389/fcimb.2022.1042779,Wang Y; Chen J; Wang X; Guo C; Peng X; Liu Y; Li T; Du J,
36587599,https://pubmed.ncbi.nlm.nih.gov/36587599/,36587599,,false,,0,Toxicity sharing model of earthworm intestinal microbiome reveals shared functional genes are more powerful than species in resisting pesticide stress.,Journal of hazardous materials,2023,10.1016/j.jhazmat.2022.130646,Zhu G; Chao H; Sun M; Jiang Y; Ye M,
36584150,https://pubmed.ncbi.nlm.nih.gov/36584150/,36584150,PMC9803094,true,,0,Bacterial and fungal gut microbiota of supralittoral talitrid amphipods feeding on brown macroalgae and paper.,PloS one,2022,10.1371/journal.pone.0279834,Nakamura S; Yumioka J; Kachi S; Baba Y; Kawai S,
36575413,https://pubmed.ncbi.nlm.nih.gov/36575413/,36575413,PMC9795633,true,PRJNA808881,1,Gut microbe Lactiplantibacillus plantarum undergoes different evolutionary trajectories between insects and mammals.,BMC biology,2022,10.1186/s12915-022-01477-y,Maritan E; Gallo M; Srutkova D; Jelinkova A; Benada O; Kofronova O; Silva-Soares NF; Hudcovic T; Gifford I; Barrick JE; Schwarzer M; Martino ME,
36566015,https://pubmed.ncbi.nlm.nih.gov/36566015/,36566015,,false,,0,Adult hypertensive rats are more prone to gut microflora perturbation and fibrosis in response to moderate restraint stress.,Translational research : the journal of laboratory and clinical medicine,2023,10.1016/j.trsl.2022.10.006,Wang T; Gao H; He C; Gao L; Wang B; Hua R; Du Y; Liang C; Xin S; Shang H; Wang Y; Wang W; Xu J,
36565853,https://pubmed.ncbi.nlm.nih.gov/36565853/,36565853,,false,,0,Lactobacillus delbrueckii reduces anxiety-like behavior in zebrafish through a gut microbiome - brain crosstalk.,Neuropharmacology,2023,10.1016/j.neuropharm.2022.109401,Olorocisimo JP; Diaz LA; Co DE; Carag HM; Ibana JA; Velarde MC,
36565637,https://pubmed.ncbi.nlm.nih.gov/36565637/,36565637,PMC9800314,true,,0,Metagenomics analysis of the morphological aspects and bacterial composition of broiler feces.,Poultry science,2023,10.1016/j.psj.2022.102401,Alvarenga BO; Paiva JB; Souza AIS; Rodrigues DR; Tizioto PC; Ferreira AJP,
36560955,https://pubmed.ncbi.nlm.nih.gov/36560955/,36560955,PMC9763702,true,PRJNA813004,1,Differences in meat quality between Angus cattle and Xinjiang brown cattle in association with gut microbiota and its lipid metabolism.,Frontiers in microbiology,2022,10.3389/fmicb.2022.988984,Chen Z; Sun Y; Chen L; Zhang Y; Wang J; Li H; Yan X; Xia L; Yao G,
36558391,https://pubmed.ncbi.nlm.nih.gov/36558391/,36558391,PMC9784753,true,,0,"Heat-Killed Bifidobacterium bifidum B1628 May Alleviate Dextran Sulfate Sodium-Induced Colitis in Mice, and the Anti-Inflammatory Effect Is Associated with Gut Microbiota Modulation.",Nutrients,2022,10.3390/nu14245233,Feng C; Zhang W; Zhang T; He Q; Kwok LY; Tan Y; Zhang H,
36557612,https://pubmed.ncbi.nlm.nih.gov/36557612/,36557612,PMC9785237,true,,0,"Micro""bee""ota: Honey Bee Normal Microbiota as a Part of Superorganism.",Microorganisms,2022,10.3390/microorganisms10122359,Smutin D; Lebedev E; Selitskiy M; Panyushev N; Adonin L,
36549300,https://pubmed.ncbi.nlm.nih.gov/36549300/,36549300,PMC9839529,true,ERP023788,1,Two distinct gut microbial pathways contribute to meta-organismal production of phenylacetylglutamine with links to cardiovascular disease.,Cell host & microbe,2023,10.1016/j.chom.2022.11.015,Zhu Y; Dwidar M; Nemet I; Buffa JA; Sangwan N; Li XS; Anderson JT; Romano KA; Fu X; Funabashi M; Wang Z; Keranahalli P; Battle S; Tittle AN; Hajjar AM; Gogonea V; Fischbach MA; DiDonato JA; Hazen SL,
36548827,https://pubmed.ncbi.nlm.nih.gov/36548827/,36548827,PMC9787881,true,,0,Detection of Colistin Sulfate on Piglet Gastrointestinal Tract Microbiome Alterations.,Veterinary sciences,2022,10.3390/vetsci9120666,Fu S; Yuan Y; Tian X; Zhou L; Guo L; Zhang D; He J; Peng C; Qiu Y; Ye C; Liu Y; Zong B,
36539569,https://pubmed.ncbi.nlm.nih.gov/36539569/,36539569,PMC9918431,true,PRJNA906334,1,Altered gut microbiome composition by appendectomy contributes to colorectal cancer.,Oncogene,2023,10.1038/s41388-022-02569-3,Shi F; Liu G; Lin Y; Guo CL; Han J; Chu ESH; Shi C; Li Y; Zhang H; Hu C; Liu R; He S; Guo G; Chen Y; Zhang X; Coker OO; Wong SH; Yu J; She J,
36533929,https://pubmed.ncbi.nlm.nih.gov/36533929/,36533929,PMC9948708,true,PRJNA733503; PRJNA734005,2,"Taxonomic, Genomic, and Functional Variation in the Gut Microbiomes of Wild Spotted Hyenas Across 2 Decades of Study.",mSystems,2023,10.1128/msystems.00965-22,Rojas CA; Holekamp KE; Viladomat Jasso M; Souza V; Eisen JA; Theis KR,
36532542,https://pubmed.ncbi.nlm.nih.gov/36532542/,36532542,PMC9748084,true,PRJNA866156,1,Intake of slow-digesting carbohydrates is related to changes in the microbiome and its functional pathways in growing rats with obesity induced by diet.,Frontiers in nutrition,2022,10.3389/fnut.2022.992682,Plaza-Díaz J; Manzano M; Ruiz-Ojeda FJ; Giron MD; Salto R; López-Pedrosa JM; Santos-Fandila A; Garcia-Corcoles MT; Rueda R; Gil Á,
36522762,https://pubmed.ncbi.nlm.nih.gov/36522762/,36522762,PMC9753363,true,PRJNA843999,1,Leishmania infantum infection does not affect the main composition of the intestinal microbiome of the Syrian hamster.,Parasites & vectors,2022,10.1186/s13071-022-05576-1,Olías-Molero AI; Botías P; Cuquerella M; García-Cantalejo J; Barcia E; Torrado S; Torrado JJ; Alunda JM,
36518379,https://pubmed.ncbi.nlm.nih.gov/36518379/,36518379,PMC9742877,true,PRJNA733698,1,"Polystyrene microplastics induce gut microbiome and metabolome changes in Javanese medaka fish (Oryzias javanicus Bleeker, 1854).",Toxicology reports,2022,10.1016/j.toxrep.2022.05.001,Usman S; Razis AFA; Shaari K; Azmai MNA; Saad MZ; Isa NM; Nazarudin MF,
36518262,https://pubmed.ncbi.nlm.nih.gov/36518262/,36518262,PMC9744170,true,PRJNA822929,1,Multi-omics analyses reveal that the gut microbiome and its metabolites promote milk fat synthesis in Zhongdian yak cows.,PeerJ,2022,10.7717/peerj.14444,Liu L; Wu P; Chen F; Zhou J; Guo A; Shi K; Zhang Q,
36517909,https://pubmed.ncbi.nlm.nih.gov/36517909/,36517909,PMC9749353,true,,0,Characterization of the gut microbiome and resistome of Galapagos marine iguanas (Amblyrhynchus cristatus) from uninhabited islands.,Animal microbiome,2022,10.1186/s42523-022-00218-4,Vasco K; Guevara N; Mosquera J; Zapata S; Zhang L,
36513659,https://pubmed.ncbi.nlm.nih.gov/36513659/,36513659,PMC9748033,true,PRJEB40819; PRJEB40849; PRJEB40858; PRJEB40866,4,Microbiome-mediated fructose depletion restricts murine gut colonization by vancomycin-resistant Enterococcus.,Nature communications,2022,10.1038/s41467-022-35380-5,Isaac S; Flor-Duro A; Carruana G; Puchades-Carrasco L; Quirant A; Lopez-Nogueroles M; Pineda-Lucena A; Garcia-Garcera M; Ubeda C,
36511688,https://pubmed.ncbi.nlm.nih.gov/36511688/,36511688,PMC9948726,true,PRJNA781281,1,Increased Proportion of Fiber-Degrading Microbes and Enhanced Cecum Development Jointly Promote Host To Digest Appropriate High-Fiber Diets.,mSystems,2023,10.1128/msystems.00937-22,Pu G; Hou L; Du T; Zhou W; Liu C; Niu P; Wu C; Bao W; Huang R; Li P,
36504762,https://pubmed.ncbi.nlm.nih.gov/36504762/,36504762,PMC9730252,true,PRJNA821627; PRJNA866381,2,The effects of elemene emulsion injection on rat fecal microbiota and metabolites: Evidence from metagenomic exploration and liquid chromatography-mass spectrometry.,Frontiers in microbiology,2022,10.3389/fmicb.2022.913461,Gu L; Wu H; Zhang Y; Wu Y; Jin Y; Li T; Ma L; Zheng J,
36496925,https://pubmed.ncbi.nlm.nih.gov/36496925/,36496925,PMC9736826,true,CRA008466; CRA008470,2,Analysis of Gut Microbial Communities and Resistance Genes in Pigs and Chickens in Central China.,Animals : an open access journal from MDPI,2022,10.3390/ani12233404,Rui Y; Qiu G,
36496896,https://pubmed.ncbi.nlm.nih.gov/36496896/,36496896,PMC9736591,true,,0,"Gut Microbiome Studies in Livestock: Achievements, Challenges, and Perspectives.",Animals : an open access journal from MDPI,2022,10.3390/ani12233375,Forcina G; Pérez-Pardal L; Carvalheira J; Beja-Pereira A,
36496380,https://pubmed.ncbi.nlm.nih.gov/36496380/,36496380,PMC9741526,true,PRJNA903920,1,Gut microbiota modulates bleomycin-induced acute lung injury response in mice.,Respiratory research,2022,10.1186/s12931-022-02264-7,Yoon YM; Hrusch CL; Fei N; Barrón GM; Mills KAM; Hollinger MK; Velez TE; Leone VA; Chang EB; Sperling AI,
36496062,https://pubmed.ncbi.nlm.nih.gov/36496062/,36496062,,false,,0,Skeletal muscle insulin resistance and adipose tissue hypertrophy persist beyond the reshaping of gut microbiota in young rats fed a fructose-rich diet.,The Journal of nutritional biochemistry,2023,10.1016/j.jnutbio.2022.109247,Mazzoli A; Porzio AD; Gatto C; Crescenzo R; Nazzaro M; Spagnuolo MS; Baccigalupi L; Ricca E; Amoresano A; Fontanarosa C; Bernacchioni C; Donati C; Iossa S; Cigliano L,
36475916,https://pubmed.ncbi.nlm.nih.gov/36475916/,36475916,PMC9927287,true,PRJNA693413; PRJNA861720,2,Reduction of Redox Potential Exerts a Key Role in Modulating Gut Microbial Taxa and Function by Dietary Supplementation of Pectin in a Pig Model.,Microbiology spectrum,2023,10.1128/spectrum.03283-22,Xu R; Li Q; Wang H; Su Y; Zhu W,
36475774,https://pubmed.ncbi.nlm.nih.gov/36475774/,36475774,PMC9973254,true,PRJNA906507,1,Taxonomic and Metagenomic Analyses Define the Development of the Microbiota in the Chick.,mBio,2023,10.1128/mbio.02444-22,Bogomolnaya L; Talamantes M; Rocha J; Nagarajan A; Zhu W; Spiga L; Winter MG; Konganti K; Adams LG; Winter S; Andrews-Polymenis H,
36474293,https://pubmed.ncbi.nlm.nih.gov/36474293/,36474293,PMC9724290,true,PRJNA785327,1,Dietary carbon loaded with nano-ZnO alters the gut microbiota community to mediate bile acid metabolism and potentiate intestinal immune function in fattening beef cattle.,BMC veterinary research,2022,10.1186/s12917-022-03483-2,Zhang H; Guan W; Li L; Guo D; Zhang X; Guan J; Luo R; Zheng S; Fu J; Cheng Y; He Q,
36472670,https://pubmed.ncbi.nlm.nih.gov/36472670/,36472670,PMC9726812,true,PRJEB55812,1,Microbiota and environmental health monitoring of mouse colonies by metagenomic shotgun sequencing.,World journal of microbiology & biotechnology,2022,10.1007/s11274-022-03469-0,Lupini L; Bassi C; Guerriero P; Raspa M; Scavizzi F; Sabbioni S,
36466637,https://pubmed.ncbi.nlm.nih.gov/36466637/,36466637,PMC9715608,true,CRA007995,1,Early life microbiota transplantation from highly feed-efficient broiler improved weight gain by reshaping the gut microbiota in laying chicken.,Frontiers in microbiology,2022,10.3389/fmicb.2022.1022783,Elokil AA; Chen W; Mahrose K; Elattrouny MM; Abouelezz KFM; Ahmad HI; Liu HZ; Elolimy AA; Mandouh MI; Abdelatty AM; Li S,
36466423,https://pubmed.ncbi.nlm.nih.gov/36466423/,36466423,PMC9713250,true,,0,Long-term fasting: Multi-system adaptations in humans (GENESIS) study-A single-arm interventional trial.,Frontiers in nutrition,2022,10.3389/fnut.2022.951000,Grundler F; Viallon M; Mesnage R; Ruscica M; von Schacky C; Madeo F; Hofer SJ; Mitchell SJ; Croisille P; Wilhelmi de Toledo F,
36461373,https://pubmed.ncbi.nlm.nih.gov/36461373/,36461373,,false,,0,Pu-erh tea and theabrownin ameliorate metabolic syndrome in mice via potential microbiota-gut-liver-brain interactions.,"Food research international (Ottawa, Ont.)",2022,10.1016/j.foodres.2022.112176,Hou Y; Zhang Z; Cui Y; Peng C; Fan Y; Tan C; Wang Q; Liu Z; Gong J,
36458196,https://pubmed.ncbi.nlm.nih.gov/36458196/,36458196,PMC9707624,true,PRJNA876956,1,"Host diet shapes functionally differentiated gut microbiomes in sympatric speciation of blind mole rats in Upper Galilee, Israel.",Frontiers in microbiology,2022,10.3389/fmicb.2022.1062763,Kuang Z; Li F; Duan Q; Tian C; Nevo E; Li K,
36449022,https://pubmed.ncbi.nlm.nih.gov/36449022/,36449022,,false,,0,"Significance of Limosilactobacillus fermentum and Saccharomyces cerevisiae on the Growth Performance, Haematological Traits, Serum Biochemistry, Faecal and Caeca Microbiota of Broiler Chickens.",Journal of the American Nutrition Association,2023,10.1080/27697061.2022.2149634,Hati S; Ramanuj K; Basaiawmoit B; Koringa P; Desai M; Ghodasara DJ; Joshi KV; Pathan M; V S; Bhagora NJ; Savaliya FP; Mishra BK,
36448791,https://pubmed.ncbi.nlm.nih.gov/36448791/,36448791,PMC9769849,true,,0,Gut Microbiota Eubacterium callanderi Exerts Anti-Colorectal Cancer Activity.,Microbiology spectrum,2022,10.1128/spectrum.02531-22,Ryu SW; Kim JS; Oh BS; Choi WJ; Yu SY; Bak JE; Park SH; Kang SW; Lee J; Jung WY; Lee JS; Lee JH,
36434671,https://pubmed.ncbi.nlm.nih.gov/36434671/,36434671,PMC9700986,true,,0,"Molecular characterization of gut microbiome in weaning pigs supplemented with multi-strain probiotics using metagenomic, culturomic, and metabolomic approaches.",Animal microbiome,2022,10.1186/s42523-022-00212-w,Lee WJ; Ryu S; Kang AN; Song M; Shin M; Oh S; Kim Y,
36430197,https://pubmed.ncbi.nlm.nih.gov/36430197/,36430197,PMC9698405,true,,0,Gut Microbiota Host-Gene Interaction.,International journal of molecular sciences,2022,10.3390/ijms232213717,Cuomo P; Capparelli R; Alifano M; Iannelli A; Iannelli D,
36427828,https://pubmed.ncbi.nlm.nih.gov/36427828/,36427828,,false,,0,Melatonin alleviates lead-induced fatty liver in the common carps (Cyprinus carpio) via gut-liver axis.,"Environmental pollution (Barking, Essex : 1987)",2023,10.1016/j.envpol.2022.120730,Miao Z; Miao Z; Teng X; Xu S,
36427721,https://pubmed.ncbi.nlm.nih.gov/36427721/,36427721,,false,,0,Metagenomics analysis reveals potential pathways and drivers of piglet gut phage-mediated transfer of ARGs.,The Science of the total environment,2023,10.1016/j.scitotenv.2022.160304,Ji Y; Xi H; Zhao Z; Jiang Q; Chen C; Wang X; Li F; Li N; Sun C; Feng X; Lei L; Han W; Gu J,
36411435,https://pubmed.ncbi.nlm.nih.gov/36411435/,36411435,PMC9677665,true,,0,The association of hyperketonemia with fecal and rumen microbiota at time of diagnosis in a case-control cohort of early lactation cows.,BMC veterinary research,2022,10.1186/s12917-022-03500-4,Miles AM; McArt JAA; Lima SF; Neves RC; Ganda E,
36401832,https://pubmed.ncbi.nlm.nih.gov/36401832/,36401832,,false,,0,Holothuria leucospilota Polysaccharides Improve Immunity and the Gut Microbiota in Cyclophosphamide-Treated Immunosuppressed Mice.,Molecular nutrition & food research,2023,10.1002/mnfr.202200317,Zhao F; Ma T; Zhang X; Zhao Q; Zhu K; Cao J; Liu Z; Shen X; Li C,
36399059,https://pubmed.ncbi.nlm.nih.gov/36399059/,36399059,PMC9673493,true,PRJNA748109,1,Improved microbial genomes and gene catalog of the chicken gut from metagenomic sequencing of high-fidelity long reads.,GigaScience,2022,10.1093/gigascience/giac116,Zhang Y; Jiang F; Yang B; Wang S; Wang H; Wang A; Xu D; Fan W,
36389228,https://pubmed.ncbi.nlm.nih.gov/36389228/,36389228,PMC9650127,true,,0,The interplay between the gut-brain axis and the microbiome: A perspective on psychiatric and neurodegenerative disorders.,Frontiers in neuroscience,2022,10.3389/fnins.2022.1030694,Bashir Y; Khan AU,
36386721,https://pubmed.ncbi.nlm.nih.gov/36386721/,36386721,,false,,0,,,,,,Request failed: Failed to fetch
36386659,https://pubmed.ncbi.nlm.nih.gov/36386659/,36386659,PMC9663663,true,PRJNA871950,1,Gut microbiome of captive wolves is more similar to domestic dogs than wild wolves indicated by metagenomics study.,Frontiers in microbiology,2022,10.3389/fmicb.2022.1027188,Chen L; Sun M; Xu D; Gao Z; Shi Y; Wang S; Zhou Y,
36375784,https://pubmed.ncbi.nlm.nih.gov/36375784/,36375784,,false,,0,Melatonin ameliorates imidacloprid-induced intestinal injury by negatively regulating the PGN/P38MAPK pathway in the common carp (Cyprinuscarpio).,Fish & shellfish immunology,2022,10.1016/j.fsi.2022.11.018,Miao Z; Miao Z; Liu M; Xu S,
36371056,https://pubmed.ncbi.nlm.nih.gov/36371056/,36371056,PMC10555773,true,,0,Sulforaphane-driven reprogramming of gut microbiome and metabolome ameliorates the progression of hyperuricemia.,Journal of advanced research,2023,10.1016/j.jare.2022.11.003,Wang R; Halimulati M; Huang X; Ma Y; Li L; Zhang Z,
36368924,https://pubmed.ncbi.nlm.nih.gov/36368924/,36368924,PMC9650872,true,PRJNA783381,1,Inactivation of the MSTN gene expression changes the composition and function of the gut microbiome in sheep.,BMC microbiology,2022,10.1186/s12866-022-02687-8,Du C; Zhou X; Zhang K; Huang S; Wang X; Zhou S; Chen Y,
36364726,https://pubmed.ncbi.nlm.nih.gov/36364726/,36364726,PMC9657881,true,,0,"Exclusive Enteral Nutrition Exerts Anti-Inflammatory Effects through Modulating Microbiota, Bile Acid Metabolism, and Immune Activities.",Nutrients,2022,10.3390/nu14214463,Xiao F; Gao X; Hu H; Le J; Chen Y; Shu X; Liang Z; Xu Y; Wang Y; Zhang T,
36356857,https://pubmed.ncbi.nlm.nih.gov/36356857/,36356857,,false,,0,"A new potential risk: The impacts of Klebsiella pneumoniae infection on the histopathology, transcriptome and metagenome of Chinese mitten crab (Eriocheir sinensis).",Fish & shellfish immunology,2022,10.1016/j.fsi.2022.11.010,Wang C; Li P; Guo L; Cao H; Mo W; Xin Y; Jv R; Zhao Y; Liu X; Ma C; Chen D; Wang H,
36331819,https://pubmed.ncbi.nlm.nih.gov/36331819/,36331819,PMC9635512,true,,0,"Metabolomic, Lipidomic, Transcriptomic, and Metagenomic Analyses in Mice Exposed to PFOS and Fed Soluble and Insoluble Dietary Fibers.",Environmental health perspectives,2022,10.1289/EHP11360,Deng P; Durham J; Liu J; Zhang X; Wang C; Li D; Gwag T; Ma M; Hennig B,
36331337,https://pubmed.ncbi.nlm.nih.gov/36331337/,36331337,PMC9713430,true,,0,"Comparative genomics of Lactobacillaceae from the gut of honey bees, Apis mellifera, from the Eastern United States.","G3 (Bethesda, Md.)",2022,10.1093/g3journal/jkac286,Bradford EL; Wax N; Bueren EK; Walke JB; Fell R; Belden LK; Haak DC,
36326884,https://pubmed.ncbi.nlm.nih.gov/36326884/,36326884,,false,,0,Characterization of the core gut microbiota of Nile tilapia (Oreochromis niloticus): indication of a putative novel Cetobacterium species and analysis of its potential function on nutrition.,Archives of microbiology,2022,10.1007/s00203-022-03301-1,Zhang Z; Fan Z; Yi M; Liu Z; Ke X; Gao F; Cao J; Wang M; Chen G; Lu M,
36322250,https://pubmed.ncbi.nlm.nih.gov/36322250/,36322250,PMC9628524,true,,0,Comparison of iSeq and MiSeq as the two platforms for 16S rRNA sequencing in the study of the gut of rat microbiome.,Applied microbiology and biotechnology,2022,10.1007/s00253-022-12251-z,Salamon D; Zapała B; Krawczyk A; Potasiewicz A; Nikiforuk A; Stój A; Gosiewski T,
36321901,https://pubmed.ncbi.nlm.nih.gov/36321901/,36321901,PMC9769736,true,PRJCA008889; PRJEB31266; PRJEB33885; PRJEB35610; PRJNA657473,5,"A Catalog of over 5,000 Metagenome-Assembled Microbial Genomes from the Caprinae Gut Microbiota.",Microbiology spectrum,2022,10.1128/spectrum.02211-22,Zhang XX; Lv QB; Yan QL; Zhang Y; Guo RC; Meng JX; Ma H; Qin SY; Zhu QH; Li CQ; Liu R; Liu G; Li SH; Sun DB; Ni HB,
36318011,https://pubmed.ncbi.nlm.nih.gov/36318011/,36318011,PMC9769641,true,PRJNA879251,1,Multiomics Characterization of the Canada Goose Fecal Microbiome Reveals Selective Efficacy of Simulated Metagenomes.,Microbiology spectrum,2022,10.1128/spectrum.02384-22,Gil JC; Hird SM,
36296333,https://pubmed.ncbi.nlm.nih.gov/36296333/,36296333,PMC9609858,true,PRJNA826263,1,Screening of Bacteria Inhibiting Clostridium perfringens and Assessment of Their Beneficial Effects In Vitro and In Vivo with Whole Genome Sequencing Analysis.,Microorganisms,2022,10.3390/microorganisms10102056,Jiang Z; Su W; Yang M; Li W; Gong T; Zhang Y; Wen C; Wang X; Wang Y; Jin M; Lu Z,
36290512,https://pubmed.ncbi.nlm.nih.gov/36290512/,36290512,PMC9598484,true,CRA007760,1,Pan-Genome Analysis Reveals Functional Divergences in Gut-Restricted Gilliamella and Snodgrassella.,"Bioengineering (Basel, Switzerland)",2022,10.3390/bioengineering9100544,Zhang Z; Guo Y; Yang F; Li J,
36290099,https://pubmed.ncbi.nlm.nih.gov/36290099/,36290099,PMC9598914,true,PRJNA823519,1,Detection of Acquired Antibiotic Resistance Genes in Domestic Pig (Sus scrofa) and Common Carp (Cyprinus carpio) Intestinal Samples by Metagenomics Analyses in Hungary.,"Antibiotics (Basel, Switzerland)",2022,10.3390/antibiotics11101441,Libisch B; Abdulkadir S; Keresztény T; Papp PP; Olasz F; Fébel H; Sándor ZJ; Rasschaert G; Lambrecht E; Heyndrickx M; Szabó A; Kovács M; Posta K,
36288294,https://pubmed.ncbi.nlm.nih.gov/36288294/,36288294,PMC10111978,true,PRJNA740243; PRJNA824950,2,Microbial Dysregulation of the Gut-Lung Axis in Bronchiectasis.,American journal of respiratory and critical care medicine,2023,10.1164/rccm.202205-0893OC,Narayana JK; Aliberti S; Mac Aogáin M; Jaggi TK; Ali NABM; Ivan FX; Cheng HS; Yip YS; Vos MIG; Low ZS; Lee JXT; Amati F; Gramegna A; Wong SH; Sung JJY; Tan NS; Tsaneva-Atanasova K; Blasi F; Chotirmall SH,
36279689,https://pubmed.ncbi.nlm.nih.gov/36279689/,36279689,,false,,0,"Bartonella choladocola sp. nov. and Bartonella apihabitans sp. nov., two novel species isolated from honey bee gut.",Systematic and applied microbiology,2022,10.1016/j.syapm.2022.126372,Liu Y; Chen J; Lang H; Zheng H,
36275026,https://pubmed.ncbi.nlm.nih.gov/36275026/,36275026,PMC9585322,true,PRJNA855620,1,The oral-gut axis: Salivary and fecal microbiome dysbiosis in patients with inflammatory bowel disease.,Frontiers in cellular and infection microbiology,2022,10.3389/fcimb.2022.1010853,Abdelbary MMH; Hatting M; Bott A; Dahlhausen A; Keller D; Trautwein C; Conrads G,
36270377,https://pubmed.ncbi.nlm.nih.gov/36270377/,36270377,,false,,0,Gut microbiota impairment following graphene oxide exposure is associated to physiological alterations in Xenopus laevis tadpoles.,The Science of the total environment,2023,10.1016/j.scitotenv.2022.159515,Evariste L; Mouchet F; Pinelli E; Flahaut E; Gauthier L; Barret M,
36251393,https://pubmed.ncbi.nlm.nih.gov/36251393/,36251393,,false,,0,The effect of Porphyromonas gingivalis on the gut microbiome of mice in relation to aging.,Journal of periodontal research,2022,10.1111/jre.13062,Giri S; Uehara O; Takada A; Paudel D; Morikawa T; Arakawa T; Nagasawa T; Abiko Y; Furuichi Y,
36232865,https://pubmed.ncbi.nlm.nih.gov/36232865/,36232865,PMC9569518,true,,0,Comparative Metagenomics and Metabolomes Reveals Abnormal Metabolism Activity Is Associated with Gut Microbiota in Alzheimer's Disease Mice.,International journal of molecular sciences,2022,10.3390/ijms231911560,Sun P; Zhu H; Li X; Shi W; Guo Y; Du X; Zhang L; Su L; Qin C,
36231135,https://pubmed.ncbi.nlm.nih.gov/36231135/,36231135,PMC9564074,true,,0,Captopril Alleviates Chondrocyte Senescence in DOCA-Salt Hypertensive Rats Associated with Gut Microbiome Alteration.,Cells,2022,10.3390/cells11193173,Chan LC; Zhang Y; Kuang X; Koohi-Moghadam M; Wu H; Lam TYC; Chiou J; Wen C,
36230372,https://pubmed.ncbi.nlm.nih.gov/36230372/,36230372,PMC9559286,true,PRJNA736988,1,"Dietary Supplementation of a Commercial Prebiotic, Probiotic and Their Combination Affected Growth Performance and Transient Intestinal Microbiota of Red Drum (Sciaenops ocellatus L.).",Animals : an open access journal from MDPI,2022,10.3390/ani12192629,Yamamoto FY; Ellis M; Bowles PR; Suehs BA; Carvalho PLPF; Older CE; Hume ME; Gatlin DM 3rd,
36226871,https://pubmed.ncbi.nlm.nih.gov/36226871/,36226871,PMC9578476,true,,0,"TangNaiKang, herbal formulation, alleviates obesity in diabetic SHR/cp rats through modulation of gut microbiota and related metabolic functions.",Pharmaceutical biology,2022,10.1080/13880209.2022.2096075,Tian P; Wu L; Kudo M; Hayashi M; Qin L; Gao M; Xu A; Liu T,
36225905,https://pubmed.ncbi.nlm.nih.gov/36225905/,36225905,PMC9549897,true,PRJNA734720,1,Dynamics of the gut microbiota in rats after hypobaric hypoxia exposure.,PeerJ,2022,10.7717/peerj.14090,Han Y; Xu J; Yan Y; Zhao X,
36225357,https://pubmed.ncbi.nlm.nih.gov/36225357/,36225357,PMC9549287,true,,0,Comparison of gut microflora of donkeys in high and low altitude areas.,Frontiers in microbiology,2022,10.3389/fmicb.2022.964799,Guo R; Zhang S; Chen J; Shen W; Zhang G; Wang J; Zhang F; Pan Q; Xie T; Ai D; Dong J; Suo J; Sun Y; Liu S,
36221927,https://pubmed.ncbi.nlm.nih.gov/36221927/,36221927,PMC9797449,true,PRJNA744273; PRJNA746253,2,Phylogenetically under-dispersed gut microbiomes are not correlated with host genomic heterozygosity in a genetically diverse reptile community.,Molecular ecology,2023,10.1111/mec.16733,Holmes IA; Grundler MC,
36219101,https://pubmed.ncbi.nlm.nih.gov/36219101/,36219101,PMC9769733,true,PRJNA694703; SRP303220,2,Alginate Alleviates Dextran Sulfate Sodium-Induced Colitis by Promoting Bifidobacterium animalis and Intestinal Hyodeoxycholic Acid Synthesis in Mice.,Microbiology spectrum,2022,10.1128/spectrum.02979-22,Pi Y; Zhang X; Wu Y; Wang Z; Bai Y; Liu X; Han D; Zhao J; Tobin I; Zhao J; Zhang G; Wang J,
36216056,https://pubmed.ncbi.nlm.nih.gov/36216056/,36216056,,false,,0,Effects of urban particulate matter on gut microbiome and partial schizophrenia-like symptoms in mice: Evidence from shotgun metagenomic and metabolomic profiling.,The Science of the total environment,2023,10.1016/j.scitotenv.2022.159305,Yi W; Ji Y; Gao H; Luo S; Pan R; Song J; He Y; Li Y; Wu Y; Yan S; Liang Y; Sun X; Jin X; Mei L; Cheng J; Su H,
36212851,https://pubmed.ncbi.nlm.nih.gov/36212851/,36212851,PMC9537473,true,PRJNA862309,1,Integration of metagenomic and metabolomic insights into the effects of microcystin-LR on intestinal microbiota of Litopenaeus vannamei.,Frontiers in microbiology,2022,10.3389/fmicb.2022.994188,Duan Y; Xing Y; Zeng S; Dan X; Mo Z; Zhang J; Li Y,
36210003,https://pubmed.ncbi.nlm.nih.gov/36210003/,36210003,,false,,0,"Probiotic effects of Pseudoalteromonas ruthenica: Antibacterial, immune stimulation and modulation of gut microbiota composition.",Fish & shellfish immunology,2022,10.1016/j.fsi.2022.09.070,Wasana WP; Senevirathne A; Nikapitiya C; Lee JS; Kang DH; Kwon KK; Oh C; De Zoysa M,
36208825,https://pubmed.ncbi.nlm.nih.gov/36208825/,36208825,,false,,0,Honeybee (Apis mellifera) resistance to deltamethrin exposure by Modulating the gut microbiota and improving immunity.,"Environmental pollution (Barking, Essex : 1987)",2022,10.1016/j.envpol.2022.120340,Dong ZX; Tang QH; Li WL; Wang ZW; Li XJ; Fu CM; Li D; Qian K; Tian WL; Guo J,
36208631,https://pubmed.ncbi.nlm.nih.gov/36208631/,36208631,,false,,0,Enhanced cultured diversity of the mouse gut microbiota enables custom-made synthetic communities.,Cell host & microbe,2022,10.1016/j.chom.2022.09.011,Afrizal A; Jennings SAV; Hitch TCA; Riedel T; Basic M; Panyot A; Treichel N; Hager FT; Wong EO; Wolter B; Viehof A; von Strempel A; Eberl C; Buhl EM; Abt B; Bleich A; Tolba R; Blank LM; Navarre WW; Kiessling F; Horz HP; Torow N; Cerovic V; Stecher B; Strowig T; Overmann J; Clavel T,
36204330,https://pubmed.ncbi.nlm.nih.gov/36204330/,36204330,PMC9529224,true,,0,"Addition of Soluble Fiber in Low-Fat Purified Diets Maintains Cecal and Colonic Morphology, Modulates Bacterial Populations and Predicted Functions, and Improves Glucose Tolerance Compared with Traditional AIN Diets in Male Mice.",Current developments in nutrition,2022,10.1093/cdn/nzac105,Griffin LE; Radhakrishnan S; Pellizzon MA,
36194530,https://pubmed.ncbi.nlm.nih.gov/36194530/,36194530,PMC9733531,true,,0,"Culturomic-, metagenomic-, and transcriptomic-based characterization of commensal lactic acid bacteria isolated from domestic dogs using Caenorhabditis elegans as a model for aging.",Journal of animal science,2022,10.1093/jas/skac323,Kang AN; Mun D; Ryu S; Jae Lee J; Oh S; Kyu Kim M; Song M; Oh S; Kim Y,
36193874,https://pubmed.ncbi.nlm.nih.gov/36193874/,36193874,PMC9542937,true,PRJNA786015,1,Rural environment reduces allergic inflammation by modulating the gut microbiota.,Gut microbes,2022,10.1080/19490976.2022.2125733,Yang Z; Chen Z; Lin X; Yao S; Xian M; Ning X; Fu W; Jiang M; Li N; Xiao X; Feng M; Lian Z; Yang W; Ren X; Zheng Z; Zhao J; Wei N; Lu W; Roponen M; Schaub B; Wong GWK; Su Z; Wang C; Li J,
36181381,https://pubmed.ncbi.nlm.nih.gov/36181381/,36181381,PMC9708416,true,PRJNA821230,1,Effect of mineral oil as a lubricant to collect feces from cats for microbiome studies.,Journal of veterinary internal medicine,2022,10.1111/jvim.16556,Ma X; Brinker E; Cao W; Graff EC; Wang X,
36179649,https://pubmed.ncbi.nlm.nih.gov/36179649/,36179649,PMC9523386,true,CRA006699,1,Integrated omics analysis reveals differences in gut microbiota and gut-host metabolite profiles between obese and lean chickens.,Poultry science,2022,10.1016/j.psj.2022.102165,Liu J; Wang J; Zhou Y; Han H; Liu W; Li D; Li F; Cao D; Lei Q,
36175462,https://pubmed.ncbi.nlm.nih.gov/36175462/,36175462,PMC9522854,true,,0,Colitis-associated intestinal microbiota regulates brain glycine and host behavior in mice.,Scientific reports,2022,10.1038/s41598-022-19219-z,Morozova MV; Borisova MA; Snytnikova OA; Achasova KM; Litvinova EA; Tsentalovich YP; Kozhevnikova EN,
36174681,https://pubmed.ncbi.nlm.nih.gov/36174681/,36174681,,false,,0,Cow manure simultaneously reshaped antibiotic and metal resistome in the earthworm gut tract by metagenomic analysis.,The Science of the total environment,2023,10.1016/j.scitotenv.2022.159010,Yang F; Wang X; Tian X; Zhang Z; Zhang K; Zhang K,
36174380,https://pubmed.ncbi.nlm.nih.gov/36174380/,36174380,,false,,0,The berberine-enriched gut commensal Blautia producta ameliorates high-fat diet (HFD)-induced hyperlipidemia and stimulates liver LDLR expression.,Biomedicine & pharmacotherapy = Biomedecine & pharmacotherapie,2022,10.1016/j.biopha.2022.113749,Yang YN; Wang QC; Xu W; Yu J; Zhang H; Wu C,
36167169,https://pubmed.ncbi.nlm.nih.gov/36167169/,36167169,,false,,0,Antibiotics-induced changes in intestinal bacteria result in the sensitivity of honey bee to virus.,"Environmental pollution (Barking, Essex : 1987)",2022,10.1016/j.envpol.2022.120278,Deng Y; Yang S; Zhao H; Luo J; Yang W; Hou C,
36165828,https://pubmed.ncbi.nlm.nih.gov/36165828/,36165828,,false,,0,Impact of environmental micropollutants and diet composition on the gut microbiota of wild european eels (Anguilla anguilla).,"Environmental pollution (Barking, Essex : 1987)",2022,10.1016/j.envpol.2022.120207,Bertucci A; Hoede C; Dassié E; Gourves PY; Suin A; Le Menach K; Budzinski H; Daverat F,
36160848,https://pubmed.ncbi.nlm.nih.gov/36160848/,36160848,PMC9507060,true,PRJNA95448,1,Gut microbiome modulation mediated by probiotics: Positive impact on growth and health status of Labeo rohita.,Frontiers in physiology,2022,10.3389/fphys.2022.949559,Ghori I; Tubassam M; Ahmad T; Zuberi A; Imran M,
36160207,https://pubmed.ncbi.nlm.nih.gov/36160207/,36160207,PMC9490217,true,PRJNA792486,1,Transmission of the gut microbiome in cohousing goats and pigs.,Frontiers in microbiology,2022,10.3389/fmicb.2022.948617,Zhang T; Li M; Shi T; Yan Y; Niyazbekova Z; Wang X; Li Z; Jiang Y,
36155629,https://pubmed.ncbi.nlm.nih.gov/36155629/,36155629,PMC9511753,true,PRJNA681986,1,A global phylogenomic and metabolic reconstruction of the large intestine bacterial community of domesticated cattle.,Microbiome,2022,10.1186/s40168-022-01357-1,Teseo S; Otani S; Brinch C; Leroy S; Ruiz P; Desvaux M; Forano E; Aarestrup FM; Sapountzis P,
36144180,https://pubmed.ncbi.nlm.nih.gov/36144180/,36144180,PMC9503368,true,,0,"Interaction between Plasma Metabolomics and Intestinal Microbiome in db/db Mouse, an Animal Model for Study of Type 2 Diabetes and Diabetic Kidney Disease.",Metabolites,2022,10.3390/metabo12090775,Wu C; Fei J; Xu Q; Tao Y; Zhou Z; Wang Y; Wu J; Gu HF,
36142744,https://pubmed.ncbi.nlm.nih.gov/36142744/,36142744,PMC9504230,true,,0,Beneficial Effect of Gastrodia elata Blume and Poria cocos Wolf Administration on Acute UVB Irradiation by Alleviating Inflammation through Promoting the Gut-Skin Axis.,International journal of molecular sciences,2022,10.3390/ijms231810833,Zhang T; Huang S; Qiu J; Wu X; Yuan H; Park S,
36140732,https://pubmed.ncbi.nlm.nih.gov/36140732/,36140732,PMC9498768,true,,0,Gut Microbiome and Mycobiome Alterations in an In Vivo Model of Alzheimer's Disease.,Genes,2022,10.3390/genes13091564,D'Argenio V; Veneruso I; Gong C; Cecarini V; Bonfili L; Eleuteri AM,
36139998,https://pubmed.ncbi.nlm.nih.gov/36139998/,36139998,PMC9495050,true,PRJNA844237,1,Impact of Raised without Antibiotics Measures on Antimicrobial Resistance and Prevalence of Pathogens in Sow Barns.,"Antibiotics (Basel, Switzerland)",2022,10.3390/antibiotics11091221,Alvarado AC; Chekabab SM; Predicala BZ; Korber DR,
36135388,https://pubmed.ncbi.nlm.nih.gov/36135388/,36135388,PMC9603587,true,PRJNA765929,1,Commensal Fungus Candida albicans Maintains a Long-Term Mutualistic Relationship with the Host To Modulate Gut Microbiota and Metabolism.,Microbiology spectrum,2022,10.1128/spectrum.02462-22,Peroumal D; Sahu SR; Kumari P; Utkalaja BG; Acharya N,
36125286,https://pubmed.ncbi.nlm.nih.gov/36125286/,36125286,,false,,0,Effect of milk protein hydrolysate supplementation on protein energy malnutrition-induced gut dysbiosis.,Food & function,2022,10.1039/d2fo00714b,Prakash PK; Lakshmi A J,
36119925,https://pubmed.ncbi.nlm.nih.gov/36119925/,36119925,PMC9481326,true,,0,Gut Microbiota Profiles in Dairy Cattle from Highland and Coastal Regions Using Shotgun Metagenomic Approach.,BioMed research international,2022,10.1155/2022/3659052,Prasetiyono BWHE; Widiyanto W; Pandupuspitasari NS,
36112078,https://pubmed.ncbi.nlm.nih.gov/36112078/,36112078,,false,,0,Shallow shotgun sequencing of the microbiome recapitulates 16S amplicon results and provides functional insights.,Molecular ecology resources,2023,10.1111/1755-0998.13713,Stothart MR; McLoughlin PD; Poissant J,
36109557,https://pubmed.ncbi.nlm.nih.gov/36109557/,36109557,PMC9478101,true,PRJNA815969,1,High-quality metagenome-assembled genomes from proximal colonic microbiomes of synbiotic-treated korean native black pigs reveal changes in functional capacity.,Scientific reports,2022,10.1038/s41598-022-18503-2,Jung J; Bugenyi AW; Lee MR; Choi YJ; Song KD; Lee HK; Son YO; Lee DS; Lee SC; Son YJ; Heo J,
36105149,https://pubmed.ncbi.nlm.nih.gov/36105149/,36105149,PMC9465408,true,PRJNA811648,1,Multi-omics insights reveal the remodeling of gut mycobiome with P. gingivalis.,Frontiers in cellular and infection microbiology,2022,10.3389/fcimb.2022.937725,Chen S; Niu C; Lv W,
36094201,https://pubmed.ncbi.nlm.nih.gov/36094201/,36094201,PMC9499015,true,,0,Phytogen Improves Performance during Spotty Liver Disease by Impeding Bacterial Metabolism and Pathogenicity.,Applied and environmental microbiology,2022,10.1128/aem.00758-22,Yu SJ; Bajagai YS; Petranyi F; Stanley D,
36085351,https://pubmed.ncbi.nlm.nih.gov/36085351/,36085351,PMC9463172,true,PRJNA669162,1,Integrated multi-omics reveal important roles of gut contents in intestinal ischemia-reperfusion induced injuries in rats.,Communications biology,2022,10.1038/s42003-022-03887-8,Dai D; Dai F; Chen J; Jin M; Li M; Hu D; Liu Z; Zhang Z; Xu F; Chen WH,
36084068,https://pubmed.ncbi.nlm.nih.gov/36084068/,36084068,PMC9462788,true,,0,Whole genome sequence analysis of two subspecies of Companilactobacillus Futsaii and experimental verification of drug resistance and effect on the exploratory behavior of mice based on unique gene.,PloS one,2022,10.1371/journal.pone.0274244,Xin Z; Wei X; Jiao Q; Gou Q; Zhang Y; Peng C; Pan Q,
36056619,https://pubmed.ncbi.nlm.nih.gov/36056619/,36056619,PMC9825887,true,PRJNA804100,1,Freshwater mussels and host fish gut microbe community composition shifts after agricultural contaminant exposure.,Journal of applied microbiology,2022,10.1111/jam.15801,Gill SP; Learman DR; Annis ML; Woolnough DA,
36056292,https://pubmed.ncbi.nlm.nih.gov/36056292/,36056292,,false,,0,Intestinal Microbiomics and Metabolomics Insights into the Hepatoprotective Effects of Lactobacillus paracasei CCFM1222 Against the Acute Liver Injury in Mice.,Probiotics and antimicrobial proteins,2023,10.1007/s12602-022-09986-6,Guo W; Cui S; Tang X; Zhang Q; Zhao J; Mao B; Zhang H,
36049483,https://pubmed.ncbi.nlm.nih.gov/36049483/,36049483,,false,,0,Gut microbial DL-endopeptidase alleviates Crohn's disease via the NOD2 pathway.,Cell host & microbe,2022,10.1016/j.chom.2022.08.002,Gao J; Zhao X; Hu S; Huang Z; Hu M; Jin S; Lu B; Sun K; Wang Z; Fu J; Weersma RK; He X; Zhou H,
36047200,https://pubmed.ncbi.nlm.nih.gov/36047200/,36047200,,false,,0,Prophylactic Administration of Magnesium Oxide Prevents Dextran Sulfate Sodium-Induced Colonic Injury in Mice.,Biological & pharmaceutical bulletin,2022,10.1248/bpb.b22-00278,Miyanaga K; Asada A; Komoto M; Ohshima Y; Morimoto H; Yasukawa T; Matsuura R; Morito K; Takayama K; Uozumi Y; Nagasawa K,
36045431,https://pubmed.ncbi.nlm.nih.gov/36045431/,36045431,PMC9429759,true,PRJNA82536,1,Strain-level profiling with picodroplet microfluidic cultivation reveals host-specific adaption of honeybee gut symbionts.,Microbiome,2022,10.1186/s40168-022-01333-9,Meng Y; Li S; Zhang C; Zheng H,
36036626,https://pubmed.ncbi.nlm.nih.gov/36036626/,36036626,PMC9600256,true,PRJNA645015; PRJNA645267; PRJNA797557,3,Community Dynamics in Structure and Function of Honey Bee Gut Bacteria in Response to Winter Dietary Shift.,mBio,2022,10.1128/mbio.01131-22,Li C; Tang M; Li X; Zhou X,
36029916,https://pubmed.ncbi.nlm.nih.gov/36029916/,36029916,,false,,0,Bacterial species metabolic interaction network for deciphering the lignocellulolytic system in fungal cultivating termite gut microbiota.,Bio Systems,2022,10.1016/j.biosystems.2022.104763,Kundu P; Mondal S; Ghosh A,
36005344,https://pubmed.ncbi.nlm.nih.gov/36005344/,36005344,PMC9409189,true,PRJNA762197,1,The Role of Feeding Characteristics in Shaping Gut Microbiota Composition and Function of Ensifera (Orthoptera).,Insects,2022,10.3390/insects13080719,Zheng X; Zhu Q; Qin M; Zhou Z; Liu C; Wang L; Shi F,
36003944,https://pubmed.ncbi.nlm.nih.gov/36003944/,36003944,PMC9393522,true,PRJNA821628,1,"A comprehensive comparison of fecal microbiota in three ecological bird groups of raptors, waders, and waterfowl.",Frontiers in microbiology,2022,10.3389/fmicb.2022.919111,Zhao C; Liu L; Gao L; Bai L,
38077626,https://pubmed.ncbi.nlm.nih.gov/38077626/,38077626,PMC10699709,true,,0,Correlation between human gut microbiome and diseases.,Infectious medicine,2022,10.1016/j.imj.2022.08.004,Madhogaria B; Bhowmik P; Kundu A,
35995802,https://pubmed.ncbi.nlm.nih.gov/35995802/,35995802,PMC9395329,true,PRJEB45252,1,Phenotypic correlates of the working dog microbiome.,NPJ biofilms and microbiomes,2022,10.1038/s41522-022-00329-5,Craddock HA; Godneva A; Rothschild D; Motro Y; Grinstein D; Lotem-Michaeli Y; Narkiss T; Segal E; Moran-Gilad J,
35992659,https://pubmed.ncbi.nlm.nih.gov/35992659/,35992659,PMC9386515,true,PRJNA761967,1,Dose-dependent impact of enrofloxacin on broiler chicken gut resistome is mitigated by synbiotic application.,Frontiers in microbiology,2022,10.3389/fmicb.2022.869538,Temmerman R; Ghanbari M; Antonissen G; Schatzmayr G; Duchateau L; Haesebrouck F; Garmyn A; Devreese M,
35989412,https://pubmed.ncbi.nlm.nih.gov/35989412/,35989412,,false,,0,Metagenomic Insights into the Gut Microbiota of Eudrilus eugeniae (Kinberg) and Its Potential Roles in Agroecosystem.,Current microbiology,2022,10.1007/s00284-022-02988-1,Thakur SS; Lone AR; Yellaboina S; Tambat S; Yadav AN; Jain SK; Yadav S,
35986094,https://pubmed.ncbi.nlm.nih.gov/35986094/,35986094,PMC9666518,true,,0,Genomic insights into the phylogeny and biomass-degrading enzymes of rumen ciliates.,The ISME journal,2022,10.1038/s41396-022-01306-8,Li Z; Wang X; Zhang Y; Yu Z; Zhang T; Dai X; Pan X; Jing R; Yan Y; Liu Y; Gao S; Li F; Huang Y; Tian J; Yao J; Xing X; Shi T; Ning J; Yao B; Huang H; Jiang Y,
37938667,https://pubmed.ncbi.nlm.nih.gov/37938667/,37938667,PMC9723681,true,,0,Higher pathogen load in children from Mozambique vs. USA revealed by comparative fecal microbiome profiling.,ISME communications,2022,10.1038/s43705-022-00154-z,Kim M; Rodriguez-R LM; Hatt JK; Kayali O; Nalá R; Dunlop AL; Brennan PA; Corwin E; Smith AK; Brown J; Konstantinidis KT,
38647897,https://pubmed.ncbi.nlm.nih.gov/38647897/,38647897,PMC10992782,true,,0,Characterization of a novel GH10 alkali-thermostable xylanase from a termite microbiome.,Bioresources and bioprocessing,2022,10.1186/s40643-022-00572-w,Mon ML; Marrero Díaz de Villegas R; Campos E; Soria MA; Talia PM,
35967852,https://pubmed.ncbi.nlm.nih.gov/35967852/,35967852,PMC9366059,true,PRJNA734104,1,Antibiotic-Induced Primary Biles Inhibit SARS-CoV-2 Endoribonuclease Nsp15 Activity in Mouse Gut.,Frontiers in cellular and infection microbiology,2022,10.3389/fcimb.2022.896504,Ma Y; Luo M; Deng Y; Yang X; Wang X; Chen G; Qin Z; Deng Y; Nan M; Chen Y; Wang P; Wei H; Han L; Fang X; Liu Z,
35963228,https://pubmed.ncbi.nlm.nih.gov/35963228/,35963228,,false,,0,"Gut microbiome and metabolome of sea cucumber (Stichopus ocellatus) as putative markers for monitoring the marine sediment pollution in Pahang, Malaysia.",Marine pollution bulletin,2022,10.1016/j.marpolbul.2022.114022,Wei SS; Yen CM; Marshall IPG; Hamid HA; Kamal SS; Nielsen DS; Ahmad HF,
35962889,https://pubmed.ncbi.nlm.nih.gov/35962889/,35962889,,false,,0,Multi-omic Analysis of the Gut Microbiome in Rats with Lithium-Pilocarpine-Induced Temporal Lobe Epilepsy.,Molecular neurobiology,2022,10.1007/s12035-022-02984-3,Oliveira MET; Paulino GVB; Dos Santos Júnior ED; da Silva Oliveira FA; Melo VMM; Ursulino JS; de Aquino TM; Shetty AK; Landell MF; Gitaí DLG,
35956844,https://pubmed.ncbi.nlm.nih.gov/35956844/,35956844,PMC9370321,true,,0,Metagenomics Approach to the Intestinal Microbiome Structure and Abundance in High-Fat-Diet-Induced Hyperlipidemic Rat Fed with (-)-Epigallocatechin-3-Gallate Nanoparticles.,"Molecules (Basel, Switzerland)",2022,10.3390/molecules27154894,Chen Z; Liu B; Gong Z; Huang H; Gong Y; Xiao W,
35953616,https://pubmed.ncbi.nlm.nih.gov/35953616/,35953616,,false,,0,Intermittent fasting supports the balance of the gut microbiota composition.,International microbiology : the official journal of the Spanish Society for Microbiology,2023,10.1007/s10123-022-00272-7,Teker HT; Ceylani T,
35950862,https://pubmed.ncbi.nlm.nih.gov/35950862/,35950862,PMC9431492,true,PRJNA821641,1,Using Shotgun Sequencing to Describe the Changes Induced by In-Feed Zinc Oxide and Apramycin in the Microbiomes of Pigs One Week Postweaning.,Microbiology spectrum,2022,10.1128/spectrum.01597-22,Ortiz Sanjuán JM; Manzanilla EG; Cabrera-Rubio R; Crispie F; Cotter PD; Garrido JJ; Argüello H,
35945331,https://pubmed.ncbi.nlm.nih.gov/35945331/,35945331,,false,,0,Comparative analysis of the fecal bacterial communities of hawksbill sea turtles (Eretmochelys imbricata) and green sea turtles (Chelonia mydas).,FEMS microbiology letters,2022,10.1093/femsle/fnac073,Chen Y; Xia Z; Li H,
35941112,https://pubmed.ncbi.nlm.nih.gov/35941112/,35941112,PMC9359997,true,ERP138370; PRJEB53563,2,Acetate reprograms gut microbiota during alcohol consumption.,Nature communications,2022,10.1038/s41467-022-31973-2,Martino C; Zaramela LS; Gao B; Embree M; Tarasova J; Parker SJ; Wang Y; Chu H; Chen P; Lee KC; Galzerani DD; Gengatharan JM; Lekbua A; Neal M; Knight R; Tsukamoto H; Metallo CM; Schnabl B; Zengler K,
35939214,https://pubmed.ncbi.nlm.nih.gov/35939214/,35939214,PMC9360105,true,,0,Bacteroides muris sp. nov. isolated from the cecum of wild-derived house mice.,Archives of microbiology,2022,10.1007/s00203-022-03148-6,Fokt H; Unni R; Repnik U; Schmitz RA; Bramkamp M; Baines JF; Unterweger D,
35935588,https://pubmed.ncbi.nlm.nih.gov/35935588/,35935588,PMC9352486,true,,0,Guanxinning Tablet Attenuates Coronary Atherosclerosis via Regulating the Gut Microbiota and Their Metabolites in Tibetan Minipigs Induced by a High-Fat Diet.,Journal of immunology research,2022,10.1155/2022/7128230,Yang Q; Xu Y; Shen L; Pan Y; Huang J; Ma Q; Yu C; Chen J; Chen Y; Chen M,
35934074,https://pubmed.ncbi.nlm.nih.gov/35934074/,35934074,,false,,0,A novel NADP(H)-dependent 3α-HSDH from the intestinal microbiome of Ursus thibetanus.,International journal of biological macromolecules,2022,10.1016/j.ijbiomac.2022.07.252,Lou D; Zhang X; Cao Y; Zhou Z; Liu C; Kuang G; Tan J; Zhu L,
35930195,https://pubmed.ncbi.nlm.nih.gov/35930195/,35930195,,false,,0,The effect of young blood plasma administration on gut microbiota in middle-aged rats.,Archives of microbiology,2022,10.1007/s00203-022-03154-8,Ceylani T; Teker HT,
35923413,https://pubmed.ncbi.nlm.nih.gov/35923413/,35923413,PMC9339986,true,CRA007156; PRJNA820543,2,The Changes in Microbiotic Composition of Different Intestinal Tracts and the Effects of Supplemented Lactobacillus During the Formation of Goose Fatty Liver.,Frontiers in microbiology,2022,10.3389/fmicb.2022.906895,Wen K; Liu L; Zhao M; Geng T; Gong D,
35923394,https://pubmed.ncbi.nlm.nih.gov/35923394/,35923394,PMC9342865,true,CRA006663615,1,The Gut Microbiota Determines the High-Altitude Adaptability of Tibetan Wild Asses (Equus kiang) in Qinghai-Tibet Plateau.,Frontiers in microbiology,2022,10.3389/fmicb.2022.949002,Liu H; Han X; Zhao N; Hu L; Wang X; Luo C; Chen Y; Zhao X; Xu S,
35922873,https://pubmed.ncbi.nlm.nih.gov/35922873/,35922873,PMC9351240,true,PRJNA788462,1,The impacts of viral infection and subsequent antimicrobials on the microbiome-resistome of growing pigs.,Microbiome,2022,10.1186/s40168-022-01312-0,Gaire TN; Odland C; Zhang B; Ray T; Doster E; Nerem J; Dee S; Davies P; Noyes N,
35918353,https://pubmed.ncbi.nlm.nih.gov/35918353/,35918353,PMC9346115,true,PRJNA698776; PRJNA834938,2,Investigation of memory-enhancing effects of Streptococcus thermophilus EG007 in mice and elucidating molecular and metagenomic characteristics using nanopore sequencing.,Scientific reports,2022,10.1038/s41598-022-14837-z,Kim H; Jeon S; Kim J; Seol D; Jo J; Cho S; Kim H,
35914559,https://pubmed.ncbi.nlm.nih.gov/35914559/,35914559,PMC10581445,true,,0,Oral ingestion of the environmental toxicant trichloroethylene in rats induces alterations in the gut microbiome: Relevance to idiopathic Parkinson's disease.,Toxicology and applied pharmacology,2022,10.1016/j.taap.2022.116176,Ilieva NM; Wallen ZD; De Miranda BR,
35913177,https://pubmed.ncbi.nlm.nih.gov/35913177/,35913177,PMC9430488,true,PRJNA775062,1,Landscapes of Enteric Virome Signatures in Early-Weaned Piglets.,Microbiology spectrum,2022,10.1128/spectrum.01698-22,Tao S; Zou H; Li J; Wei H,
35911731,https://pubmed.ncbi.nlm.nih.gov/35911731/,35911731,PMC9336524,true,PRJNA799796,1,Metagenomic and metabolomic analyses reveal synergistic effects of fecal microbiota transplantation and anti-PD-1 therapy on treating colorectal cancer.,Frontiers in immunology,2022,10.3389/fimmu.2022.874922,Huang J; Zheng X; Kang W; Hao H; Mao Y; Zhang H; Chen Y; Tan Y; He Y; Zhao W; Yin Y,
35907589,https://pubmed.ncbi.nlm.nih.gov/35907589/,35907589,,false,,0,"Substrate degradation pathways, conserved functions and community composition of the hindgut microbiota in the herbivorous marine fish Kyphosus sydneyanus.","Comparative biochemistry and physiology. Part A, Molecular & integrative physiology",2022,10.1016/j.cbpa.2022.111283,Stevenson SJR; Lee KC; Handley KM; Angert ER; White WL; Clements KD,
35906393,https://pubmed.ncbi.nlm.nih.gov/35906393/,35906393,PMC9338012,true,PRJNA861165,1,Plant-derived tormentic acid alters the gut microbiota of the silkworm (Bombyx mori).,Scientific reports,2022,10.1038/s41598-022-17478-4,Bay V; Gür S; Bayraktar O,
35901372,https://pubmed.ncbi.nlm.nih.gov/35901372/,35901372,PMC9996537,true,,0,Acute gut microbiome changes after traumatic brain injury are associated with chronic deficits in decision-making and impulsivity in male rats.,Behavioral neuroscience,2023,10.1037/bne0000532,Frankot MA; O'Hearn CM; Blancke AM; Rodriguez B; Pechacek KM; Gandhi J; Hu G; Martens KM; Vonder Haar C,
35897801,https://pubmed.ncbi.nlm.nih.gov/35897801/,35897801,PMC9330872,true,,0,Early Life Short-Term Exposure to Polychlorinated Biphenyl 126 in Mice Leads to Metabolic Dysfunction and Microbiota Changes in Adulthood.,International journal of molecular sciences,2022,10.3390/ijms23158220,Tian Y; Rimal B; Gui W; Koo I; Yokoyama S; Perdew GH; Patterson AD,
35892598,https://pubmed.ncbi.nlm.nih.gov/35892598/,35892598,PMC9367263,true,,0,Mitigation of Memory Impairment with Fermented Fucoidan and λ-Carrageenan Supplementation through Modulating the Gut Microbiota and Their Metagenome Function in Hippocampal Amyloid-β Infused Rats.,Cells,2022,10.3390/cells11152301,Zhang T; Wu X; Yuan H; Huang S; Park S,
35892380,https://pubmed.ncbi.nlm.nih.gov/35892380/,35892380,PMC9331971,true,PRJNA777776,1,"Presence of Methicillin Resistant Staphylococcus aureus (MRSA) in Feces of the Small Indian Mongooses (Urva auropunctata) on Saint Kitts and Nevis, West Indies.","Antibiotics (Basel, Switzerland)",2022,10.3390/antibiotics11080990,Hoefer A; Becker AAMJ; Moodley A; Boyen F; Butaye P,
35889095,https://pubmed.ncbi.nlm.nih.gov/35889095/,35889095,PMC9321352,true,PRJNA577063,1,"Competitive Exclusion Bacterial Culture Derived from the Gut Microbiome of Nile Tilapia (Oreochromis niloticus) as a Resource to Efficiently Recover Probiotic Strains: Taxonomic, Genomic, and Functional Proof of Concept.",Microorganisms,2022,10.3390/microorganisms10071376,Melo-Bolívar JF; Ruiz Pardo RY; Junca H; Sidjabat HE; Cano-Lozano JA; Villamil Díaz LM,
35880887,https://pubmed.ncbi.nlm.nih.gov/35880887/,35880887,PMC9431278,true,PRJNA629856,1,Novel Insights into the Pig Gut Microbiome Using Metagenome-Assembled Genomes.,Microbiology spectrum,2022,10.1128/spectrum.02380-22,Holman DB; Kommadath A; Tingley JP; Abbott DW,
35858888,https://pubmed.ncbi.nlm.nih.gov/35858888/,35858888,PMC9300575,true,PRJEB37383,1,Activity-based protein profiling identifies alternating activation of enzymes involved in the bifidobacterium shunt pathway or mucin degradation in the gut microbiome response to soluble dietary fiber.,NPJ biofilms and microbiomes,2022,10.1038/s41522-022-00313-z,Killinger BJ; Whidbey C; Sadler NC; DeLeon AJ; Munoz N; Kim YM; Wright AT,
35858469,https://pubmed.ncbi.nlm.nih.gov/35858469/,35858469,,false,,0,Mesenchymal stem cell-derived exosome mitigates colitis via the modulation of the gut metagenomics-metabolomics-farnesoid X receptor axis.,Biomaterials science,2022,10.1039/d2bm00559j,Ocansey DKW; Zhang Z; Xu X; Liu L; Amoah S; Chen X; Wang B; Zhang X; Mao F,
35846762,https://pubmed.ncbi.nlm.nih.gov/35846762/,35846762,PMC9285403,true,PRJNA801062,1,Xiong Fu Powder Regulates the Intestinal Microenvironment to Protect Bones Against Destruction in Collagen-Induced Arthritis Rat Models.,Frontiers in cellular and infection microbiology,2022,10.3389/fcimb.2022.854940,Xi X; Ye Q; Li X; Lu X; Fan D; Xia Y; Xiao C,
35837785,https://pubmed.ncbi.nlm.nih.gov/35837785/,35837785,,false,,0,Feeding on soybean crops changed gut bacteria diversity of the southern green stinkbug (Nezara viridula) and reduced negative effects of some associated bacteria.,Pest management science,2022,10.1002/ps.7080,Medina V; Rosso BE; Soria M; Gutkind GO; Pagano EA; Zavala JA,
35814682,https://pubmed.ncbi.nlm.nih.gov/35814682/,35814682,PMC9263704,true,PRJNA810349,1,Features and Colonization Strategies of Enterococcus faecalis in the Gut of Bombyx mori.,Frontiers in microbiology,2022,10.3389/fmicb.2022.921330,Zhang X; Feng H; He J; Muhammad A; Zhang F; Lu X,
35814657,https://pubmed.ncbi.nlm.nih.gov/35814657/,35814657,PMC9259803,true,PRJNA701711; PRJNA784453,2,Wild and Captive Environments Drive the Convergence of Gut Microbiota and Impact Health in Threatened Equids.,Frontiers in microbiology,2022,10.3389/fmicb.2022.832410,Zhou Z; Tang L; Yan L; Jia H; Xiong Y; Shang J; Shao C; Zhang Q; Wang H; He L; Hu D; Zhang D,
35804768,https://pubmed.ncbi.nlm.nih.gov/35804768/,35804768,PMC9265560,true,,0,Alleviation of Metabolic Disturbance by Substituting Kanjang High in Bacillus for Salt through Modulation of Gut Microbiota in Estrogen-Deficient Rats.,"Foods (Basel, Switzerland)",2022,10.3390/foods11131951,Park S; Zhang T; Yue Y; Jeong SJ; Ryu MS; Wu X; Yang HJ; Jeong DY,
35799838,https://pubmed.ncbi.nlm.nih.gov/35799838/,35799838,PMC9255636,true,PRJNA812961,1,Cecal Microbial Hydrogen Cycling Potential Is Linked to Feed Efficiency Phenotypes in Chickens.,Frontiers in veterinary science,2022,10.3389/fvets.2022.904698,Ramírez GA; Keshri J; Vahrson I; Garber AI; Berrang ME; Cox NA; González-Cerón F; Aggrey SE; Oakley BB,
35794639,https://pubmed.ncbi.nlm.nih.gov/35794639/,35794639,PMC9258091,true,PRJNA753312,1,Induction of mastitis by cow-to-mouse fecal and milk microbiota transplantation causes microbiome dysbiosis and genomic functional perturbation in mice.,Animal microbiome,2022,10.1186/s42523-022-00193-w,Hoque MN; Rahman MS; Islam T; Sultana M; Crandall KA; Hossain MA,
35792945,https://pubmed.ncbi.nlm.nih.gov/35792945/,35792945,,false,,0,"The digestive tract sections of the sea cucumber Isostichopus badionotus reveal differences in composition, diversity, and functionality of the gut microbiota.",Archives of microbiology,2022,10.1007/s00203-022-03080-9,Quintanilla-Mena MA; Olvera-Novoa MA; Sánchez-Tapia IA; Lara-Pérez LA; Rivas-Reyes I; Gullian-Klanian M; Patiño-Suárez MV; Puch-Hau CA,
35783415,https://pubmed.ncbi.nlm.nih.gov/35783415/,35783415,PMC9244563,true,PRJNA730210; PRJNA817574,2,Effects of Dietary Antimicrobial Growth Promoters on Performance Parameters and Abundance and Diversity of Broiler Chicken Gut Microbiome and Selection of Antibiotic Resistance Genes.,Frontiers in microbiology,2022,10.3389/fmicb.2022.905050,Paul SS; Rama Rao SV; Hegde N; Williams NJ; Chatterjee RN; Raju MVLN; Reddy GN; Kumar V; Phani Kumar PS; Mallick S; Gargi M,
35782152,https://pubmed.ncbi.nlm.nih.gov/35782152/,35782152,PMC9240224,true,PRJNA806371,1,Genome-Resolved Characterization of Structure and Potential Functions of the Zebrafish Stool Microbiome.,Frontiers in cellular and infection microbiology,2022,10.3389/fcimb.2022.910766,Kayani MUR; Zaidi SSA; Feng R; Yu K; Qiu Y; Yu X; Chen L; Huang L,
35780445,https://pubmed.ncbi.nlm.nih.gov/35780445/,35780445,,false,,0,Metagenomic comparison of gut communities between hawksbills (Eretmochelys imbricata) and green sea turtles (Chelonia mydas).,Archives of microbiology,2022,10.1007/s00203-022-03073-8,Chen Y; Xia Z; Li H,
35777903,https://pubmed.ncbi.nlm.nih.gov/35777903/,35777903,PMC9263645,true,,0,Multi-omics data reveals the disturbance of glycerophospholipid metabolism caused by disordered gut microbiota in depressed mice.,Journal of advanced research,2022,10.1016/j.jare.2021.10.002,Tian T; Mao Q; Xie J; Wang Y; Shao WH; Zhong Q; Chen JJ,
35773309,https://pubmed.ncbi.nlm.nih.gov/35773309/,35773309,PMC9246849,true,PRJNA313047; PRJNA834577,2,"Phytogenic supplement containing menthol, carvacrol and carvone ameliorates gut microbiota and production performance of commercial layers.",Scientific reports,2022,10.1038/s41598-022-14925-0,Bajagai YS; Petranyi F; J Yu S; Lobo E; Batacan R Jr; Kayal A; Horyanto D; Ren X; M Whitton M; Stanley D,
35763072,https://pubmed.ncbi.nlm.nih.gov/35763072/,35763072,,false,,0,Effects of Sporisorium reiliana polysaccharides and Phoenix dactylifera monosaccharides on the gut microbiota and serum metabolism in mice with fructose-induced hyperuricemia.,Archives of microbiology,2022,10.1007/s00203-022-03053-y,Wang Z; Zhang Z; Lu C; Zhou J; Wang Z; Han J; Su X,
35752737,https://pubmed.ncbi.nlm.nih.gov/35752737/,35752737,PMC9233684,true,PRJNA712972,1,Gut microbiota alternation under the intestinal epithelium-specific knockout of mouse Piga gene.,Scientific reports,2022,10.1038/s41598-022-15150-5,Jangid A; Fukuda S; Seki M; Suzuki Y; Taylor TD; Ohno H; Prakash T,
35751084,https://pubmed.ncbi.nlm.nih.gov/35751084/,35751084,PMC9229118,true,,0,Gut archaea associated with bacteria colonization and succession during piglet weaning transitions.,BMC veterinary research,2022,10.1186/s12917-022-03330-4,Xiong X; Rao Y; Tu X; Wang Z; Gong J; Yang Y; Wu H; Liu X,
35751037,https://pubmed.ncbi.nlm.nih.gov/35751037/,35751037,PMC9229751,true,PRJNA778056,1,The functional microbiota of on- and off-year moso bamboo (Phyllostachys edulis) influences the development of the bamboo pest Pantana phyllostachysae.,BMC plant biology,2022,10.1186/s12870-022-03680-z,Li J; Zhao Q; Huang JP; Jia JY; Zhu TF; Hong T; Su J,
35749534,https://pubmed.ncbi.nlm.nih.gov/35749534/,35749534,PMC9232140,true,PRJNA526405,1,Phylogenetic diversity analysis of shotgun metagenomic reads describes gut microbiome development and treatment effects in the post-weaned pig.,PloS one,2022,10.1371/journal.pone.0270372,Gaio D; DeMaere MZ; Anantanawat K; Eamens GJ; Falconer L; Chapman TA; Djordjevic S; Darling AE,
35749527,https://pubmed.ncbi.nlm.nih.gov/35749527/,35749527,PMC9231746,true,PRJNA769425,1,"Metagenomic analysis of the gut microbiota in piglets either challenged or not with enterotoxigenic Escherichia coli reveals beneficial effects of probiotics on microbiome composition, resistome, digestive function and oxidative stress responses.",PloS one,2022,10.1371/journal.pone.0269959,Apiwatsiri P; Pupa P; Sirichokchatchawan W; Sawaswong V; Nimsamer P; Payungporn S; Hampson DJ; Prapasarakul N,
35744684,https://pubmed.ncbi.nlm.nih.gov/35744684/,35744684,PMC9229091,true,PRJNA814825,1,Comparative Analysis of Microbiome Metagenomics in Reintroduced Wild Horses and Resident Asiatic Wild Asses in the Gobi Desert Steppe.,Microorganisms,2022,10.3390/microorganisms10061166,Tang L; Gao Y; Yan L; Jia H; Chu H; Ma X; He L; Wang X; Li K; Hu D; Zhang D,
35741032,https://pubmed.ncbi.nlm.nih.gov/35741032/,35741032,PMC9221263,true,PRJNA772551,1,Tetragenococcus halophilus Alleviates Intestinal Inflammation in Mice by Altering Gut Microbiota and Regulating Dendritic Cell Activation via CD83.,Cells,2022,10.3390/cells11121903,Islam SMS; Ryu HM; Sohn S,
35722280,https://pubmed.ncbi.nlm.nih.gov/35722280/,35722280,PMC9201481,true,,0,2'-Fucosyllactose Increases the Abundance of Blautia in the Presence of Extracellular Fucosidase-Possessing Bacteria.,Frontiers in microbiology,2022,10.3389/fmicb.2022.913624,Horigome A; Hashikura N; Yoshida K; Xiao JZ; Odamaki T,
35719330,https://pubmed.ncbi.nlm.nih.gov/35719330/,35719330,PMC9204423,true,PRJNA757176,1,Comparative Analyses of Antibiotic Resistance Genes in Jejunum Microbiota of Pigs in Different Areas.,Frontiers in cellular and infection microbiology,2022,10.3389/fcimb.2022.887428,Li Y; Yang Y; Ma L; Liu J; An Q; Zhang C; Yin G; Cao Z; Pan H,
35718910,https://pubmed.ncbi.nlm.nih.gov/35718910/,35718910,,false,,0,[Effects of rice wheat intervention on intestinal microflora of rats based on metagenomics].,Wei sheng yan jiu = Journal of hygiene research,2022,10.19813/j.cnki.weishengyanjiu.2022.03.018,Wang S; Li B; Mao H; Zhu M; Zhang X; Xiang X; Wang Z,
35718758,https://pubmed.ncbi.nlm.nih.gov/35718758/,35718758,PMC9397561,true,,0,Eggshell membrane modulates gut microbiota to prevent murine pre-cachexia through suppression of T helper cell differentiation.,"Journal of cachexia, sarcopenia and muscle",2022,10.1002/jcsm.13019,Jia H; Lyu W; Hirota K; Saito E; Miyoshi M; Hohjoh H; Furukawa K; Saito K; Haritani M; Taguchi A; Hasebe Y; Kato H,
35716556,https://pubmed.ncbi.nlm.nih.gov/35716556/,35716556,,false,,0,Metagenomic assembly and binning analyses the prevalence and spread of antibiotic resistome in water and fish gut microbiomes along an environmental gradient.,Journal of environmental management,2022,10.1016/j.jenvman.2022.115521,Guan Y; Xue X; Jia J; Li X; Xing H; Wang Z,
35713834,https://pubmed.ncbi.nlm.nih.gov/35713834/,35713834,,false,,0,Impact of disinfectants on the intestinal bacterial symbionts and immunity of silkworm (Bombyx mori L.).,Environmental science and pollution research international,2022,10.1007/s11356-022-21442-0,Li G; Cai M; Zheng X; Xie X; Zhu Y; Long Y,
35707172,https://pubmed.ncbi.nlm.nih.gov/35707172/,35707172,PMC9189426,true,PRJNA780352,1,Dysbiosis and Restoration Dynamics of the Gut Microbiome Following Therapeutic Exposure to Florfenicol in Snubnose Pompano (Trachinotus blochii) to Aid in Sustainable Aquaculture Production Strategies.,Frontiers in microbiology,2022,10.3389/fmicb.2022.881275,Sumithra TG; Sharma KSR; Gangadharan S; Suresh G; Prasad V; Amala PV; Sayooj P; Gop AP; Anil MK; Patil PK; Achamveetil G,
35705722,https://pubmed.ncbi.nlm.nih.gov/35705722/,35705722,PMC9200724,true,,0,Bee pollen in zebrafish diet affects intestinal microbiota composition and skin cutaneous melanoma development.,Scientific reports,2022,10.1038/s41598-022-14245-3,Di Chiacchio IM; Gómez-Abenza E; Paiva IM; de Abreu DJM; Rodríguez-Vidal JF; Carvalho EEN; Carvalho SM; Solis-Murgas LD; Mulero V,
35702025,https://pubmed.ncbi.nlm.nih.gov/35702025/,35702025,PMC9441728,true,,0,Gut virome dysbiosis following focal cerebral ischemia in mice.,Journal of cerebral blood flow and metabolism : official journal of the International Society of Cerebral Blood Flow and Metabolism,2022,10.1177/0271678X221107702,Chelluboina B; Kieft K; Breister A; Anantharaman K; Vemuganti R,
35698614,https://pubmed.ncbi.nlm.nih.gov/35698614/,35698614,PMC9188309,true,,0,Comparative study on intestinal microbiome composition and function in young and adult Hainan gibbons (Nomascus hainanus).,PeerJ,2022,10.7717/peerj.13527,Li Y; Bi Y; Yang L; Jin K,
35690209,https://pubmed.ncbi.nlm.nih.gov/35690209/,35690209,,false,,0,Characterization of triclosan-induced hepatotoxicity and triclocarban-triggered enterotoxicity in mice by multiple omics screening.,The Science of the total environment,2022,10.1016/j.scitotenv.2022.156570,Song Y; Zhang C; Lei H; Qin M; Chen G; Wu F; Chen C; Cao Z; Zhang C; Wu M; Chen X; Zhang L,
35681493,https://pubmed.ncbi.nlm.nih.gov/35681493/,35681493,PMC9180301,true,PRJNA555826,1,Bidirectional Microbiome-Gut-Brain-Axis Communication Influences Metabolic Switch-Associated Responses in the Mosquito Anopheles culicifacies.,Cells,2022,10.3390/cells11111798,Das De T; Sharma P; Tevatiya S; Chauhan C; Kumari S; Yadav P; Singla D; Srivastava V; Rani J; Hasija Y; Pandey KC; Kajla M; Dixit R,
35678705,https://pubmed.ncbi.nlm.nih.gov/35678705/,35678705,PMC9455710,true,PRJNA801070,1,Insights into plastic biodegradation: community composition and functional capabilities of the superworm (Zophobas morio) microbiome in styrofoam feeding trials.,Microbial genomics,2022,10.1099/mgen.0.000842,Sun J; Prabhu A; Aroney STN; Rinke C,
35675291,https://pubmed.ncbi.nlm.nih.gov/35675291/,35675291,,false,,0,Omics technologies in poultry health and productivity - part 1: current use in poultry research.,Avian pathology : journal of the W.V.P.A,2022,10.1080/03079457.2022.2086447,Dehau T; Ducatelle R; Van Immerseel F; Goossens E,
35669004,https://pubmed.ncbi.nlm.nih.gov/35669004/,35669004,PMC9163692,true,PRJNA772302; PRJNA772305,2,High-throughput amplicon sequencing datasets of the metacommunity DNA of the gut microbiota of Zebrafish Danio rerio fed diets with differential quantities of protein and fat contents.,Data in brief,2022,10.1016/j.dib.2022.108313,Green GBH; Williams MB; Chehade SB; Morrow CD; Watts SA; Bej AK,
35668757,https://pubmed.ncbi.nlm.nih.gov/35668757/,35668757,PMC9166232,true,,0,The Gut Microbiota Composition of Cnaphalocrocis medinalis and Their Predicted Contribution to Larval Nutrition.,Frontiers in microbiology,2022,10.3389/fmicb.2022.909863,Li C; Han G; Sun J; Huang L; Lu Y; Xia Y; Liu Q; Xu J,
35664067,https://pubmed.ncbi.nlm.nih.gov/35664067/,35664067,PMC9131274,true,PRJNA794259; PRJNA796197,2,Annexin-A1 deficiency attenuates stress-induced tumor growth via fatty acid metabolism in mice: an Integrated multiple omics analysis on the stress- microbiome-metabolite-epigenetic-oncology (SMMEO) axis.,Theranostics,2022,10.7150/thno.68611,Cui J; Sachaphibulkij K; Teo WS; Lim HM; Zou L; Ong CN; Alberts R; Chen J; Lim LHK,
35660864,https://pubmed.ncbi.nlm.nih.gov/35660864/,35660864,,false,,0,Turtle ants harbor metabolically versatile microbiomes with conserved functions across development and phylogeny.,FEMS microbiology ecology,2022,10.1093/femsec/fiac068,Béchade B; Hu Y; Sanders JG; Cabuslay CS; Łukasik P; Williams BR; Fiers VJ; Lu R; Wertz JT; Russell JA,
35654195,https://pubmed.ncbi.nlm.nih.gov/35654195/,35654195,,false,,0,Perturbation of the gut microbiome in wild-caught freshwater turtles (Emydura macquarii macquarii) exposed to elevated PFAS levels.,The Science of the total environment,2022,10.1016/j.scitotenv.2022.156324,Beale DJ; Bissett A; Nilsson S; Bose U; Nelis JLD; Nahar A; Smith M; Gonzalez-Astudillo V; Braun C; Baddiley B; Vardy S,
35642928,https://pubmed.ncbi.nlm.nih.gov/35642928/,35642928,PMC9239097,true,PRJNA556087,1,Longitudinal Evaluation of Gut Bacteriomes and Viromes after Fecal Microbiota Transplantation for Eradication of Carbapenem-Resistant Enterobacteriaceae.,mSystems,2022,10.1128/msystems.01510-21,Liu Q; Zuo T; Lu W; Yeoh YK; Su Q; Xu Z; Tang W; Yang K; Zhang F; Lau LHS; Lui RNS; Chin ML; Wong R; Cheung CP; Zhu W; Chan PKS; Chan FKL; Lui GC; Ng SC,
35641653,https://pubmed.ncbi.nlm.nih.gov/35641653/,35641653,PMC9156677,true,PRJNA722696,1,Short-chain fatty acids promote the effect of environmental signals on the gut microbiome and metabolome in mice.,Communications biology,2022,10.1038/s42003-022-03468-9,Marrocco F; Delli Carpini M; Garofalo S; Giampaoli O; De Felice E; Di Castro MA; Maggi L; Scavizzi F; Raspa M; Marini F; Tomassini A; Nicolosi R; Cason C; Trettel F; Miccheli A; Iebba V; D'Alessandro G; Limatola C,
35625259,https://pubmed.ncbi.nlm.nih.gov/35625259/,35625259,PMC9137492,true,,0,Antimicrobial Susceptibility of Enterococcus Isolates from Cattle and Pigs in Portugal: Linezolid Resistance Genes optrA and poxtA.,"Antibiotics (Basel, Switzerland)",2022,10.3390/antibiotics11050615,Gião J; Leão C; Albuquerque T; Clemente L; Amaro A,
35624491,https://pubmed.ncbi.nlm.nih.gov/35624491/,35624491,PMC9137090,true,,0,The functional evolution of termite gut microbiota.,Microbiome,2022,10.1186/s40168-022-01258-3,Arora J; Kinjo Y; Šobotník J; Buček A; Clitheroe C; Stiblik P; Roisin Y; Žifčáková L; Park YC; Kim KY; Sillam-Dussès D; Hervé V; Lo N; Tokuda G; Brune A; Bourguignon T,
35618944,https://pubmed.ncbi.nlm.nih.gov/35618944/,35618944,,false,,0,Comparative Analyses of Scylla olivacea Gut Microbiota Composition and Function Suggest the Capacity for Polyunsaturated Fatty Acid Biosynthesis.,Microbial ecology,2023,10.1007/s00248-022-02046-0,Lau NS; Ting SY; Sam KK; M J; Wong SC; Wu X; Waiho K; Fazhan H; Shu-Chien AC,
35618126,https://pubmed.ncbi.nlm.nih.gov/35618126/,35618126,,false,,0,Global landscape of gut microbiome diversity and antibiotic resistomes across vertebrates.,The Science of the total environment,2022,10.1016/j.scitotenv.2022.156178,Huang G; Qu Q; Wang M; Huang M; Zhou W; Wei F,
35613310,https://pubmed.ncbi.nlm.nih.gov/35613310/,35613310,PMC9135421,true,PRJNA839170,1,Deficiency of PSRC1 accelerates atherosclerosis by increasing TMAO production via manipulating gut microbiota and flavin monooxygenase 3.,Gut microbes,2022,10.1080/19490976.2022.2077602,Luo T; Guo Z; Liu D; Guo Z; Wu Q; Li Q; Lin R; Chen P; Ou C; Chen M,
35601103,https://pubmed.ncbi.nlm.nih.gov/35601103/,35601103,PMC9114771,true,CRA002281,1,"Comparative Gut Microbiome in Trachypithecus leucocephalus and Other Primates in Guangxi, China, Based on Metagenome Sequencing.",Frontiers in cellular and infection microbiology,2022,10.3389/fcimb.2022.872841,Que T; Pang X; Huang H; Chen P; Wei Y; Hua Y; Liao H; Wu J; Li S; Wu A; He M; Ruan X; Hu Y,
35597403,https://pubmed.ncbi.nlm.nih.gov/35597403/,35597403,,false,,0,Oral delivery of stem-cell-loaded hydrogel microcapsules restores gut inflammation and microbiota.,Journal of controlled release : official journal of the Controlled Release Society,2022,10.1016/j.jconrel.2022.05.028,Kim DW; Jeong HS; Kim E; Lee H; Choi CH; Lee SJ,
35595857,https://pubmed.ncbi.nlm.nih.gov/35595857/,35595857,,false,,0,Role of gene regulation and inter species interaction as a key factor in gut microbiota adaptation.,Archives of microbiology,2022,10.1007/s00203-022-02935-5,Gao S; Khan MI; Kalsoom F; Liu Z; Chen Y; Chen Z,
35588986,https://pubmed.ncbi.nlm.nih.gov/35588986/,35588986,,false,,0,Investigating the gut microbiome and metabolome following treatment with artificial sweeteners acesulfame potassium and saccharin in young adult Wistar rats.,Food and chemical toxicology : an international journal published for the British Industrial Biological Research Association,2022,10.1016/j.fct.2022.113123,Murali A; Giri V; Cameron HJ; Sperber S; Zickgraf FM; Haake V; Driemert P; Walk T; Kamp H; Rietjens IM; van Ravenzwaay B,
35583811,https://pubmed.ncbi.nlm.nih.gov/35583811/,35583811,,false,,0,"Intake of a Chicken Protein-Based or Soy Protein-Based Diet Differentially Affects Growth Performance, Absorptive Capacity, and Gut Microbiota in Young Rats.",Molecular nutrition & food research,2022,10.1002/mnfr.202101124,Zhao F; Wang C; Song S; Fang C; Kristiansen K; Li C,
35579684,https://pubmed.ncbi.nlm.nih.gov/35579684/,35579684,,false,,0,Appraisal of cytotoxicity and acrylamide mitigation potential of L-asparaginase SlpA from fish gut microbiome.,Applied microbiology and biotechnology,2022,10.1007/s00253-022-11954-7,Johny TK; Puthusseri RM; Saidumohamed BE; Sheela UB; Puthusseri SP; Sasidharan RS; Bhat SG,
35566348,https://pubmed.ncbi.nlm.nih.gov/35566348/,35566348,PMC9104356,true,PRJEB21599,1,Characterisation of a Novel Acetyl Xylan Esterase (BaAXE) Screened from the Gut Microbiota of the Common Black Slug (Arion ater).,"Molecules (Basel, Switzerland)",2022,10.3390/molecules27092999,Madubuike H; Ferry N,
35565725,https://pubmed.ncbi.nlm.nih.gov/35565725/,35565725,PMC9105022,true,,0,"Influence of Aging, Macronutrient Composition and Time-Restricted Feeding on the Fischer344 x Brown Norway Rat Gut Microbiota.",Nutrients,2022,10.3390/nu14091758,Hernandez AR; Kemp KM; Burke SN; Buford TW; Carter CS,
35562600,https://pubmed.ncbi.nlm.nih.gov/35562600/,35562600,,false,,0,Gut Site and Gut Morphology Predict Microbiome Structure and Function in Ecologically Diverse Lemurs.,Microbial ecology,2023,10.1007/s00248-022-02034-4,Greene LK; McKenney EA; Gasper W; Wrampelmeier C; Hayer S; Ehmke EE; Clayton JB,
35559844,https://pubmed.ncbi.nlm.nih.gov/35559844/,35559844,,false,,0,Low dose antibiotic ingestion potentiates systemic and microbiome changes induced by silver nanoparticles.,NanoImpact,2021,10.1016/j.impact.2021.100343,Meier MJ; Nguyen KC; Crosthwait J; Kawata A; Rigden M; Leingartner K; Wong A; Holloway A; Shwed PS; Beaudette L; Navarro M; Wade M; Tayabali AF,
35550744,https://pubmed.ncbi.nlm.nih.gov/35550744/,35550744,,false,,0,Saccharina japonica fucan suppresses high fat diet-induced obesity and enriches fucoidan-degrading gut bacteria.,Carbohydrate polymers,2022,10.1016/j.carbpol.2022.119411,Wei B; Zhang B; Du AQ; Zhou ZY; Lu DZ; Zhu ZH; Ke SZ; Wang SJ; Yu YL; Chen JW; Zhang HW; Jin WH; Wang H,
35538082,https://pubmed.ncbi.nlm.nih.gov/35538082/,35538082,PMC9091251,true,PRJEB4309633; PRJEB4309734,2,Comprehensive 16S rRNA and metagenomic data from the gut microbiome of aging and rejuvenation mouse models.,Scientific data,2022,10.1038/s41597-022-01308-3,Shin J; Noh JR; Choe D; Lee N; Song Y; Cho S; Kang EJ; Go MJ; Ha SK; Kim JH; Kim YH; Kim KS; Kim BC; Lee CH; Cho BK,
35533914,https://pubmed.ncbi.nlm.nih.gov/35533914/,35533914,,false,,0,Effect of Radix Polygalae extract on the colonic dysfunction in rats induced by chronic restraint stress.,Journal of ethnopharmacology,2022,10.1016/j.jep.2022.115349,Li CC; Ye F; Xu CX; Chang Q; Liu XM; Pan RL,
35528135,https://pubmed.ncbi.nlm.nih.gov/35528135/,35528135,PMC9075537,true,,0,Interactions of Non-Nutritive Artificial Sweeteners with the Microbiome in Metabolic Syndrome.,Immunometabolism,2022,10.20900/immunometab20220012,Harrington V; Lau L; Crits-Christoph A; Suez J,
35526726,https://pubmed.ncbi.nlm.nih.gov/35526726/,35526726,,false,,0,Simultaneous Daily Fecal Microbiota Transplantation Fails to Prevent Metronidazole-Induced Dysbiosis of Equine Gut Microbiota.,Journal of equine veterinary science,2022,10.1016/j.jevs.2022.104004,Kinoshita Y; Niwa H; Uchida-Fujii E; Nukada T; Ueno T,
35526643,https://pubmed.ncbi.nlm.nih.gov/35526643/,35526643,,false,,0,"Exposure to crop production alters cecal prokaryotic microbiota, inflates virulome and resistome in wild prairie grouse.","Environmental pollution (Barking, Essex : 1987)",2022,10.1016/j.envpol.2022.119418,Drovetski SV; Schmidt BK; Lai JE; Gross MS; Hladik ML; Matterson KO; Karouna-Renier NK,
35525356,https://pubmed.ncbi.nlm.nih.gov/35525356/,35525356,,false,,0,Metagenomic assembly reveals the circadian oscillations of the microbiome and antibiotic resistance genes in a model of laying hens.,The Science of the total environment,2022,10.1016/j.scitotenv.2022.155692,Zhang Y; Zhang S; Yuan Y; Li Y; Zhu R; Yang Y; Xing S; Wang Y; Wu Y; Liao X; Mi J,
35516807,https://pubmed.ncbi.nlm.nih.gov/35516807/,35516807,PMC9063165,true,PRJEB47976,1,Signature of Alzheimer's Disease in Intestinal Microbiome: Results From the AlzBiom Study.,Frontiers in neuroscience,2022,10.3389/fnins.2022.792996,Laske C; Müller S; Preische O; Ruschil V; Munk MHJ; Honold I; Peter S; Schoppmeier U; Willmann M,
35507858,https://pubmed.ncbi.nlm.nih.gov/35507858/,35507858,PMC9659436,true,,0,Impact of different shades of light-emitting diode on fecal microbiota and gut health in broiler chickens.,Animal bioscience,2022,10.5713/ab.22.0028,Ianni A; Bennato F; Di Gianvittorio V; Di Domenico M; Martino C; Colapietro M; Cammà C; Martino G,
35506233,https://pubmed.ncbi.nlm.nih.gov/35506233/,35506233,PMC9065982,true,PRJEB20308; PRJNA738608,2,Geographically diverse canid sampling provides novel insights into pre-industrial microbiomes.,Proceedings. Biological sciences,2022,10.1098/rspb.2022.0052,Yarlagadda K; Zachwieja AJ; de Flamingh A; Phungviwatnikul T; Rivera-Colón AG; Roseman C; Shackelford L; Swanson KS; Malhi RS,
38868570,https://pubmed.ncbi.nlm.nih.gov/38868570/,38868570,PMC10989978,true,PRJNA721002,1,The co-occurrence of antibiotic resistance genes between dogs and their owners in families.,iMeta,2022,10.1002/imt2.21,Zhao R; Hao J; Yang J; Tong C; Xie L; Xiao D; Zeng Z; Xiong W,
35502903,https://pubmed.ncbi.nlm.nih.gov/35502903/,35502903,PMC9239044,true,PRJEB51496,1,"Microbiome ""Inception"": an Intestinal Cestode Shapes a Hierarchy of Microbial Communities Nested within the Host.",mBio,2022,10.1128/mbio.00679-22,Brealey JC; Lecaudey LA; Kodama M; Rasmussen JA; Sveier H; Dheilly NM; Martin MD; Limborg MT,
35501923,https://pubmed.ncbi.nlm.nih.gov/35501923/,35501923,PMC9063061,true,PRJNA706366,1,"Fecal microbiota transfer between young and aged mice reverses hallmarks of the aging gut, eye, and brain.",Microbiome,2022,10.1186/s40168-022-01243-w,Parker A; Romano S; Ansorge R; Aboelnour A; Le Gall G; Savva GM; Pontifex MG; Telatin A; Baker D; Jones E; Vauzour D; Rudder S; Blackshaw LA; Jeffery G; Carding SR,
35499050,https://pubmed.ncbi.nlm.nih.gov/35499050/,35499050,PMC9039653,true,PRJNA599288; PRJNA599289,2,Genetic divergence and functional convergence of gut bacteria between the Eastern honey bee Apis cerana and the Western honey bee Apis mellifera.,Journal of advanced research,2022,10.1016/j.jare.2021.08.002,Wu Y; Zheng Y; Wang S; Chen Y; Tao J; Chen Y; Chen G; Zhao H; Wang K; Dong K; Hu F; Feng Y; Zheng H,
35495724,https://pubmed.ncbi.nlm.nih.gov/35495724/,35495724,PMC9048822,true,,0,A Novel Efficient L-Lysine Exporter Identified by Functional Metagenomics.,Frontiers in microbiology,2022,10.3389/fmicb.2022.855736,Malla S; van der Helm E; Darbani B; Wieschalka S; Förster J; Borodina I; Sommer MOA,
35495718,https://pubmed.ncbi.nlm.nih.gov/35495718/,35495718,PMC9048739,true,,0,Metatranscriptomic Analysis of the Chicken Gut Resistome Response to In-Feed Antibiotics and Natural Feed Additives.,Frontiers in microbiology,2022,10.3389/fmicb.2022.833790,Koorakula R; Schiavinato M; Ghanbari M; Wegl G; Grabner N; Koestelbauer A; Klose V; Dohm JC; Domig KJ,
35495650,https://pubmed.ncbi.nlm.nih.gov/35495650/,35495650,PMC9048903,true,,0,Metagenomic and Transcriptomic Analyses Reveal the Differences and Associations Between the Gut Microbiome and Muscular Genes in Angus and Chinese Simmental Cattle.,Frontiers in microbiology,2022,10.3389/fmicb.2022.815915,Zheng Y; Chen J; Wang X; Han L; Yang Y; Wang Q; Yu Q,
37915425,https://pubmed.ncbi.nlm.nih.gov/37915425/,37915425,PMC10619970,true,PRJNA722312; PRJNA824056,2,Wild herbivorous mammals (genus Neotoma) host a diverse but transient assemblage of fungi.,"Symbiosis (Philadelphia, Pa.)",2022,10.1007/s13199-022-00853-0,Weinstein SB; Stephens WZ; Greenhalgh R; Round JL; Dearing MD,
35477134,https://pubmed.ncbi.nlm.nih.gov/35477134/,35477134,PMC9061639,true,PRJNA805262,1,Effects of therapeutic levels of dietary antibiotics on the cecal microbiome composition of broiler chickens.,Poultry science,2022,10.1016/j.psj.2022.101864,Kairmi SH; Taha-Abdelaziz K; Yitbarek A; Sargolzaei M; Spahany H; Astill J; Shojadoost B; Alizadeh M; Kulkarni RR; Parkinson J; Sharif S,
35476894,https://pubmed.ncbi.nlm.nih.gov/35476894/,35476894,PMC9171413,true,,0,External light-dark cycle shapes gut microbiota through intrinsically photosensitive retinal ganglion cells.,EMBO reports,2022,10.15252/embr.202052316,Lee CC; Liang F; Lee IC; Lu TH; Shan YY; Jeng CF; Zou YF; Yu HT; Chen Alen SK,
35468931,https://pubmed.ncbi.nlm.nih.gov/35468931/,35468931,PMC9038746,true,PRJNA655594,1,Shotgun metagenomic sequencing revealed the prebiotic potential of a grain-based diet in mice.,Scientific reports,2022,10.1038/s41598-022-10762-3,Jangid A; Fukuda S; Suzuki Y; Taylor TD; Ohno H; Prakash T,
35467389,https://pubmed.ncbi.nlm.nih.gov/35467389/,35467389,PMC9241680,true,PRJNA758898,1,Whole-Genome Shotgun Metagenomic Sequencing Reveals Distinct Gut Microbiome Signatures of Obese Cats.,Microbiology spectrum,2022,10.1128/spectrum.00837-22,Ma X; Brinker E; Graff EC; Cao W; Gross AL; Johnson AK; Zhang C; Martin DR; Wang X,
35467318,https://pubmed.ncbi.nlm.nih.gov/35467318/,35467318,,false,,0,Lower abundance of Bacteroides and metabolic dysfunction are highly associated with the post-weaning diarrhea in piglets.,Science China. Life sciences,2022,10.1007/s11427-021-2068-6,Ren W; Yu B; Yu J; Zheng P; Huang Z; Luo J; Mao X; He J; Yan H; Wu J; Chen D; Luo Y,
35464928,https://pubmed.ncbi.nlm.nih.gov/35464928/,35464928,PMC9021597,true,PRJNA807368,1,Dissecting the Effect of Berberine on the Intestinal Microbiome in the Weaned Piglets by Metagenomic Sequencing.,Frontiers in microbiology,2022,10.3389/fmicb.2022.862882,Hu H; Xu K; Wang K; Zhang F; Bai X,
35463645,https://pubmed.ncbi.nlm.nih.gov/35463645/,35463645,PMC9022097,true,SRP362079,1,Correlation Analysis of Gut Microbiota and Serum Metabolome With Porphyromonas gingivalis-Induced Metabolic Disorders.,Frontiers in cellular and infection microbiology,2022,10.3389/fcimb.2022.858902,Dong Z; Lv W; Zhang C; Chen S,
35460847,https://pubmed.ncbi.nlm.nih.gov/35460847/,35460847,,false,,0,Exploring the mechanism of Qinbaiqingfei-concentrate pills in the treatment of Mycoplasma pneumoniae pneumonia from the perspective of intestinal microbiota and mucosal immunity.,Journal of ethnopharmacology,2022,10.1016/j.jep.2022.115308,Liu Z; Dong WT; Wei WF; Huo JH; Wang WM,
35456777,https://pubmed.ncbi.nlm.nih.gov/35456777/,35456777,PMC9029475,true,SRP361917,1,Lactobacillus salivarius CML352 Isolated from Chinese Local Breed Chicken Modulates the Gut Microbiota and Improves Intestinal Health and Egg Quality in Late-Phase Laying Hens.,Microorganisms,2022,10.3390/microorganisms10040726,Xu C; Wei F; Yang X; Feng Y; Liu D; Hu Y,
35449330,https://pubmed.ncbi.nlm.nih.gov/35449330/,35449330,,false,,0,Evaluation of phoxim toxicity on aquatic and zebrafish intestinal microbiota by metagenomics and 16S rRNA gene sequencing analysis.,Environmental science and pollution research international,2022,10.1007/s11356-022-20325-8,Zhang J; Zhang Q; Zhang Z; Zhou Z; Lu T; Sun L; Qian H,
35440728,https://pubmed.ncbi.nlm.nih.gov/35440728/,35440728,PMC9296511,true,,0,Catestatin selects for colonization of antimicrobial-resistant gut bacterial communities.,The ISME journal,2022,10.1038/s41396-022-01240-9,González-Dávila P; Schwalbe M; Danewalia A; Dalile B; Verbeke K; Mahata SK; El Aidy S,
35437874,https://pubmed.ncbi.nlm.nih.gov/35437874/,35437874,,false,,0,"Changes in gut microbiota, metabolite SCFAs, and GPR43 expression in obese diabetic mice after sleeve gastrectomy.",Journal of applied microbiology,2022,10.1111/jam.15583,Guo Y; Liu C; Zhao X; Zhang X; Wu Q; Wang Z; Lu J,
35437627,https://pubmed.ncbi.nlm.nih.gov/35437627/,35437627,,false,,0,"Description of Polaribacter batillariae sp. nov., Polaribacter cellanae sp. nov., and Polaribacter pectinis sp. nov., novel bacteria isolated from the gut of three types of South Korean shellfish.","Journal of microbiology (Seoul, Korea)",2022,10.1007/s12275-022-1604-3,Jeong SW; Han JE; Lee JY; Yoo JH; Kim DY; Jeong IC; Choi JW; Jeong YS; Lee JY; Lee SY; Tak EJ; Sung H; Kim HS; Kim PS; Hyun DW; Bae JW,
35437328,https://pubmed.ncbi.nlm.nih.gov/35437328/,35437328,,false,,0,Anopheline mosquitoes are protected against parasite infection by tryptophan catabolism in gut microbiota.,Nature microbiology,2022,10.1038/s41564-022-01099-8,Feng Y; Peng Y; Song X; Wen H; An Y; Tang H; Wang J,
35436900,https://pubmed.ncbi.nlm.nih.gov/35436900/,35436900,PMC9014604,true,PRJNA773059,1,Carbendazim shapes microbiome and enhances resistome in the earthworm gut.,Microbiome,2022,10.1186/s40168-022-01261-8,Song J; Li T; Zheng Z; Fu W; Long Z; Shi N; Han Y; Zhang L; Yu Y; Fang H,
35434041,https://pubmed.ncbi.nlm.nih.gov/35434041/,35434041,PMC9011319,true,,0,Lactobacillus plantarum Lp3a improves functional constipation: evidence from a human randomized clinical trial and animal model.,Annals of translational medicine,2022,10.21037/atm-22-458,Zhang C; Zhang Y; Ma K; Wang G; Tang M; Wang R; Xia Z; Xu Z; Sun M; Bao X; Gui H; Wang H,
35416680,https://pubmed.ncbi.nlm.nih.gov/35416680/,35416680,PMC9107613,true,,0,Litter Commensal Bacteria Can Limit the Horizontal Gene Transfer of Antimicrobial Resistance to Salmonella in Chickens.,Applied and environmental microbiology,2022,10.1128/aem.02517-21,Oladeinde A; Abdo Z; Zwirzitz B; Woyda R; Lakin SM; Press MO; Cox NA; Thomas JC 4th; Looft T; Rothrock MJ Jr; Zock G; Plumblee Lawrence J; Cudnik D; Ritz C; Aggrey SE; Liachko I; Grove JR; Wiersma C,
35411589,https://pubmed.ncbi.nlm.nih.gov/35411589/,35411589,,false,,0,Acid-treated high-amylose corn starch suppresses high-fat diet-induced steatosis.,Journal of food science,2022,10.1111/1750-3841.16146,Yoshida R; Yano Y; Hoshi N; Okamoto N; Sui Y; Yamamoto A; Asaji N; Shiomi Y; Yasutomi E; Hatazawa Y; Hayashi H; Ueda Y; Kodama Y,
35409014,https://pubmed.ncbi.nlm.nih.gov/35409014/,35409014,PMC8998956,true,,0,Cross-Omics Analysis of Fenugreek Supplementation Reveals Beneficial Effects Are Caused by Gut Microbiome Changes Not Mammalian Host Physiology.,International journal of molecular sciences,2022,10.3390/ijms23073654,Jones KA; Richard AJ; Salbaum JM; Newman S; Carmouche R; Webb S; Bruce-Keller AJ; Stephens JM; Campagna SR,
35402298,https://pubmed.ncbi.nlm.nih.gov/35402298/,35402298,PMC8983862,true,,0,Effects of Short-Chain Fatty Acid Modulation on Potentially Diarrhea-Causing Pathogens in Yaks Through Metagenomic Sequencing.,Frontiers in cellular and infection microbiology,2022,10.3389/fcimb.2022.805481,Li K; Zeng Z; Liu J; Pei L; Wang Y; Li A; Kulyar MF; Shahzad M; Mehmood K; Li J; Qi D,
35400171,https://pubmed.ncbi.nlm.nih.gov/35400171/,35400171,PMC9040766,true,GSE83625; PRJNA737742; PRJNA739153,3,Murine Gut Microbiome Meta-analysis Reveals Alterations in Carbohydrate Metabolism in Response to Aging.,mSystems,2022,10.1128/msystems.01248-21,You X; Dadwal UC; Lenburg ME; Kacena MA; Charles JF,
35399616,https://pubmed.ncbi.nlm.nih.gov/35399616/,35399616,PMC8987634,true,PRJNA772888,1,The host-specific resistome in environmental feces of Eurasian otters (Lutra lutra) and leopard cats (Prionailurus bengalensis) revealed by metagenomic sequencing.,"One health (Amsterdam, Netherlands)",2022,10.1016/j.onehlt.2022.100385,Kumari P; Tripathi BM; Dong K; Eo KY; Lee WS; Kimura J; Yamamoto N,
35392807,https://pubmed.ncbi.nlm.nih.gov/35392807/,35392807,PMC8988407,true,PRJEB40767,1,Pharmacologically induced weight loss is associated with distinct gut microbiome changes in obese rats.,BMC microbiology,2022,10.1186/s12866-022-02494-1,Raineri S; Sherriff JA; Thompson KSJ; Jones H; Pfluger PT; Ilott NE; Mellor J,
35387878,https://pubmed.ncbi.nlm.nih.gov/35387878/,35387878,PMC9664112,true,CRA006099,1,Cigarette smoke promotes colorectal cancer through modulation of gut microbiota and related metabolites.,Gut,2022,10.1136/gutjnl-2021-325021,Bai X; Wei H; Liu W; Coker OO; Gou H; Liu C; Zhao L; Li C; Zhou Y; Wang G; Kang W; Ng EK; Yu J,
35382031,https://pubmed.ncbi.nlm.nih.gov/35382031/,35382031,PMC8979051,true,PRJNA726636,1,Characterizing the oral and distal gut microbiota of the threatened southern sea otter (Enhydra lutris nereis) to enhance conservation practice.,Conservation science and practice,2022,10.1111/csp2.12640,Dudek NK; Switzer AD; Costello EK; Murray MJ; Tomoleoni JA; Staedler MM; Tinker MT; Relman DA,
35369477,https://pubmed.ncbi.nlm.nih.gov/35369477/,35369477,PMC8965509,true,,0,Comparative Analysis of the Gut Microbiota of Mongolian Gazelle (Procapra gutturosa) Under Fragmented Habitats.,Frontiers in microbiology,2022,10.3389/fmicb.2022.830321,Shi L; Yang X; Dou H; Lyu T; Wang L; Zhou S; Shang Y; Dong Y; Zhang H,
35367886,https://pubmed.ncbi.nlm.nih.gov/35367886/,35367886,,false,,0,Dioxin-like polychlorinated biphenyl 126 (PCB126) disrupts gut microbiota-host metabolic dysfunction in mice via aryl hydrocarbon receptor activation.,Ecotoxicology and environmental safety,2022,10.1016/j.ecoenv.2022.113448,Zhang Y; Cui R; Shi G; Dai Y; Dong J; Wu Q; Zhang H; Dai J,
35346845,https://pubmed.ncbi.nlm.nih.gov/35346845/,35346845,,false,,0,Cordycepin alleviated metabolic inflammation in Western diet-fed mice by targeting intestinal barrier integrity and intestinal flora.,Pharmacological research,2022,10.1016/j.phrs.2022.106191,Chen J; Wang M; Zhang P; Li H; Qu K; Xu R; Guo N; Zhu H,
35346469,https://pubmed.ncbi.nlm.nih.gov/35346469/,35346469,,false,,0,Changes of antibiotic resistance genes and gut microbiota after the ingestion of goat milk.,Journal of dairy science,2022,10.3168/jds.2021-21325,Liu Y; Zhang F,
35346308,https://pubmed.ncbi.nlm.nih.gov/35346308/,35346308,PMC8962211,true,,0,Composition and short-term stability of gut microbiota in lean and spontaneously overweight healthy Labrador retriever dogs.,Acta veterinaria Scandinavica,2022,10.1186/s13028-022-00628-z,Söder J; Wernersson S; Höglund K; Hagman R; Lindåse S; Dicksved J,
35345588,https://pubmed.ncbi.nlm.nih.gov/35345588/,35345588,PMC8957277,true,PRJNA590977,1,Metagenomic investigation of the equine faecal microbiome reveals extensive taxonomic diversity.,PeerJ,2022,10.7717/peerj.13084,Gilroy R; Leng J; Ravi A; Adriaenssens EM; Oren A; Baker D; La Ragione RM; Proudman C; Pallen MJ,
35344714,https://pubmed.ncbi.nlm.nih.gov/35344714/,35344714,,false,,0,"Huangqin decoction ameliorates DSS-induced ulcerative colitis: Role of gut microbiota and amino acid metabolism, mTOR pathway and intestinal epithelial barrier.",Phytomedicine : international journal of phytotherapy and phytopharmacology,2022,10.1016/j.phymed.2022.154052,Li MX; Li MY; Lei JX; Wu YZ; Li ZH; Chen LM; Zhou CL; Su JY; Huang GX; Huang XQ; Zheng XB,
35342733,https://pubmed.ncbi.nlm.nih.gov/35342733/,35342733,PMC8956232,true,,0,Metagenomic analysis of the intestinal microbiome in goats on cactus and Salicornia-based diets.,Open veterinary journal,2022,10.5455/OVJ.2022.v12.i1.7,Domínguez FF; Crisanto MEV; Castro RLS; Rojas LV; Cuba VMB; Santos GRS; Ramos CAL; Mialhe E,
35328781,https://pubmed.ncbi.nlm.nih.gov/35328781/,35328781,PMC8951530,true,,0,Long-Term Effect of Porcine Brain Enzyme Hydrolysate Intake on Scopolamine-Induced Memory Impairment in Rats.,International journal of molecular sciences,2022,10.3390/ijms23063361,Zhang T; Kim MJ; Kim MJ; Wu X; Yang HJ; Yuan H; Huang S; Yoon SM; Kim KN; Park S,
35323827,https://pubmed.ncbi.nlm.nih.gov/35323827/,35323827,PMC8943154,true,,0,"Effect of chronic and acute enterotoxigenic E. coli challenge on growth performance, intestinal inflammation, microbiome, and metabolome of weaned piglets.",Scientific reports,2022,10.1038/s41598-022-08446-z,Boeckman JX; Sprayberry S; Korn AM; Suchodolski JS; Paulk C; Genovese K; Rech RR; Giaretta PR; Blick AK; Callaway T; Gill JJ,
35315566,https://pubmed.ncbi.nlm.nih.gov/35315566/,35315566,,false,,0,Soil causes gut microbiota to flourish and total serum IgE levels to decrease in mice.,Environmental microbiology,2022,10.1111/1462-2920.15979,Zhou D; Li N; Yang F; Zhang H; Bai Z; Dong Y; Li M; Zhu W; Fei Z; Xiao P; Sun X; Lu Z,
35301363,https://pubmed.ncbi.nlm.nih.gov/35301363/,35301363,PMC8930983,true,DRA010239; DRA010240; DRA011079; PRJDB9917,4,Gut microbiota analysis of Blenniidae fishes including an algae-eating fish and clear boundary formation among isolated Vibrio strains.,Scientific reports,2022,10.1038/s41598-022-08511-7,Yoshida MA; Tanabe T; Akiyoshi H; Kawamukai M,
35300678,https://pubmed.ncbi.nlm.nih.gov/35300678/,35300678,PMC8928592,true,,0,"Identifying biomarkers of the gut bacteria, bacteriophages and serum metabolites associated with three weaning periods in piglets.",BMC veterinary research,2022,10.1186/s12917-022-03203-w,Xiong X; Liu X; Wang Z; Xu Q; Xu J; Rao Y,
35298549,https://pubmed.ncbi.nlm.nih.gov/35298549/,35298549,PMC8929640,true,,0,Alternative to ZnO to establish balanced intestinal microbiota for weaning piglets.,PloS one,2022,10.1371/journal.pone.0265573,Juhász Á; Molnár-Nagy V; Bata Z; Tso KH; Mayer Z; Posta K,
35298370,https://pubmed.ncbi.nlm.nih.gov/35298370/,35298370,PMC9176287,true,PRJEB42270,1,"Novel canine high-quality metagenome-assembled genomes, prophages and host-associated plasmids provided by long-read metagenomics together with Hi-C proximity ligation.",Microbial genomics,2022,10.1099/mgen.0.000802,Cuscó A; Pérez D; Viñes J; Fàbregas N; Francino O,
35293806,https://pubmed.ncbi.nlm.nih.gov/35293806/,35293806,PMC9045090,true,PRJNA731974,1,Positive Interventional Effect of Engineered Butyrate-Producing Bacteria on Metabolic Disorders and Intestinal Flora Disruption in Obese Mice.,Microbiology spectrum,2022,10.1128/spectrum.01147-21,Wang L; Cheng X; Bai L; Gao M; Kang G; Cao X; Huang H,
35291481,https://pubmed.ncbi.nlm.nih.gov/35291481/,35291481,PMC8920477,true,,0,Robustness of Mammalian Gut Microbiota to Humanization in Captivity.,Frontiers in ecology and evolution,2022,10.3389/fevo.2021.785089,Trevelline BK; Moeller AH,
35286304,https://pubmed.ncbi.nlm.nih.gov/35286304/,35286304,PMC8947609,true,PRJEB48382,1,HAM-ART: An optimised culture-free Hi-C metagenomics pipeline for tracking antimicrobial resistance genes in complex microbial communities.,PLoS genetics,2022,10.1371/journal.pgen.1009776,Kalmar L; Gupta S; Kean IRL; Ba X; Hadjirin N; Lay EM; de Vries SPW; Bateman M; Bartlet H; Hernandez-Garcia J; Tucker AW; Restif O; Stevens MP; Wood JLN; Maskell DJ; Grant AJ; Holmes MA,
35282279,https://pubmed.ncbi.nlm.nih.gov/35282279/,35282279,PMC8908885,true,PRJNA750495,1,"Loss of gut microbial diversity in the cultured, agastric fish, Mexican pike silverside (Chirostoma estor: Atherinopsidae).",PeerJ,2022,10.7717/peerj.13052,Amillano-Cisneros JM; Hernández-Rosas PT; Gomez-Gil B; Navarrete-Ramírez P; Ríos-Durán MG; Martínez-Chávez CC; Johnston-Monje D; Martínez-Palacios CA; Raggi L,
35281446,https://pubmed.ncbi.nlm.nih.gov/35281446/,35281446,PMC8913537,true,,0,Involvement of Abnormal Gut Microbiota Composition and Function in Doxorubicin-Induced Cardiotoxicity.,Frontiers in cellular and infection microbiology,2022,10.3389/fcimb.2022.808837,Huang J; Wei S; Jiang C; Xiao Z; Liu J; Peng W; Zhang B; Li W,
35280539,https://pubmed.ncbi.nlm.nih.gov/35280539/,35280539,PMC8913415,true,,0,Metagenomics analysis of the fecal microbiota in Ring-necked pheasants (Phasianus colchicus) and Green pheasants (Phasianus versicolor) using next generation sequencing.,Saudi journal of biological sciences,2022,10.1016/j.sjbs.2021.10.050,Mohsin Bukhari S; Ahmed Alghamdi H; Ur Rehman K; Andleeb S; Ahmad S; Khalid N,
35277009,https://pubmed.ncbi.nlm.nih.gov/35277009/,35277009,PMC8840163,true,PRJNA741607,1,Lactulose Modulates the Structure of Gut Microbiota and Alleviates Colitis-Associated Tumorigenesis.,Nutrients,2022,10.3390/nu14030649,Hiraishi K; Zhao F; Kurahara LH; Li X; Yamashita T; Hashimoto T; Matsuda Y; Sun Z; Zhang H; Hirano K,
35273743,https://pubmed.ncbi.nlm.nih.gov/35273743/,35273743,PMC8889966,true,,0,Identification of sleep fragmentation-induced gut microbiota alteration and prediction of functional impact in Sprague Dawley rats harboring microbiome derived from multiple human donors.,"Sleep science (Sao Paulo, Brazil)",2022,10.5935/1984-0063.20200116,Triplett J; Braddock A; Roberts E; Ellis D; Chan V,
35272717,https://pubmed.ncbi.nlm.nih.gov/35272717/,35272717,PMC8908617,true,PRJNA687411,1,A mouse model of occult intestinal colonization demonstrating antibiotic-induced outgrowth of carbapenem-resistant Enterobacteriaceae.,Microbiome,2022,10.1186/s40168-021-01207-6,Sim CK; Kashaf SS; Stacy A; Proctor DM; Almeida A; Bouladoux N; Chen M; NISC Comparative Sequencing Program; Finn RD; Belkaid Y; Conlan S; Segre JA,
35272716,https://pubmed.ncbi.nlm.nih.gov/35272716/,35272716,PMC8908696,true,PRJNA744378,1,Exposure to Trypanosoma parasites induces changes in the microbiome of the Chagas disease vector Rhodnius prolixus.,Microbiome,2022,10.1186/s40168-022-01240-z,Eberhard FE; Klimpel S; Guarneri AA; Tobias NJ,
35262396,https://pubmed.ncbi.nlm.nih.gov/35262396/,35262396,PMC9045163,true,PRJNA613182,1,Alterations in the Gut Fungal Community in a Mouse Model of Huntington's Disease.,Microbiology spectrum,2022,10.1128/spectrum.02192-21,Kong G; Lê Cao KA; Hannan AJ,
35246246,https://pubmed.ncbi.nlm.nih.gov/35246246/,35246246,PMC8895625,true,CNP0000824,1,Extensive metagenomic analysis of the porcine gut resistome to identify indicators reflecting antimicrobial resistance.,Microbiome,2022,10.1186/s40168-022-01241-y,Zhou Y; Fu H; Yang H; Wu J; Chen Z; Jiang H; Liu M; Liu Q; Huang L; Gao J; Chen C,
35240353,https://pubmed.ncbi.nlm.nih.gov/35240353/,35240353,PMC8889413,true,,0,"The effects of feed supplementing Akkemansia muciniphila on incidence, severity, and gut microbiota of necrotic enteritis in chickens.",Poultry science,2022,10.1016/j.psj.2022.101751,Yang WY; Chou CH; Wang C,
35232776,https://pubmed.ncbi.nlm.nih.gov/35232776/,35232776,PMC9554078,true,GSE17538,1,Squalene epoxidase drives cancer cell proliferation and promotes gut dysbiosis to accelerate colorectal carcinogenesis.,Gut,2022,10.1136/gutjnl-2021-325851,Li C; Wang Y; Liu D; Wong CC; Coker OO; Zhang X; Liu C; Zhou Y; Liu Y; Kang W; To KF; Sung JJ; Yu J,
35230155,https://pubmed.ncbi.nlm.nih.gov/35230155/,35230155,PMC9045286,true,PRJNA792464,1,Metagenomic Insights into Chicken Gut Antibiotic Resistomes and Microbiomes.,Microbiology spectrum,2022,10.1128/spectrum.01907-21,Yang J; Tong C; Xiao D; Xie L; Zhao R; Huo Z; Tang Z; Hao J; Zeng Z; Xiong W,
35229726,https://pubmed.ncbi.nlm.nih.gov/35229726/,35229726,PMC8884899,true,,0,Fungal microbiome in inflammatory bowel disease: a critical assessment.,The Journal of clinical investigation,2022,10.1172/JCI155786,Underhill DM; Braun J,
35227465,https://pubmed.ncbi.nlm.nih.gov/35227465/,35227465,,false,,0,Effects of acylated and nonacylated anthocyanins extracts on gut metabolites and microbiota in diabetic Zucker rats: A metabolomic and metagenomic study.,"Food research international (Ottawa, Ont.)",2022,10.1016/j.foodres.2022.110978,Chen K; Wei X; Kortesniemi M; Pariyani R; Zhang Y; Yang B,
35222847,https://pubmed.ncbi.nlm.nih.gov/35222847/,35222847,PMC8858777,true,,0,ADDAGMA: A database for domestic animal gut microbiome atlas.,Computational and structural biotechnology journal,2022,10.1016/j.csbj.2022.02.003,Xu Y; Lei B; Zhang Q; Lei Y; Li C; Li X; Yao R; Hu R; Liu K; Wang Y; Cui Y; Wang L; Dai J; Li L; Ni W; Zhou P; Liu ZX; Hu S,
35216552,https://pubmed.ncbi.nlm.nih.gov/35216552/,35216552,PMC8881828,true,,0,Dysbiosis of skin microbiome and gut microbiome in melanoma progression.,BMC microbiology,2022,10.1186/s12866-022-02458-5,Mekadim C; Skalnikova HK; Cizkova J; Cizkova V; Palanova A; Horak V; Mrazek J,
35211100,https://pubmed.ncbi.nlm.nih.gov/35211100/,35211100,PMC8861459,true,PRJNA765168,1,Solea senegalensis Bacterial Intestinal Microbiota Is Affected by Low Dietary Inclusion of Ulva ohnoi.,Frontiers in microbiology,2021,10.3389/fmicb.2021.801744,Cerezo IM; Fumanal M; Tapia-Paniagua ST; Bautista R; Anguís V; Fernández-Díaz C; Alarcón FJ; Moriñigo MA; Balebona MC,
35208787,https://pubmed.ncbi.nlm.nih.gov/35208787/,35208787,PMC8880539,true,PRJNA790716,1,"Influence of Host Blood Meal Source on Gut Microbiota of Wild Caught Aedes aegypti, a Dominant Arboviral Disease Vector.",Microorganisms,2022,10.3390/microorganisms10020332,Sarma DK; Kumar M; Dhurve J; Pal N; Sharma P; James MM; Das D; Mishra S; Shubham S; Kumawat M; Verma V; Tiwari RR; Nagpal R; Marotta F,
35194021,https://pubmed.ncbi.nlm.nih.gov/35194021/,35194021,PMC8863841,true,,0,"Changes in gut viral and bacterial species correlate with altered 1,2-diacylglyceride levels and structure in the prefrontal cortex in a depression-like non-human primate model.",Translational psychiatry,2022,10.1038/s41398-022-01836-x,Wu J; Chai T; Zhang H; Huang Y; Perry SW; Li Y; Duan J; Tan X; Hu X; Liu Y; Pu J; Wang H; Song J; Jin X; Ji P; Zheng P; Xie P,
35191911,https://pubmed.ncbi.nlm.nih.gov/35191911/,35191911,,false,,0,Correlation between the regulation of intestinal bacteriophages by green tea polyphenols and the flora diversity in SPF mice.,Food & function,2022,10.1039/d1fo03694g,Dong S; Xin Z; He W; Zhang Y; Xiong J; Wang J; Liao Z; Wang L; Zhong Q; Wei H; Fang X,
35187178,https://pubmed.ncbi.nlm.nih.gov/35187178/,35187178,PMC8855168,true,,0,"Shenlian (SL) Decoction, a Traditional Chinese Medicine Compound, May Ameliorate Blood Glucose via Mediating the Gut Microbiota in db/db Mice.",Journal of diabetes research,2022,10.1155/2022/7802107,Sun RX; Huang WJ; Xiao Y; Wang DD; Mu GH; Nan H; Ni BR; Huang XQ; Wang HC; Liu YF; Fu Q; Zhao JX,
35185872,https://pubmed.ncbi.nlm.nih.gov/35185872/,35185872,PMC8854167,true,PRJNA771252,1,Indole-3-Acetic Acid Alters Intestinal Microbiota and Alleviates Ankylosing Spondylitis in Mice.,Frontiers in immunology,2022,10.3389/fimmu.2022.762580,Shen J; Yang L; You K; Chen T; Su Z; Cui Z; Wang M; Zhang W; Liu B; Zhou K; Lu H,
35185856,https://pubmed.ncbi.nlm.nih.gov/35185856/,35185856,PMC8848736,true,,0,Corrigendum: Diversity and Function of Wolf Spider Gut Microbiota Revealed by Shotgun Metagenomics.,Frontiers in microbiology,2022,10.3389/fmicb.2022.849170,Wu R; Wang L; Xie J; Zhang Z,
35184756,https://pubmed.ncbi.nlm.nih.gov/35184756/,35184756,PMC8858662,true,,0,Development of a rational framework for the therapeutic efficacy of fecal microbiota transplantation for calf diarrhea treatment.,Microbiome,2022,10.1186/s40168-021-01217-4,Islam J; Tanimizu M; Shimizu Y; Goto Y; Ohtani N; Sugiyama K; Tatezaki E; Sato M; Makino E; Shimada T; Ueda C; Matsuo A; Suyama Y; Sakai Y; Furukawa M; Usami K; Yoneyama H; Aso H; Tanaka H; Nochi T,
35184054,https://pubmed.ncbi.nlm.nih.gov/35184054/,35184054,,false,,0,Oral Corticosteroids Impair Mucin Production and Alter the Posttransplantation Microbiota in the Gut.,Digestion,2022,10.1159/000522039,Okafuji H; Iida N; Kitamura K; Seishima J; Wang Z; Yutani M; Yoshio T; Yamashita T; Sakai Y; Honda M; Yamashita T; Fujinaga Y; Shinkura R; Hamaguchi Y; Mizukoshi E; Kaneko S,
35175775,https://pubmed.ncbi.nlm.nih.gov/35175775/,35175775,,false,,0,Glycolipid Metabolism and Metagenomic Analysis of the Therapeutic Effect of a Phenolics-Rich Extract from Noni Fruit on Type 2 Diabetic Mice.,Journal of agricultural and food chemistry,2022,10.1021/acs.jafc.1c07441,Wang R; Zhang L; Zhang Q; Zhang J; Liu S; Li C; Wang L,
35171009,https://pubmed.ncbi.nlm.nih.gov/35171009/,35171009,PMC8849097,true,CNP0002072; CNP0002075; PRJNA494875; PRJNA561470,4,A Bacterial Genome and Culture Collection of Gut Microbial in Weanling Piglet.,Microbiology spectrum,2022,10.1128/spectrum.02417-21,Dong B; Lin X; Jing X; Hu T; Zhou J; Chen J; Xiao L; Wang B; Chen Z; Liu J; Hu Y; Liu G; Liu S; Liu J; Wei W; Zou Y,
35158077,https://pubmed.ncbi.nlm.nih.gov/35158077/,35158077,,false,,0,Genetic characterization of clinically relevant class 1 integrons carried by multidrug resistant bacteria (MDRB) isolated from the gut microbiota of highly antibiotic treated Salmo salar.,Journal of global antimicrobial resistance,2022,10.1016/j.jgar.2022.02.003,Vásquez-Ponce F; Higuera-Llantén S; Parás-Silva J; Gamboa-Acuña N; Cortés J; Opazo-Capurro A; Ugalde JA; Alcalde-Rico M; Olivares-Pacheco J,
35151255,https://pubmed.ncbi.nlm.nih.gov/35151255/,35151255,PMC8840236,true,PRJNA795867,1,Gut microbiome alterations in colitis rats after moxibustion at bilateral Tianshu acupoints.,BMC gastroenterology,2022,10.1186/s12876-022-02115-1,Qi Q; Liu YN; Lv SY; Wu HG; Zhang LS; Cao Z; Liu HR; Wang XM; Wu LY,
35147634,https://pubmed.ncbi.nlm.nih.gov/35147634/,35147634,,false,,0,Dihydromyricetin prevents obesity via regulating bile acid metabolism associated with the farnesoid X receptor in ob/ob mice.,Food & function,2022,10.1039/d1fo03971g,Song Y; Sun L; Ma P; Xu L; Xiao P,
35141306,https://pubmed.ncbi.nlm.nih.gov/35141306/,35141306,PMC8819141,true,PRJNA726842,1,Characterization of the Gut Microbiome and Resistomes of Wild and Zoo-Captive Macaques.,Frontiers in veterinary science,2021,10.3389/fvets.2021.778556,Jia T; Chang WS; Marcelino VR; Zhao S; Liu X; You Y; Holmes EC; Shi M; Zhang C,
35140888,https://pubmed.ncbi.nlm.nih.gov/35140888/,35140888,PMC8814018,true,PRJNA785094; PRJNA787384,2,Functional convergence of Yunnan snub-nosed monkey and bamboo-eating panda gut microbiomes revealing the driving by dietary flexibility on mammal gut microbiome.,Computational and structural biotechnology journal,2022,10.1016/j.csbj.2022.01.011,Xia W; Liu G; Wang D; Chen H; Zhu L; Li D,
35136548,https://pubmed.ncbi.nlm.nih.gov/35136548/,35136548,PMC8809447,true,CNP0002011,1,Comparative metagenomics analysis reveals how the diet shapes the gut microbiota in several small mammals.,Ecology and evolution,2022,10.1002/ece3.8470,Li F; Yang S; Zhang L; Qiao L; Wang L; He S; Li J; Yang N; Yue B; Zhou C,
35135621,https://pubmed.ncbi.nlm.nih.gov/35135621/,35135621,PMC8827200,true,,0,Insights into the proteomic profile of newly harvested corn and metagenomic analysis of the broiler intestinal microbiota.,Journal of animal science and biotechnology,2022,10.1186/s40104-021-00656-1,Yin D; Wang Y; Wang L; Wu Y; Bian X; Aggrey SE; Yuan J,
35129656,https://pubmed.ncbi.nlm.nih.gov/35129656/,35129656,,false,,0,Targeting intestinal flora and its metabolism to explore the laxative effects of rhubarb.,Applied microbiology and biotechnology,2022,10.1007/s00253-022-11813-5,Yang L; Wan Y; Li W; Liu C; Li HF; Dong Z; Zhu K; Jiang S; Shang E; Qian D; Duan J,
35108565,https://pubmed.ncbi.nlm.nih.gov/35108565/,35108565,,false,,0,"Alteration of gut microbiota composition and function of Indian major carp, rohu (Labeo rohita) infected with Argulus siamensis.",Microbial pathogenesis,2022,10.1016/j.micpath.2022.105420,Mondal HK; Maji UJ; Mohanty S; Sahoo PK; Maiti NK,
35108450,https://pubmed.ncbi.nlm.nih.gov/35108450/,35108450,,false,,0,Diets Containing Egg or Whey Protein and Inulin Fiber Improve Energy Balance and Modulate Gut Microbiota in Exercising Obese Rats.,Molecular nutrition & food research,2022,10.1002/mnfr.202100653,Avirineni BS; Singh A; Zapata RC; Stevens RD; Phillips CD; Chelikani PK,
35103093,https://pubmed.ncbi.nlm.nih.gov/35103093/,35103093,PMC8800603,true,PRJNA760651,1,Exploring the Possible Link between the Gut Microbiome and Fat Deposition in Pigs.,Oxidative medicine and cellular longevity,2022,10.1155/2022/1098892,Zhao G; Xiang Y; Wang X; Dai B; Zhang X; Ma L; Yang H; Lyu W,
35102501,https://pubmed.ncbi.nlm.nih.gov/35102501/,35102501,,false,,0,Metagenomic analysis of intestinal microbiota in wild rats living in urban and rural habitats.,Folia microbiologica,2022,10.1007/s12223-022-00951-y,Gurbanov R; Kabaoğlu U; Yağcı T,
35094708,https://pubmed.ncbi.nlm.nih.gov/35094708/,35094708,PMC8802455,true,PRJEB40990; PRJEB48695,2,A multi-omics approach unravels metagenomic and metabolic alterations of a probiotic and synbiotic additive in rainbow trout (Oncorhynchus mykiss).,Microbiome,2022,10.1186/s40168-021-01221-8,Rasmussen JA; Villumsen KR; Ernst M; Hansen M; Forberg T; Gopalakrishnan S; Gilbert MTP; Bojesen AM; Kristiansen K; Limborg MT,
35088527,https://pubmed.ncbi.nlm.nih.gov/35088527/,35088527,,false,,0,Bicyclol Alleviates Atherosclerosis by Manipulating Gut Microbiota.,"Small (Weinheim an der Bergstrasse, Germany)",2022,10.1002/smll.202105021,Li XL; Cui JJ; Zheng WS; Zhang JL; Li R; Ma XL; Lin M; Guo HH; Li C; Yu XY; Du P; Zhao LM; He S; Lan P; Jiang JD; Che Y; Wang LL,
35086715,https://pubmed.ncbi.nlm.nih.gov/35086715/,35086715,,false,,0,Intake of Bifidobacterium lactis Probio-M8 fermented milk protects against alcoholic liver disease.,Journal of dairy science,2022,10.3168/jds.2021-21265,He Q; Yang C; Kang X; Chen Y; Zhang T; Zhang H; Kwok LY,
35084011,https://pubmed.ncbi.nlm.nih.gov/35084011/,35084011,,false,,0,Butyl-fructooligosaccharides modulate gut microbiota in healthy mice and ameliorate ulcerative colitis in a DSS-induced model.,Food & function,2022,10.1039/d1fo03337a,Kang S; You HJ; Ju Y; Kim HJ; Jeong YJ; Johnston TV; Ji GE; Ku S; Park MS,
35076024,https://pubmed.ncbi.nlm.nih.gov/35076024/,35076024,PMC8855835,true,GSE182283,1,Group IIA secreted phospholipase A2 controls skin carcinogenesis and psoriasis by shaping the gut microbiota.,JCI insight,2022,10.1172/jci.insight.152611,Miki Y; Taketomi Y; Kidoguchi Y; Yamamoto K; Muramatsu K; Nishito Y; Park J; Hosomi K; Mizuguchi K; Kunisawa J; Soga T; Boilard E; B Gowda SG; Ikeda K; Arita M; Murakami M,
35068604,https://pubmed.ncbi.nlm.nih.gov/35068604/,35068604,PMC8758820,true,,0,Gut Metagenomic Profiling of Gossypol Induced Oxycarenus laetus (Hemiptera: Lygaeidae) Reveals Gossypol Tolerating Bacterial Species.,Indian journal of microbiology,2022,10.1007/s12088-021-00964-0,Sureshan SC; Mohideen HS; Nair TS,
35056554,https://pubmed.ncbi.nlm.nih.gov/35056554/,35056554,PMC8779451,true,,0,Red Cusk-Eel (Genypterus chilensis) Gut Microbiota Description of Wild and Aquaculture Specimens.,Microorganisms,2022,10.3390/microorganisms10010105,Romero J; Díaz O; Miranda CD; Rojas R,
35051309,https://pubmed.ncbi.nlm.nih.gov/35051309/,35051309,PMC9305894,true,,0,Seasonal variations in the composition and functional profiles of gut microbiota reflect dietary changes in plateau pikas.,Integrative zoology,2022,10.1111/1749-4877.12630,Fan C; Zhang L; Jia S; Tang X; Fu H; Li W; Liu C; Zhang H; Cheng Q; Zhang Y,
35048279,https://pubmed.ncbi.nlm.nih.gov/35048279/,35048279,,false,,0,Comparative 16S Metabarcoding of Nile Tilapia Gut Microbiota from the Northern Lakes of Egypt.,Applied biochemistry and biotechnology,2022,10.1007/s12010-021-03750-2,Serag AM; Abdel-Sabour MS; El-Hadidi M; Maged M; Magdy M; Ramadan MF; Refaat MH,
35023810,https://pubmed.ncbi.nlm.nih.gov/35023810/,35023810,PMC8765072,true,,0,Identification of Gut Bacteria such as Lactobacillus johnsonii that Disseminate to Systemic Tissues of Wild Type and MyD88-/- Mice.,Gut microbes,2022,10.1080/19490976.2021.2007743,Udayan S; Stamou P; Crispie F; Hickey A; Floyd AN; Hsieh CS; Cotter PD; O'Sullivan O; Melgar S; O'Toole PW; Newberry RD; Rossini V; Nally K,
35019699,https://pubmed.ncbi.nlm.nih.gov/35019699/,35019699,PMC8754107,true,PRJNA657145; PRJNA781018,2,Positive Effect of Lactobacillus acidophilus EG004 on Cognitive Ability of Healthy Mice by Fecal Microbiome Analysis Using Full-Length 16S-23S rRNA Metagenome Sequencing.,Microbiology spectrum,2022,10.1128/spectrum.01815-21,Jeon S; Kim H; Kim J; Seol D; Jo J; Choi Y; Cho S; Kim H,
35014712,https://pubmed.ncbi.nlm.nih.gov/35014712/,35014712,,false,,0,"Biological characteristics and whole-genome analysis of the potential probiotic, Lactobacillus reuteri S5.",Letters in applied microbiology,2022,10.1111/lam.13644,Shi S; Dong J; Cheng X; Hu J; Liu Y; He G; Zhang J; Yu H; Jia L; Zhou D,
34984487,https://pubmed.ncbi.nlm.nih.gov/34984487/,34984487,,false,,0,Lactobacillus casei Zhang exerts anti-obesity effect to obese glut1 and gut-specific-glut1 knockout mice via gut microbiota modulation mediated different metagenomic pathways.,European journal of nutrition,2022,10.1007/s00394-021-02764-0,He Q; Zhang Y; Ma D; Zhang W; Zhang H,
34980289,https://pubmed.ncbi.nlm.nih.gov/34980289/,34980289,PMC8722025,true,,0,Metagenomic and metatranscriptomic analyses reveal minor-yet-crucial roles of gut microbiome in deep-sea hydrothermal vent snail.,Animal microbiome,2022,10.1186/s42523-021-00150-z,Yang Y; Sun J; Chen C; Zhou Y; Van Dover CL; Wang C; Qiu JW; Qian PY,
34975785,https://pubmed.ncbi.nlm.nih.gov/34975785/,34975785,PMC8718803,true,PRJNA750644,1,Diversity and Function of Wolf Spider Gut Microbiota Revealed by Shotgun Metagenomics.,Frontiers in microbiology,2021,10.3389/fmicb.2021.758794,Wu R; Wang L; Xie J; Zhang Z,
34974121,https://pubmed.ncbi.nlm.nih.gov/34974121/,34974121,,false,,0,Gut microbiota modulation by prednisolone in a rat kindling model of pentylenetetrazol (PTZ)-induced seizure.,Microbial pathogenesis,2022,10.1016/j.micpath.2021.105376,de Lima AMDL; de Lima Rosa G; Müller Guzzo EF; Padilha RB; Costa da Silva R; Silveira AK; de Lima Morales D; Conci de Araujo M; Fonseca Moreira JC; Barth AL; Coitinho AS; Van Der Sand ST,
34972143,https://pubmed.ncbi.nlm.nih.gov/34972143/,34972143,PMC8719709,true,,0,Mangrove crab intestine and habitat sediment microbiomes cooperatively work on carbon and nitrogen cycling.,PloS one,2021,10.1371/journal.pone.0261654,Tongununui P; Kuriya Y; Murata M; Sawada H; Araki M; Nomura M; Morioka K; Ichie T; Ikejima K; Adachi K,
34970262,https://pubmed.ncbi.nlm.nih.gov/34970262/,34970262,PMC8712698,true,PRJNA757579,1,Adjunctive Probiotic Lactobacillus rhamnosus Probio-M9 Administration Enhances the Effect of Anti-PD-1 Antitumor Therapy via Restoring Antibiotic-Disrupted Gut Microbiota.,Frontiers in immunology,2021,10.3389/fimmu.2021.772532,Gao G; Ma T; Zhang T; Jin H; Li Y; Kwok LY; Zhang H; Sun Z,
34965016,https://pubmed.ncbi.nlm.nih.gov/34965016/,34965016,PMC8715831,true,,0,Lactobacillus lactis and Pediococcus pentosaceus-driven reprogramming of gut microbiome and metabolome ameliorates the progression of non-alcoholic fatty liver disease.,Clinical and translational medicine,2021,10.1002/ctm2.634,Yu JS; Youn GS; Choi J; Kim CH; Kim BY; Yang SJ; Lee JH; Park TS; Kim BK; Kim YB; Roh SW; Min BH; Park HJ; Yoon SJ; Lee NY; Choi YR; Kim HS; Gupta H; Sung H; Han SH; Suk KT; Lee DY,
34964882,https://pubmed.ncbi.nlm.nih.gov/34964882/,34964882,,false,,0,Gut Epithelial-derived CXCL9 Maintains Gut Homeostasis Through Preventing Overgrown E. coli.,Journal of Crohn's & colitis,2022,10.1093/ecco-jcc/jjab234,Wei J; Zhang C; Gao Y; Li Y; Zhang Q; Qi H; Jin M; Yang X; Su X; Zhang Y; Yang R,
34956130,https://pubmed.ncbi.nlm.nih.gov/34956130/,34956130,PMC8692951,true,,0,Taxonomy and Functional Diversity in the Fecal Microbiome of Beef Cattle Reared in Brazilian Traditional and Semi-Intensive Production Systems.,Frontiers in microbiology,2021,10.3389/fmicb.2021.768480,Corrêa PS; Jimenez CR; Mendes LW; Rymer C; Ray P; Gerdes L; da Silva VO; De Nadai Fernandes EA; Abdalla AL; Louvandini H,
34950117,https://pubmed.ncbi.nlm.nih.gov/34950117/,34950117,PMC8689068,true,PRJNA718160,1,Captivity Influences the Gut Microbiome of Rhinopithecus roxellana.,Frontiers in microbiology,2021,10.3389/fmicb.2021.763022,Wang X; Wang Z; Pan H; Qi J; Li D; Zhang L; Shen Y; Xiang Z; Li M,
34939130,https://pubmed.ncbi.nlm.nih.gov/34939130/,34939130,PMC9849180,true,,0,Microsporidian Infection in Mosquitoes (Culicidae) Is Associated with Gut Microbiome Composition and Predicted Gut Microbiome Functional Content.,Microbial ecology,2023,10.1007/s00248-021-01944-z,Trzebny A; Slodkowicz-Kowalska A; Björkroth J; Dabert M,
34930242,https://pubmed.ncbi.nlm.nih.gov/34930242/,34930242,PMC8686522,true,PRJNA760288,1,The effects of Levilactobacillus brevis on the physiological parameters and gut microbiota composition of rats subjected to desynchronosis.,Microbial cell factories,2021,10.1186/s12934-021-01716-x,Olekhnovich EI; Batotsyrenova EG; Yunes RA; Kashuro VA; Poluektova EU; Veselovsky VA; Ilina EN; Danilenko VN; Klimina KM,
34910917,https://pubmed.ncbi.nlm.nih.gov/34910917/,34910917,PMC8722030,true,,0,Streptozotocin-induced hyperglycemia alters the cecal metabolome and exacerbates antibiotic-induced dysbiosis.,Cell reports,2021,10.1016/j.celrep.2021.110113,Wurster JI; Peterson RL; Brown CE; Penumutchu S; Guzior DV; Neugebauer K; Sano WH; Sebastian MM; Quinn RA; Belenky P,
34906228,https://pubmed.ncbi.nlm.nih.gov/34906228/,34906228,PMC8672520,true,PRJEB43096; PRJEB43097,2,Ageing and rejuvenation models reveal changes in key microbial communities associated with healthy ageing.,Microbiome,2021,10.1186/s40168-021-01189-5,Shin J; Noh JR; Choe D; Lee N; Song Y; Cho S; Kang EJ; Go MJ; Ha SK; Chang DH; Kim JH; Kim YH; Kim KS; Jung H; Kim MH; Sung BH; Lee SG; Lee DH; Kim BC; Lee CH; Cho BK,
34903850,https://pubmed.ncbi.nlm.nih.gov/34903850/,34903850,PMC9038745,true,PRJNA693262,1,Mammalian gut metabolomes mirror microbiome composition and host phylogeny.,The ISME journal,2022,10.1038/s41396-021-01152-0,Gregor R; Probst M; Eyal S; Aksenov A; Sasson G; Horovitz I; Dorrestein PC; Meijler MM; Mizrahi I,
34894514,https://pubmed.ncbi.nlm.nih.gov/34894514/,34894514,,false,,0,Animal gut microbiome mediates the effects of antibiotic pollution on an artificial freshwater system.,Journal of hazardous materials,2022,10.1016/j.jhazmat.2021.127968,Zhu W; Yang D; Chang L; Zhang M; Zhu L; Jiang J,
34880836,https://pubmed.ncbi.nlm.nih.gov/34880836/,34880836,PMC8645866,true,,0,"Microbial Response to Fungal Infection in a Fungus-Growing Termite, Odontotermes formosanus (Shiraki).",Frontiers in microbiology,2021,10.3389/fmicb.2021.723508,Wu CY; Meng J; Merchant A; Zhang YX; Li MW; Zhou XG; Wang Q,
36619855,https://pubmed.ncbi.nlm.nih.gov/36619855/,36619855,PMC9744516,true,PRJEB46806,1,Gut Microbiota Linked with Reduced Fear of Humans in Red Junglefowl Has Implications for Early Domestication.,"Advanced genetics (Hoboken, N.J.)",2021,10.1002/ggn2.202100018,Puetz LC; Delmont TO; Aizpurua O; Guo C; Zhang G; Katajamaa R; Jensen P; Gilbert MTP,
34873691,https://pubmed.ncbi.nlm.nih.gov/34873691/,34873691,,false,,0,Comparison of whole goat milk and its major fractions regarding the modulation of gut microbiota.,Journal of the science of food and agriculture,2022,10.1002/jsfa.11708,Liu Y; Zhang F,
34862599,https://pubmed.ncbi.nlm.nih.gov/34862599/,34862599,,false,,0,"Amlodipine, an anti-hypertensive drug, alleviates non-alcoholic fatty liver disease by modulating gut microbiota.",British journal of pharmacology,2022,10.1111/bph.15768,Li Y; Zhao D; Qian M; Liu J; Pan C; Zhang X; Duan X; Zhang Y; Jia W; Wang L,
34862421,https://pubmed.ncbi.nlm.nih.gov/34862421/,34862421,PMC8642412,true,PRJEB46472,1,Time-restricted feeding induces Lactobacillus- and Akkermansia-specific functional changes in the rat fecal microbiota.,NPJ biofilms and microbiomes,2021,10.1038/s41522-021-00256-x,Palomba A; Tanca A; Abbondio M; Sau R; Serra M; Marongiu F; Fraumene C; Pagnozzi D; Laconi E; Uzzau S,
34861636,https://pubmed.ncbi.nlm.nih.gov/34861636/,34861636,,false,,0,Structural modulation of gut microbiota during alleviation of experimental passive Heymann nephritis in rats by a traditional Chinese herbal formula.,Biomedicine & pharmacotherapy = Biomedecine & pharmacotherapie,2022,10.1016/j.biopha.2021.112475,Wang XH; Yang YN; Liang Y; Lang R; Zeng Q; Yan L; Yu RH; Wu CM,
34857933,https://pubmed.ncbi.nlm.nih.gov/34857933/,34857933,PMC8941000,true,,0,In vitro interaction network of a synthetic gut bacterial community.,The ISME journal,2022,10.1038/s41396-021-01153-z,Weiss AS; Burrichter AG; Durai Raj AC; von Strempel A; Meng C; Kleigrewe K; Münch PC; Rössler L; Huber C; Eisenreich W; Jochum LM; Göing S; Jung K; Lincetto C; Hübner J; Marinos G; Zimmermann J; Kaleta C; Sanchez A; Stecher B,
34857055,https://pubmed.ncbi.nlm.nih.gov/34857055/,34857055,PMC8638651,true,,0,"Poultry gut health - microbiome functions, environmental impacts, microbiome engineering and advancements in characterization technologies.",Journal of animal science and biotechnology,2021,10.1186/s40104-021-00640-9,Aruwa CE; Pillay C; Nyaga MM; Sabiu S,
34851181,https://pubmed.ncbi.nlm.nih.gov/34851181/,34851181,PMC8635127,true,PRJNA732137,1,Differences in Fecal Microbiome and Antimicrobial Resistance between Captive and Free-Range Sika Deer under the Same Exposure of Antibiotic Anthelmintics.,Microbiology spectrum,2021,10.1128/Spectrum.01918-21,Wu K; Xu Y; Zhang W; Mao H; Chen B; Zheng Y; Hu X,
34851167,https://pubmed.ncbi.nlm.nih.gov/34851167/,34851167,PMC8636109,true,PRJNA313232; PRJNA448009,2,Muribaculaceae Genomes Assembled from Metagenomes Suggest Genetic Drivers of Differential Response to Acarbose Treatment in Mice.,mSphere,2021,10.1128/msphere.00851-21,Smith BJ; Miller RA; Schmidt TM,
34844317,https://pubmed.ncbi.nlm.nih.gov/34844317/,34844317,,false,,0,"Effects of spatially heterogeneous warming on gut microbiota, nutrition and gene flow of a heat-sensitive ungulate population.",The Science of the total environment,2022,10.1016/j.scitotenv.2021.150537,Chen S; Holyoak M; Liu H; Bao H; Ma Y; Dou H; Jiang G,
34843867,https://pubmed.ncbi.nlm.nih.gov/34843867/,34843867,,false,,0,Effects of Fusarium metabolites beauvericin and enniatins alone or in mixture with deoxynivalenol on weaning piglets.,Food and chemical toxicology : an international journal published for the British Industrial Biological Research Association,2021,10.1016/j.fct.2021.112719,Novak B; Lopes Hasuda A; Ghanbari M; Mayumi Maruo V; Bracarense APFRL; Neves M; Emsenhuber C; Wein S; Oswald IP; Pinton P; Schatzmayr D,
34836246,https://pubmed.ncbi.nlm.nih.gov/34836246/,34836246,,false,,0,,,,,,Request failed: Failed to fetch
34836145,https://pubmed.ncbi.nlm.nih.gov/34836145/,34836145,PMC8618180,true,,0,Comparative Analysis of the Impact of Urolithins on the Composition of the Gut Microbiota in Normal-Diet Fed Rats.,Nutrients,2021,10.3390/nu13113885,Al Khalaf AK; Abdulrahman AO; Kaleem M; Nur SM; Asseri AH; Choudhry H; Khan MI,
34835287,https://pubmed.ncbi.nlm.nih.gov/34835287/,34835287,PMC8619961,true,,0,Commensal Bifidobacterium Strains Enhance the Efficacy of Neo-Epitope Based Cancer Vaccines.,Vaccines,2021,10.3390/vaccines9111356,Tomasi M; Dalsass M; Beghini F; Zanella I; Caproni E; Fantappiè L; Gagliardi A; Irene C; König E; Frattini L; Masetti G; Isaac SJ; Armanini F; Cumbo F; Blanco-Míguez A; Grandi A; Segata N; Grandi G,
34828011,https://pubmed.ncbi.nlm.nih.gov/34828011/,34828011,PMC8614244,true,,0,Impact of Antibiotic Therapies on Resistance Genes Dynamic and Composition of the Animal Gut Microbiota.,Animals : an open access journal from MDPI,2021,10.3390/ani11113280,Rochegüe T; Haenni M; Mondot S; Astruc C; Cazeau G; Ferry T; Madec JY; Lupo A,
34825657,https://pubmed.ncbi.nlm.nih.gov/34825657/,34825657,,false,,0,"Gut microbiome architecture of wild greater one-horned rhinoceros:a vulnerable species from Kaziranga National Park, India.",Journal of genetics,2021,,Kakati P; Paine SK; Bhattacharjee CK; Bhattacharyya C; Sharma A; Phukan D; Barman NN; Basu A,
34824318,https://pubmed.ncbi.nlm.nih.gov/34824318/,34824318,PMC8616951,true,PRJNA693398,1,Fecal microbiota changes in NZB/W F1 mice after induction of lupus disease.,Scientific reports,2021,10.1038/s41598-021-02422-9,Chen YF; Hsieh AH; Wang LC; Huang YJ; Yun-Chen Tsai; Tseng WY; Kuo YL; Luo SF; Yu KH; Kuo CF,
34824201,https://pubmed.ncbi.nlm.nih.gov/34824201/,34824201,PMC8616916,true,PRJNA699677,1,Gut microbiome drives individual memory variation in bumblebees.,Nature communications,2021,10.1038/s41467-021-26833-4,Li L; Solvi C; Zhang F; Qi Z; Chittka L; Zhao W,
34821239,https://pubmed.ncbi.nlm.nih.gov/34821239/,34821239,,false,,0,A low molecular weight brown algae Laminaria japonica glycan modulation of gut microbiota and body weight in mice.,Food & function,2021,10.1039/d1fo03024h,Jin Z; Fang Z; Pei Z; Wang H; Zhu J; Lee YK; Zhang H; Zhao J; Lu W; Chen W,
34802820,https://pubmed.ncbi.nlm.nih.gov/34802820/,34802820,,false,,0,Metagenomic analysis explores the interaction of aged microplastics and roxithromycin on gut microbiota and antibiotic resistance genes of Carassius auratus.,Journal of hazardous materials,2022,10.1016/j.jhazmat.2021.127773,Zhang P; Lu G; Sun Y; Yan Z; Dang T; Liu J,
34795385,https://pubmed.ncbi.nlm.nih.gov/34795385/,34795385,PMC8602611,true,PRJEB22062; PRJEB33338; PRJNA408020; PRJNA417359,4,Metagenome-assembled genomes and gene catalog from the chicken gut microbiome aid in deciphering antibiotic resistomes.,Communications biology,2021,10.1038/s42003-021-02827-2,Feng Y; Wang Y; Zhu B; Gao GF; Guo Y; Hu Y,
34795236,https://pubmed.ncbi.nlm.nih.gov/34795236/,34795236,PMC8602333,true,PRJNA55157132,1,A standardized gnotobiotic mouse model harboring a minimal 15-member mouse gut microbiota recapitulates SOPF/SPF phenotypes.,Nature communications,2021,10.1038/s41467-021-26963-9,Darnaud M; De Vadder F; Bogeat P; Boucinha L; Bulteau AL; Bunescu A; Couturier C; Delgado A; Dugua H; Elie C; Mathieu A; Novotná T; Ouattara DA; Planel S; Saliou A; Šrůtková D; Yansouni J; Stecher B; Schwarzer M; Leulier F; Tamellini A,
34792102,https://pubmed.ncbi.nlm.nih.gov/34792102/,34792102,,false,,0,"Treatment with mixed probiotics induced, enhanced and diversified modulation of the gut microbiome of healthy rats.",FEMS microbiology ecology,2021,10.1093/femsec/fiab151,He Q; Huang J; Zheng T; Lin D; Zhang H; Li J; Sun Z,
34786660,https://pubmed.ncbi.nlm.nih.gov/34786660/,34786660,,false,,0,,,,,,Request failed: Failed to fetch
34784973,https://pubmed.ncbi.nlm.nih.gov/34784973/,34784973,PMC8597283,true,PRJNA645015; PRJNA645267; PRJNA648267; PRJNA735887,4,Honey bee genetics shape the strain-level structure of gut microbiota in social transmission.,Microbiome,2021,10.1186/s40168-021-01174-y,Wu J; Lang H; Mu X; Zhang Z; Su Q; Hu X; Zheng H,
34764945,https://pubmed.ncbi.nlm.nih.gov/34764945/,34764945,PMC8576124,true,,0,"Whole-Genome Sequencing, Phylogenetic and Genomic Analysis of Lactiplantibacillus pentosus L33, a Potential Probiotic Strain Isolated From Fermented Sausages.",Frontiers in microbiology,2021,10.3389/fmicb.2021.746659,Stergiou OS; Tegopoulos K; Kiousi DE; Tsifintaris M; Papageorgiou AC; Tassou CC; Chorianopoulos N; Kolovos P; Galanis A,
34763597,https://pubmed.ncbi.nlm.nih.gov/34763597/,34763597,PMC8726736,true,PRJNA473429,1,An integrated workflow for enhanced taxonomic and functional coverage of the mouse fecal metaproteome.,Gut microbes,2021,10.1080/19490976.2021.1994836,Nalpas N; Hoyles L; Anselm V; Ganief T; Martinez-Gili L; Grau C; Droste-Borel I; Davidovic L; Altafaj X; Dumas ME; Macek B,
34752869,https://pubmed.ncbi.nlm.nih.gov/34752869/,34752869,,false,,0,Multi-omics reveals the regulatory mechanisms of zinc exposure on the intestine-liver axis of golden pompano Trachinotus ovatus.,The Science of the total environment,2022,10.1016/j.scitotenv.2021.151497,Ma S; Shu X; Wang WX,
34745023,https://pubmed.ncbi.nlm.nih.gov/34745023/,34745023,PMC8564485,true,PRJEB33885; PRJNA202303; PRJNA354235; PRJNA400072; SRP057027,5,The Capacity to Produce Hydrogen Sulfide (H(2)S) via Cysteine Degradation Is Ubiquitous in the Human Gut Microbiome.,Frontiers in microbiology,2021,10.3389/fmicb.2021.705583,Braccia DJ; Jiang X; Pop M; Hall AB,
34742104,https://pubmed.ncbi.nlm.nih.gov/34742104/,34742104,,false,,0,Metagenomic and network analysis revealed wide distribution of antibiotic resistance genes in monkey gut microbiota.,Microbiological research,2022,10.1016/j.micres.2021.126895,Yan Y; Li H; Fayyaz A; Gai Y,
34737748,https://pubmed.ncbi.nlm.nih.gov/34737748/,34737748,PMC8560971,true,E-MTAB-10160,1,Age Associated Microbiome and Microbial Metabolites Modulation and Its Association With Systemic Inflammation in a Rhesus Macaque Model.,Frontiers in immunology,2021,10.3389/fimmu.2021.748397,Pallikkuth S; Mendez R; Russell K; Sirupangi T; Kvistad D; Pahwa R; Villinger F; Banerjee S; Pahwa S,
34733252,https://pubmed.ncbi.nlm.nih.gov/34733252/,34733252,PMC8558459,true,PRJNA671745,1,"Metagenomics Analysis Reveals Compositional and Functional Differences in the Gut Microbiota of Red Swamp Crayfish, Procambarus clarkii, Grown on Two Different Culture Environments.",Frontiers in microbiology,2021,10.3389/fmicb.2021.735190,Chen X; Fan L; Qiu L; Dong X; Wang Q; Hu G; Meng S; Li D; Chen J,
34732245,https://pubmed.ncbi.nlm.nih.gov/34732245/,34732245,PMC8567698,true,PRJNA705073,1,Strain-level analysis reveals the vertical microbial transmission during the life cycle of bumblebee.,Microbiome,2021,10.1186/s40168-021-01163-1,Su Q; Wang Q; Mu X; Chen H; Meng Y; Zhang X; Zheng L; Hu X; Zhai Y; Zheng H,
34711286,https://pubmed.ncbi.nlm.nih.gov/34711286/,34711286,PMC8555116,true,PRJEB47836,1,The role of the gut microbiota in the dietary niche expansion of fishing bats.,Animal microbiome,2021,10.1186/s42523-021-00137-w,Aizpurua O; Nyholm L; Morris E; Chaverri G; Herrera Montalvo LG; Flores-Martinez JJ; Lin A; Razgour O; Gilbert MTP; Alberdi A,
34710422,https://pubmed.ncbi.nlm.nih.gov/34710422/,34710422,,false,,0,16S rRNA metabarcoding unearths responses of rare gut microbiome of fathead minnows exposed to benzo[a]pyrene.,The Science of the total environment,2022,10.1016/j.scitotenv.2021.151060,DeBofsky A; Xie Y; Challis JK; Ankley PJ; Brinkmann M; Jones PD; Giesy JP,
34707567,https://pubmed.ncbi.nlm.nih.gov/34707567/,34707567,PMC8542985,true,PRJNA729899,1,Integrated Metagenomics and Metabolomics to Reveal the Effects of Policosanol on Modulating the Gut Microbiota and Lipid Metabolism in Hyperlipidemic C57BL/6 Mice.,Frontiers in endocrinology,2021,10.3389/fendo.2021.722055,Zhai Z; Liu J; Niu KM; Lin C; Tu Y; Liu Y; Cai L; Liu H; Ouyang K,
34690980,https://pubmed.ncbi.nlm.nih.gov/34690980/,34690980,PMC8529121,true,PRJNA695151,1,The Native Dietary Habits of the Two Sympatric Bee Species and Their Effects on Shaping Midgut Microorganisms.,Frontiers in microbiology,2021,10.3389/fmicb.2021.738226,Wang Y; Li Z; Ma L; Li G; Han K; Liu Z; Wang H; Xu B,
34684657,https://pubmed.ncbi.nlm.nih.gov/34684657/,34684657,PMC8539565,true,,0,Obesity Modulates the Gut Microbiome in Triple-Negative Breast Cancer.,Nutrients,2021,10.3390/nu13103656,Hossain F; Majumder S; David J; Bunnell BA; Miele L,
34683436,https://pubmed.ncbi.nlm.nih.gov/34683436/,34683436,PMC8539590,true,PRJEB47865,1,Cross-Sectional Analysis of the Microbiota of Human Gut and Its Direct Environment in a Household Cohort with High Background of Antibiotic Use.,Microorganisms,2021,10.3390/microorganisms9102115,Vu Thi Ngoc B; Ho Bich H; Galazzo G; Vu Tien Viet D; Oomen M; Nghiem Nguyen Minh T; Tran Huy H; van Doorn HR; Wertheim HFL; Penders J,
34664588,https://pubmed.ncbi.nlm.nih.gov/34664588/,34664588,,false,,0,Induction of the glycolysis product methylglyoxal on trimethylamine lyase synthesis in the intestinal microbiota from mice fed with choline and dietary fiber.,Food & function,2021,10.1039/d1fo01481a,Li Q; Wu T; Zhang M; Chen H; Liu R,
34648730,https://pubmed.ncbi.nlm.nih.gov/34648730/,34648730,PMC8660109,true,PRJEB44507,1,Hallstatt miners consumed blue cheese and beer during the Iron Age and retained a non-Westernized gut microbiome until the Baroque period.,Current biology : CB,2021,10.1016/j.cub.2021.09.031,Maixner F; Sarhan MS; Huang KD; Tett A; Schoenafinger A; Zingale S; Blanco-Míguez A; Manghi P; Cemper-Kiesslich J; Rosendahl W; Kusebauch U; Morrone SR; Hoopmann MR; Rota-Stabelli O; Rattei T; Moritz RL; Oeggl K; Segata N; Zink A; Reschreiter H; Kowarik K,
34639598,https://pubmed.ncbi.nlm.nih.gov/34639598/,34639598,PMC8508024,true,PRJDB8800,1,Differences of Gut Microbiota in the Freshwater Blackworm (Lumbriculus variegatus: Oligochaeta) in Two Different Habitat Conditions.,International journal of environmental research and public health,2021,10.3390/ijerph181910298,Kim PS; Lee YR; Kwon YS; Bae JW; Lee SJ; Park YS,
34632012,https://pubmed.ncbi.nlm.nih.gov/34632012/,34632012,PMC8488252,true,PRJNA683934,1,Data on cecal and fecal microbiota and predicted metagenomes profiles of female mice receiving whole flaxseed or its oil and secoisolariciresinol diglucoside components.,Data in brief,2021,10.1016/j.dib.2021.107409,Taibi A; Ku M; Lin Z; Gargari G; Kubant A; Lepp D; Power KA; Guglielmetti S; Thompson LU; Comelli EM,
34630342,https://pubmed.ncbi.nlm.nih.gov/34630342/,34630342,PMC8493336,true,PRJNA728669,1,A Molecular Survey of Bacterial Species in the Guts of Black Soldier Fly Larvae (Hermetia illucens) Reared on Two Urban Organic Waste Streams in Kenya.,Frontiers in microbiology,2021,10.3389/fmicb.2021.687103,Shumo M; Khamis FM; Ombura FL; Tanga CM; Fiaboe KKM; Subramanian S; Ekesi S; Schlüter OK; van Huis A; Borgemeister C,
34623538,https://pubmed.ncbi.nlm.nih.gov/34623538/,34623538,,false,,0,"Faecalicatena faecalis sp. nov., a moderately alkaliphilic bacterial strain isolated from swine faeces.",Antonie van Leeuwenhoek,2021,10.1007/s10482-021-01663-y,Oh BS; Kim JS; Ryu SW; Yu SY; Lee JS; Park SH; Kang SW; Lee J; Lee MK; Lee KH; Jung WY; Jung H; Hur TY; Kim HB; Kim JK; Lee JH; Jeong JH; Lee JH,
34617511,https://pubmed.ncbi.nlm.nih.gov/34617511/,34617511,PMC8612731,true,PRJNA665061,1,The East Asian gut microbiome is distinct from colocalized White subjects and connected to metabolic health.,eLife,2021,10.7554/eLife.70349,Ang QY; Alba DL; Upadhyay V; Bisanz JE; Cai J; Lee HL; Barajas E; Wei G; Noecker C; Patterson AD; Koliwad SK; Turnbaugh PJ,
34613750,https://pubmed.ncbi.nlm.nih.gov/34613750/,34613750,PMC8612258,true,,0,Interplay between Bacterial Clones and Plasmids in the Spread of Antibiotic Resistance Genes in the Gut: Lessons from a Temporal Study in Veal Calves.,Applied and environmental microbiology,2021,10.1128/AEM.01358-21,Massot M; Châtre P; Condamine B; Métayer V; Clermont O; Madec JY; Denamur E; Haenni M,
34608480,https://pubmed.ncbi.nlm.nih.gov/34608480/,34608480,,false,,0,Lactiplantibacillus plantarum HNU082 inhibited the growth of Fusobacterium nucleatum and alleviated the inflammatory response introduced by F. nucleatum invasion.,Food & function,2021,10.1039/d1fo01388b,Wang Y; Li J; Ma C; Jiang S; Li C; Zhang L; Zhang J,
34608200,https://pubmed.ncbi.nlm.nih.gov/34608200/,34608200,PMC8490373,true,,0,"Potential roles of 1,5-anhydro-D-fructose in modulating gut microbiome in mice.",Scientific reports,2021,10.1038/s41598-021-99052-y,Ito T; Totoki T; Takada S; Otsuka S; Maruyama I,
34600010,https://pubmed.ncbi.nlm.nih.gov/34600010/,34600010,,false,,0,Long-term chronic exposure to di-(2-ethylhexyl)-phthalate induces obesity via disruption of host lipid metabolism and gut microbiota in mice.,Chemosphere,2022,10.1016/j.chemosphere.2021.132414,Su H; Yuan P; Lei H; Zhang L; Deng D; Zhang L; Chen X,
34598739,https://pubmed.ncbi.nlm.nih.gov/34598739/,34598739,PMC8485508,true,PRJNA765714,1,"Antibiotics and fecal transfaunation differentially affect microbiota recovery, associations, and antibiotic resistance in lemur guts.",Animal microbiome,2021,10.1186/s42523-021-00126-z,Bornbusch SL; Harris RL; Grebe NM; Roche K; Dimac-Stohl K; Drea CM,
34579036,https://pubmed.ncbi.nlm.nih.gov/34579036/,34579036,PMC8471612,true,,0,Synbiotic Intervention with an Adlay-Based Prebiotic and Probiotics Improved Diet-Induced Metabolic Disturbance in Mice by Modulation of the Gut Microbiota.,Nutrients,2021,10.3390/nu13093161,Chiou WC; Chang BH; Tien HH; Cai YL; Fan YC; Chen WJ; Chu HF; Chen YH; Huang C,
34564366,https://pubmed.ncbi.nlm.nih.gov/34564366/,34564366,PMC8470982,true,,0,"Subacute Exposure to an Environmentally Relevant Dose of Di-(2-ethylhexyl) Phthalate during Gestation Alters the Cecal Microbiome, but Not Pregnancy Outcomes in Mice.",Toxics,2021,10.3390/toxics9090215,Chiu K; Bashir ST; Gao L; Gutierrez J; de Godoy MRC; Drnevich J; Fields CJ; Cann I; Flaws JA; Nowak RA,
34563039,https://pubmed.ncbi.nlm.nih.gov/34563039/,34563039,PMC8929034,true,,0,Microbial Composition and Genes for Key Metabolic Attributes in the Gut Digesta of Sea Urchins Lytechinus variegatus and Strongylocentrotus purpuratus Using Shotgun Metagenomics.,Current issues in molecular biology,2021,10.3390/cimb43020070,Hakim JA; Green GBH; Watts SA; Crowley MR; Morrow CD; Bej AK,
34548111,https://pubmed.ncbi.nlm.nih.gov/34548111/,34548111,PMC8456708,true,,0,Multi-omics reveals the positive leverage of plant secondary metabolites on the gut microbiota in a non-model mammal.,Microbiome,2021,10.1186/s40168-021-01142-6,Wang L; Huang G; Hou R; Qi D; Wu Q; Nie Y; Zuo Z; Ma R; Zhou W; Ma Y; Hu Y; Yang Z; Yan L; Wei F,
34530620,https://pubmed.ncbi.nlm.nih.gov/34530620/,34530620,,false,,0,Serum Metabolome Mediates the Antiobesity Effect of Celastrol-Induced Gut Microbial Alterations.,Journal of proteome research,2021,10.1021/acs.jproteome.1c00513,Xu S; Lyu L; Zhu H; Huang X; Xu W; Xu W; Feng Y; Fan Y,
34522855,https://pubmed.ncbi.nlm.nih.gov/34522855/,34522855,PMC8426205,true,,0,Antibiotic-induced disturbances of the gut microbiota result in accelerated breast tumor growth.,iScience,2021,10.1016/j.isci.2021.103012,McKee AM; Kirkup BM; Madgwick M; Fowler WJ; Price CA; Dreger SA; Ansorge R; Makin KA; Caim S; Le Gall G; Paveley J; Leclaire C; Dalby M; Alcon-Giner C; Andrusaite A; Feng TY; Di Modica M; Triulzi T; Tagliabue E; Milling SWF; Weilbaecher KN; Rutkowski MR; Korcsmáros T; Hall LJ; Robinson SD,
34520120,https://pubmed.ncbi.nlm.nih.gov/34520120/,34520120,,false,,0,Metagenomics reveals contrasting energy utilization efficiencies of captive and wild camels (Camelus ferus).,Integrative zoology,2022,10.1111/1749-4877.12585,Yan L; Tang L; Zhou Z; Lu W; Wang B; Sun Z; Jiang X; Hu D; Li J; Zhang D,
34514619,https://pubmed.ncbi.nlm.nih.gov/34514619/,34514619,PMC9292158,true,,0,Analysis of the gut microbiome in dogs and cats.,Veterinary clinical pathology,2022,10.1111/vcp.13031,Suchodolski JS,
34508122,https://pubmed.ncbi.nlm.nih.gov/34508122/,34508122,PMC8433359,true,PRJNA662672,1,Dynamics of the fecal microbiome and antimicrobial resistome in commercial piglets during the weaning period.,Scientific reports,2021,10.1038/s41598-021-97586-9,Suriyaphol P; Chiu JKH; Yimpring N; Tunsagool P; Mhuantong W; Chuanchuen R; Bessarab I; Williams RBH; Ong RT; Suriyaphol G,
34504662,https://pubmed.ncbi.nlm.nih.gov/34504662/,34504662,PMC8390952,true,PRJNA750668; PRJNA750776,2,Fly-over phylogeny across invertebrate to vertebrate: The giant panda and insects share a highly similar gut microbiota.,Computational and structural biotechnology journal,2021,10.1016/j.csbj.2021.08.025,Yao R; Dai Q; Wu T; Yang Z; Chen H; Liu G; Zhu Y; Qi D; Yang X; Luo W; Gu X; Yang X; Zhu L,
34504661,https://pubmed.ncbi.nlm.nih.gov/34504661/,34504661,PMC8390955,true,SRP100894,1,"Contribution of sample processing to gut microbiome analysis in the model Lepidoptera, silkworm Bombyx mori.",Computational and structural biotechnology journal,2021,10.1016/j.csbj.2021.08.020,Zhang N; He J; Shen X; Sun C; Muhammad A; Shao Y,
34496124,https://pubmed.ncbi.nlm.nih.gov/34496124/,34496124,PMC8571065,true,,0,Xanthohumol Requires the Intestinal Microbiota to Improve Glucose Metabolism in Diet-Induced Obese Mice.,Molecular nutrition & food research,2021,10.1002/mnfr.202100389,Logan IE; Shulzhenko N; Sharpton TJ; Bobe G; Liu K; Nuss S; Jones ML; Miranda CL; Vasquez-Perez S; Pennington JM; Leonard SW; Choi J; Wu W; Gurung M; Kim JP; Lowry MB; Morgun A; Maier CS; Stevens JF; Gombart AF,
34494932,https://pubmed.ncbi.nlm.nih.gov/34494932/,34494932,PMC8437542,true,GSE180160,1,Dietary spinach reshapes the gut microbiome in an Apc-mutant genetic background: mechanistic insights from integrated multi-omics.,Gut microbes,2021,10.1080/19490976.2021.1972756,Chen YS; Li J; Menon R; Jayaraman A; Lee K; Huang Y; Dashwood WM; Zhang K; Sun D; Dashwood RH,
34490397,https://pubmed.ncbi.nlm.nih.gov/34490397/,34490397,PMC8416479,true,PRJNA722063,1,"Metagenomic Analysis of Fecal Archaea, Bacteria, Eukaryota, and Virus in Przewalski's Horses Following Anthelmintic Treatment.",Frontiers in veterinary science,2021,10.3389/fvets.2021.708512,Hu D; Yang J; Qi Y; Li B; Li K; Mok KM,
34484168,https://pubmed.ncbi.nlm.nih.gov/34484168/,34484168,PMC8415551,true,PRJNA715658,1,Genome-Resolved Metagenomics of the Chicken Gut Microbiome.,Frontiers in microbiology,2021,10.3389/fmicb.2021.726923,Segura-Wang M; Grabner N; Koestelbauer A; Klose V; Ghanbari M,
34473943,https://pubmed.ncbi.nlm.nih.gov/34473943/,34473943,PMC8445907,true,,0,Quantifying rapid bacterial evolution and transmission within the mouse intestine.,Cell host & microbe,2021,10.1016/j.chom.2021.08.003,Vasquez KS; Willis L; Cira NJ; Ng KM; Pedro MF; Aranda-Díaz A; Rajendram M; Yu FB; Higginbottom SK; Neff N; Sherlock G; Xavier KB; Quake SR; Sonnenburg JL; Good BH; Huang KC,
34469017,https://pubmed.ncbi.nlm.nih.gov/34469017/,34469017,,false,,0,Soy protein concentrate effects on gut microbiota structure and digestive physiology of Totoaba macdonaldi.,Journal of applied microbiology,2022,10.1111/jam.15269,Larios-Soriano E; Zavala RC; López LM; Gómez-Gil B; Ramírez DT; Sanchez S; Canales K; Galaviz MA,
34463576,https://pubmed.ncbi.nlm.nih.gov/34463576/,34463576,PMC12338137,true,,0,Abundance and Compositions of B-Vitamin-Producing Microbes in the Mammalian Gut Vary Based on Feeding Strategies.,mSystems,2021,10.1128/mSystems.00313-21,Alrubaye HS; Kohl KD,
34458021,https://pubmed.ncbi.nlm.nih.gov/34458021/,34458021,PMC8378336,true,PRJNA721235,1,"Diverse methanogens, bacteria and tannase genes in the feces of the endangered volcano rabbit (Romerolagus diazi).",PeerJ,2021,10.7717/peerj.11942,Montes-Carreto LM; Aguirre-Noyola JL; Solís-García IA; Ortega J; Martinez-Romero E; Guerrero JA,
34455974,https://pubmed.ncbi.nlm.nih.gov/34455974/,34455974,,false,,0,Zederone Improves the Fecal Microbial Profile in Dementia Induced Rat Model: A First Report.,CNS & neurological disorders drug targets,2022,10.2174/1871527320666210827114227,Borah S; Sarkar P; Sharma HK,
34453585,https://pubmed.ncbi.nlm.nih.gov/34453585/,34453585,PMC8519927,true,,0,Meta-proteomic analysis of the Shandrin mammoth by EVA technology and high-resolution mass spectrometry: what is its gut microbiota telling us?,Amino acids,2021,10.1007/s00726-021-03061-0,Cucina A; Cunsolo V; Di Francesco A; Saletti R; Zilberstein G; Zilberstein S; Tikhonov A; Bublichenko AG; Righetti PG; Foti S,
34438711,https://pubmed.ncbi.nlm.nih.gov/34438711/,34438711,PMC8388391,true,,0,"Dietary Supplementation of Shredded, Steam-Exploded Pine Particles Decreases Pathogenic Microbes in the Cecum of Acute Heat-Stressed Broilers.",Animals : an open access journal from MDPI,2021,10.3390/ani11082252,Goel A; Kim BJ; Ncho CM; Jeong CM; Gupta V; Jung JY; Ha SY; Lee DH; Yang JK; Choi YH,
34414128,https://pubmed.ncbi.nlm.nih.gov/34414128/,34414128,PMC8370388,true,PRJNA730805,1,Integrative Longitudinal Analysis of Metabolic Phenotype and Microbiota Changes During the Development of Obesity.,Frontiers in cellular and infection microbiology,2021,10.3389/fcimb.2021.671926,Higgins KV; Woodie LN; Hallowell H; Greene MW; Schwartz EH,
34413837,https://pubmed.ncbi.nlm.nih.gov/34413837/,34413837,PMC8367737,true,PRJNA715941,1,Metagenomic Survey of the Highly Polyphagous Anastrepha ludens Developing in Ancestral and Exotic Hosts Reveals the Lack of a Stable Microbiota in Larvae and the Strong Influence of Metamorphosis on Adult Gut Microbiota.,Frontiers in microbiology,2021,10.3389/fmicb.2021.685937,Aluja M; Zamora-Briseño JA; Pérez-Brocal V; Altúzar-Molina A; Guillén L; Desgarennes D; Vázquez-Rosas-Landa M; Ibarra-Laclette E; Alonso-Sánchez AG; Moya A,
34409603,https://pubmed.ncbi.nlm.nih.gov/34409603/,34409603,,false,,0,The anti-obesity and gut microbiota modulating effects of taxifolin in C57BL/6J mice fed with a high-fat diet.,Journal of the science of food and agriculture,2022,10.1002/jsfa.11496,Su H; Wang WJ; Zheng GD; Yin ZP; Li JE; Chen LL; Zhang QF,
34407839,https://pubmed.ncbi.nlm.nih.gov/34407839/,34407839,PMC8371868,true,,0,Lactobacillus paracasei R3 protects against dextran sulfate sodium (DSS)-induced colitis in mice via regulating Th17/Treg cell balance.,Journal of translational medicine,2021,10.1186/s12967-021-02943-x,Huang J; Yang Z; Li Y; Chai X; Liang Y; Lin B; Ye Z; Zhang S; Che Z; Zhang H; Zhang X; Zhang Z; Chen T; Yang W; Zeng J,
34401412,https://pubmed.ncbi.nlm.nih.gov/34401412/,34401412,PMC8358200,true,,0,Bacteria - derived short chain fatty acids restore sympathoadrenal responsiveness to hypoglycemia after antibiotic-induced gut microbiota depletion.,Neurobiology of stress,2021,10.1016/j.ynstr.2021.100376,LaGamma EF; Hu F; Pena Cruz F; Bouchev P; Nankova BB,
34370660,https://pubmed.ncbi.nlm.nih.gov/34370660/,34370660,PMC8549361,true,PRJNA526405,1,Post-weaning shifts in microbiome composition and metabolism revealed by over 25 000 pig gut metagenome-assembled genomes.,Microbial genomics,2021,10.1099/mgen.0.000501,Gaio D; DeMaere MZ; Anantanawat K; Chapman TA; Djordjevic SP; Darling AE,
34359268,https://pubmed.ncbi.nlm.nih.gov/34359268/,34359268,PMC8300674,true,PRJEB11755,1,"The Diversity, Composition, and Metabolic Pathways of Archaea in Pigs.",Animals : an open access journal from MDPI,2021,10.3390/ani11072139,Deng F; Li Y; Peng Y; Wei X; Wang X; Howe S; Yang H; Xiao Y; Li H; Zhao J; Li Y,
34355428,https://pubmed.ncbi.nlm.nih.gov/34355428/,34355428,,false,,0,Aquaculture industry prospective from gut microbiome of fish and shellfish: An overview.,Journal of animal physiology and animal nutrition,2022,10.1111/jpn.13619,Diwan AD; Harke SN; Gopalkrishna; Panche AN,
34354708,https://pubmed.ncbi.nlm.nih.gov/34354708/,34354708,PMC8329583,true,GSE16879; GSE22307; GSE53306; GSE59071; PRJNA658839,5,Targeting Purinergic Receptor P2RX1 Modulates Intestinal Microbiota and Alleviates Inflammation in Colitis.,Frontiers in immunology,2021,10.3389/fimmu.2021.696766,Wang X; Yuan X; Su Y; Hu J; Ji Q; Fu S; Li R; Hu L; Dai C,
34346509,https://pubmed.ncbi.nlm.nih.gov/34346509/,34346509,,false,,0,Resveratrol regulates intestinal barrier function in cyclophosphamide-induced immunosuppressed mice.,Journal of the science of food and agriculture,2022,10.1002/jsfa.11458,Song X; Liu L; Peng S; Liu T; Chen Y; Jia R; Zou Y; Li L; Zhao X; Liang X; Tang H; Yin Z,
34339936,https://pubmed.ncbi.nlm.nih.gov/34339936/,34339936,,false,,0,"Deficiency of interleukin-17 receptor A1 induces microbiota disruption in the intestine of Japanese medaka, Oryzias latipes.","Comparative biochemistry and physiology. Part D, Genomics & proteomics",2021,10.1016/j.cbd.2021.100885,Okamura Y; Kinoshita M; Kono T; Sakai M; Hikima JI,
34332648,https://pubmed.ncbi.nlm.nih.gov/34332648/,34332648,PMC8325257,true,PRJEB41222,1,The link between broiler flock heterogeneity and cecal microbiome composition.,Animal microbiome,2021,10.1186/s42523-021-00110-7,Lundberg R; Scharch C; Sandvang D,
34325744,https://pubmed.ncbi.nlm.nih.gov/34325744/,34325744,PMC8323313,true,,0,A comprehensive approach for microbiota and health monitoring in mouse colonies using metagenomic shotgun sequencing.,Animal microbiome,2021,10.1186/s42523-021-00113-4,Scavizzi F; Bassi C; Lupini L; Guerriero P; Raspa M; Sabbioni S,
34301966,https://pubmed.ncbi.nlm.nih.gov/34301966/,34301966,PMC8302606,true,PRJEB39685; PRJEB41365,2,Genomic evolution of antimicrobial resistance in Escherichia coli.,Scientific reports,2021,10.1038/s41598-021-93970-7,Leekitcharoenphon P; Johansson MHK; Munk P; Malorny B; Skarżyńska M; Wadepohl K; Moyano G; Hesp A; Veldman KT; Bossers A; EFFORT Consortium; Zając M; Wasyl D; Sanders P; Gonzalez-Zorn B; Brouwer MSM; Wagenaar JA; Heederik DJJ; Mevius D; Aarestrup FM,
34296337,https://pubmed.ncbi.nlm.nih.gov/34296337/,34296337,PMC8390420,true,PRJEB40788,1,Assessment of Biolog Ecoplate(TM) method for functional metabolic diversity of aerotolerant pig fecal microbiota.,Applied microbiology and biotechnology,2021,10.1007/s00253-021-11449-x,Checcucci A; Luise D; Modesto M; Correa F; Bosi P; Mattarelli P; Trevisi P,
34283837,https://pubmed.ncbi.nlm.nih.gov/34283837/,34283837,PMC8291702,true,PRJNA738540,1,Ear wound healing in MRL/MpJ mice is associated with gut microbiome composition and is transferable to non-healer mice via microbiome transplantation.,PloS one,2021,10.1371/journal.pone.0248322,Velasco C; Dunn C; Sturdy C; Izda V; Martin J; Rivas A; McNaughton J; Jeffries MA,
34277753,https://pubmed.ncbi.nlm.nih.gov/34277753/,34277753,PMC8282896,true,PRJNA720618,1,Metagenomic Sequencing Analysis of the Effects of Colistin Sulfate on the Pig Gut Microbiome.,Frontiers in veterinary science,2021,10.3389/fvets.2021.663820,Guo L; Zhang D; Fu S; Zhang J; Zhang X; He J; Peng C; Zhang Y; Qiu Y; Ye C; Liu Y; Wu Z; Hu CA,
34264153,https://pubmed.ncbi.nlm.nih.gov/34264153/,34264153,,false,,0,Spotlight on the avian gut microbiome: fresh opportunities in discovery.,Avian pathology : journal of the W.V.P.A,2021,10.1080/03079457.2021.1955826,Gilroy R,
34258643,https://pubmed.ncbi.nlm.nih.gov/34258643/,34258643,PMC8502144,true,,0,"Stenotrophomonas strain CPCC 101271, an intestinal lifespan-prolonging bacterium for Caenorhabditis elegans that assists in host resistance to ""Bacillus nematocida"" colonization.",Archives of microbiology,2021,10.1007/s00203-021-02467-4,Han R; Wang Y; Deng Y; Zhang Y; Zhang L; Niu Q,
34252569,https://pubmed.ncbi.nlm.nih.gov/34252569/,34252569,,false,,0,Kefir ameliorates specific microbiota-gut-brain axis impairments in a mouse model relevant to autism spectrum disorder.,"Brain, behavior, and immunity",2021,10.1016/j.bbi.2021.07.004,van de Wouw M; Walsh CJ; Vigano GMD; Lyte JM; Boehme M; Gual-Grau A; Crispie F; Walsh AM; Clarke G; Dinan TG; Cotter PD; Cryan JF,
34239536,https://pubmed.ncbi.nlm.nih.gov/34239536/,34239536,PMC8257562,true,,0,Inflammation-Associated Microbiota Composition Across Domestic Animals.,Frontiers in genetics,2021,10.3389/fgene.2021.649599,Hashimoto-Hill S; Alenghat T,
34199731,https://pubmed.ncbi.nlm.nih.gov/34199731/,34199731,PMC8229366,true,,0,Bee Pollen Diet Alters the Bacterial Flora and Antimicrobial Peptides in the Oral Cavities of Mice.,"Foods (Basel, Switzerland)",2021,10.3390/foods10061282,Khurelchuluun A; Uehara O; Paudel D; Morikawa T; Kawano Y; Sakata M; Shibata H; Yoshida K; Sato J; Miura H; Nagayasu H; Abiko Y,
34189610,https://pubmed.ncbi.nlm.nih.gov/34189610/,34189610,,false,,0,"Comparative Analyses of the Gut Microbiome of Two Fox Species, the Red Fox (Vulpes Vulpes) and Corsac Fox (Vulpes Corsac), that Occupy Different Ecological Niches.",Microbial ecology,2022,10.1007/s00248-021-01806-8,Wang X; Shang Y; Wei Q; Wu X; Dou H; Zhang H; Zhou S; Sha W; Sun G; Ma S; Zhang H,
34176489,https://pubmed.ncbi.nlm.nih.gov/34176489/,34176489,PMC8237508,true,PRJNA644935; PRJNA645191,2,Remodeling of the maternal gut microbiome during pregnancy is shaped by parity.,Microbiome,2021,10.1186/s40168-021-01089-8,Berry ASF; Pierdon MK; Misic AM; Sullivan MC; O'Brien K; Chen Y; Murray SJ; Ramharack LA; Baldassano RN; Parsons TD; Beiting DP,
34174174,https://pubmed.ncbi.nlm.nih.gov/34174174/,34174174,PMC8688194,true,PRJEB44552,1,Culture-enriched community profiling improves resolution of the vertebrate gut microbiota.,Molecular ecology resources,2022,10.1111/1755-0998.13456,Goldman SL; Sanders JG; Yan W; Denice A; Cornwall M; Ivey KN; Taylor EN; Gunderson AR; Sheehan MJ; Mjungu D; Lonsdorf EV; Pusey AE; Hahn BH; Moeller AH,
34163447,https://pubmed.ncbi.nlm.nih.gov/34163447/,34163447,PMC8216301,true,PRJNA648173,1,Metagenomic Insights Into the Structure and Function of Intestinal Microbiota of the Hadal Amphipods.,Frontiers in microbiology,2021,10.3389/fmicb.2021.668989,Chan J; Geng D; Pan B; Zhang Q; Xu Q,
34163442,https://pubmed.ncbi.nlm.nih.gov/34163442/,34163442,PMC8216219,true,PRJNA706869; SRP295458,2,A Metagenomic Insight Into the Hindgut Microbiota and Their Metabolites for Dairy Goats Fed Different Rumen Degradable Starch.,Frontiers in microbiology,2021,10.3389/fmicb.2021.651631,Han X; Lei X; Yang X; Shen J; Zheng L; Jin C; Cao Y; Yao J,
34149685,https://pubmed.ncbi.nlm.nih.gov/34149685/,34149685,PMC8213364,true,PRJNA666163,1,Effects of Vaccination Against Coccidiosis on Gut Microbiota and Immunity in Broiler Fed Bacitracin and Berry Pomace.,Frontiers in immunology,2021,10.3389/fimmu.2021.621803,Das Q; Shay J; Gauthier M; Yin X; Hasted TL; Ross K; Julien C; Yacini H; Kennes YM; Warriner K; Marcone MF; Diarra MS,
34144563,https://pubmed.ncbi.nlm.nih.gov/34144563/,34144563,PMC8243873,true,,0,Stress-related changes in the gut microbiome after trauma.,The journal of trauma and acute care surgery,2021,10.1097/TA.0000000000003209,Kelly LS; Apple CG; Gharaibeh R; Pons EE; Thompson CW; Kannan KB; Darden DB; Efron PA; Thomas RM; Mohr AM,
34141474,https://pubmed.ncbi.nlm.nih.gov/34141474/,34141474,PMC8179220,true,PRJNA558047,1,The gut microbiome of the Sunda pangolin (Manis javanica) reveals its adaptation to specialized myrmecophagy.,PeerJ,2021,10.7717/peerj.11490,Zhang F; Xu N; Wang W; Yu Y; Wu S,
34140940,https://pubmed.ncbi.nlm.nih.gov/34140940/,34140940,PMC8203666,true,,0,Which Is Stronger? A Continuing Battle Between Cry Toxins and Insects.,Frontiers in microbiology,2021,10.3389/fmicb.2021.665101,Liu L; Li Z; Luo X; Zhang X; Chou SH; Wang J; He J,
34139588,https://pubmed.ncbi.nlm.nih.gov/34139588/,34139588,,false,,0,Insights into the roles of fungi and protist in the giant panda gut microbiome and antibiotic resistome.,Environment international,2021,10.1016/j.envint.2021.106703,Zhu D; Lu L; Zhang Z; Qi D; Zhang M; O'Connor P; Wei F; Zhu YG,
34133198,https://pubmed.ncbi.nlm.nih.gov/34133198/,34133198,PMC8265668,true,PRJNA644640,1,Identification and Removal of Potential Contaminants in 16S rRNA Gene Sequence Data Sets from Low-Microbial-Biomass Samples: an Example from Mosquito Tissues.,mSphere,2021,10.1128/mSphere.00506-21,Díaz S; Escobar JS; Avila FW,
34126977,https://pubmed.ncbi.nlm.nih.gov/34126977/,34126977,PMC8204513,true,,0,Ethanol extract of mulberry leaves partially restores the composition of intestinal microbiota and strengthens liver glycogen fragility in type 2 diabetic rats.,BMC complementary medicine and therapies,2021,10.1186/s12906-021-03342-x,Liu ZZ; Liu QH; Liu Z; Tang JW; Chua EG; Li F; Xiong XS; Wang MM; Wen PB; Shi XY; Xi XY; Zhang X; Wang L,
34111469,https://pubmed.ncbi.nlm.nih.gov/34111469/,34111469,PMC8577987,true,,0,Early-Life Microbial Restitution Reduces Colitis Risk Promoted by Antibiotic-Induced Gut Dysbiosis in Interleukin 10(-/-) Mice.,Gastroenterology,2021,10.1053/j.gastro.2021.05.054,Miyoshi J; Miyoshi S; Delmont TO; Cham C; Lee STM; Sakatani A; Yang K; Shan Y; Kennedy M; Kiefl E; Yousef M; Crosson S; Sogin M; Antonopoulos DA; Eren AM; Leone V; Chang EB,
34109451,https://pubmed.ncbi.nlm.nih.gov/34109451/,34109451,PMC8289812,true,PRJNA433781,1,Consuming Different Structural Parts of Bamboo Induce Gut Microbiome Changes in Captive Giant Pandas.,Current microbiology,2021,10.1007/s00284-021-02503-y,Yan Z; Xu Q; Hsu WH; Esser SS; Ayala J; Hou R; Yao Y; Jiang D; Yuan S; Wang H,
34102480,https://pubmed.ncbi.nlm.nih.gov/34102480/,34102480,PMC8187246,true,,0,Effect of different types of sugar on gut physiology and microbiota in overfed goose.,Poultry science,2021,10.1016/j.psj.2021.101208,Lu CC; Wei RX; Deng DH; Luo ZY; Abdulai M; Liu HH; Kang B; Hu SQ; Li L; Xu HY; Hu JW; Wei SH; Han CC,
34095150,https://pubmed.ncbi.nlm.nih.gov/34095150/,34095150,PMC8172981,true,PRJNA543612,1,Melatonin Regulates the Neurotransmitter Secretion Disorder Induced by Caffeine Through the Microbiota-Gut-Brain Axis in Zebrafish (Danio rerio).,Frontiers in cell and developmental biology,2021,10.3389/fcell.2021.678190,Zhang Z; Peng Q; Huo D; Jiang S; Ma C; Chang H; Chen K; Li C; Pan Y; Zhang J,
34092246,https://pubmed.ncbi.nlm.nih.gov/34092246/,34092246,PMC8182936,true,,0,Melatonin alleviates titanium nanoparticles induced osteolysis via activation of butyrate/GPR109A signaling pathway.,Journal of nanobiotechnology,2021,10.1186/s12951-021-00915-3,Wu Y; He F; Zhang C; Zhang Q; Su X; Zhu X; Liu A; Shi W; Lin W; Jin Z; Yang H; Lin J,
34088956,https://pubmed.ncbi.nlm.nih.gov/34088956/,34088956,PMC8178347,true,PRJDB10841,1,Establishment and assessment of an amplicon sequencing method targeting the 16S-ITS-23S rRNA operon for analysis of the equine gut microbiome.,Scientific reports,2021,10.1038/s41598-021-91425-7,Kinoshita Y; Niwa H; Uchida-Fujii E; Nukada T,
34082069,https://pubmed.ncbi.nlm.nih.gov/34082069/,34082069,PMC8815765,true,,0,Mice with dysfunctional TGF-β signaling develop altered intestinal microbiome and colorectal cancer resistant to 5FU.,Biochimica et biophysica acta. Molecular basis of disease,2021,10.1016/j.bbadis.2021.166179,Wang Z; Hopson LM; Singleton SS; Yang X; Jogunoori W; Mazumder R; Obias V; Lin P; Nguyen BN; Yao M; Miller L; White J; Rao S; Mishra L,
34081101,https://pubmed.ncbi.nlm.nih.gov/34081101/,34081101,PMC8358223,true,PRJNA687492,1,Genome-Inferred Correspondence between Phylogeny and Metabolic Traits in the Wild Drosophila Gut Microbiome.,Genome biology and evolution,2021,10.1093/gbe/evab127,McMullen JG; Bueno E; Blow F; Douglas AE,
34080630,https://pubmed.ncbi.nlm.nih.gov/34080630/,34080630,PMC8173662,true,PRJNA526405,1,A large-scale metagenomic survey dataset of the post-weaning piglet gut lumen.,GigaScience,2021,10.1093/gigascience/giab039,Gaio D; DeMaere MZ; Anantanawat K; Eamens GJ; Liu M; Zingali T; Falconer L; Chapman TA; Djordjevic SP; Darling AE,
34079556,https://pubmed.ncbi.nlm.nih.gov/34079556/,34079556,PMC8165437,true,PRJNA705468,1,Lactobacillus casei CCFM1074 Alleviates Collagen-Induced Arthritis in Rats via Balancing Treg/Th17 and Modulating the Metabolites and Gut Microbiota.,Frontiers in immunology,2021,10.3389/fimmu.2021.680073,Fan Z; Ross RP; Stanton C; Hou B; Zhao J; Zhang H; Yang B; Chen W,
34069175,https://pubmed.ncbi.nlm.nih.gov/34069175/,34069175,PMC8155880,true,,0,Health Monitoring of Laboratory Rodent Colonies-Talking about (R)evolution.,Animals : an open access journal from MDPI,2021,10.3390/ani11051410,Buchheister S; Bleich A,
34058528,https://pubmed.ncbi.nlm.nih.gov/34058528/,34058528,,false,,0,Effects of Xian-Ling-Gu-Bao capsule on the gut microbiota in ovariectomized rats: Metabolism and modulation.,"Journal of chromatography. B, Analytical technologies in the biomedical and life sciences",2021,10.1016/j.jchromb.2021.122771,Tang XY; Gao MX; Xiao HH; Dai ZQ; Yao ZH; Dai Y; Yao XS,
34047390,https://pubmed.ncbi.nlm.nih.gov/34047390/,34047390,,false,,0,Gut microbiota contributes to sexual dimorphism in murine autoimmune cholangitis.,Journal of leukocyte biology,2021,10.1002/JLB.3MA0321-037R,Huang MX; Yang SY; Luo PY; Long J; Liu QZ; Wang J; He Y; Li L; Zhao ZB; Lian ZX,
34044834,https://pubmed.ncbi.nlm.nih.gov/34044834/,34044834,PMC8161579,true,,0,Unlocking the potential of insect and ruminant host symbionts for recycling of lignocellulosic carbon with a biorefinery approach: a review.,Microbial cell factories,2021,10.1186/s12934-021-01597-0,Rajeswari G; Jacob S; Chandel AK; Kumar V,
34040632,https://pubmed.ncbi.nlm.nih.gov/34040632/,34040632,PMC8141913,true,,0,A Benchmark of Genetic Variant Calling Pipelines Using Metagenomic Short-Read Sequencing.,Frontiers in genetics,2021,10.3389/fgene.2021.648229,Andreu-Sánchez S; Chen L; Wang D; Augustijn HE; Zhernakova A; Fu J,
34028144,https://pubmed.ncbi.nlm.nih.gov/34028144/,34028144,,false,,0,Supplemental Leuconostoc mesenteroides strain NTM048 attenuates imiquimod-induced psoriasis in mice.,Journal of applied microbiology,2021,10.1111/jam.15161,Ogawa C; Inoue R; Yonejima Y; Hisa K; Yamamoto Y; Suzuki T,
34026772,https://pubmed.ncbi.nlm.nih.gov/34026772/,34026772,PMC8137850,true,,0,"The Human Microbiome, an Emerging Key-Player in the Sex Gap in Respiratory Diseases.",Frontiers in medicine,2021,10.3389/fmed.2021.600879,Beauruelle C; Guilloux CA; Lamoureux C; Héry-Arnaud G,
34024606,https://pubmed.ncbi.nlm.nih.gov/34024606/,34024606,,false,,0,Metagenomic analysis revealed the individualized shift in ileal microbiome of neonatal calves in response to delaying the first colostrum feeding.,Journal of dairy science,2021,10.3168/jds.2020-20068,Song Y; Li F; Fischer-Tlustos AJ; Neves ALA; He Z; Steele MA; Guan LL,