input_raw,pubmed_url,pmid,pmcid,is_pmc_article,accessions,accession_count,title,journal,pub_year,doi,authors,error_message
34006323,https://pubmed.ncbi.nlm.nih.gov/34006323/,34006323,PMC8132362,true,PRJNA495032; PRJNA684050,2,Gut microbiota of frugo-folivorous sifakas across environments.,Animal microbiome,2021,10.1186/s42523-021-00093-5,Greene LK; Blanco MB; Rambeloson E; Graubics K; Fanelli B; Colwell RR; Drea CM,
33995413,https://pubmed.ncbi.nlm.nih.gov/33995413/,33995413,PMC8115019,true,PRJNA691798,1,Aging-Induced Dysbiosis of Gut Microbiota as a Risk Factor for Increased Listeria monocytogenes Infection.,Frontiers in immunology,2021,10.3389/fimmu.2021.672353,Alam MS; Gangiredla J; Hasan NA; Barnaba T; Tartera C,
33990699,https://pubmed.ncbi.nlm.nih.gov/33990699/,33990699,PMC8121932,true,PRJEB40990,1,Genome-resolved metagenomics suggests a mutualistic relationship between Mycoplasma and salmonid hosts.,Communications biology,2021,10.1038/s42003-021-02105-1,Rasmussen JA; Villumsen KR; Duchêne DA; Puetz LC; Delmont TO; Sveier H; Jørgensen LVG; Præbel K; Martin MD; Bojesen AM; Gilbert MTP; Kristiansen K; Limborg MT,
33989681,https://pubmed.ncbi.nlm.nih.gov/33989681/,33989681,,false,,0,Gut microbiome research in multiple sclerosis.,Neuroscience research,2021,10.1016/j.neures.2021.05.001,Takewaki D; Yamamura T,
33980682,https://pubmed.ncbi.nlm.nih.gov/33980682/,33980682,PMC8125056,true,PRJNA590085,1,Covariation of the Fecal Microbiome with Diet in Nonpasserine Birds.,mSphere,2021,10.1128/mSphere.00308-21,Xiao K; Fan Y; Zhang Z; Shen X; Li X; Liang X; Bi R; Wu Y; Zhai J; Dai J; Irwin DM; Chen W; Shen Y,
33980678,https://pubmed.ncbi.nlm.nih.gov/33980678/,33980678,PMC8125052,true,PRJNA386685; PRJNA504404; PRJNA518081; PRJNA658576,4,"Microbiome Analysis Reveals Diversity and Function of Mollicutes Associated with the Eastern Oyster, Crassostrea virginica.",mSphere,2021,10.1128/mSphere.00227-21,Pimentel ZT; Dufault-Thompson K; Russo KT; Scro AK; Smolowitz RM; Gomez-Chiarri M; Zhang Y,
33975971,https://pubmed.ncbi.nlm.nih.gov/33975971/,33975971,PMC8125077,true,PRJEB41306,1,Interkingdom Gut Microbiome and Resistome of the Cockroach Blattella germanica.,mSystems,2021,10.1128/mSystems.01213-20,Domínguez-Santos R; Pérez-Cobas AE; Cuti P; Pérez-Brocal V; García-Ferris C; Moya A; Latorre A; Gil R,
33975936,https://pubmed.ncbi.nlm.nih.gov/33975936/,33975936,PMC8262906,true,PRJNA671703,1,Manure Microbial Communities and Resistance Profiles Reconfigure after Transition to Manure Pits and Differ from Those in Fertilized Field Soil.,mBio,2021,10.1128/mBio.00798-21,Sukhum KV; Vargas RC; Boolchandani M; D'Souza AW; Patel S; Kesaraju A; Walljasper G; Hegde H; Ye Z; Valenzuela RK; Gunderson P; Bendixsen C; Dantas G; Shukla SK,
33974954,https://pubmed.ncbi.nlm.nih.gov/33974954/,33974954,,false,,0,Taxonomic annotation of 16S rRNA sequences of pig intestinal samples using MG-RAST and QIIME2 generated different microbiota compositions.,Journal of microbiological methods,2021,10.1016/j.mimet.2021.106235,Lima J; Manning T; Rutherford KM; Baima ET; Dewhurst RJ; Walsh P; Roehe R,
33973321,https://pubmed.ncbi.nlm.nih.gov/33973321/,33973321,PMC8359967,true,PRJNA698773,1,Genetic insights into the dark matter of the mammalian gut microbiota through targeted genome reconstruction.,Environmental microbiology,2021,10.1111/1462-2920.15559,Lugli GA; Alessandri G; Milani C; Viappiani A; Fontana F; Tarracchini C; Mancabelli L; Argentini C; Ruiz L; Margolles A; van Sinderen D; Turroni F; Ventura M,
33970781,https://pubmed.ncbi.nlm.nih.gov/33970781/,33970781,PMC8115496,true,PRJEB38343,1,The microbiome of deep-sea fish reveals new microbial species and a sparsity of antibiotic resistance genes.,Gut microbes,2021,10.1080/19490976.2021.1921924,Collins FWJ; Walsh CJ; Gomez-Sala B; Guijarro-García E; Stokes D; Jakobsdóttir KB; Kristjánsson K; Burns F; Cotter PD; Rea MC; Hill C; Ross RP,
33966342,https://pubmed.ncbi.nlm.nih.gov/33966342/,33966342,,false,,0,Chickpea Extract Ameliorates Metabolic Syndrome Symptoms via Restoring Intestinal Ecology and Metabolic Profile in Type 2 Diabetic Rats.,Molecular nutrition & food research,2021,10.1002/mnfr.202100007,Li P; Lu B; Gong J; Li L; Chen G; Zhang J; Chen Y; Tian X; Han B; Guo Y; Xie Z; Liao Q,
33962692,https://pubmed.ncbi.nlm.nih.gov/33962692/,33962692,PMC8106161,true,ERP015847; PRJEB14215; PRJEB24891,3,Iron status influences non-alcoholic fatty liver disease in obesity through the gut microbiome.,Microbiome,2021,10.1186/s40168-021-01052-7,Mayneris-Perxachs J; Cardellini M; Hoyles L; Latorre J; Davato F; Moreno-Navarrete JM; Arnoriaga-Rodríguez M; Serino M; Abbott J; Barton RH; Puig J; Fernández-Real X; Ricart W; Tomlinson C; Woodbridge M; Gentileschi P; Butcher SA; Holmes E; Nicholson JK; Pérez-Brocal V; Moya A; Clain DM; Burcelin R; Dumas ME; Federici M; Fernández-Real JM,
33957869,https://pubmed.ncbi.nlm.nih.gov/33957869/,33957869,PMC8103633,true,PRJEB42270,1,Long-read metagenomics retrieves complete single-contig bacterial genomes from canine feces.,BMC genomics,2021,10.1186/s12864-021-07607-0,Cuscó A; Pérez D; Viñes J; Fàbregas N; Francino O,
33945308,https://pubmed.ncbi.nlm.nih.gov/33945308/,33945308,,false,,0,Baicalin-Aluminum Modulates the Broiler Gut Microbiome.,DNA and cell biology,2021,10.1089/dna.2021.0080,Guo L; He J; Zhang J; Zhang X; Zhang D; Zhou L; Yuan Y; Fu S; Qiu Y; Ye C; Liu Y; Wu Z; Hu CA,
33919869,https://pubmed.ncbi.nlm.nih.gov/33919869/,33919869,PMC8070755,true,PRJNA662678,1,Presence of Broad-Spectrum Beta-Lactamase-Producing Enterobacteriaceae in Zoo Mammals.,Microorganisms,2021,10.3390/microorganisms9040834,De Witte C; Vereecke N; Theuns S; De Ruyck C; Vercammen F; Bouts T; Boyen F; Nauwynck H; Haesebrouck F,
33894059,https://pubmed.ncbi.nlm.nih.gov/33894059/,33894059,,false,,0,Deposition of resistant bacteria and resistome through FMT in germ-free piglets.,Letters in applied microbiology,2021,10.1111/lam.13490,Sun J; Chen YL; Ding YC; Zhong H; Wu M; Liu ZH; Ge LP,
33886562,https://pubmed.ncbi.nlm.nih.gov/33886562/,33886562,PMC8062051,true,PRJNA646026,1,Effects of phytonutrient-supplemented diets on the intestinal microbiota of Cyprinus carpio.,PloS one,2021,10.1371/journal.pone.0248537,Feher M; Fauszt P; Tolnai E; Fidler G; Pesti-Asboth G; Stagel A; Szucs I; Biro S; Remenyik J; Paholcsek M; Stundl L,
33868800,https://pubmed.ncbi.nlm.nih.gov/33868800/,33868800,PMC8035907,true,PRJEB22062; PRJEB33338; PRJNA193217; PRJNA291299; PRJNA375762; PRJNA385038; PRJNA415593; PRJNA417359; PRJNA543206; PRJNA616250,10,Extensive microbial diversity within the chicken gut microbiome revealed by metagenomics and culture.,PeerJ,2021,10.7717/peerj.10941,Gilroy R; Ravi A; Getino M; Pursley I; Horton DL; Alikhan NF; Baker D; Gharbi K; Hall N; Watson M; Adriaenssens EM; Foster-Nyarko E; Jarju S; Secka A; Antonio M; Oren A; Chaudhuri RR; La Ragione R; Hildebrand F; Pallen MJ,
33863898,https://pubmed.ncbi.nlm.nih.gov/33863898/,33863898,PMC8052457,true,PRJNA667196; PRJNA667205,2,Berberine attenuates choline-induced atherosclerosis by inhibiting trimethylamine and trimethylamine-N-oxide production via manipulating the gut microbiome.,NPJ biofilms and microbiomes,2021,10.1038/s41522-021-00205-8,Li X; Su C; Jiang Z; Yang Y; Zhang Y; Yang M; Zhang X; Du Y; Zhang J; Wang L; Jiang J; Hong B,
33863703,https://pubmed.ncbi.nlm.nih.gov/33863703/,33863703,PMC8174668,true,,0,Symbiont Genomic Features and Localization in the Bean Beetle Callosobruchus maculatus.,Applied and environmental microbiology,2021,10.1128/AEM.00212-21,Berasategui A; Moller AG; Weiss B; Beck CW; Bauchiero C; Read TD; Gerardo NM; Salem H,
33863395,https://pubmed.ncbi.nlm.nih.gov/33863395/,33863395,PMC8051552,true,PRJEB27068; PRJNA368790; PRJNA721429,3,Microbial community structure and composition is associated with host species and sex in Sigmodon cotton rats.,Animal microbiome,2021,10.1186/s42523-021-00090-8,Strickland BA; Patel MC; Shilts MH; Boone HH; Kamali A; Zhang W; Stylos D; Boukhvalova MS; Rosas-Salazar C; Yooseph S; Rajagopala SV; Blanco JCG; Das SR,
33824199,https://pubmed.ncbi.nlm.nih.gov/33824199/,33824199,PMC8547009,true,PRJNA12624; PRJNA342046; PRJNA660265,3,Genomes of Gut Bacteria from Nasonia Wasps Shed Light on Phylosymbiosis and Microbe-Assisted Hybrid Breakdown.,mSystems,2021,10.1128/mSystems.01342-20,Cross KL; Leigh BA; Hatmaker EA; Mikaelyan A; Miller AK; Bordenstein SR,
33820988,https://pubmed.ncbi.nlm.nih.gov/33820988/,33820988,PMC8107137,true,PRJNA404082; PRJNA559199; PRJNA559386,3,Discovering multiple types of DNA methylation from bacteria and microbiome using nanopore sequencing.,Nature methods,2021,10.1038/s41592-021-01109-3,Tourancheau A; Mead EA; Zhang XS; Fang G,
33816333,https://pubmed.ncbi.nlm.nih.gov/33816333/,33816333,PMC8017235,true,PRJNA699440,1,Neonatal Milk Fat Globule Membrane Supplementation During Breastfeeding Ameliorates the Deleterious Effects of Maternal High-Fat Diet on Metabolism and Modulates Gut Microbiota in Adult Mice Offspring in a Sex-Specific Way.,Frontiers in cellular and infection microbiology,2021,10.3389/fcimb.2021.621957,Ye L; Zhang Q; Xin F; Cao B; Qian L; Dong Y,
33815284,https://pubmed.ncbi.nlm.nih.gov/33815284/,33815284,PMC8018580,true,PRJEB43173,1,Metformin Strongly Affects Gut Microbiome Composition in High-Fat Diet-Induced Type 2 Diabetes Mouse Model of Both Sexes.,Frontiers in endocrinology,2021,10.3389/fendo.2021.626359,Silamiķele L; Silamiķelis I; Ustinova M; Kalniņa Z; Elbere I; Petrovska R; Kalniņa I; Kloviņš J,
33809267,https://pubmed.ncbi.nlm.nih.gov/33809267/,33809267,PMC7999605,true,,0,Gut Microbiome Prolongs an Inhibitory Effect of Korean Red Ginseng on High-Fat-Diet-Induced Mouse Obesity.,Nutrients,2021,10.3390/nu13030926,Lee SY; Yuk HG; Ko SG; Cho SG; Moon GS,
33800578,https://pubmed.ncbi.nlm.nih.gov/33800578/,33800578,PMC8067204,true,PRJNA521099; PRJNA608666,2,Configuration of Gut Microbiota Structure and Potential Functionality in Two Teleosts under the Influence of Dietary Insect Meals.,Microorganisms,2021,10.3390/microorganisms9040699,Panteli N; Mastoraki M; Lazarina M; Chatzifotis S; Mente E; Kormas KA; Antonopoulou E,
33795522,https://pubmed.ncbi.nlm.nih.gov/33795522/,33795522,PMC8064205,true,,0,Gut microbiota from mice with cerebral ischemia-reperfusion injury affects the brain in healthy mice.,Aging,2021,10.18632/aging.202763,Wang H; Ren S; Lv H; Cao L,
33786661,https://pubmed.ncbi.nlm.nih.gov/33786661/,33786661,,false,,0,Effect of chlorpyrifos on the earthworm Eudrilus euginae and their gut microbiome by toxicological and metagenomic analysis.,World journal of microbiology & biotechnology,2021,10.1007/s11274-021-03040-3,Krishnaswamy VG; Jaffar MF; Sridharan R; Ganesh S; Kalidas S; Palanisamy V; Mani K,
33781870,https://pubmed.ncbi.nlm.nih.gov/33781870/,33781870,,false,,0,Metabolic and molecular modelling of zebrafish gut biome to unravel antimicrobial peptides through metagenomics.,Microbial pathogenesis,2021,10.1016/j.micpath.2021.104862,Gayathri KV; Aishwarya S; Kumar PS; Rajendran UR; Gunasekaran K,
33781335,https://pubmed.ncbi.nlm.nih.gov/33781335/,33781335,PMC8008629,true,PRJEB39818,1,High throughput sequencing provides exact genomic locations of inducible prophages and accurate phage-to-host ratios in gut microbial strains.,Microbiome,2021,10.1186/s40168-021-01033-w,Zünd M; Ruscheweyh HJ; Field CM; Meyer N; Cuenca M; Hoces D; Hardt WD; Sunagawa S,
33766942,https://pubmed.ncbi.nlm.nih.gov/33766942/,33766942,,false,,0,Diversity and functional landscapes in the microbiota of animals in the wild.,"Science (New York, N.Y.)",2021,10.1126/science.abb5352,Levin D; Raab N; Pinto Y; Rothschild D; Zanir G; Godneva A; Mellul N; Futorian D; Gal D; Leviatan S; Zeevi D; Bachelet I; Segal E,
33764993,https://pubmed.ncbi.nlm.nih.gov/33764993/,33764993,PMC7993877,true,,0,Enteral nutrition modulation with n-3 PUFAs directs microbiome and lipid metabolism in mice.,PloS one,2021,10.1371/journal.pone.0248482,Tao F; Xing X; Wu J; Jiang R,
33746772,https://pubmed.ncbi.nlm.nih.gov/33746772/,33746772,PMC7965981,true,,0,High Fat Diet Dysbiotic Mechanism of Decreased Gingival Blood Flow.,Frontiers in physiology,2021,10.3389/fphys.2021.625780,Stanisic D; Jeremic N; Majumder S; Pushpakumar S; George A; Singh M; Tyagi SC,
33738881,https://pubmed.ncbi.nlm.nih.gov/33738881/,33738881,PMC8088466,true,,0,Immunosuppressive effect of mesenchymal stem cells on lung and gut CD8(+) T cells in lipopolysaccharide-induced acute lung injury in mice.,Cell proliferation,2021,10.1111/cpr.13028,Xu Y; Zhu J; Feng B; Lin F; Zhou J; Liu J; Shi X; Lu X; Pan Q; Yu J; Zhang Y; Li L; Cao H,
33725532,https://pubmed.ncbi.nlm.nih.gov/33725532/,33725532,,false,,0,Environmental concentrations of antibiotics alter the zebrafish gut microbiome structure and potential functions.,"Environmental pollution (Barking, Essex : 1987)",2021,10.1016/j.envpol.2021.116760,Kayani MUR; Yu K; Qiu Y; Shen Y; Gao C; Feng R; Zeng X; Wang W; Chen L; Su HL,
33723324,https://pubmed.ncbi.nlm.nih.gov/33723324/,33723324,PMC7961046,true,PRJNA698475,1,Bacterial profiling of Haemonchus contortus gut microbiome infecting Dohne Merino sheep in South Africa.,Scientific reports,2021,10.1038/s41598-021-85282-7,Mafuna T; Soma P; Tsotetsi-Khambule AM; Hefer CA; Muchadeyi FC; Thekisoe OMM; Pierneef RE,
33717014,https://pubmed.ncbi.nlm.nih.gov/33717014/,33717014,PMC7948229,true,PRJNA680753,1,Metagenome Sequencing Reveals the Midgut Microbiota Makeup of Culex pipiens quinquefasciatus and Its Possible Relationship With Insecticide Resistance.,Frontiers in microbiology,2021,10.3389/fmicb.2021.625539,Wang YT; Shen RX; Xing D; Zhao CP; Gao HT; Wu JH; Zhang N; Zhang HD; Chen Y; Zhao TY; Li CX,
33714730,https://pubmed.ncbi.nlm.nih.gov/33714730/,33714730,,false,,0,Traditional Chinese medicines differentially modulate the gut microbiota based on their nature (Yao-Xing).,Phytomedicine : international journal of phytotherapy and phytopharmacology,2021,10.1016/j.phymed.2021.153496,Zhang X; Yang Y; Zhang F; Yu J; Sun W; Wang R; Wu C,
33706240,https://pubmed.ncbi.nlm.nih.gov/33706240/,33706240,,false,,0,Responses of juvenile fathead minnow (Pimephales promelas) gut microbiome to a chronic dietary exposure of benzo[a]pyrene.,"Environmental pollution (Barking, Essex : 1987)",2021,10.1016/j.envpol.2021.116821,DeBofsky A; Xie Y; Challis JK; Jain N; Brinkmann M; Jones PD; Giesy JP,
33685682,https://pubmed.ncbi.nlm.nih.gov/33685682/,33685682,,false,,0,"Fermented milk with Lactobacillus curvatus SMFM2016-NK alleviates periodontal and gut inflammation, and alters oral and gut microbiota.",Journal of dairy science,2021,10.3168/jds.2020-19625,Choi Y; Park E; Kim S; Ha J; Oh H; Kim Y; Lee Y; Seo Y; Kang J; Lee S; Lee H; Yoon Y; Choi KH,
33676490,https://pubmed.ncbi.nlm.nih.gov/33676490/,33676490,PMC7937242,true,PRJNA702770,1,Differences in the gut microbiomes of dogs and wolves: roles of antibiotics and starch.,BMC veterinary research,2021,10.1186/s12917-021-02815-y,Liu Y; Liu B; Liu C; Hu Y; Liu C; Li X; Li X; Zhang X; Irwin DM; Wu Z; Chen Z; Jin Q; Zhang S,
33673349,https://pubmed.ncbi.nlm.nih.gov/33673349/,33673349,PMC7917662,true,PRJNA615701,1,Longitudinal Microbiome Analysis in a Dextran Sulfate Sodium-Induced Colitis Mouse Model.,Microorganisms,2021,10.3390/microorganisms9020370,Park H; Yeo S; Kang S; Huh CS,
33670496,https://pubmed.ncbi.nlm.nih.gov/33670496/,33670496,PMC7922951,true,,0,A Pilot Study for Metabolic Profiling of Obesity-Associated Microbial Gut Dysbiosis in Male Wistar Rats.,Biomolecules,2021,10.3390/biom11020303,Hernandez-Baixauli J; Puigbò P; Torrell H; Palacios-Jordan H; Ripoll VJR; Caimari A; Del Bas JM; Baselga-Escudero L; Mulero M,
33669471,https://pubmed.ncbi.nlm.nih.gov/33669471/,33669471,PMC7920476,true,PRJNA668192,1,Gut Microbiomes of Freshwater Mussels (Unionidae) Are Taxonomically and Phylogenetically Variable across Years but Remain Functionally Stable.,Microorganisms,2021,10.3390/microorganisms9020411,McCauley M; Chiarello M; Atkinson CL; Jackson CR,
33663618,https://pubmed.ncbi.nlm.nih.gov/33663618/,33663618,PMC7931366,true,,0,Probiotics mediated gut microbiota diversity shifts are associated with reduction in histopathology and shedding of Lawsonia intracellularis.,Animal microbiome,2021,10.1186/s42523-021-00084-6,Muwonge A; Karuppannan AK; Opriessnig T,
33633180,https://pubmed.ncbi.nlm.nih.gov/33633180/,33633180,PMC7907122,true,,0,Sex-dependent differences in the gut microbiota following chronic nasal inflammation in adult mice.,Scientific reports,2021,10.1038/s41598-021-83896-5,Mishima Y; Osaki T; Shimada A; Kamiya S; Hasegawa-Ishii S,
33627510,https://pubmed.ncbi.nlm.nih.gov/33627510/,33627510,PMC8544893,true,CNP0000619; PRJEB10572; PRJNA175999; PRJNA176003; PRJNA213740; PRJNA213743; PRJNA486904,7,An Expanded Gene Catalog of Mouse Gut Metagenomes.,mSphere,2021,10.1128/mSphere.01119-20,Zhu J; Ren H; Zhong H; Li X; Zou Y; Han M; Li M; Madsen L; Kristiansen K; Xiao L,
33613473,https://pubmed.ncbi.nlm.nih.gov/33613473/,33613473,PMC7886697,true,,0,Metabolic Potential for Reductive Acetogenesis and a Novel Energy-Converting [NiFe] Hydrogenase in Bathyarchaeia From Termite Guts - A Genome-Centric Analysis.,Frontiers in microbiology,2020,10.3389/fmicb.2020.635786,Loh HQ; Hervé V; Brune A,
33604305,https://pubmed.ncbi.nlm.nih.gov/33604305/,33604305,PMC7884769,true,PRJNA656071,1,"Metagenomic Analysis of the Gut Microbiota of Wild Mice, a Newly Identified Reservoir of Campylobacter.",Frontiers in cellular and infection microbiology,2020,10.3389/fcimb.2020.596149,Song H; Kim J; Guk JH; Kim WH; Nam H; Suh JG; Seong JK; Cho S,
33602895,https://pubmed.ncbi.nlm.nih.gov/33602895/,33602895,PMC7892574,true,PRJNA609527; PRJNA663847,2,Antidepressants fluoxetine and amitriptyline induce alterations in intestinal microbiota and gut microbiome function in rats exposed to chronic unpredictable mild stress.,Translational psychiatry,2021,10.1038/s41398-021-01254-5,Zhang W; Qu W; Wang H; Yan H,
33597514,https://pubmed.ncbi.nlm.nih.gov/33597514/,33597514,PMC7889623,true,CNP0000824; ERP024389; SRP108960; SRP116179; SRP188615,5,Expanded catalog of microbial genes and metagenome-assembled genomes from the pig gut microbiome.,Nature communications,2021,10.1038/s41467-021-21295-0,Chen C; Zhou Y; Fu H; Xiong X; Fang S; Jiang H; Wu J; Yang H; Gao J; Huang L,
33588951,https://pubmed.ncbi.nlm.nih.gov/33588951/,33588951,PMC7885457,true,SRP152866,1,Emergence of nosocomial associated opportunistic pathogens in the gut microbiome after antibiotic treatment.,Antimicrobial resistance and infection control,2021,10.1186/s13756-021-00903-0,Raplee I; Walker L; Xu L; Surathu A; Chockalingam A; Stewart S; Han X; Rouse R; Li Z,
33579191,https://pubmed.ncbi.nlm.nih.gov/33579191/,33579191,PMC7881553,true,,0,The regional diversity of gut microbiome along the GI tract of male C57BL/6 mice.,BMC microbiology,2021,10.1186/s12866-021-02099-0,Lkhagva E; Chung HJ; Hong J; Tang WHW; Lee SI; Hong ST; Lee S,
33575609,https://pubmed.ncbi.nlm.nih.gov/33575609/,33575609,PMC7671378,true,PRJEB37860,1,gNOMO: a multi-omics pipeline for integrated host and microbiome analysis of non-model organisms.,NAR genomics and bioinformatics,2020,10.1093/nargab/lqaa058,Muñoz-Benavent M; Hartkopf F; Van Den Bossche T; Piro VC; García-Ferris C; Latorre A; Renard BY; Muth T,
33570553,https://pubmed.ncbi.nlm.nih.gov/33570553/,33570553,PMC7947963,true,,0,Identification of the relationship between the gut microbiome and feed efficiency in a commercial pig cohort.,Journal of animal science,2021,10.1093/jas/skab045,Jiang H; Fang S; Yang H; Chen C,
33552594,https://pubmed.ncbi.nlm.nih.gov/33552594/,33552594,PMC7864222,true,,0,"Associations between the Gut Microbiota, Immune Reconstitution, and Outcomes of Allogeneic Hematopoietic Stem Cell Transplantation.",Immunometabolism,2021,10.20900/immunometab20210004,Fiorenza S; Turtle CJ,
33552039,https://pubmed.ncbi.nlm.nih.gov/33552039/,33552039,PMC7858275,true,PRJEB39545,1,Impact of Processed Food (Canteen and Oil Wastes) on the Development of Black Soldier Fly (Hermetia illucens) Larvae and Their Gut Microbiome Functions.,Frontiers in microbiology,2021,10.3389/fmicb.2021.619112,Klammsteiner T; Walter A; Bogataj T; Heussler CD; Stres B; Steiner FM; Schlick-Steiner BC; Insam H,
33547877,https://pubmed.ncbi.nlm.nih.gov/33547877/,33547877,,false,,0,"Long Term High Protein Diet Feeding Alters the Microbiome and Increases Intestinal Permeability, Systemic Inflammation and Kidney Injury in Mice.",Molecular nutrition & food research,2021,10.1002/mnfr.202000851,Snelson M; Clarke RE; Nguyen TV; Penfold SA; Forbes JM; Tan SM; Coughlan MT,
33545322,https://pubmed.ncbi.nlm.nih.gov/33545322/,33545322,,false,,0,"Metagenomic insights into the effects of Urtica dioica vegetable on the gut microbiota of C57BL/6J obese mice, particularly the composition of Clostridia.",The Journal of nutritional biochemistry,2021,10.1016/j.jnutbio.2021.108594,Fan S; Raychaudhuri S; Page R; Shahinozzaman M; Obanda DN,
33536078,https://pubmed.ncbi.nlm.nih.gov/33536078/,33536078,PMC7860006,true,PRJEB38845,1,Effects of full replacement of dietary fishmeal with insect meal from Tenebrio molitor on rainbow trout gut and skin microbiota.,Journal of animal science and biotechnology,2021,10.1186/s40104-021-00551-9,Terova G; Gini E; Gasco L; Moroni F; Antonini M; Rimoldi S,
33535685,https://pubmed.ncbi.nlm.nih.gov/33535685/,33535685,PMC7912851,true,,0,Oral Sub-chronic Ochratoxin A Exposure Induces Gut Microbiota Alterations in Mice.,Toxins,2021,10.3390/toxins13020106,Izco M; Vettorazzi A; de Toro M; Sáenz Y; Alvarez-Erviti L,
33526884,https://pubmed.ncbi.nlm.nih.gov/33526884/,33526884,PMC8007473,true,PRJNA530070,1,Genomic and functional analyses of fungal and bacterial consortia that enable lignocellulose breakdown in goat gut microbiomes.,Nature microbiology,2021,10.1038/s41564-020-00861-0,Peng X; Wilken SE; Lankiewicz TS; Gilmore SP; Brown JL; Henske JK; Swift CL; Salamov A; Barry K; Grigoriev IV; Theodorou MK; Valentine DL; O'Malley MA,
33525627,https://pubmed.ncbi.nlm.nih.gov/33525627/,33525627,PMC7866116,true,,0,Strain-Specific Effects of Bifidobacterium longum on Hypercholesterolemic Rats and Potential Mechanisms.,International journal of molecular sciences,2021,10.3390/ijms22031305,Jiang J; Wu C; Zhang C; Zhang Q; Yu L; Zhao J; Zhang H; Narbad A; Chen W; Zhai Q,
33518063,https://pubmed.ncbi.nlm.nih.gov/33518063/,33518063,PMC7858154,true,,0,"Effects of grazing mixed-grass pastures on growth performance, immune responses, and intestinal microbiota in free-range Beijing-you chickens.",Poultry science,2021,10.1016/j.psj.2020.11.005,Zheng M; Mao P; Tian X; Meng L,
33517011,https://pubmed.ncbi.nlm.nih.gov/33517011/,33517011,,false,,0,"Diet, habitat environment and lifestyle conversion affect the gut microbiomes of giant pandas.",The Science of the total environment,2021,10.1016/j.scitotenv.2021.145316,Jin L; Huang Y; Yang S; Wu D; Li C; Deng W; Zhao K; He Y; Li B; Zhang G; Xiong Y; Wei R; Li G; Wu H; Zhang H; Zou L,
33516253,https://pubmed.ncbi.nlm.nih.gov/33516253/,33516253,PMC7847026,true,PRJNA388547,1,The genomic characterisation and comparison of Bacillus cereus strains isolated from indoor air.,Gut pathogens,2021,10.1186/s13099-021-00399-4,Premkrishnan BNV; Heinle CE; Uchida A; Purbojati RW; Kushwaha KK; Putra A; Santhi PS; Khoo BWY; Wong A; Vettath VK; Drautz-Moses DI; Junqueira ACM; Schuster SC,
33509508,https://pubmed.ncbi.nlm.nih.gov/33509508/,33509508,,false,,0,Potential mechanisms underlying the ameliorative effect of Lactobacillus paracasei FZU103 on the lipid metabolism in hyperlipidemic mice fed a high-fat diet.,"Food research international (Ottawa, Ont.)",2021,10.1016/j.foodres.2020.109956,Lv XC; Chen M; Huang ZR; Guo WL; Ai LZ; Bai WD; Yu XD; Liu YL; Rao PF; Ni L,
33509277,https://pubmed.ncbi.nlm.nih.gov/33509277/,33509277,PMC7845053,true,PRJNA605019; PRJNA605460; PRJNA605640; PRJNA606062,4,The pleiotropic effects of prebiotic galacto-oligosaccharides on the aging gut.,Microbiome,2021,10.1186/s40168-020-00980-0,Arnold JW; Roach J; Fabela S; Moorfield E; Ding S; Blue E; Dagher S; Magness S; Tamayo R; Bruno-Barcena JM; Azcarate-Peril MA,
33508686,https://pubmed.ncbi.nlm.nih.gov/33508686/,33508686,PMC8076095,true,,0,"Intestinal changes associated with fluoride exposure in rats: Integrative morphological, proteomic and microbiome analyses.",Chemosphere,2021,10.1016/j.chemosphere.2021.129607,Dionizio A; Uyghurturk DA; Melo CGS; Sabino-Arias IT; Araujo TT; Ventura TMS; Perles JVCM; Zanoni JN; Den Besten P; Buzalaf MAR,
33502259,https://pubmed.ncbi.nlm.nih.gov/33502259/,33502259,PMC7839352,true,PRJNA609596,1,Use of Shotgun Metagenomics and Metabolomics to Evaluate the Impact of Glyphosate or Roundup MON 52276 on the Gut Microbiota and Serum Metabolome of Sprague-Dawley Rats.,Environmental health perspectives,2021,10.1289/EHP6990,Mesnage R; Teixeira M; Mandrioli D; Falcioni L; Ducarmon QR; Zwittink RD; Mazzacuva F; Caldwell A; Halket J; Amiel C; Panoff JM; Belpoggi F; Antoniou MN,
33499981,https://pubmed.ncbi.nlm.nih.gov/33499981/,33499981,PMC7807810,true,,0,Seasonal dynamics and starvation impact on the gut microbiome of urochordate ascidian Halocynthia roretzi.,Animal microbiome,2020,10.1186/s42523-020-00048-2,Wei J; Gao H; Yang Y; Liu H; Yu H; Chen Z; Dong B,
33482928,https://pubmed.ncbi.nlm.nih.gov/33482928/,33482928,PMC7825182,true,PRJNA546576; PRJNA658335,2,Quantifying fluorescent glycan uptake to elucidate strain-level variability in foraging behaviors of rumen bacteria.,Microbiome,2021,10.1186/s40168-020-00975-x,Klassen L; Reintjes G; Tingley JP; Jones DR; Hehemann JH; Smith AD; Schwinghamer TD; Arnosti C; Jin L; Alexander TW; Amundsen C; Thomas D; Amann R; McAllister TA; Abbott DW,
33469669,https://pubmed.ncbi.nlm.nih.gov/33469669/,33469669,,false,,0,Taxonomic and functional adaption of the gastrointestinal microbiome of goats kept at high altitude (4800 m) under intensive or extensive rearing conditions.,FEMS microbiology ecology,2021,10.1093/femsec/fiab009,Zhang K; He C; Xu Y; Zhang C; Li C; Jing X; Wang M; Yang Y; Suo L; Kalds P; Song J; Wang X; Brugger D; Wu Y; Chen Y,
33468221,https://pubmed.ncbi.nlm.nih.gov/33468221/,33468221,PMC7816363,true,,0,LightCUD: a program for diagnosing IBD based on human gut microbiome data.,BioData mining,2021,10.1186/s13040-021-00241-2,Xu C; Zhou M; Xie Z; Li M; Zhu X; Zhu H,
33433545,https://pubmed.ncbi.nlm.nih.gov/33433545/,33433545,,false,,0,"Staple food and health: a comparative study of physiology and gut microbiota of mice fed with potato and traditional staple foods (corn, wheat and rice).",Food & function,2021,10.1039/d0fo02264k,Ruan S; Wang L; Li Y; Li P; Ren Y; Gao R; Ma H,
33428153,https://pubmed.ncbi.nlm.nih.gov/33428153/,33428153,,false,,0,Metagenomics analysis of the gut microbiome in healthy and bacterial pneumonia forest musk deer.,Genes & genomics,2021,10.1007/s13258-020-01029-0,Zhao W; Ren Z; Luo Y; Cheng J; Wang J; Wang Y; Yang Z; Yao X; Zhong Z; Yang W; Wu X,
33424798,https://pubmed.ncbi.nlm.nih.gov/33424798/,33424798,PMC7785962,true,PRJNA647157,1,Characterization of Metagenome-Assembled Genomes and Carbohydrate-Degrading Genes in the Gut Microbiota of Tibetan Pig.,Frontiers in microbiology,2020,10.3389/fmicb.2020.595066,Zhou S; Luo R; Gong G; Wang Y; Gesang Z; Wang K; Xu Z; Suolang S,
33424792,https://pubmed.ncbi.nlm.nih.gov/33424792/,33424792,PMC7785582,true,PRJNA650141,1,Dietary Lipid:Protein Ratio and n-3 Long-Chain Polyunsaturated Fatty Acids Alters the Gut Microbiome of Atlantic Salmon Under Hypoxic and Normoxic Conditions.,Frontiers in microbiology,2020,10.3389/fmicb.2020.589898,Huyben D; Roehe BK; Bekaert M; Ruyter B; Glencross B,
33414326,https://pubmed.ncbi.nlm.nih.gov/33414326/,33414326,PMC8407749,true,PRJNA656141,1,Metagenomic Exploration of Atelerix albiventris Gut Microbiome.,Microbiology resource announcements,2021,10.1128/MRA.01342-20,Amanbayeva M; Anarkulova E; Bogoyavlenskiy A; Alexyuk M; Imangazy A; Berezin V,
33413361,https://pubmed.ncbi.nlm.nih.gov/33413361/,33413361,PMC7791989,true,,0,Effect of host breeds on gut microbiome and serum metabolome in meat rabbits.,BMC veterinary research,2021,10.1186/s12917-020-02732-6,Ye X; Zhou L; Zhang Y; Xue S; Gan QF; Fang S,
33413128,https://pubmed.ncbi.nlm.nih.gov/33413128/,33413128,PMC7792088,true,,0,Metagenomic analysis revealed a wide distribution of antibiotic resistance genes and biosynthesis of antibiotics in the gut of giant pandas.,BMC microbiology,2021,10.1186/s12866-020-02078-x,Mustafa GR; Li C; Zhao S; Jin L; He X; Shabbir MZ; He Y; Li T; Deng W; Xu L; Xiong Y; Zhang G; Zhang H; Huang Y; Zou L,
33407614,https://pubmed.ncbi.nlm.nih.gov/33407614/,33407614,PMC7789697,true,,0,Environmental noise stress disturbs commensal microbiota homeostasis and induces oxi-inflammmation and AD-like neuropathology through epithelial barrier disruption in the EOAD mouse model.,Journal of neuroinflammation,2021,10.1186/s12974-020-02053-3,Chi H; Cao W; Zhang M; Su D; Yang H; Li Z; Li C; She X; Wang K; Gao X; Ma K; Zheng P; Li X; Cui B,
33395552,https://pubmed.ncbi.nlm.nih.gov/33395552/,33395552,,false,,0,Exploring the Prevalence and Distribution Patterns of Antibiotic Resistance Genes in Bovine Gut Microbiota Using a Metagenomic Approach.,"Microbial drug resistance (Larchmont, N.Y.)",2021,10.1089/mdr.2020.0271,Zhu Z; Cao M; Wang W; Zhang L; Ma T; Liu G; Zhang Y; Shang Z; Chen X; Shi Y; Zhang J,
33392758,https://pubmed.ncbi.nlm.nih.gov/33392758/,33392758,,false,,0,Blueberry and cranberry anthocyanin extracts reduce bodyweight and modulate gut microbiota in C57BL/6 J mice fed with a high-fat diet.,European journal of nutrition,2021,10.1007/s00394-020-02446-3,Liu J; Hao W; He Z; Kwek E; Zhu H; Ma N; Ma KY; Chen ZY,
33392673,https://pubmed.ncbi.nlm.nih.gov/33392673/,33392673,,false,,0,"High Taxonomic and Functional Diversity of Bacterial Communities Associated with Melon Fly, Zeugodacus cucurbitae (Diptera: Tephritidae).",Current microbiology,2021,10.1007/s00284-020-02327-2,Choudhary JS; Naaz N; Prabhakar CS; Das B; Singh AK; Bhatt BP,
33389354,https://pubmed.ncbi.nlm.nih.gov/33389354/,33389354,PMC8026480,true,PRJEB38953,1,Intestinal microbial communities of rainbow trout (Oncorhynchus mykiss) may be improved by feeding a Hermetia illucens meal/low-fishmeal diet.,Fish physiology and biochemistry,2021,10.1007/s10695-020-00918-1,Rimoldi S; Antonini M; Gasco L; Moroni F; Terova G,
33386517,https://pubmed.ncbi.nlm.nih.gov/33386517/,33386517,,false,,0,Vancomycin-Induced Changes in Host Immunity and Behavior: Comparative Genomic and Metagenomic Analysis in C57BL/6 and BALB/c Mice.,Digestive diseases and sciences,2021,10.1007/s10620-020-06729-x,Ray P; Pandey U; Das D; Aich P,
33382948,https://pubmed.ncbi.nlm.nih.gov/33382948/,33382948,PMC7781656,true,PRJNA542998,1,Exposure to soil environments during earlier life stages is distinguishable in the gut microbiome of adult mice.,Gut microbes,2021,10.1080/19490976.2020.1830699,Liu W; Sun Z; Ma C; Zhang J; Ma C; Zhao Y; Wei H; Huang S; Zhang H,
33375982,https://pubmed.ncbi.nlm.nih.gov/33375982/,33375982,,false,,0,"A homodimeric bacterial exo-β-1,3-glucanase derived from moose rumen microbiome shows a structural framework similar to yeast exo-β-1,3-glucanases.",Enzyme and microbial technology,2021,10.1016/j.enzmictec.2020.109723,Kalyani DC; Reichenbach T; Aspeborg H; Divne C,
33372654,https://pubmed.ncbi.nlm.nih.gov/33372654/,33372654,PMC7861615,true,,0,"Metage2Metabo, microbiota-scale metabolic complementarity for the identification of key species.",eLife,2020,10.7554/eLife.61968,Belcour A; Frioux C; Aite M; Bretaudeau A; Hildebrand F; Siegel A,
33369229,https://pubmed.ncbi.nlm.nih.gov/33369229/,33369229,PMC8313255,true,PRJNA590457; PRJNA590585,2,Environment and host species identity shape gut microbiota diversity in sympatric herbivorous mammals.,Microbial biotechnology,2021,10.1111/1751-7915.13687,Fu H; Zhang L; Fan C; Liu C; Li W; Cheng Q; Zhao X; Jia S; Zhang Y,
33364453,https://pubmed.ncbi.nlm.nih.gov/33364453/,33364453,PMC7750794,true,,0,Opportunities of prebiotics for the intestinal health of monogastric animals.,Animal nutrition (Zhongguo xu mu shou yi xue hui),2020,10.1016/j.aninu.2020.08.001,Azad MAK; Gao J; Ma J; Li T; Tan B; Huang X; Yin J,
33354421,https://pubmed.ncbi.nlm.nih.gov/33354421/,33354421,PMC7733328,true,PRJNA657669,1,"Effect of dietary oil from Camelina sativa on the growth performance, fillet fatty acid profile and gut microbiome of gilthead Sea bream (Sparus aurata).",PeerJ,2020,10.7717/peerj.10430,Huyben D; Rimoldi S; Ceccotti C; Montero D; Betancor M; Iannini F; Terova G,
33335515,https://pubmed.ncbi.nlm.nih.gov/33335515/,33335515,PMC7736160,true,PRJNA641765,1,The Neuromodulator-Encoding sadA Gene Is Widely Distributed in the Human Skin Microbiome.,Frontiers in microbiology,2020,10.3389/fmicb.2020.573679,Luqman A; Zabel S; Rahmdel S; Merz B; Gruenheit N; Harter J; Nieselt K; Götz F,
33310720,https://pubmed.ncbi.nlm.nih.gov/33310720/,33310720,PMC8090867,true,,0,The shared resistome of human and pig microbiota is mobilized by distinct genetic elements.,Applied and environmental microbiology,2021,10.1128/AEM.01910-20,Wang C; Song Y; Tang N; Zhang G; Leclercq SO; Feng J,
33292949,https://pubmed.ncbi.nlm.nih.gov/33292949/,33292949,,false,,0,Modulatory effect of Cyclocarya paliurus flavonoids on the intestinal microbiota and liver clock genes of circadian rhythm disorder mice model.,"Food research international (Ottawa, Ont.)",2020,10.1016/j.foodres.2020.109769,Song D; Ho CT; Zhang X; Wu Z; Cao J,
33272789,https://pubmed.ncbi.nlm.nih.gov/33272789/,33272789,,false,,0,Insects' potential: Understanding the functional role of their gut microbiome.,Journal of pharmaceutical and biomedical analysis,2021,10.1016/j.jpba.2020.113787,Muñoz-Benavent M; Pérez-Cobas AE; García-Ferris C; Moya A; Latorre A,
33270717,https://pubmed.ncbi.nlm.nih.gov/33270717/,33270717,PMC7714112,true,PRJEB40824,1,A metagenomic glimpse into the gut of wild and domestic animals: Quantification of antimicrobial resistance and more.,PloS one,2020,10.1371/journal.pone.0242987,Skarżyńska M; Leekitcharoenphon P; Hendriksen RS; Aarestrup FM; Wasyl D,
33260795,https://pubmed.ncbi.nlm.nih.gov/33260795/,33260795,PMC7761423,true,PRJNA628144,1,Genomic Characterization of a Novel Tenericutes Bacterium from Deep-Sea Holothurian Intestine.,Microorganisms,2020,10.3390/microorganisms8121874,Zhu FC; Lian CA; He LS,
33250883,https://pubmed.ncbi.nlm.nih.gov/33250883/,33250883,PMC7676279,true,PRJNA656992,1,Selective Bacterial Colonization of the Murine Larynx in a Gnotobiotic Model.,Frontiers in microbiology,2020,10.3389/fmicb.2020.594617,An R; Gowda M; Rey FE; Thibeault SL,
33250443,https://pubmed.ncbi.nlm.nih.gov/33250443/,33250443,,false,,0,Gut microbiota-mediated xanthine metabolism is associated with resistance to high-fat diet-induced obesity.,The Journal of nutritional biochemistry,2021,10.1016/j.jnutbio.2020.108533,Wei B; Wang S; Wang Y; Ke S; Jin W; Chen J; Zhang H; Sun J; Henning SM; Wang J; Wang H,
33249136,https://pubmed.ncbi.nlm.nih.gov/33249136/,33249136,,false,,0,An integrated metagenomics and metabolomics approach implicates the microbiota-gut-brain axis in the pathogenesis of Huntington's disease.,Neurobiology of disease,2021,10.1016/j.nbd.2020.105199,Kong G; Ellul S; Narayana VK; Kanojia K; Ha HTT; Li S; Renoir T; Cao KL; Hannan AJ,
33246225,https://pubmed.ncbi.nlm.nih.gov/33246225/,33246225,,false,,0,Akkermansia muciniphila: A potential novel mechanism of nuciferine to improve hyperlipidemia.,Biomedicine & pharmacotherapy = Biomedecine & pharmacotherapie,2021,10.1016/j.biopha.2020.111014,Yu Y; Lu J; Sun L; Lyu X; Chang XY; Mi X; Hu MG; Wu C; Chen X,
33240966,https://pubmed.ncbi.nlm.nih.gov/33240966/,33240966,PMC7680733,true,PRJNA667247,1,In vivo Microbiome Profiling of the Luminal and Mucosal Surface of the Duodenum Using a Cannulated Yearling Bovine Model.,Frontiers in veterinary science,2020,10.3389/fvets.2020.601874,Stockler RM; Higgins KV; Hallowell H; Groover ES; Hiltbold EM; Newcomer BW; Walz PH,
33233570,https://pubmed.ncbi.nlm.nih.gov/33233570/,33233570,PMC7699731,true,,0,High Fat-High Fructose Diet-Induced Changes in the Gut Microbiota Associated with Dyslipidemia in Syrian Hamsters.,Nutrients,2020,10.3390/nu12113557,Horne RG; Yu Y; Zhang R; Abdalqadir N; Rossi L; Surette M; Sherman PM; Adeli K,
33233565,https://pubmed.ncbi.nlm.nih.gov/33233565/,33233565,PMC7699746,true,,0,Behind Taxonomic Variability: The Functional Redundancy in the Tick Microbiome.,Microorganisms,2020,10.3390/microorganisms8111829,Estrada-Peña A; Cabezas-Cruz A; Obregón D,
33232877,https://pubmed.ncbi.nlm.nih.gov/33232877/,33232877,,false,,0,"Tris (1,3-dichloro-2-propyl) phosphate exposure disrupts the gut microbiome and its associated metabolites in mice.",Environment international,2021,10.1016/j.envint.2020.106256,Yan X; He M; Zheng J; Zhu T; Zou Z; Tang B; Yu Y; Mai B,
33228779,https://pubmed.ncbi.nlm.nih.gov/33228779/,33228779,PMC7686744,true,PRJNA609985,1,Genetic selection for growth drives differences in intestinal microbiota composition and parasite disease resistance in gilthead sea bream.,Microbiome,2020,10.1186/s40168-020-00922-w,Piazzon MC; Naya-Català F; Perera E; Palenzuela O; Sitjà-Bobadilla A; Pérez-Sánchez J,
33224899,https://pubmed.ncbi.nlm.nih.gov/33224899/,33224899,PMC7667259,true,PRJNA645287,1,Dynamic of Composition and Diversity of Gut Microbiota in Triatoma rubrofasciata in Different Developmental Stages and Environmental Conditions.,Frontiers in cellular and infection microbiology,2020,10.3389/fcimb.2020.587708,Hu Y; Xie H; Gao M; Huang P; Zhou H; Ma Y; Zhou M; Liang J; Yang J; Lv Z,
33218339,https://pubmed.ncbi.nlm.nih.gov/33218339/,33218339,PMC7679995,true,PRJNA385134; PRJNA385256,2,Autochthonous faecal viral transfer (FVT) impacts the murine microbiome after antibiotic perturbation.,BMC biology,2020,10.1186/s12915-020-00906-0,Draper LA; Ryan FJ; Dalmasso M; Casey PG; McCann A; Velayudhan V; Ross RP; Hill C,
33202274,https://pubmed.ncbi.nlm.nih.gov/33202274/,33202274,,false,,0,Behaviour of citrus pectin and modified citrus pectin in an azoxymethane/dextran sodium sulfate (AOM/DSS)-induced rat colorectal carcinogenesis model.,International journal of biological macromolecules,2021,10.1016/j.ijbiomac.2020.11.089,Ferreira-Lazarte A; Fernández J; Gallego-Lobillo P; Villar CJ; Lombó F; Moreno FJ; Villamiel M,
33194990,https://pubmed.ncbi.nlm.nih.gov/33194990/,33194990,PMC7649143,true,PRJNA601771,1,Alterations in the Gut Microbiota of Zebrafish (Danio rerio) in Response to Water-Soluble Crude Oil Components and Its Mixture With a Chemical Dispersant.,Frontiers in public health,2020,10.3389/fpubh.2020.584953,González-Penagos CE; Zamora-Briseño JA; Cerqueda-García D; Améndola-Pimenta M; Pérez-Vega JA; Hernández-Nuñez E; Rodríguez-Canul R,
33188211,https://pubmed.ncbi.nlm.nih.gov/33188211/,33188211,PMC7666174,true,PRJNA574295,1,Microbiota-directed fibre activates both targeted and secondary metabolic shifts in the distal gut.,Nature communications,2020,10.1038/s41467-020-19585-0,Michalak L; Gaby JC; Lagos L; La Rosa SL; Hvidsten TR; Tétard-Jones C; Willats WGT; Terrapon N; Lombard V; Henrissat B; Dröge J; Arntzen MØ; Hagen LH; Øverland M; Pope PB; Westereng B,
33187992,https://pubmed.ncbi.nlm.nih.gov/33187992/,33187992,PMC7848910,true,,0,Multimodularity of a GH10 Xylanase Found in the Termite Gut Metagenome.,Applied and environmental microbiology,2021,10.1128/AEM.01714-20,Wu H; Ioannou E; Henrissat B; Montanier CY; Bozonnet S; O'Donohue MJ; Dumon C,
33185493,https://pubmed.ncbi.nlm.nih.gov/33185493/,33185493,,false,,0,Effect of Synbiotics on Amelioration of Intestinal Inflammation Under Hypobaric Hypoxia.,High altitude medicine & biology,2021,10.1089/ham.2020.0062,Khanna K; Mishra KP; Chanda S; Ganju L; Singh SB; Kumar B,
33178145,https://pubmed.ncbi.nlm.nih.gov/33178145/,33178145,PMC7596689,true,PRJNA603642,1,Cryptosporidium parvum Infection Depletes Butyrate Producer Bacteria in Goat Kid Microbiome.,Frontiers in microbiology,2020,10.3389/fmicb.2020.548737,Mammeri M; Obregón DA; Chevillot A; Polack B; Julien C; Pollet T; Cabezas-Cruz A; Adjou KT,
33162984,https://pubmed.ncbi.nlm.nih.gov/33162984/,33162984,PMC7580221,true,PRJNA602878; PRJNA602960,2,Alterations of Gut Microbiome and Metabolite Profiling in Mice Infected by Schistosoma japonicum.,Frontiers in immunology,2020,10.3389/fimmu.2020.569727,Hu Y; Chen J; Xu Y; Zhou H; Huang P; Ma Y; Gao M; Cheng S; Zhou H; Lv Z,
33144315,https://pubmed.ncbi.nlm.nih.gov/33144315/,33144315,PMC7646530,true,PRJEB23642; PRJEB38078; PRJNA316560; PRJNA316570,4,"Large-Scale Metagenome Assembly Reveals Novel Animal-Associated Microbial Genomes, Biosynthetic Gene Clusters, and Other Genetic Diversity.",mSystems,2020,10.1128/mSystems.01045-20,Youngblut ND; de la Cuesta-Zuluaga J; Reischer GH; Dauser S; Schuster N; Walzer C; Stalder G; Farnleitner AH; Ley RE,
33103254,https://pubmed.ncbi.nlm.nih.gov/33103254/,33103254,,false,,0,The effect of fermented Huyou juice on intestinal microbiota in a high-fat diet-induced obesity mouse model.,Journal of food biochemistry,2020,10.1111/jfbc.13480,Yan X; Wang F; Weng P; Wu Z,
33075172,https://pubmed.ncbi.nlm.nih.gov/33075172/,33075172,,false,,0,"Comparison of gut microbiota of healthy and diseased walking sticks, Phasmotaenia lanyuhensis.",Archives of insect biochemistry and physiology,2020,10.1002/arch.21749,Li YH; Huang YF; Chen TH; Wu SS; Tang HC; Hsiao CY; Huang LC; Chang JC; Chiu KP; Nai YS,
33067706,https://pubmed.ncbi.nlm.nih.gov/33067706/,33067706,,false,,0,Study on the Diversity and Function of Gut Microbiota in Pigs Following Long-Term Antibiotic and Antibiotic-Free Breeding.,Current microbiology,2020,10.1007/s00284-020-02240-8,Li Y; Zhu Y; Wei H; Chen Y; Shang H,
33063083,https://pubmed.ncbi.nlm.nih.gov/33063083/,33063083,,false,,0,Metagenomics approach to the intestinal microbiome structure and function in high fat diet-induced obesity in mice fed with conjugated linoleic acid (CLA).,Food & function,2020,10.1039/d0fo02112a,Liu L; He Y; Wang K; Miao J; Zheng Z,
33036549,https://pubmed.ncbi.nlm.nih.gov/33036549/,33036549,PMC7547465,true,PRJNA624740,1,Metagenomic insights into the diversity of carbohydrate-degrading enzymes in the yak fecal microbial community.,BMC microbiology,2020,10.1186/s12866-020-01993-3,Gong G; Zhou S; Luo R; Gesang Z; Suolang S,
33024551,https://pubmed.ncbi.nlm.nih.gov/33024551/,33024551,PMC7520715,true,PRJNA545153,1,"Taxono-genomics description of Olsenella lakotia SW165 (T) sp. nov., a new anaerobic bacterium isolated from cecum of feral chicken.",F1000Research,2020,10.12688/f1000research.25823.1,Wongkuna S; Ghimire S; Janvilisri T; Doerner K; Chankhamhaengdecha S; Scaria J,
32998681,https://pubmed.ncbi.nlm.nih.gov/32998681/,32998681,PMC7525972,true,PRJNA629058,1,A network approach to investigating the key microbes and stability of gut microbial communities in a mouse neuropathic pain model.,BMC microbiology,2020,10.1186/s12866-020-01981-7,Brandon-Mong GJ; Shaw GT; Chen WH; Chen CC; Wang D,
32994293,https://pubmed.ncbi.nlm.nih.gov/32994293/,32994293,PMC7527142,true,PRJEB38000,1,Strain-Level Analysis of Bifidobacterium spp. from Gut Microbiomes of Adults with Differing Lactase Persistence Genotypes.,mSystems,2020,10.1128/mSystems.00911-20,Schmidt V; Enav H; Spector TD; Youngblut ND; Ley RE,
32992082,https://pubmed.ncbi.nlm.nih.gov/32992082/,32992082,,false,,0,Integrated omics analysis unraveled the microbiome-mediated effects of Yijin-Tang on hepatosteatosis and insulin resistance in obese mouse.,Phytomedicine : international journal of phytotherapy and phytopharmacology,2020,10.1016/j.phymed.2020.153354,Lee JE; Lee SM; Jung J,
32988512,https://pubmed.ncbi.nlm.nih.gov/32988512/,32988512,PMC7598314,true,PRJNA628092,1,"In ovo supplementation of chitooligosaccharide and chlorella polysaccharide affects cecal microbial community, metabolic pathways, and fermentation metabolites in broiler chickens.",Poultry science,2020,10.1016/j.psj.2020.06.061,Zhang J; Cai K; Mishra R; Jha R,
32968071,https://pubmed.ncbi.nlm.nih.gov/32968071/,32968071,PMC7511399,true,PRJNA61338131; SRP254056; SRP25405631,3,Two hundred and fifty-four metagenome-assembled bacterial genomes from the bank vole gut microbiota.,Scientific data,2020,10.1038/s41597-020-00656-2,Lavrinienko A; Tukalenko E; Mousseau TA; Thompson LR; Knight R; Mappes T; Watts PC,
32957565,https://pubmed.ncbi.nlm.nih.gov/32957565/,32957565,PMC7551199,true,,0,16S rRNA Sequencing and Metagenomics Study of Gut Microbiota: Implications of BDB on Type 2 Diabetes Mellitus.,Marine drugs,2020,10.3390/md18090469,Zhang L; Luo J; Li X; Guo S; Shi D,
32948523,https://pubmed.ncbi.nlm.nih.gov/32948523/,32948523,PMC7657629,true,,0,Multi-omics Approaches To Decipher the Impact of Diet and Host Physiology on the Mammalian Gut Microbiome.,Applied and environmental microbiology,2020,10.1128/AEM.01864-20,Milani C; Alessandri G; Mancabelli L; Mangifesta M; Lugli GA; Viappiani A; Longhi G; Anzalone R; Duranti S; Turroni F; Ossiprandi MC; van Sinderen D; Ventura M,
32946867,https://pubmed.ncbi.nlm.nih.gov/32946867/,32946867,,false,,0,Role of TRPV1 in colonic mucin production and gut microbiota profile.,European journal of pharmacology,2020,10.1016/j.ejphar.2020.173567,Kumar V; Mahajan N; Khare P; Kondepudi KK; Bishnoi M,
32945998,https://pubmed.ncbi.nlm.nih.gov/32945998/,32945998,PMC7501400,true,PRJNA630144; SRP265006,2,"Harnessing the strategy of metagenomics for exploring the intestinal microecology of sable (Martes zibellina), the national first-level protected animal.",AMB Express,2020,10.1186/s13568-020-01103-6,Yan J; Wu X; Chen J; Chen Y; Zhang H,
32927823,https://pubmed.ncbi.nlm.nih.gov/32927823/,32927823,PMC7551189,true,,0,"Obesity Worsens Gulf War Illness Symptom Persistence Pathology by Linking Altered Gut Microbiome Species to Long-Term Gastrointestinal, Hepatic, and Neuronal Inflammation in a Mouse Model.",Nutrients,2020,10.3390/nu12092764,Bose D; Saha P; Mondal A; Fanelli B; Seth RK; Janulewicz P; Sullivan K; Lasley S; Horner R; Colwell RR; Shetty AK; Klimas N; Chatterjee S,
32919016,https://pubmed.ncbi.nlm.nih.gov/32919016/,32919016,,false,,0,Quantitative microbiome profiling links microbial community variation to the intestine regeneration rate of the sea cucumber Apostichopus japonicus.,Genomics,2020,10.1016/j.ygeno.2020.09.017,Zhang H; Wang Q; Zhao J; Liu S; Zhang L; Zhao Y; Yang H; Sun L,
32898701,https://pubmed.ncbi.nlm.nih.gov/32898701/,32898701,,false,,0,An effective culturomics approach to study the gut microbiota of mammals.,Research in microbiology,2020,10.1016/j.resmic.2020.09.001,Pereira AC; Cunha MV,
32882233,https://pubmed.ncbi.nlm.nih.gov/32882233/,32882233,,false,,0,"Alterations in the gut-associated microbiota of juvenile Caribbean spiny lobsters Panulirus argus (Latreille, 1804) infected with PaV1.",Journal of invertebrate pathology,2020,10.1016/j.jip.2020.107457,Zamora-Briseño JA; Cerqueda-García D; Hernández-Velázquez IM; Rivera-Bustamante R; Huchín-Mian JP; Briones-Fourzán P; Lozano-Álvarez E; Rodríguez-Canul R,
32874052,https://pubmed.ncbi.nlm.nih.gov/32874052/,32874052,PMC7438192,true,,0,Regulation of the intestinal microbiota: An emerging therapeutic strategy for inflammatory bowel disease.,World journal of gastroenterology,2020,10.3748/wjg.v26.i30.4378,Yue B; Yu ZL; Lv C; Geng XL; Wang ZT; Dou W,
32864518,https://pubmed.ncbi.nlm.nih.gov/32864518/,32864518,PMC7450720,true,,0,Intestinal Microbiome and Metal Toxicity.,Current opinion in toxicology,2020,10.1016/j.cotox.2019.09.009,Assefa S; Köhler G,
32861142,https://pubmed.ncbi.nlm.nih.gov/32861142/,32861142,,false,,0,Effects of chronic exposure to water accommodated fraction (WAF) of light crude oil on gut microbiota composition of the lined sole (Achirus lineatus).,Marine environmental research,2020,10.1016/j.marenvres.2020.105116,Cerqueda-García D; Améndola-Pimenta M; Zamora-Briseño JA; González-Penagos CE; Árcega-Cabrera F; Ceja-Moreno V; Rodríguez-Canul R,
32858186,https://pubmed.ncbi.nlm.nih.gov/32858186/,32858186,,false,,0,Metagenomics in bioflocs and their effects on gut microbiome and immune responses in Pacific white shrimp.,Fish & shellfish immunology,2020,10.1016/j.fsi.2020.08.042,Tepaamorndech S; Nookaew I; Higdon SM; Santiyanont P; Phromson M; Chantarasakha K; Mhuantong W; Plengvidhya V; Visessanguan W,
32848005,https://pubmed.ncbi.nlm.nih.gov/32848005/,32848005,PMC7449624,true,PRJNA415093; PRJNA562505,2,Strain Structure and Dynamics Revealed by Targeted Deep Sequencing of the Honey Bee Gut Microbiome.,mSphere,2020,10.1128/mSphere.00694-20,Bobay LM; Wissel EF; Raymann K,
32846589,https://pubmed.ncbi.nlm.nih.gov/32846589/,32846589,,false,,0,Monascus purpureus-fermented common buckwheat protects against dyslipidemia and non-alcoholic fatty liver disease through the regulation of liver metabolome and intestinal microbiome.,"Food research international (Ottawa, Ont.)",2020,10.1016/j.foodres.2020.109511,Huang ZR; Chen M; Guo WL; Li TT; Liu B; Bai WD; Ai LZ; Rao PF; Ni L; Lv XC,
32845369,https://pubmed.ncbi.nlm.nih.gov/32845369/,32845369,,false,,0,Effect of glycerol feed-supplementation on seabass metabolism and gut microbiota.,Applied microbiology and biotechnology,2020,10.1007/s00253-020-10809-3,Louvado A; Coelho FJRC; Palma M; Tavares LC; Ozorio ROA; Magnoni L; Viegas I; Gomes NCM,
32840567,https://pubmed.ncbi.nlm.nih.gov/32840567/,32840567,,false,,0,Gut microbiome adaptation to extreme cold winter in wild plateau pika (Ochotona curzoniae) on the Qinghai-Tibet Plateau.,FEMS microbiology letters,2020,10.1093/femsle/fnaa134,Wang Y; Zhou R; Yu Q; Feng T; Li H,
32832077,https://pubmed.ncbi.nlm.nih.gov/32832077/,32832077,PMC7437023,true,,0,"Intrauterine growth restriction alters growth performance, plasma hormones, and small intestinal microbial communities in growing-finishing pigs.",Journal of animal science and biotechnology,2020,10.1186/s40104-020-00490-x,Xiong L; You J; Zhang W; Zhu Q; Blachier F; Yin Y; Kong X,
32825244,https://pubmed.ncbi.nlm.nih.gov/32825244/,32825244,PMC7552699,true,,0,"Effects of Laetiporus sulphureus-Fermented Wheat Bran on Growth Performance, Intestinal Microbiota and Digesta Characteristics in Broiler Chickens.",Animals : an open access journal from MDPI,2020,10.3390/ani10091457,Lin WC; Lee TT,
32817384,https://pubmed.ncbi.nlm.nih.gov/32817384/,32817384,PMC7438022,true,PRJEB39605,1,Microbe-Metabolite Associations Linked to the Rebounding Murine Gut Microbiome Postcolonization with Vancomycin-Resistant Enterococcus faecium.,mSystems,2020,10.1128/mSystems.00452-20,Mu A; Carter GP; Li L; Isles NS; Vrbanac AF; Morton JT; Jarmusch AK; De Souza DP; Narayana VK; Kanojia K; Nijagal B; McConville MJ; Knight R; Howden BP; Stinear TP,
32816085,https://pubmed.ncbi.nlm.nih.gov/32816085/,32816085,,false,,0,Characterization of two GH5 endoglucanases from termite microbiome using synthetic metagenomics.,Applied microbiology and biotechnology,2020,10.1007/s00253-020-10831-5,Guerrero EB; de Villegas RMD; Soria MA; Santangelo MP; Campos E; Talia PM,
32812361,https://pubmed.ncbi.nlm.nih.gov/32812361/,32812361,PMC7888472,true,,0,Geographic pattern of antibiotic resistance genes in the metagenomes of the giant panda.,Microbial biotechnology,2021,10.1111/1751-7915.13655,Hu T; Dai Q; Chen H; Zhang Z; Dai Q; Gu X; Yang X; Yang Z; Zhu L,
32793154,https://pubmed.ncbi.nlm.nih.gov/32793154/,32793154,PMC7393233,true,PRJNA576784; PRJNA633309; SRP225682; SRP262119,4,Comparative Analysis of Microbial Community Structure and Function in the Gut of Wild and Captive Amur Tiger.,Frontiers in microbiology,2020,10.3389/fmicb.2020.01665,Ning Y; Qi J; Dobbins MT; Liang X; Wang J; Chen S; Ma J; Jiang G,
32787773,https://pubmed.ncbi.nlm.nih.gov/32787773/,32787773,PMC7425606,true,PRJEB30661,1,Gut microbiome of endangered Tor putitora (Ham.) as a reservoir of antibiotic resistance genes and pathogens associated with fish health.,BMC microbiology,2020,10.1186/s12866-020-01911-7,Khurana H; Singh DN; Singh A; Singh Y; Lal R; Negi RK,
32774330,https://pubmed.ncbi.nlm.nih.gov/32774330/,32774330,PMC7381391,true,PRJNA625868,1,"Insights in the Global Genetics and Gut Microbiome of Black Soldier Fly, Hermetia illucens: Implications for Animal Feed Safety Control.",Frontiers in microbiology,2020,10.3389/fmicb.2020.01538,Khamis FM; Ombura FLO; Akutse KS; Subramanian S; Mohamed SA; Fiaboe KKM; Saijuntha W; Van Loon JJA; Dicke M; Dubois T; Ekesi S; Tanga CM,
32772670,https://pubmed.ncbi.nlm.nih.gov/32772670/,32772670,PMC7435157,true,,0,Roles of the gut microbiota in the adaptive evolution of mammalian species.,"Philosophical transactions of the Royal Society of London. Series B, Biological sciences",2020,10.1098/rstb.2019.0597,Moeller AH; Sanders JG,
32772242,https://pubmed.ncbi.nlm.nih.gov/32772242/,32772242,,false,,0,Reduction of gut microbial diversity and short chain fatty acids in BALB/c mice exposure to microcystin-LR.,"Ecotoxicology (London, England)",2020,10.1007/s10646-020-02254-9,Guilin Z; Pengyu Z; Wei L; Fengqi H; Chen F; Yu Y; Yue H; Yuting T,
32765533,https://pubmed.ncbi.nlm.nih.gov/32765533/,32765533,PMC7379839,true,PRJNA593335,1,Polyphenols in the Fermentation Liquid of Dendrobium candidum Relieve Intestinal Inflammation in Zebrafish Through the Intestinal Microbiome-Mediated Immune Response.,Frontiers in immunology,2020,10.3389/fimmu.2020.01542,Gong X; Jiang S; Tian H; Xiang D; Zhang J,
32758760,https://pubmed.ncbi.nlm.nih.gov/32758760/,32758760,,false,,0,Gut microbial composition in different castes and developmental stages of the invasive hornet Vespa velutina nigrithorax.,The Science of the total environment,2020,10.1016/j.scitotenv.2020.140873,Cini A; Meriggi N; Bacci G; Cappa F; Vitali F; Cavalieri D; Cervo R,
32756645,https://pubmed.ncbi.nlm.nih.gov/32756645/,32756645,,false,,0,Metagenomic insights into the effects of nanobubble water on the composition of gut microbiota in mice.,Food & function,2020,10.1039/d0fo01592j,Guo Z; Hu B; Han H; Lei Z; Shimizu K; Zhang L; Zhang Z,
32751315,https://pubmed.ncbi.nlm.nih.gov/32751315/,32751315,PMC7464067,true,PRJNA634365,1,Discovery of Predictors of Mycoplasma hyopneumoniae Vaccine Response Efficiency in Pigs: 16S rRNA Gene Fecal Microbiota Analysis.,Microorganisms,2020,10.3390/microorganisms8081151,Munyaka PM; Blanc F; Estellé J; Lemonnier G; Leplat JJ; Rossignol MN; Jardet D; Plastow G; Billon Y; Willing BP; Rogel-Gaillard C,
32748559,https://pubmed.ncbi.nlm.nih.gov/32748559/,32748559,PMC7399378,true,,0,"Age- and duration-dependent effects of whey protein on high-fat diet-induced changes in body weight, lipid metabolism, and gut microbiota in mice.",Physiological reports,2020,10.14814/phy2.14523,Boscaini S; Cabrera-Rubio R; Nychyk O; Roger Speakman J; Francis Cryan J; David Cotter P; Nilaweera KN,
32747713,https://pubmed.ncbi.nlm.nih.gov/32747713/,32747713,PMC7784847,true,,0,"Concentration and chemical form of dietary zinc shape the porcine colon microbiome, its functional capacity and antibiotic resistance gene repertoire.",The ISME journal,2020,10.1038/s41396-020-0730-3,Pieper R; Dadi TH; Pieper L; Vahjen W; Franke A; Reinert K; Zentek J,
32747272,https://pubmed.ncbi.nlm.nih.gov/32747272/,32747272,,false,,0,Studies on nutritional intervention of rice starch- oleic acid complex (resistant starch type V) in rats fed by high-fat diet.,Carbohydrate polymers,2020,10.1016/j.carbpol.2020.116637,Zheng B; Wang T; Wang H; Chen L; Zhou Z,
32743520,https://pubmed.ncbi.nlm.nih.gov/32743520/,32743520,PMC7388382,true,PRJEB22036; PRJEB22343,2,Comparative immunophenotyping of Saccharomyces cerevisiae and Candida spp. strains from Crohn's disease patients and their interactions with the gut microbiome.,Journal of translational autoimmunity,2020,10.1016/j.jtauto.2020.100036,Di Paola M; Rizzetto L; Stefanini I; Vitali F; Massi-Benedetti C; Tocci N; Romani L; Ramazzotti M; Lionetti P; De Filippo C; Cavalieri D,
32737543,https://pubmed.ncbi.nlm.nih.gov/32737543/,32737543,,false,,0,Composition and functional characterization of the gut microbiome of freshwater pufferfish (Tetraodon cutcutia).,Archives of microbiology,2020,10.1007/s00203-020-01997-7,Deb S; Das L; Das SK,
32733435,https://pubmed.ncbi.nlm.nih.gov/32733435/,32733435,PMC7358278,true,GSE120041; PRJNA561088,2,Bioinformatics Analysis of Gut Microbiota and CNS Transcriptome in Virus-Induced Acute Myelitis and Chronic Inflammatory Demyelination; Potential Association of Distinct Bacteria With CNS IgA Upregulation.,Frontiers in immunology,2020,10.3389/fimmu.2020.01138,Omura S; Sato F; Park AM; Fujita M; Khadka S; Nakamura Y; Katsuki A; Nishio K; Gavins FNE; Tsunoda I,
32729971,https://pubmed.ncbi.nlm.nih.gov/32729971/,32729971,,false,,0,High-dose dietary supplementation with zinc prevents gut inflammation: Investigation of the role of metallothioneins and beyond by transcriptomic and metagenomic studies.,FASEB journal : official publication of the Federation of American Societies for Experimental Biology,2020,10.1096/fj.202000562RR,Foligné B; George F; Standaert A; Garat A; Poiret S; Peucelle V; Ferreira S; Sobry H; Muharram G; Lucau-Danila A; Daniel C,
32704056,https://pubmed.ncbi.nlm.nih.gov/32704056/,32704056,PMC7378548,true,PRJNA590320,1,17β-Estradiol supplementation changes gut microbiota diversity in intact and colorectal cancer-induced ICR male mice.,Scientific reports,2020,10.1038/s41598-020-69112-w,Song CH; Kim N; Nam RH; Choi SI; Lee HN; Surh YJ,
32687904,https://pubmed.ncbi.nlm.nih.gov/32687904/,32687904,,false,,0,Pharmacological and metagenomics evidence of polysaccharide from Polygonum multiflorum in the alleviation of insulin resistance.,International journal of biological macromolecules,2020,10.1016/j.ijbiomac.2020.07.085,Bi Q; Gu W; Meng F; Yang X; Zeng L; Liang L; Yang M; Zhang T; Yu J,
32676061,https://pubmed.ncbi.nlm.nih.gov/32676061/,32676061,PMC7333532,true,DRA010262,1,Scoring Species for Synthetic Community Design: Network Analyses of Functional Core Microbiomes.,Frontiers in microbiology,2020,10.3389/fmicb.2020.01361,Toju H; Abe MS; Ishii C; Hori Y; Fujita H; Fukuda S,
32670122,https://pubmed.ncbi.nlm.nih.gov/32670122/,32670122,PMC7332545,true,,0,Current Limitations for the Assessment of the Role of the Gut Microbiome for Attention Deficit Hyperactivity Disorder (ADHD).,Frontiers in psychiatry,2020,10.3389/fpsyt.2020.00623,Hiergeist A; Gessner J; Gessner A,
32663105,https://pubmed.ncbi.nlm.nih.gov/32663105/,32663105,PMC7524312,true,,0,Cancer-protective effect of a synbiotic combination between Lactobacillus gasseri 505 and a Cudrania tricuspidata leaf extract on colitis-associated colorectal cancer.,Gut microbes,2020,10.1080/19490976.2020.1785803,Oh NS; Lee JY; Kim YT; Kim SH; Lee JH,
32663059,https://pubmed.ncbi.nlm.nih.gov/32663059/,32663059,PMC7524268,true,PRJCA000348; PRJNA608079,2,The gut microbiome stability is altered by probiotic ingestion and improved by the continuous supplementation of galactooligosaccharide.,Gut microbes,2020,10.1080/19490976.2020.1785252,Ma C; Wasti S; Huang S; Zhang Z; Mishra R; Jiang S; You Z; Wu Y; Chang H; Wang Y; Huo D; Li C; Sun Z; Sun Z; Zhang J,
32634615,https://pubmed.ncbi.nlm.nih.gov/32634615/,32634615,,false,,0,Metagenomics approach the intestinal microbiome structure and function in the anti-H1N1 of a traditional chinese medicine acid polysaccharide.,Microbial pathogenesis,2020,10.1016/j.micpath.2020.104351,Xiaoting L; Shanshan L; Qiuhong W; Weichen D; Haixue K,
32617829,https://pubmed.ncbi.nlm.nih.gov/32617829/,32617829,,false,,0,Diet drives convergent evolution of gut microbiomes in bamboo-eating species.,Science China. Life sciences,2021,10.1007/s11427-020-1750-7,Huang G; Wang X; Hu Y; Wu Q; Nie Y; Dong J; Ding Y; Yan L; Wei F,
32591376,https://pubmed.ncbi.nlm.nih.gov/32591376/,32591376,PMC7440792,true,,0,The Lizard Gut Microbiome Changes with Temperature and Is Associated with Heat Tolerance.,Applied and environmental microbiology,2020,10.1128/AEM.01181-20,Moeller AH; Ivey K; Cornwall MB; Herr K; Rede J; Taylor EN; Gunderson AR,
32587943,https://pubmed.ncbi.nlm.nih.gov/32587943/,32587943,PMC7316184,true,,0,Impact of trimethylamine N-oxide (TMAO) metaorganismal pathway on cardiovascular disease.,Journal of laboratory and precision medicine,2020,10.21037/jlpm.2020.01.01,Zhao Y; Wang Z,
32582053,https://pubmed.ncbi.nlm.nih.gov/32582053/,32582053,PMC7287027,true,PRJNA559605,1,The Gene Catalog and Comparative Analysis of Gut Microbiome of Big Cats Provide New Insights on Panthera Species.,Frontiers in microbiology,2020,10.3389/fmicb.2020.01012,Mittal P; Saxena R; Gupta A; Mahajan S; Sharma VK,
32580805,https://pubmed.ncbi.nlm.nih.gov/32580805/,32580805,,false,,0,The effect of supplementing pony diets with yeast on 2. The faecal microbiome.,Animal : an international journal of animal bioscience,2020,10.1017/S1751731120001512,Garber A; Hastie PM; Farci V; McGuinness D; Bulmer L; Alzahal O; Murray JMD,
32576848,https://pubmed.ncbi.nlm.nih.gov/32576848/,32576848,PMC7311423,true,,0,Klenkia terrae resistant to DNA extraction in germ-free mice stools illustrates the extraction pitfall faced by metagenomics.,Scientific reports,2020,10.1038/s41598-020-66627-0,Andreani J; Million M; Baudoin JP; Ominami Y; Khalil JYB; Frémond C; Khelaifia S; Levasseur A; Raoult D; La Scola B,
32550611,https://pubmed.ncbi.nlm.nih.gov/32550611/,32550611,,false,,0,Influence of Eimeria spp. Infection on Chicken Jejunal Microbiota and the Efficacy of Two Alternative Products Against the Infection.,Avian diseases,2020,10.1637/0005-2086-64.2.123,Hamilton M; Ma X; McCrea BA; Carrisosa M; Macklin KS; Zhang C; Wang X; Hauck R,
32531278,https://pubmed.ncbi.nlm.nih.gov/32531278/,32531278,PMC7342003,true,PRJNA235974; PRJNA471592; PRJNA598094,3,Vast Differences in Strain-Level Diversity in the Gut Microbiota of Two Closely Related Honey Bee Species.,Current biology : CB,2020,10.1016/j.cub.2020.04.070,Ellegaard KM; Suenami S; Miyazaki R; Engel P,
32512648,https://pubmed.ncbi.nlm.nih.gov/32512648/,32512648,,false,,0,"Administration of L. salivarius expressing 3D8 scFv as a feed additive improved the growth performance, immune homeostasis, and gut microbiota of chickens.",Animal science journal = Nihon chikusan Gakkaiho,2020,10.1111/asj.13399,Sureshkumar S; Jung SK; Kim D; Oh KB; Yang H; Lee HC; Jo YJ; Lee HS; Lee S; Byun SJ,
32508155,https://pubmed.ncbi.nlm.nih.gov/32508155/,32508155,PMC7500265,true,,0,Xenometabolite signatures in the UC Davis type 2 diabetes mellitus rat model revealed using a metabolomics platform enriched with microbe-derived metabolites.,American journal of physiology. Gastrointestinal and liver physiology,2020,10.1152/ajpgi.00105.2020,Mercer KE; Yeruva L; Pack L; Graham JL; Stanhope KL; Chintapalli SV; Wankhade UD; Shankar K; Havel PJ; Adams SH; Piccolo BD,
32488118,https://pubmed.ncbi.nlm.nih.gov/32488118/,32488118,PMC7265441,true,,0,"Comparative assessment of faecal microbial composition and metabonome of swine, farmers and human control.",Scientific reports,2020,10.1038/s41598-020-65891-4,Tan SC; Chong CW; Yap IKS; Thong KL; Teh CSJ,
32487781,https://pubmed.ncbi.nlm.nih.gov/32487781/,32487781,PMC7346068,true,,0,Association of gut microbiota composition and function with an aged rat model of senile osteoporosis using 16S rRNA and metagenomic sequencing analysis.,Aging,2020,10.18632/aging.103293,Ma S; Qin J; Hao Y; Fu L,
32485282,https://pubmed.ncbi.nlm.nih.gov/32485282/,32485282,,false,,0,Evodiamine has therapeutic efficacy in ulcerative colitis by increasing Lactobacillus acidophilus levels and acetate production.,Pharmacological research,2020,10.1016/j.phrs.2020.104978,Wang MX; Lin L; Chen YD; Zhong YP; Lin YX; Li P; Tian X; Han B; Xie ZY; Liao QF,
32482859,https://pubmed.ncbi.nlm.nih.gov/32482859/,32482859,PMC7306781,true,PRJNA597953,1,A multiomic analysis of in situ coral-turf algal interactions.,Proceedings of the National Academy of Sciences of the United States of America,2020,10.1073/pnas.1915455117,Roach TNF; Little M; Arts MGI; Huckeba J; Haas AF; George EE; Quinn RA; Cobián-Güemes AG; Naliboff DS; Silveira CB; Vermeij MJA; Kelly LW; Dorrestein PC; Rohwer F,
32479635,https://pubmed.ncbi.nlm.nih.gov/32479635/,32479635,PMC7295330,true,GSE115178,1,The effect of maternal antibiotic use in sows on intestinal development in offspring.,Journal of animal science,2020,10.1093/jas/skaa181,de Greeff A; Schokker D; Roubos-van den Hil P; Ramaekers P; Vastenhouw SA; Harders F; Bossers A; Smits MA; Rebel JMJ,
32479018,https://pubmed.ncbi.nlm.nih.gov/32479018/,32479018,,false,,0,"White Button Mushroom, Agaricus bisporus (Agaricomycetes), and a Probiotics Mixture Supplementation Correct Dyslipidemia without Influencing the Colon Microbiome Profile in Hypercholesterolemic Rats.",International journal of medicinal mushrooms,2020,10.1615/IntJMedMushrooms.2020033807,Asad F; Anwar H; Yassine HM; Ullah MI; Rahman A; Kamran Z; Sohail MU,
32478081,https://pubmed.ncbi.nlm.nih.gov/32478081/,32478081,PMC7235405,true,,0,Effects of Dietary Fat Profile on Gut Microbiota in Valproate Animal Model of Autism.,Frontiers in medicine,2020,10.3389/fmed.2020.00151,Wang JP; Xu YC; Hou JQ; Li JY; Xing J; Yang BX; Zhang ZH; Zhang BL; Li HH; Li P,
32477320,https://pubmed.ncbi.nlm.nih.gov/32477320/,32477320,PMC7240202,true,,0,Altered Gut Microbiota and Immunity Defines Plasmodium vivax Survival in Anopheles stephensi.,Frontiers in immunology,2020,10.3389/fimmu.2020.00609,Sharma P; Rani J; Chauhan C; Kumari S; Tevatiya S; Das De T; Savargaonkar D; Pandey KC; Dixit R,
32471941,https://pubmed.ncbi.nlm.nih.gov/32471941/,32471941,PMC7341145,true,,0,The Gut Microbial Architecture of Efficiency Traits in the Domestic Poultry Model Species Japanese Quail (Coturnix japonica) Assessed by Mixed Linear Models.,"G3 (Bethesda, Md.)",2020,10.1534/g3.120.401424,Vollmar S; Wellmann R; Borda-Molina D; Rodehutscord M; Camarinha-Silva A; Bennewitz J,
32466241,https://pubmed.ncbi.nlm.nih.gov/32466241/,32466241,PMC7281374,true,,0,Puffer Fish Gut Microbiota Studies Revealed Unique Bacterial Co-Occurrence Patterns and New Insights on Tetrodotoxin Producers.,Marine drugs,2020,10.3390/md18050278,Li Z; Tian J; Lai Y; Lee CH; Cai Z; Yu CF,
32463954,https://pubmed.ncbi.nlm.nih.gov/32463954/,32463954,,false,,0,Gut microbiota of invasive bullfrog tadpoles responds more rapidly to temperature than a noninvasive congener.,Molecular ecology,2020,10.1111/mec.15487,Fontaine SS; Kohl KD,
32450738,https://pubmed.ncbi.nlm.nih.gov/32450738/,32450738,PMC7289684,true,,0,Diurnal Timing Dependent Alterations in Gut Microbial Composition Are Synchronously Linked to Salt-Sensitive Hypertension and Renal Damage.,"Hypertension (Dallas, Tex. : 1979)",2020,10.1161/HYPERTENSIONAHA.120.14830,Chakraborty S; Mandal J; Cheng X; Galla S; Hindupur A; Saha P; Yeoh BS; Mell B; Yeo JY; Vijay-Kumar M; Yang T; Joe B,
32442592,https://pubmed.ncbi.nlm.nih.gov/32442592/,32442592,,false,,0,Guchang Zhixie Wan protects mice against dextran sulfate sodium-induced colitis through modulating the gut microbiota in colon.,Journal of ethnopharmacology,2020,10.1016/j.jep.2020.112991,Wang Z; Liang Y; Yu J; Zhang D; Ren L; Zhang Z; Liu Y; Wu X; Liu L; Tang Z,
32435232,https://pubmed.ncbi.nlm.nih.gov/32435232/,32435232,PMC7218080,true,,0,Assessing and Interpreting the Metagenome Heterogeneity With Power Law.,Frontiers in microbiology,2020,10.3389/fmicb.2020.00648,Ma ZS,
32430404,https://pubmed.ncbi.nlm.nih.gov/32430404/,32430404,PMC7253360,true,PRJNA528812; PRJNA528844,2,Administration of Exogenous Melatonin Improves the Diurnal Rhythms of the Gut Microbiota in Mice Fed a High-Fat Diet.,mSystems,2020,10.1128/mSystems.00002-20,Yin J; Li Y; Han H; Ma J; Liu G; Wu X; Huang X; Fang R; Baba K; Bin P; Zhu G; Ren W; Tan B; Tosini G; He X; Li T; Yin Y,
32423436,https://pubmed.ncbi.nlm.nih.gov/32423436/,32423436,PMC7236220,true,PRJEB35751,1,"Distinct actions of the fermented beverage kefir on host behaviour, immunity and microbiome gut-brain modules in the mouse.",Microbiome,2020,10.1186/s40168-020-00846-5,van de Wouw M; Walsh AM; Crispie F; van Leuven L; Lyte JM; Boehme M; Clarke G; Dinan TG; Cotter PD; Cryan JF,
32410629,https://pubmed.ncbi.nlm.nih.gov/32410629/,32410629,PMC7227296,true,,0,Dynamic distribution of gut microbiota in meat rabbits at different growth stages and relationship with average daily gain (ADG).,BMC microbiology,2020,10.1186/s12866-020-01797-5,Fang S; Chen X; Pan J; Chen Q; Zhou L; Wang C; Xiao T; Gan QF,
32389951,https://pubmed.ncbi.nlm.nih.gov/32389951/,32389951,PMC7399319,true,,0,"Activation of butyrate-producing bacteria as well as bifidobacteria in the cat intestinal microbiota by the administration of 1-kestose, the smallest component of fructo-oligosaccharide.",The Journal of veterinary medical science,2020,10.1292/jvms.19-0640,Shinohara M; Kiyosue M; Tochio T; Kimura S; Koga Y,
32388254,https://pubmed.ncbi.nlm.nih.gov/32388254/,32388254,,false,,0,Green tea polyphenols boost gut-microbiota-dependent mitochondrial TCA and urea cycles in Sprague-Dawley rats.,The Journal of nutritional biochemistry,2020,10.1016/j.jnutbio.2020.108395,Zhou J; Tang L; Shen CL; Wang JS,
32385374,https://pubmed.ncbi.nlm.nih.gov/32385374/,32385374,PMC7210948,true,,0,"Body-size Scaling is Related to Gut Microbial Diversity, Metabolism and Dietary Niche of Arboreal Folivorous Flying Squirrels.",Scientific reports,2020,10.1038/s41598-020-64801-y,Liu PY; Cheng AC; Huang SW; Lu HP; Oshida T; Liu W; Yu HT,
32369165,https://pubmed.ncbi.nlm.nih.gov/32369165/,32369165,PMC7317084,true,PRJEB32496,1,Antibiotic resistomes discovered in the gut microbiomes of Korean swine and cattle.,GigaScience,2020,10.1093/gigascience/giaa043,Lim SK; Kim D; Moon DC; Cho Y; Rho M,
32356546,https://pubmed.ncbi.nlm.nih.gov/32356546/,32356546,,false,,0,Tomato seed oil attenuates hyperlipidemia and modulates gut microbiota in C57BL/6J mice.,Food & function,2020,10.1039/d0fo00133c,He WS; Li L; Rui J; Li J; Sun Y; Cui D; Xu B,
32356337,https://pubmed.ncbi.nlm.nih.gov/32356337/,32356337,,false,,0,Chemically or surgically induced thyroid dysfunction altered gut microbiota in rat models.,FASEB journal : official publication of the Federation of American Societies for Experimental Biology,2020,10.1096/fj.201903091RR,Shin NR; Bose S; Wang JH; Nam YD; Song EJ; Lim DW; Kim HB; Lim YS; Choi HS; Kim H,
32349400,https://pubmed.ncbi.nlm.nih.gov/32349400/,32349400,PMC7284360,true,,0,Siccibacter turicensis from Kangaroo Scats: Possible Implication in Cellulose Digestion.,Microorganisms,2020,10.3390/microorganisms8050635,Dhakal S; Boath JM; Van TTH; Moore RJ; Macreadie IG,
32345342,https://pubmed.ncbi.nlm.nih.gov/32345342/,32345342,PMC7187530,true,PRJEB31298,1,Influenza infection elicits an expansion of gut population of endogenous Bifidobacterium animalis which protects mice against infection.,Genome biology,2020,10.1186/s13059-020-02007-1,Zhang Q; Hu J; Feng JW; Hu XT; Wang T; Gong WX; Huang K; Guo YX; Zou Z; Lin X; Zhou R; Yuan YQ; Zhang AD; Wei H; Cao G; Liu C; Chen LL; Jin ML,
32341166,https://pubmed.ncbi.nlm.nih.gov/32341166/,32341166,PMC7229680,true,PRJNA579886,1,Honey-bee-associated prokaryotic viral communities reveal wide viral diversity and a profound metabolic coding potential.,Proceedings of the National Academy of Sciences of the United States of America,2020,10.1073/pnas.1921859117,Deboutte W; Beller L; Yinda CK; Maes P; de Graaf DC; Matthijnssens J,
32337106,https://pubmed.ncbi.nlm.nih.gov/32337106/,32337106,PMC7169968,true,PRJEB33577; PRJEB35362,2,CoproID predicts the source of coprolites and paleofeces using microbiome composition and host DNA content.,PeerJ,2020,10.7717/peerj.9001,Borry M; Cordova B; Perri A; Wibowo M; Prasad Honap T; Ko J; Yu J; Britton K; Girdland-Flink L; Power RC; Stuijts I; Salazar-García DC; Hofman C; Hagan R; Samdapawindé Kagoné T; Meda N; Carabin H; Jacobson D; Reinhard K; Lewis C; Kostic A; Jeong C; Herbig A; Hübner A; Warinner C,
32328670,https://pubmed.ncbi.nlm.nih.gov/32328670/,32328670,,false,,0,Fermentation Ability of Gut Microbiota of Wild Japanese Macaques in the Highland and Lowland Yakushima: In Vitro Fermentation Assay and Genetic Analyses.,Microbial ecology,2020,10.1007/s00248-020-01515-8,Hanya G; Tackmann J; Sawada A; Lee W; Pokharel SS; de Castro Maciel VG; Toge A; Kuroki K; Otsuka R; Mabuchi R; Liu J; Hatakeyama M; Yamasaki E; von Mering C; Shimizu-Inatsugi R; Hayakawa T; Shimizu KK; Ushida K,
32319677,https://pubmed.ncbi.nlm.nih.gov/32319677/,32319677,,false,,0,Gut microbiota regulate cognitive deficits and amyloid deposition in a model of Alzheimer's disease.,Journal of neurochemistry,2020,10.1111/jnc.15031,Li Z; Zhu H; Guo Y; Du X; Qin C,
32313421,https://pubmed.ncbi.nlm.nih.gov/32313421/,32313421,PMC7160772,true,,0,Identification of Gastrointestinal Microbiota in Hawaiian Green Turtles (Chelonia mydas).,Evolutionary bioinformatics online,2020,10.1177/1176934320914603,McDermid KJ; Kittle RP 3rd; Veillet A; Plouviez S; Muehlstein L; Balazs GH,
32305646,https://pubmed.ncbi.nlm.nih.gov/32305646/,32305646,,false,,0,Resveratrol reduces obesity in high-fat diet-fed mice via modulating the composition and metabolic function of the gut microbiota.,Free radical biology & medicine,2020,10.1016/j.freeradbiomed.2020.04.013,Wang P; Gao J; Ke W; Wang J; Li D; Liu R; Jia Y; Wang X; Chen X; Chen F; Hu X,
32303546,https://pubmed.ncbi.nlm.nih.gov/32303546/,32303546,PMC7301858,true,,0,Rapid Reconstitution of the Fecal Microbiome after Extended Diet-Induced Changes Indicates a Stable Gut Microbiome in Healthy Adult Dogs.,Applied and environmental microbiology,2020,10.1128/AEM.00562-20,Allaway D; Haydock R; Lonsdale ZN; Deusch OD; O'Flynn C; Hughes KR,
32292931,https://pubmed.ncbi.nlm.nih.gov/32292931/,32292931,PMC7142278,true,,0,Difference of gut microbiota composition based on the body condition scores in dogs.,Journal of animal science and technology,2020,10.5187/jast.2020.62.2.239,Chun JL; Ji SY; Lee SD; Lee YK; Kim B; Kim KH,
32269557,https://pubmed.ncbi.nlm.nih.gov/32269557/,32269557,PMC7109288,true,PRJEB31051,1,"Unraveling Assemblage, Functions and Stability of the Gut Microbiota of Blattella germanica by Antibiotic Treatment.",Frontiers in microbiology,2020,10.3389/fmicb.2020.00487,Domínguez-Santos R; Pérez-Cobas AE; Artacho A; Castro JA; Talón I; Moya A; García-Ferris C; Latorre A,
32266563,https://pubmed.ncbi.nlm.nih.gov/32266563/,32266563,,false,,0,Differences in the gut microbiota between Cercopithecinae and Colobinae in captivity.,"Journal of microbiology (Seoul, Korea)",2020,10.1007/s12275-020-9493-9,Huan Z; Yao Y; Yu J; Chen H; Li M; Yang C; Zhao B; Ni Q; Zhang M; Xie M; Xu H,
32265914,https://pubmed.ncbi.nlm.nih.gov/32265914/,32265914,PMC7098537,true,GSE139366; PRJEB34982,2,Postnatal Gut Immunity and Microbiota Development Is Minimally Affected by Prenatal Inflammation in Preterm Pigs.,Frontiers in immunology,2020,10.3389/fimmu.2020.00420,Pan X; Zhang D; Nguyen DN; Wei W; Yu X; Gao F; Sangild PT,
32256492,https://pubmed.ncbi.nlm.nih.gov/32256492/,32256492,PMC7092794,true,DRA008715; DRA008844,2,Interleukin-17A/F1 Deficiency Reduces Antimicrobial Gene Expression and Contributes to Microbiome Alterations in Intestines of Japanese medaka (Oryzias latipes).,Frontiers in immunology,2020,10.3389/fimmu.2020.00425,Okamura Y; Morimoto N; Ikeda D; Mizusawa N; Watabe S; Miyanishi H; Saeki Y; Takeyama H; Aoki T; Kinoshita M; Kono T; Sakai M; Hikima JI,
32245246,https://pubmed.ncbi.nlm.nih.gov/32245246/,32245246,PMC7143556,true,,0,"Marine Microalgae, Spirulina maxima-Derived Modified Pectin and Modified Pectin Nanoparticles Modulate the Gut Microbiota and Trigger Immune Responses in Mice.",Marine drugs,2020,10.3390/md18030175,Chandrarathna HPSU; Liyanage TD; Edirisinghe SL; Dananjaya SHS; Thulshan EHT; Nikapitiya C; Oh C; Kang DH; De Zoysa M,
32231141,https://pubmed.ncbi.nlm.nih.gov/32231141/,32231141,PMC7232386,true,,0,"Beyond Just Bacteria: Functional Biomes in the Gut Ecosystem Including Virome, Mycobiome, Archaeome and Helminths.",Microorganisms,2020,10.3390/microorganisms8040483,Vemuri R; Shankar EM; Chieppa M; Eri R; Kavanagh K,
32228448,https://pubmed.ncbi.nlm.nih.gov/32228448/,32228448,PMC7106814,true,PRJNA478457; SRP152866,2,The effect of antibiotics on the gut microbiome: a metagenomics analysis of microbial shift and gut antibiotic resistance in antibiotic treated mice.,BMC genomics,2020,10.1186/s12864-020-6665-2,Xu L; Surathu A; Raplee I; Chockalingam A; Stewart S; Walker L; Sacks L; Patel V; Li Z; Rouse R,
32226996,https://pubmed.ncbi.nlm.nih.gov/32226996/,32226996,,false,,0,The protective mechanism of Lactobacillus plantarum FZU3013 against non-alcoholic fatty liver associated with hyperlipidemia in mice fed a high-fat diet.,Food & function,2020,10.1039/c9fo03003d,Chen M; Guo WL; Li QY; Xu JX; Cao YJ; Liu B; Yu XD; Rao PF; Ni L; Lv XC,
32226419,https://pubmed.ncbi.nlm.nih.gov/32226419/,32226419,PMC7081077,true,CRA002194; PRJCA002018; PRJNA558670,3,Gut Microbiomes of Endangered Przewalski's Horse Populations in Short- and Long-Term Captivity: Implication for Species Reintroduction Based on the Soft-Release Strategy.,Frontiers in microbiology,2020,10.3389/fmicb.2020.00363,Tang L; Li Y; Srivathsan A; Gao Y; Li K; Hu D; Zhang D,
32210948,https://pubmed.ncbi.nlm.nih.gov/32210948/,32210948,PMC7076155,true,,0,The Effects of Temperature on Animal Gut Microbiomes.,Frontiers in microbiology,2020,10.3389/fmicb.2020.00384,Sepulveda J; Moeller AH,
32208434,https://pubmed.ncbi.nlm.nih.gov/32208434/,32208434,PMC7093000,true,PRJNA541820,1,Association of colitis with gut-microbiota dysbiosis in clathrin adapter AP-1B knockout mice.,PloS one,2020,10.1371/journal.pone.0228358,Jangid A; Fukuda S; Seki M; Horiuchi T; Suzuki Y; Taylor TD; Ohno H; Prakash T,
32204699,https://pubmed.ncbi.nlm.nih.gov/32204699/,32204699,PMC7092523,true,E-MTAB-8739,1,Type 2 diabetes induced microbiome dysbiosis is associated with therapy resistance in pancreatic adenocarcinoma.,Microbial cell factories,2020,10.1186/s12934-020-01330-3,Kesh K; Mendez R; Abdelrahman L; Banerjee S; Banerjee S,
32194513,https://pubmed.ncbi.nlm.nih.gov/32194513/,32194513,PMC7062639,true,PRJNA601807,1,The Changes in the Frog Gut Microbiome and Its Putative Oxygen-Related Phenotypes Accompanying the Development of Gastrointestinal Complexity and Dietary Shift.,Frontiers in microbiology,2020,10.3389/fmicb.2020.00162,Zhang M; Chen H; Liu L; Xu L; Wang X; Chang L; Chang Q; Lu G; Jiang J; Zhu L,
32184361,https://pubmed.ncbi.nlm.nih.gov/32184361/,32184361,PMC7380582,true,,0,The Gut Microbiota in Camellia Weevils Are Influenced by Plant Secondary Metabolites and Contribute to Saponin Degradation.,mSystems,2020,10.1128/mSystems.00692-19,Zhang S; Shu J; Xue H; Zhang W; Zhang Y; Liu Y; Fang L; Wang Y; Wang H,
32179689,https://pubmed.ncbi.nlm.nih.gov/32179689/,32179689,PMC7132132,true,,0,Honey bees harbor a diverse gut virome engaging in nested strain-level interactions with the microbiota.,Proceedings of the National Academy of Sciences of the United States of America,2020,10.1073/pnas.2000228117,Bonilla-Rosso G; Steiner T; Wichmann F; Bexkens E; Engel P,
32176728,https://pubmed.ncbi.nlm.nih.gov/32176728/,32176728,PMC7075563,true,,0,Mercury-methylating bacteria are associated with copepods: A proof-of-principle survey in the Baltic Sea.,PloS one,2020,10.1371/journal.pone.0230310,Gorokhova E; Soerensen AL; Motwani NH,
32168729,https://pubmed.ncbi.nlm.nih.gov/32168729/,32168729,PMC7146139,true,,0,α-Linolenic Acid-Rich Diet Influences Microbiota Composition and Villus Morphology of the Mouse Small Intestine.,Nutrients,2020,10.3390/nu12030732,Todorov H; Kollar B; Bayer F; Brandão I; Mann A; Mohr J; Pontarollo G; Formes H; Stauber R; Kittner JM; Endres K; Watzer B; Nockher WA; Sommer F; Gerber S; Reinhardt C,
32159537,https://pubmed.ncbi.nlm.nih.gov/32159537/,32159537,,false,,0,Aged citrus peel (chenpi) extract causes dynamic alteration of colonic microbiota in high-fat diet induced obese mice.,Food & function,2020,10.1039/c9fo02907a,Zhang M; Zhu J; Zhang X; Zhao DG; Ma YY; Li D; Ho CT; Huang Q,
32157464,https://pubmed.ncbi.nlm.nih.gov/32157464/,32157464,,false,,0,Propolis hosts a diversemicrobial community.,World journal of microbiology & biotechnology,2020,10.1007/s11274-020-02827-0,Casalone E; Cavalieri D; Daly G; Vitali F; Perito B,
32156796,https://pubmed.ncbi.nlm.nih.gov/32156796/,32156796,PMC7065514,true,,0,Metabolome-Informed Microbiome Analysis Refines Metadata Classifications and Reveals Unexpected Medication Transfer in Captive Cheetahs.,mSystems,2020,10.1128/mSystems.00635-19,Gauglitz JM; Morton JT; Tripathi A; Hansen S; Gaffney M; Carpenter C; Weldon KC; Shah R; Parampil A; Fidgett AL; Swafford AD; Knight R; Dorrestein PC,
32156316,https://pubmed.ncbi.nlm.nih.gov/32156316/,32156316,PMC7065354,true,PRJNA542015,1,Microecological Koch's postulates reveal that intestinal microbiota dysbiosis contributes to shrimp white feces syndrome.,Microbiome,2020,10.1186/s40168-020-00802-3,Huang Z; Zeng S; Xiong J; Hou D; Zhou R; Xing C; Wei D; Deng X; Yu L; Wang H; Deng Z; Weng S; Kriengkrai S; Ning D; Zhou J; He J,
32155146,https://pubmed.ncbi.nlm.nih.gov/32155146/,32155146,PMC7064181,true,PRJNA580181; SRP063701,2,Low mutational load and high mutation rate variation in gut commensal bacteria.,PLoS biology,2020,10.1371/journal.pbio.3000617,Ramiro RS; Durão P; Bank C; Gordo I,
32145354,https://pubmed.ncbi.nlm.nih.gov/32145354/,32145354,,false,,0,Long-term hexavalent chromium exposure facilitates colorectal cancer in mice associated with changes in gut microbiota composition.,Food and chemical toxicology : an international journal published for the British Industrial Biological Research Association,2020,10.1016/j.fct.2020.111237,Zhang Z; Cao H; Song N; Zhang L; Cao Y; Tai J,
32145322,https://pubmed.ncbi.nlm.nih.gov/32145322/,32145322,,false,,0,Alteration of the gut microbiome and immune factors of grass carp infected with Aeromonas veronii and screening of an antagonistic bacterial strain (Streptomyces flavotricini).,Microbial pathogenesis,2020,10.1016/j.micpath.2020.104092,Huang H; Zhou P; Chen P; Xia L; Hu S; Yi G; Lu J; Yang S; Xie J; Peng J; Ding X,
32130896,https://pubmed.ncbi.nlm.nih.gov/32130896/,32130896,PMC7059117,true,PRJEB32890,1,An Integrated Metagenome Catalog Reveals New Insights into the Murine Gut Microbiome.,Cell reports,2020,10.1016/j.celrep.2020.02.036,Lesker TR; Durairaj AC; Gálvez EJC; Lagkouvardos I; Baines JF; Clavel T; Sczyrba A; McHardy AC; Strowig T,
32123275,https://pubmed.ncbi.nlm.nih.gov/32123275/,32123275,PMC7052144,true,PRJNA475948,1,Neotropical termite microbiomes as sources of novel plant cell wall degrading enzymes.,Scientific reports,2020,10.1038/s41598-020-60850-5,Romero Victorica M; Soria MA; Batista-García RA; Ceja-Navarro JA; Vikram S; Ortiz M; Ontañon O; Ghio S; Martínez-Ávila L; Quintero García OJ; Etcheverry C; Campos E; Cowan D; Arneodo J; Talia PM,
32123204,https://pubmed.ncbi.nlm.nih.gov/32123204/,32123204,PMC7052152,true,,0,The reduction of DSS-induced colitis severity in mice exposed to cigarette smoke is linked to immune modulation and microbial shifts.,Scientific reports,2020,10.1038/s41598-020-60175-3,Lo Sasso G; Phillips BW; Sewer A; Battey JND; Kondylis A; Talikka M; Titz B; Guedj E; Peric D; Bornand D; Dulize R; Merg C; Corciulo M; Ouadi S; Yanuar R; Tung CK; Ivanov NV; Peitsch MC; Hoeng J,
32122398,https://pubmed.ncbi.nlm.nih.gov/32122398/,32122398,PMC7053137,true,PRJNA556790; PRJNA563508,2,Metagenomic analysis reveals the microbiome and resistome in migratory birds.,Microbiome,2020,10.1186/s40168-019-0781-8,Cao J; Hu Y; Liu F; Wang Y; Bi Y; Lv N; Li J; Zhu B; Gao GF,
32117147,https://pubmed.ncbi.nlm.nih.gov/32117147/,32117147,PMC7018712,true,PRJNA560474; PRJNA560663,2,Gut Microbiota Plasticity Influences the Adaptability of Wild and Domestic Animals in Co-inhabited Areas.,Frontiers in microbiology,2020,10.3389/fmicb.2020.00125,Qin W; Song P; Lin G; Huang Y; Wang L; Zhou X; Li S; Zhang T,
34435164,https://pubmed.ncbi.nlm.nih.gov/34435164/,34435164,PMC8336012,true,,0,Gut microbiome composition and diversity are related to human personality traits.,Human microbiome journal,2020,10.1016/j.humic.2019.100069,Johnson KV,
32099013,https://pubmed.ncbi.nlm.nih.gov/32099013/,32099013,PMC7042355,true,PRJNA533250,1,Tendentious effects of automated and manual metagenomic DNA purification protocols on broiler gut microbiome taxonomic profiling.,Scientific reports,2020,10.1038/s41598-020-60304-y,Fidler G; Tolnai E; Stagel A; Remenyik J; Stundl L; Gal F; Biro S; Paholcsek M,
32097599,https://pubmed.ncbi.nlm.nih.gov/32097599/,32097599,PMC7058939,true,,0,Functional traits of the gut microbiome correlated with host lipid content in a natural population of Drosophila melanogaster.,Biology letters,2020,10.1098/rsbl.2019.0803,Kang D; Douglas AE,
32095380,https://pubmed.ncbi.nlm.nih.gov/32095380/,32095380,PMC7024585,true,PRJNA560329,1,Phylogenomic analysis of 589 metagenome-assembled genomes encompassing all major prokaryotic lineages from the gut of higher termites.,PeerJ,2020,10.7717/peerj.8614,Hervé V; Liu P; Dietrich C; Sillam-Dussès D; Stiblik P; Šobotník J; Brune A,
32093782,https://pubmed.ncbi.nlm.nih.gov/32093782/,32093782,PMC7038597,true,SRP126130,1,16S rRNA sequence data of Bombyx mori gut bacteriome after spermidine supplementation.,BMC research notes,2020,10.1186/s13104-020-04958-x,Rajan R; Chunduri AR; Lima A; Mamillapalli A,
32093685,https://pubmed.ncbi.nlm.nih.gov/32093685/,32093685,PMC7041278,true,PRJNA524796,1,A diet based on cured acorn-fed ham with oleic acid content promotes anti-inflammatory gut microbiota and prevents ulcerative colitis in an animal model.,Lipids in health and disease,2020,10.1186/s12944-020-01205-x,Fernández J; de la Fuente VG; García MTF; Sánchez JG; Redondo BI; Villar CJ; Lombó F,
32075341,https://pubmed.ncbi.nlm.nih.gov/32075341/,32075341,PMC7074823,true,DRA009468,1,Comparative Analysis of Fecal Microbiota in Grasscutter (Thryonomys swinderianus) and Other Herbivorous Livestock in Ghana.,Microorganisms,2020,10.3390/microorganisms8020265,Kawasaki K; Ohya K; Omatsu T; Katayama Y; Takashima Y; Kinoshita T; Odoi JO; Sawai K; Fukushi H; Ogawa H; Inoue-Murayama M; Mizutani T; Adenyo C; Matsumoto Y; Kayang B,
32050327,https://pubmed.ncbi.nlm.nih.gov/32050327/,32050327,,false,,0,Zearalenone-induced aberration in the composition of the gut microbiome and function impacts the ovary reserve.,Chemosphere,2020,10.1016/j.chemosphere.2019.125493,Tan S; Ge W; Wang J; Liu W; Zhao Y; Shen W; Li L,
32043695,https://pubmed.ncbi.nlm.nih.gov/32043695/,32043695,,false,,0,"Metagenomic comparison of structure and function of microbial community between water, effluent and shrimp intestine of higher place Litopenaeus vannamei ponds.",Journal of applied microbiology,2020,10.1111/jam.14610,He Z; Pan L; Zhang M; Zhang M; Huang F; Gao S,
32041654,https://pubmed.ncbi.nlm.nih.gov/32041654/,32041654,PMC7011381,true,,0,Community recovery dynamics in yellow perch microbiome after gradual and constant metallic perturbations.,Microbiome,2020,10.1186/s40168-020-0789-0,Cheaib B; Seghouani H; Ijaz UZ; Derome N,
32038587,https://pubmed.ncbi.nlm.nih.gov/32038587/,32038587,PMC6985557,true,PRJNA380002,1,Gut Microbiota of Wild and Captive Alpine Musk Deer (Moschus chrysogaster).,Frontiers in microbiology,2019,10.3389/fmicb.2019.03156,Sun Y; Sun Y; Shi Z; Liu Z; Zhao C; Lu T; Gao H; Zhu F; Chen R; Zhang J; Pan R; Li B; Teng L; Guo S,
32031212,https://pubmed.ncbi.nlm.nih.gov/32031212/,32031212,,false,,0,Integration of culture-dependent and independent methods provides a more coherent picture of the pig gut microbiome.,FEMS microbiology ecology,2020,10.1093/femsec/fiaa022,Fenske GJ; Ghimire S; Antony L; Christopher-Hennings J; Scaria J,
32015497,https://pubmed.ncbi.nlm.nih.gov/32015497/,32015497,,false,,0,The microbiota programs DNA methylation to control intestinal homeostasis and inflammation.,Nature microbiology,2020,10.1038/s41564-019-0659-3,Ansari I; Raddatz G; Gutekunst J; Ridnik M; Cohen D; Abu-Remaileh M; Tuganbaev T; Shapiro H; Pikarsky E; Elinav E; Lyko F; Bergman Y,
32014483,https://pubmed.ncbi.nlm.nih.gov/32014483/,32014483,,false,,0,Intestinal microbes derived butyrate is related to the immunomodulatory activities of Dendrobium officinale polysaccharide.,International journal of biological macromolecules,2020,10.1016/j.ijbiomac.2020.01.305,Li M; Yue H; Wang Y; Guo C; Du Z; Jin C; Ding K,
32007775,https://pubmed.ncbi.nlm.nih.gov/32007775/,32007775,,false,,0,The physiological and toxicological effects of antibiotics on an interspecies insect model.,Chemosphere,2020,10.1016/j.chemosphere.2020.126019,Li G; Xia X; Zhao S; Shi M; Liu F; Zhu Y,
32005736,https://pubmed.ncbi.nlm.nih.gov/32005736/,32005736,PMC7082561,true,,0,Deciphering the Bifidobacterial Populations within the Canine and Feline Gut Microbiota.,Applied and environmental microbiology,2020,10.1128/AEM.02875-19,Alessandri G; Milani C; Mancabelli L; Longhi G; Anzalone R; Lugli GA; Duranti S; Turroni F; Ossiprandi MC; van Sinderen D; Ventura M,
31998265,https://pubmed.ncbi.nlm.nih.gov/31998265/,31998265,PMC6965317,true,PRJNA497967,1,Genomic Characterization of a Novel Gut Symbiont From the Hadal Snailfish.,Frontiers in microbiology,2019,10.3389/fmicb.2019.02978,Lian CA; Yan GY; Huang JM; Danchin A; Wang Y; He LS,
31988303,https://pubmed.ncbi.nlm.nih.gov/31988303/,31988303,PMC6985225,true,,0,Fenugreek Counters the Effects of High Fat Diet on Gut Microbiota in Mice: Links to Metabolic Benefit.,Scientific reports,2020,10.1038/s41598-020-58005-7,Bruce-Keller AJ; Richard AJ; Fernandez-Kim SO; Ribnicky DM; Salbaum JM; Newman S; Carmouche R; Stephens JM,
31979034,https://pubmed.ncbi.nlm.nih.gov/31979034/,31979034,PMC7074739,true,SRP093227,1,"SYN-007, an Orally Administered Beta-Lactamase Enzyme, Protects the Gut Microbiome from Oral Amoxicillin/Clavulanate without Adversely Affecting Antibiotic Systemic Absorption in Dogs.",Microorganisms,2020,10.3390/microorganisms8020152,Connelly S; Fanelli B; Hasan NA; Colwell RR; Kaleko M,
31978162,https://pubmed.ncbi.nlm.nih.gov/31978162/,31978162,PMC6980644,true,PRJEB33889,1,Functional dynamics of bacterial species in the mouse gut microbiome revealed by metagenomic and metatranscriptomic analyses.,PloS one,2020,10.1371/journal.pone.0227886,Chung YW; Gwak HJ; Moon S; Rho M; Ryu JH,
31965894,https://pubmed.ncbi.nlm.nih.gov/31965894/,31965894,PMC7524267,true,,0,Lactobacillus and Pediococcus ameliorate progression of non-alcoholic fatty liver disease through modulation of the gut microbiome.,Gut microbes,2020,10.1080/19490976.2020.1712984,Lee NY; Yoon SJ; Han DH; Gupta H; Youn GS; Shin MJ; Ham YL; Kwak MJ; Kim BY; Yu JS; Lee DY; Park TS; Park SH; Kim BK; Joung HC; Choi IS; Hong JT; Kim DJ; Han SH; Suk KT,
31964767,https://pubmed.ncbi.nlm.nih.gov/31964767/,31964767,PMC6977071,true,PRJEB1786; PRJEB4336; PRJEB5224,3,MICOM: Metagenome-Scale Modeling To Infer Metabolic Interactions in the Gut Microbiota.,mSystems,2020,10.1128/mSystems.00606-19,Diener C; Gibbons SM; Resendis-Antonio O,
31953333,https://pubmed.ncbi.nlm.nih.gov/31953333/,31953333,PMC7054092,true,PRJEB31095,1,Metagenomic Shotgun Analyses Reveal Complex Patterns of Intra- and Interspecific Variation in the Intestinal Microbiomes of Codfishes.,Applied and environmental microbiology,2020,10.1128/AEM.02788-19,Riiser ES; Haverkamp THA; Varadharajan S; Borgan Ø; Jakobsen KS; Jentoft S; Star B,
31928131,https://pubmed.ncbi.nlm.nih.gov/31928131/,31928131,PMC7524395,true,PRJNA544874,1,Continuous pre- and post-transplant exposure to a disease-associated gut microbiome promotes hyper-acute graft-versus-host disease in wild-type mice.,Gut microbes,2020,10.1080/19490976.2019.1705729,Bowerman KL; Varelias A; Lachner N; Kuns RD; Hill GR; Hugenholtz P,
31925997,https://pubmed.ncbi.nlm.nih.gov/31925997/,31925997,PMC7066472,true,,0,Dietary effect of low fish meal aquafeed on gut microbiota in olive flounder (Paralichthys olivaceus) at different growth stages.,MicrobiologyOpen,2020,10.1002/mbo3.992,Niu KM; Lee BJ; Kothari D; Lee WD; Hur SW; Lim SG; Kim KW; Kim KD; Kim NN; Kim SK,
31924621,https://pubmed.ncbi.nlm.nih.gov/31924621/,31924621,PMC7054096,true,,0,Metagenomics as a Public Health Risk Assessment Tool in a Study of Natural Creek Sediments Influenced by Agricultural and Livestock Runoff: Potential and Limitations.,Applied and environmental microbiology,2020,10.1128/AEM.02525-19,Suttner B; Johnston ER; Orellana LH; Rodriguez-R LM; Hatt JK; Carychao D; Carter MQ; Cooley MB; Konstantinidis KT,
31924109,https://pubmed.ncbi.nlm.nih.gov/31924109/,31924109,PMC7524289,true,,0,Temporal and region-specific effects of sleep fragmentation on gut microbiota and intestinal morphology in Sprague Dawley rats.,Gut microbes,2020,10.1080/19490976.2019.1701352,Triplett J; Ellis D; Braddock A; Roberts E; Ingram K; Perez E; Short A; Brown D; Hutzley V; Webb C; Soto A; Chan V,
31919742,https://pubmed.ncbi.nlm.nih.gov/31919742/,31919742,PMC7093410,true,,0,"Washed microbiota transplantation vs. manual fecal microbiota transplantation: clinical findings, animal studies and in vitro screening.",Protein & cell,2020,10.1007/s13238-019-00684-8,Zhang T; Lu G; Zhao Z; Liu Y; Shen Q; Li P; Chen Y; Yin H; Wang H; Marcella C; Cui B; Cheng L; Ji G; Zhang F,
31911589,https://pubmed.ncbi.nlm.nih.gov/31911589/,31911589,PMC6946648,true,PRJDB4202; PRJEB11650; PRJNA388263; PRJNA393083; PRJNA400789; PRJNA417284; PRJNA418420; PRJNA453406; PRJNA474117; PRJNA486904; PRJNA508548,11,The Mouse Gut Microbial Biobank expands the coverage of cultured bacteria.,Nature communications,2020,10.1038/s41467-019-13836-5,Liu C; Zhou N; Du MX; Sun YT; Wang K; Wang YJ; Li DH; Yu HY; Song Y; Bai BB; Xin Y; Wu L; Jiang CY; Feng J; Xiang H; Zhou Y; Ma J; Wang J; Liu HW; Liu SJ,
31896132,https://pubmed.ncbi.nlm.nih.gov/31896132/,31896132,PMC6940142,true,,0,"Effects of dietary supplementation with a microalga (Schizochytrium sp.) on the hemato-immunological, and intestinal histological parameters and gut microbiota of Nile tilapia in net cages.",PloS one,2020,10.1371/journal.pone.0226977,Souza FP; Lima ECS; Urrea-Rojas AM; Suphoronski SA; Facimoto CT; Bezerra Júnior JDS; Oliveira TES; Pereira UP; Santis GWD; Oliveira CAL; Lopera-Barrero NM,
31894392,https://pubmed.ncbi.nlm.nih.gov/31894392/,31894392,,false,,0,"Composition and functional diversity of fecal bacterial community of wild boar, commercial pig and domestic native pig as revealed by 16S rRNA gene sequencing.",Archives of microbiology,2020,10.1007/s00203-019-01787-w,Huang J; Zhang W; Fan R; Liu Z; Huang T; Li J; Du T; Xiong T,
31889105,https://pubmed.ncbi.nlm.nih.gov/31889105/,31889105,PMC6937275,true,,0,Butyrate attenuated fat gain through gut microbiota modulation in db/db mice following dapagliflozin treatment.,Scientific reports,2019,10.1038/s41598-019-56684-5,Oh TJ; Sul WJ; Oh HN; Lee YK; Lim HL; Choi SH; Park KS; Jang HC,
31884727,https://pubmed.ncbi.nlm.nih.gov/31884727/,31884727,PMC7066458,true,,0,Microbiota changes in a pediatric acute lymphocytic leukemia mouse model.,MicrobiologyOpen,2020,10.1002/mbo3.982,Song Y; Gyarmati P,
31870316,https://pubmed.ncbi.nlm.nih.gov/31870316/,31870316,PMC6929517,true,,0,Tephritid-microbial interactions to enhance fruit fly performance in sterile insect technique programs.,BMC microbiology,2019,10.1186/s12866-019-1650-0,Deutscher AT; Chapman TA; Shuttleworth LA; Riegler M; Reynolds OL,
31870295,https://pubmed.ncbi.nlm.nih.gov/31870295/,31870295,PMC6929459,true,,0,Bacterial communities in the gut of wild and mass-reared Zeugodacus cucurbitae and Bactrocera dorsalis revealed by metagenomic sequencing.,BMC microbiology,2019,10.1186/s12866-019-1647-8,Hadapad AB; Shettigar SKG; Hire RS,
31848308,https://pubmed.ncbi.nlm.nih.gov/31848308/,31848308,PMC6918024,true,PRJEB31742,1,Characterization of the Pig Gut Microbiome and Antibiotic Resistome in Industrialized Feedlots in China.,mSystems,2019,10.1128/mSystems.00206-19,Wang C; Li P; Yan Q; Chen L; Li T; Zhang W; Li H; Chen C; Han X; Zhang S; Xu M; Li B; Zhang X; Ni H; Ma Y; Dong B; Li S; Liu S,
31837260,https://pubmed.ncbi.nlm.nih.gov/31837260/,31837260,PMC6949106,true,SRP218284; SRP218382,2,Age-related changes in microbial composition and function in cynomolgus macaques.,Aging,2019,10.18632/aging.102541,Duan J; Yin B; Li W; Chai T; Liang W; Huang Y; Tan X; Zheng P; Wu J; Li Y; Li Y; Zhou W; Xie P,
31837163,https://pubmed.ncbi.nlm.nih.gov/31837163/,31837163,,false,,0,Potential correlation between carbohydrate-active enzyme family 48 expressed by gut microbiota and the expression of intestinal epithelial AMP-activated protein kinase β.,Journal of food biochemistry,2020,10.1111/jfbc.13123,Li Q; Zhang M; Wu T; Liu R,
31835231,https://pubmed.ncbi.nlm.nih.gov/31835231/,31835231,,false,,0,Understanding the nutritional functions of thermally-processed whole grain highland barley in vitro and in vivo.,Food chemistry,2020,10.1016/j.foodchem.2019.125979,Zheng B; Zhong S; Tang Y; Chen L,
31830598,https://pubmed.ncbi.nlm.nih.gov/31830598/,31830598,,false,,0,An Akkermansia muciniphila subtype alleviates high-fat diet-induced metabolic disorders and inhibits the neurodegenerative process in mice.,Anaerobe,2020,10.1016/j.anaerobe.2019.102138,Wu F; Guo X; Zhang M; Ou Z; Wu D; Deng L; Lu Z; Zhang J; Deng G; Chen S; Li S; Yi J; Peng Y,
31830158,https://pubmed.ncbi.nlm.nih.gov/31830158/,31830158,,false,,0,Metagenomic analysis of gut microbiota modulatory effects of jujube (Ziziphus jujuba Mill.) polysaccharides in a colorectal cancer mouse model.,Food & function,2020,10.1039/c9fo02171j,Ji X; Hou C; Gao Y; Xue Y; Yan Y; Guo X,
31825977,https://pubmed.ncbi.nlm.nih.gov/31825977/,31825977,PMC6905524,true,PRJNA297579,1,California condor microbiomes: Bacterial variety and functional properties in captive-bred individuals.,PloS one,2019,10.1371/journal.pone.0225858,Jacobs L; McMahon BH; Berendzen J; Longmire J; Gleasner C; Hengartner NW; Vuyisich M; Cohn JR; Jenkins M; Bartlow AW; Fair JM,
31825967,https://pubmed.ncbi.nlm.nih.gov/31825967/,31825967,PMC6905572,true,,0,Effects of treatment with enrofloxacin or tulathromycin on fecal microbiota composition and genetic function of dairy calves.,PloS one,2019,10.1371/journal.pone.0219635,Foditsch C; Pereira RVV; Siler JD; Altier C; Warnick LD,
31822775,https://pubmed.ncbi.nlm.nih.gov/31822775/,31822775,PMC6904617,true,PRJEB27835,1,Gut Dysbiosis with Minimal Enteritis Induced by High Temperature and Humidity.,Scientific reports,2019,10.1038/s41598-019-55337-x,Chen S; Zheng Y; Zhou Y; Guo W; Tang Q; Rong G; Hu W; Tang J; Luo H,
31821372,https://pubmed.ncbi.nlm.nih.gov/31821372/,31821372,PMC6903733,true,PRJNA546499,1,Hermetia illucens in diets for zebrafish (Danio rerio): A study of bacterial diversity by using PCR-DGGE and metagenomic sequencing.,PloS one,2019,10.1371/journal.pone.0225956,Osimani A; Milanović V; Roncolini A; Riolo P; Ruschioni S; Isidoro N; Loreto N; Franciosi E; Tuohy K; Olivotto I; Zarantoniello M; Cardinali F; Garofalo C; Aquilanti L; Clementi F,
31818246,https://pubmed.ncbi.nlm.nih.gov/31818246/,31818246,PMC6902462,true,,0,Transcriptome and microbiome of coconut rhinoceros beetle (Oryctes rhinoceros) larvae.,BMC genomics,2019,10.1186/s12864-019-6352-3,Shelomi M; Lin SS; Liu LY,
31785113,https://pubmed.ncbi.nlm.nih.gov/31785113/,31785113,,false,,0,Comparison of extraction methods for recovering ancient microbial DNA from paleofeces.,American journal of physical anthropology,2020,10.1002/ajpa.23978,Hagan RW; Hofman CA; Hübner A; Reinhard K; Schnorr S; Lewis CM Jr; Sankaranarayanan K; Warinner CG,
31776248,https://pubmed.ncbi.nlm.nih.gov/31776248/,31776248,PMC6926048,true,,0,Division of labor in honey bee gut microbiota for plant polysaccharide digestion.,Proceedings of the National Academy of Sciences of the United States of America,2019,10.1073/pnas.1916224116,Zheng H; Perreau J; Powell JE; Han B; Zhang Z; Kwong WK; Tringe SG; Moran NA,
31773170,https://pubmed.ncbi.nlm.nih.gov/31773170/,31773170,PMC7346895,true,,0,Prescription Opioids induce Gut Dysbiosis and Exacerbate Colitis in a Murine Model of Inflammatory Bowel Disease.,Journal of Crohn's & colitis,2020,10.1093/ecco-jcc/jjz188,Sharma U; Olson RK; Erhart FN; Zhang L; Meng J; Segura B; Banerjee S; Sharma M; Saluja AK; Ramakrishnan S; Abreu MT; Roy S,
31759944,https://pubmed.ncbi.nlm.nih.gov/31759944/,31759944,,false,,0,"Infection with a small intestinal helminth, Heligmosomoides polygyrus bakeri, consistently alters microbial communities throughout the murine small and large intestine.",International journal for parasitology,2020,10.1016/j.ijpara.2019.09.005,Rapin A; Chuat A; Lebon L; Zaiss MM; Marsland BJ; Harris NL,
31758238,https://pubmed.ncbi.nlm.nih.gov/31758238/,31758238,,false,,0,Scutellariae radix and coptidis rhizoma ameliorate glycolipid metabolism of type 2 diabetic rats by modulating gut microbiota and its metabolites.,Applied microbiology and biotechnology,2020,10.1007/s00253-019-10174-w,Xiao S; Liu C; Chen M; Zou J; Zhang Z; Cui X; Jiang S; Shang E; Qian D; Duan J,
31757632,https://pubmed.ncbi.nlm.nih.gov/31757632/,31757632,,false,,0,Shen-Ling-Bai-Zhu-San alleviates functional dyspepsia in rats and modulates the composition of the gut microbiota.,"Nutrition research (New York, N.Y.)",2019,10.1016/j.nutres.2019.10.001,Zhang S; Lin L; Liu W; Zou B; Cai Y; Liu D; Xiao D; Chen J; Li P; Zhong Y; Liao Q; Xie Z,
31750036,https://pubmed.ncbi.nlm.nih.gov/31750036/,31750036,PMC6834809,true,,0,Analysis of high-throughput sequencing for cecal microbiota diversity and function in hens under different rearing systems.,3 Biotech,2019,10.1007/s13205-019-1970-7,Shi S; Qi Z; Gu B; Cheng B; Tu J; Song X; Shao Y; Liu H; Qi K; Li S,
31736931,https://pubmed.ncbi.nlm.nih.gov/31736931/,31736931,PMC6834695,true,PRJNA554554,1,"Sex, Age, and Bacteria: How the Intestinal Microbiota Is Modulated in a Protandrous Hermaphrodite Fish.",Frontiers in microbiology,2019,10.3389/fmicb.2019.02512,Piazzon MC; Naya-Català F; Simó-Mirabet P; Picard-Sánchez A; Roig FJ; Calduch-Giner JA; Sitjà-Bobadilla A; Pérez-Sánchez J,
31736262,https://pubmed.ncbi.nlm.nih.gov/31736262/,31736262,PMC7002121,true,,0,Effect of Streptomyces probiotics on the gut microbiota of Litopenaeus vannamei challenged with Vibrio parahaemolyticus.,MicrobiologyOpen,2020,10.1002/mbo3.967,Mazón-Suástegui JM; Salas-Leiva JS; Medina-Marrero R; Medina-García R; García-Bernal M,
31733968,https://pubmed.ncbi.nlm.nih.gov/31733968/,31733968,,false,,0,"Changes in the gut microbiome and enzymatic profile of Tenebrio molitor larvae biodegrading cellulose, polyethylene and polystyrene waste.","Environmental pollution (Barking, Essex : 1987)",2020,10.1016/j.envpol.2019.113265,Przemieniecki SW; Kosewska A; Ciesielski S; Kosewska O,
31726738,https://pubmed.ncbi.nlm.nih.gov/31726738/,31726738,PMC6891465,true,,0,Indigo Naturalis Ameliorates Dextran Sulfate Sodium-Induced Colitis in Mice by Modulating the Intestinal Microbiota Community.,"Molecules (Basel, Switzerland)",2019,10.3390/molecules24224086,Liang YN; Yu JG; Zhang DB; Zhang Z; Ren LL; Li LH; Wang Z; Tang ZS,
31723038,https://pubmed.ncbi.nlm.nih.gov/31723038/,31723038,,false,,0,Neurogenesis and prolongevity signaling in young germ-free mice transplanted with the gut microbiota of old mice.,Science translational medicine,2019,10.1126/scitranslmed.aau4760,Kundu P; Lee HU; Garcia-Perez I; Tay EXY; Kim H; Faylon LE; Martin KA; Purbojati R; Drautz-Moses DI; Ghosh S; Nicholson JK; Schuster S; Holmes E; Pettersson S,
31708889,https://pubmed.ncbi.nlm.nih.gov/31708889/,31708889,PMC6824212,true,PRJNA539906,1,Metagenomics Reveals Seasonal Functional Adaptation of the Gut Microbiome to Host Feeding and Fasting in the Chinese Alligator.,Frontiers in microbiology,2019,10.3389/fmicb.2019.02409,Tang KY; Wang ZW; Wan QH; Fang SG,
31707781,https://pubmed.ncbi.nlm.nih.gov/31707781/,31707781,,false,,0,Potential Correlation between Dietary Fiber-Suppressed Microbial Conversion of Choline to Trimethylamine and Formation of Methylglyoxal.,Journal of agricultural and food chemistry,2019,10.1021/acs.jafc.9b04860,Li Q; Chen H; Zhang M; Wu T; Liu R; Zhang Z,
31707285,https://pubmed.ncbi.nlm.nih.gov/31707285/,31707285,,false,,0,Resveratrol treatment improves the altered metabolism and related dysbiosis of gut programed by prenatal high-fat diet and postnatal high-fat diet exposure.,The Journal of nutritional biochemistry,2020,10.1016/j.jnutbio.2019.108260,Huang YC; Huang LT; Sheen JM; Hou CY; Yeh YT; Chiang CP; Lin IC; Tiao MM; Tsai CC; Lin YJ; Chen CC; Tain YL; Yu HR,
31705042,https://pubmed.ncbi.nlm.nih.gov/31705042/,31705042,PMC6841923,true,,0,Species-wide Metabolic Interaction Network for Understanding Natural Lignocellulose Digestion in Termite Gut Microbiota.,Scientific reports,2019,10.1038/s41598-019-52843-w,Kundu P; Manna B; Majumder S; Ghosh A,
31698863,https://pubmed.ncbi.nlm.nih.gov/31698863/,31698863,PMC6920958,true,PRJNA574033; PRJNA574035,2,Uncovering Bifidobacteria via Targeted Sequencing of the Mammalian Gut Microbiota.,Microorganisms,2019,10.3390/microorganisms7110535,Lugli GA; Duranti S; Milani C; Mancabelli L; Turroni F; Sinderen DV; Ventura M,
31697678,https://pubmed.ncbi.nlm.nih.gov/31697678/,31697678,PMC6863569,true,PRJNA564888,1,Boosting natural history research via metagenomic clean-up of crowdsourced feces.,PLoS biology,2019,10.1371/journal.pbio.3000517,Srivathsan A; Nagarajan N; Meier R,
31682032,https://pubmed.ncbi.nlm.nih.gov/31682032/,31682032,,false,,0,Vancomycin-induced gut dysbiosis during Pseudomonas aeruginosa pulmonary infection in a mice model.,Journal of leukocyte biology,2020,10.1002/JLB.4AB0919-432R,Rosa CP; Pereira JA; Cristina de Melo Santos N; Brancaglion GA; Silva EN; Tagliati CA; Novaes RD; Corsetti PP; de Almeida LA,
31666597,https://pubmed.ncbi.nlm.nih.gov/31666597/,31666597,PMC6821799,true,,0,Metabolic and gut microbiome changes following GLP-1 or dual GLP-1/GLP-2 receptor agonist treatment in diet-induced obese mice.,Scientific reports,2019,10.1038/s41598-019-52103-x,Madsen MSA; Holm JB; Pallejà A; Wismann P; Fabricius K; Rigbolt K; Mikkelsen M; Sommer M; Jelsing J; Nielsen HB; Vrang N; Hansen HH,
31652812,https://pubmed.ncbi.nlm.nih.gov/31652812/,31652812,PMC6920994,true,,0,Introducing Murine Microbiome Database (MMDB): A Curated Database with Taxonomic Profiling of the Healthy Mouse Gastrointestinal Microbiome.,Microorganisms,2019,10.3390/microorganisms7110480,Yang J; Park J; Park S; Baek I; Chun J,
33499940,https://pubmed.ncbi.nlm.nih.gov/33499940/,33499940,PMC7807685,true,PRJNA509211,1,Ecological specificity of the metagenome in a set of lower termite species supports contribution of the microbiome to adaptation of the host.,Animal microbiome,2019,10.1186/s42523-019-0014-2,Waidele L; Korb J; Voolstra CR; Dedeine F; Staubach F,
31641523,https://pubmed.ncbi.nlm.nih.gov/31641523/,31641523,PMC6777410,true,,0,"Effects of metformin, acarbose, and sitagliptin monotherapy on gut microbiota in Zucker diabetic fatty rats.",BMJ open diabetes research & care,2019,10.1136/bmjdrc-2019-000717,Zhang M; Feng R; Yang M; Qian C; Wang Z; Liu W; Ma J,
31635158,https://pubmed.ncbi.nlm.nih.gov/31635158/,31635158,PMC6826394,true,PRJNA356809; PRJNA358755,2,Comparative Study of Gut Microbiota in Wild and Captive Giant Pandas (Ailuropoda melanoleuca).,Genes,2019,10.3390/genes10100827,Guo W; Mishra S; Wang C; Zhang H; Ning R; Kong F; Zeng B; Zhao J; Li Y,
31619307,https://pubmed.ncbi.nlm.nih.gov/31619307/,31619307,,false,,0,Faecal microbiome sequences in relation to the egg-laying performance of hens using amplicon-based metagenomic association analysis.,Animal : an international journal of animal bioscience,2020,10.1017/S1751731119002428,Elokil AA; Magdy M; Melak S; Ishfaq H; Bhuiyan A; Cui L; Jamil M; Zhao S; Li S,
31602443,https://pubmed.ncbi.nlm.nih.gov/31602443/,31602443,,false,,0,Altered short chain fatty acid profiles induced by dietary fiber intervention regulate AMPK levels and intestinal homeostasis.,Food & function,2019,10.1039/c9fo01465a,Li Q; Chen H; Zhang M; Wu T; Liu R,
31601060,https://pubmed.ncbi.nlm.nih.gov/31601060/,31601060,,false,,0,Impact of Breed on the Fecal Microbiome of Dogs under the Same Dietary Condition.,Journal of microbiology and biotechnology,2019,10.4014/jmb.1906.06048,Reddy KE; Kim HR; Jeong JY; So KM; Lee S; Ji SY; Kim M; Lee HJ; Lee S; Kim KH; Kim M,
31576623,https://pubmed.ncbi.nlm.nih.gov/31576623/,31576623,,false,,0,The interaction between microbiome and pig efficiency: A review.,Journal of animal breeding and genetics = Zeitschrift fur Tierzuchtung und Zuchtungsbiologie,2020,10.1111/jbg.12443,Maltecca C; Bergamaschi M; Tiezzi F,
31564708,https://pubmed.ncbi.nlm.nih.gov/31564708/,31564708,,false,,0,Changes in Gut Microbiome Structure and Function of Rats with Isoproterenol-Induced Heart Failure.,International heart journal,2019,10.1536/ihj.18-194,Zheng A; Yi H; Li F; Han L; Yu J; Cheng X; Su H; Hong K; Li J,
31562300,https://pubmed.ncbi.nlm.nih.gov/31562300/,31562300,PMC6765000,true,PRJNA438833,1,The fecal resistome of dairy cattle is associated with diet during nursing.,Nature communications,2019,10.1038/s41467-019-12111-x,Liu J; Taft DH; Maldonado-Gomez MX; Johnson D; Treiber ML; Lemay DG; DePeters EJ; Mills DA,
31560340,https://pubmed.ncbi.nlm.nih.gov/31560340/,31560340,,false,,0,"Entomomonas moraniae gen. nov., sp. nov., a member of the family Pseudomonadaceae isolated from Asian honey bee gut, possesses a highly reduced genome.",International journal of systematic and evolutionary microbiology,2020,10.1099/ijsem.0.003731,Wang J; Su Q; Zhang X; Li C; Luo S; Zhou X; Zheng H,
31552140,https://pubmed.ncbi.nlm.nih.gov/31552140/,31552140,PMC6754422,true,PRJNA503784,1,Host transcriptome and microbiome interaction modulates physiology of full-sibs broilers with divergent feed conversion ratio.,NPJ biofilms and microbiomes,2019,10.1038/s41522-019-0096-3,Shah TM; Patel JG; Gohil TP; Blake DP; Joshi CG,
31545802,https://pubmed.ncbi.nlm.nih.gov/31545802/,31545802,PMC6756520,true,,0,Effects from diet-induced gut microbiota dysbiosis and obesity can be ameliorated by fecal microbiota transplantation: A multiomics approach.,PloS one,2019,10.1371/journal.pone.0218143,Guirro M; Costa A; Gual-Grau A; Herrero P; Torrell H; Canela N; Arola L,
31541154,https://pubmed.ncbi.nlm.nih.gov/31541154/,31541154,PMC6754456,true,,0,A processive endoglucanase with multi-substrate specificity is characterized from porcine gut microbiota.,Scientific reports,2019,10.1038/s41598-019-50050-1,Wang W; Archbold T; Lam JS; Kimber MS; Fan MZ,
31541115,https://pubmed.ncbi.nlm.nih.gov/31541115/,31541115,PMC6754371,true,PRJEB29448; PRJEB29449; PRJEB29749,3,Understanding pseudo-albinism in sole (Solea senegalensis): a transcriptomics and metagenomics approach.,Scientific reports,2019,10.1038/s41598-019-49501-6,Pinto PIS; Guerreiro CC; Costa RA; Martinez-Blanch JF; Carballo C; Codoñer FM; Manchado M; Power DM,
31531910,https://pubmed.ncbi.nlm.nih.gov/31531910/,31531910,PMC6972985,true,,0,Prediction of nutrient digestibility in grower-finisher pigs based on faecal microbiota composition.,Journal of animal breeding and genetics = Zeitschrift fur Tierzuchtung und Zuchtungsbiologie,2020,10.1111/jbg.12433,Verschuren LMG; Schokker D; Bergsma R; Jansman AJM; Molist F; Calus MPL,
31528670,https://pubmed.ncbi.nlm.nih.gov/31528670/,31528670,PMC6742851,true,PRJNA291441; PRJNA326427,2,High-throughput amplicon sequencing datasets of the metacommunity DNA of the gut microbiota of naturally occurring and laboratory aquaculture green sea urchins Lytechinus variegatus.,Data in brief,2019,10.1016/j.dib.2019.104405,Hakim JA; Morrow CD; Watts SA; Bej AK,
31523007,https://pubmed.ncbi.nlm.nih.gov/31523007/,31523007,PMC6948150,true,PRJNA504846; PRJNA515074; PRJNA549182,3,Microbial Metabolism Modulates Antibiotic Susceptibility within the Murine Gut Microbiome.,Cell metabolism,2019,10.1016/j.cmet.2019.08.020,Cabral DJ; Penumutchu S; Reinhart EM; Zhang C; Korry BJ; Wurster JI; Nilson R; Guang A; Sano WH; Rowan-Nash AD; Li H; Belenky P,
31489883,https://pubmed.ncbi.nlm.nih.gov/31489883/,31489883,PMC6769816,true,CNP0000345,1,A Comparative Metagenomics Study on Gastrointestinal Microbiota in Amphibious Mudskippers and Other Vertebrate Animals.,Animals : an open access journal from MDPI,2019,10.3390/ani9090660,Yi Y; Liang L; Wang Z; Ai P; You X; Bian C; Shi Q; Dong B,
31481973,https://pubmed.ncbi.nlm.nih.gov/31481973/,31481973,PMC6710406,true,PRJNA542645,1,MetaTOR: A Computational Pipeline to Recover High-Quality Metagenomic Bins From Mammalian Gut Proximity-Ligation (meta3C) Libraries.,Frontiers in genetics,2019,10.3389/fgene.2019.00753,Baudry L; Foutel-Rodier T; Thierry A; Koszul R; Marbouty M,
31475121,https://pubmed.ncbi.nlm.nih.gov/31475121/,31475121,PMC6702836,true,DRA000590,1,Sex-Specific Linkages Between Taxonomic and Functional Profiles of Tick Gut Microbiomes.,Frontiers in cellular and infection microbiology,2019,10.3389/fcimb.2019.00298,Obregón D; Bard E; Abrial D; Estrada-Peña A; Cabezas-Cruz A,
31473511,https://pubmed.ncbi.nlm.nih.gov/31473511/,31473511,,false,,0,Resveratrol-mediated glycemic regulation is blunted by curcumin and is associated to modulation of gut microbiota.,The Journal of nutritional biochemistry,2019,10.1016/j.jnutbio.2019.108218,Sreng N; Champion S; Martin JC; Khelaifia S; Christensen JE; Padmanabhan R; Azalbert V; Blasco-Baque V; Loubieres P; Pechere L; Landrier JF; Burcelin R; Sérée E,
31471306,https://pubmed.ncbi.nlm.nih.gov/31471306/,31471306,PMC6821953,true,,0,Horizontal Gene Transfer and Acquired Antibiotic Resistance in Salmonella enterica Serovar Heidelberg following In Vitro Incubation in Broiler Ceca.,Applied and environmental microbiology,2019,10.1128/AEM.01903-19,Oladeinde A; Cook K; Lakin SM; Woyda R; Abdo Z; Looft T; Herrington K; Zock G; Lawrence JP; Thomas JC 4th; Beaudry MS; Glenn T,
31465735,https://pubmed.ncbi.nlm.nih.gov/31465735/,31465735,,false,,0,Microbiota determines insulin sensitivity in TLR2-KO mice.,Life sciences,2019,10.1016/j.lfs.2019.116793,Guadagnini D; Rocha GZ; Santos A; Assalin HB; Hirabara SM; Curi R; Oliveira AG; Prada PO; Saad MJA,
31465520,https://pubmed.ncbi.nlm.nih.gov/31465520/,31465520,PMC6715213,true,,0,Gut microbiota and their putative metabolic functions in fragmented Bengal tiger population of Nepal.,PloS one,2019,10.1371/journal.pone.0221868,Karmacharya D; Manandhar P; Manandhar S; Sherchan AM; Sharma AN; Joshi J; Bista M; Bajracharya S; Awasthi NP; Sharma N; Llewellyn B; Waits LP; Thapa K; Kelly MJ; Vuyisich M; Starkenburg SR; Hero JM; Hughes J; Wultsch C; Bertola L; Fountain-Jones NM; Sinha AK,
31461893,https://pubmed.ncbi.nlm.nih.gov/31461893/,31461893,PMC6780879,true,PRJNA556137,1,Bifidobacterial Transfer from Mother to Child as Examined by an Animal Model.,Microorganisms,2019,10.3390/microorganisms7090293,Mancino W; Duranti S; Mancabelli L; Longhi G; Anzalone R; Milani C; Lugli GA; Carnevali L; Statello R; Sgoifo A; van Sinderen D; Ventura M; Turroni F,
31461453,https://pubmed.ncbi.nlm.nih.gov/31461453/,31461453,PMC6713323,true,PRJNA509897; PRJNA510200,2,Beneficial roles of probiotics on the modulation of gut microbiota and immune response in pigs.,PloS one,2019,10.1371/journal.pone.0220843,Shin D; Chang SY; Bogere P; Won K; Choi JY; Choi YJ; Lee HK; Hur J; Park BY; Kim Y; Heo J,
31455640,https://pubmed.ncbi.nlm.nih.gov/31455640/,31455640,PMC6712278,true,PRJEB7759,1,Mouse Gut Microbiome-Encoded β-Glucuronidases Identified Using Metagenome Analysis Guided by Protein Structure.,mSystems,2019,10.1128/mSystems.00452-19,Creekmore BC; Gray JH; Walton WG; Biernat KA; Little MS; Xu Y; Liu J; Gharaibeh RZ; Redinbo MR,
31445216,https://pubmed.ncbi.nlm.nih.gov/31445216/,31445216,,false,,0,Comparison of metaproteomics workflows for deciphering the functions of gut microbiota in an animal model of obesity.,Journal of proteomics,2019,10.1016/j.jprot.2019.103489,Guirro M; Herrero P; Costa A; Gual-Grau A; Ceretó-Massagué A; Hernández A; Torrell H; Arola L; Canela N,
31426820,https://pubmed.ncbi.nlm.nih.gov/31426820/,31426820,PMC6700990,true,PRJNA555120,1,The altered gut virome community in rhesus monkeys is correlated with the gut bacterial microbiome and associated metabolites.,Virology journal,2019,10.1186/s12985-019-1211-z,Li H; Li H; Wang J; Guo L; Fan H; Zheng H; Yang Z; Huang X; Chu M; Yang F; He Z; Li N; Yang J; Wu Q; Shi H; Liu L,
31417554,https://pubmed.ncbi.nlm.nih.gov/31417554/,31417554,PMC6681768,true,,0,Dietary Oligosaccharides Attenuate Stress-Induced Disruptions in Immune Reactivity and Microbial B-Vitamin Metabolism.,Frontiers in immunology,2019,10.3389/fimmu.2019.01774,Allen JM; Jaggers RM; Solden LM; Loman BR; Davies RH; Mackos AR; Ladaika CA; Berg BM; Chichlowski M; Bailey MT,
31417524,https://pubmed.ncbi.nlm.nih.gov/31417524/,31417524,PMC6682701,true,PRJEB29264,1,Fecal Metaproteomic Analysis Reveals Unique Changes of the Gut Microbiome Functions After Consumption of Sourdough Carasau Bread.,Frontiers in microbiology,2019,10.3389/fmicb.2019.01733,Abbondio M; Palomba A; Tanca A; Fraumene C; Pagnozzi D; Serra M; Marongiu F; Laconi E; Uzzau S,
31411705,https://pubmed.ncbi.nlm.nih.gov/31411705/,31411705,,false,,0,The guanylate cyclase C agonist linaclotide ameliorates the gut-cardio-renal axis in an adenine-induced mouse model of chronic kidney disease.,"Nephrology, dialysis, transplantation : official publication of the European Dialysis and Transplant Association - European Renal Association",2020,10.1093/ndt/gfz126,Nanto-Hara F; Kanemitsu Y; Fukuda S; Kikuchi K; Asaji K; Saigusa D; Iwasaki T; Ho HJ; Mishima E; Suzuki T; Suzuki C; Tsukimi T; Matsuhashi T; Oikawa Y; Akiyama Y; Kure S; Owada Y; Tomioka Y; Soga T; Ito S; Abe T,
31411526,https://pubmed.ncbi.nlm.nih.gov/31411526/,31411526,PMC7524329,true,,0,Prevention of enteric bacterial infections and modulation of gut microbiota with conjugated linoleic acids producing Lactobacillus in mice.,Gut microbes,2020,10.1080/19490976.2019.1638724,Peng M; Tabashsum Z; Patel P; Bernhardt C; Biswas C; Meng J; Biswas D,
31404163,https://pubmed.ncbi.nlm.nih.gov/31404163/,31404163,PMC6677118,true,PRJNA516311; PRJNA52169,2,Multidisciplinary and Comparative Investigations of Potential Psychobiotic Effects of Lactobacillus Strains Isolated From Newborns and Their Impact on Gut Microbiota and Ileal Transcriptome in a Healthy Murine Model.,Frontiers in cellular and infection microbiology,2019,10.3389/fcimb.2019.00269,Beck BR; Park GS; Jeong DY; Lee YH; Im S; Song WH; Kang J,
31401318,https://pubmed.ncbi.nlm.nih.gov/31401318/,31401318,,false,,0,Fecal metabonomics combined with 16S rRNA gene sequencing to analyze the changes of gut microbiota in rats with kidney-yang deficiency syndrome and the intervention effect of You-gui pill.,Journal of ethnopharmacology,2019,10.1016/j.jep.2019.112139,Chen R; Wang J; Zhan R; Zhang L; Wang X,
31354669,https://pubmed.ncbi.nlm.nih.gov/31354669/,31354669,PMC6636193,true,PRJNA545913,1,"Longitudinal Survey of Fungi in the Human Gut: ITS Profiling, Phenotyping, and Colonization.",Frontiers in microbiology,2019,10.3389/fmicb.2019.01575,Raimondi S; Amaretti A; Gozzoli C; Simone M; Righini L; Candeliere F; Brun P; Ardizzoni A; Colombari B; Paulone S; Castagliuolo I; Cavalieri D; Blasi E; Rossi M; Peppoloni S,
31338107,https://pubmed.ncbi.nlm.nih.gov/31338107/,31338107,PMC6628876,true,,0,Epigenetic Regulation at the Interplay Between Gut Microbiota and Host Metabolism.,Frontiers in genetics,2019,10.3389/fgene.2019.00638,Miro-Blanch J; Yanes O,
31337187,https://pubmed.ncbi.nlm.nih.gov/31337187/,31337187,,false,,0,Metagenomic Analysis of the Fecal Microbiomes of Wild Asian Elephants Reveals Microflora and Enzymes that Mainly Digest Hemicellulose.,Journal of microbiology and biotechnology,2019,10.4014/jmb.1904.04033,Zhang C; Xu B; Lu T; Huang Z,
31336215,https://pubmed.ncbi.nlm.nih.gov/31336215/,31336215,,false,,0,Impact of different hypercaloric diets on obesity features in rats: a metagenomics and metabolomics integrative approach.,The Journal of nutritional biochemistry,2019,10.1016/j.jnutbio.2019.06.005,Gual-Grau A; Guirro M; Mayneris-Perxachs J; Arola L; Boqué N,
31332325,https://pubmed.ncbi.nlm.nih.gov/31332325/,31332325,PMC6679743,true,PRJNA541181,1,Spatial metagenomic characterization of microbial biogeography in the gut.,Nature biotechnology,2019,10.1038/s41587-019-0183-2,Sheth RU; Li M; Jiang W; Sims PA; Leong KW; Wang HH,
31325042,https://pubmed.ncbi.nlm.nih.gov/31325042/,31325042,,false,,0,Human milk and infant formula differentially alters the microbiota composition and functional gene relative abundance in the small and large intestines in weanling rats.,European journal of nutrition,2020,10.1007/s00394-019-02062-w,Liu Z; Subbaraj A; Fraser K; Jia H; Chen W; Day L; Roy NC; Young W,
31321385,https://pubmed.ncbi.nlm.nih.gov/31321385/,31321385,PMC6639013,true,,0,Moxidectin Effects on Gut Microbiota of Wistar-Kyoto Rats: Relevance to Depressive-Like Behavior.,Clinical pharmacology and translational medicine,2019,,Getachew B; Reyes RE; Davies DL; Tizabi Y,
31316478,https://pubmed.ncbi.nlm.nih.gov/31316478/,31316478,PMC6610308,true,,0,A New Isolate of Pediococcus pentosaceus (SL001) With Antibacterial Activity Against Fish Pathogens and Potency in Facilitating the Immunity and Growth Performance of Grass Carps.,Frontiers in microbiology,2019,10.3389/fmicb.2019.01384,Gong L; He H; Li D; Cao L; Khan TA; Li Y; Pan L; Yan L; Ding X; Sun Y; Zhang Y; Yi G; Hu S; Xia L,
31315667,https://pubmed.ncbi.nlm.nih.gov/31315667/,31315667,PMC6637628,true,PRJEB22973,1,A single bacterium restores the microbiome dysbiosis to protect bones from destruction in a rat model of rheumatoid arthritis.,Microbiome,2019,10.1186/s40168-019-0719-1,Pan H; Guo R; Ju Y; Wang Q; Zhu J; Xie Y; Zheng Y; Li T; Liu Z; Lu L; Li F; Tong B; Xiao L; Xu X; Leung EL; Li R; Yang H; Wang J; Zhou H; Jia H; Liu L,
31309006,https://pubmed.ncbi.nlm.nih.gov/31309006/,31309006,PMC6612419,true,CNP0000020; PRJNA411766,2,A survey of the sperm whale (Physeter catodon) commensal microbiome.,PeerJ,2019,10.7717/peerj.7257,Li C; Tan X; Bai J; Xu Q; Liu S; Guo W; Yu C; Fan G; Lu Y; Zhang H; Yang H; Chen J; Liu X,
31292233,https://pubmed.ncbi.nlm.nih.gov/31292233/,31292233,PMC6620377,true,PRJEB33256,1,Experimental Evidence for Adaptation to Species-Specific Gut Microbiota in House Mice.,mSphere,2019,10.1128/mSphere.00387-19,Moeller AH; Gomes-Neto JC; Mantz S; Kittana H; Segura Munoz RR; Schmaltz RJ; Ramer-Tait AE; Nachman MW,
31284329,https://pubmed.ncbi.nlm.nih.gov/31284329/,31284329,PMC6801159,true,,0,Protective effects of bifidobacteria against enteropathogens.,Microbial biotechnology,2019,10.1111/1751-7915.13460,Aw W; Fukuda S,
31280331,https://pubmed.ncbi.nlm.nih.gov/31280331/,31280331,,false,,0,A Metagenomic Study of Intestinal Microbial Diversity in Relation to Feeding Habits of Surface and Cave-Dwelling Sinocyclocheilus Species.,Microbial ecology,2020,10.1007/s00248-019-01409-4,Chen H; Li C; Liu T; Chen S; Xiao H,
31275260,https://pubmed.ncbi.nlm.nih.gov/31275260/,31275260,PMC6593275,true,PRJEB11419,1,Micronutrient Requirements and Sharing Capabilities of the Human Gut Microbiome.,Frontiers in microbiology,2019,10.3389/fmicb.2019.01316,Rodionov DA; Arzamasov AA; Khoroshkin MS; Iablokov SN; Leyn SA; Peterson SN; Novichkov PS; Osterman AL,
31269412,https://pubmed.ncbi.nlm.nih.gov/31269412/,31269412,,false,,0,Life history and functional capacity of the microbiome are altered in beta-cypermethrin-resistant cockroaches.,International journal for parasitology,2019,10.1016/j.ijpara.2019.04.006,Zhang F; Yang R,
31250899,https://pubmed.ncbi.nlm.nih.gov/31250899/,31250899,PMC6735911,true,,0,BOARD INVITED REVIEW: The pig microbiota and the potential for harnessing the power of the microbiome to improve growth and health1.,Journal of animal science,2019,10.1093/jas/skz208,Aluthge ND; Van Sambeek DM; Carney-Hinkle EE; Li YS; Fernando SC; Burkey TE,
31244784,https://pubmed.ncbi.nlm.nih.gov/31244784/,31244784,PMC6579922,true,,0,"The Microbiome and Irritable Bowel Syndrome - A Review on the Pathophysiology, Current Research and Future Therapy.",Frontiers in microbiology,2019,10.3389/fmicb.2019.01136,Chong PP; Chin VK; Looi CY; Wong WF; Madhavan P; Yong VC,
31240754,https://pubmed.ncbi.nlm.nih.gov/31240754/,31240754,,false,,0,Metagenomic assessment of the Cebus apella gut microbiota.,American journal of primatology,2019,10.1002/ajp.23023,Firrman J; Liu L; Tanes C; Bittinger K; Mahalak K; Rinaldi W,
31219789,https://pubmed.ncbi.nlm.nih.gov/31219789/,31219789,PMC6533375,true,,0,Bovine Genome-Microbiome Interactions: Metagenomic Frontier for the Selection of Efficient Productivity in Cattle Systems.,mSystems,2019,10.1128/mSystems.00103-19,Myer PR,
31218123,https://pubmed.ncbi.nlm.nih.gov/31218123/,31218123,PMC6563796,true,SRP095274,1,Variations in gut bacterial communities of hooded crane (Grus monacha) over spatial-temporal scales.,PeerJ,2019,10.7717/peerj.7045,Dong Y; Xiang X; Zhao G; Song Y; Zhou L,
31214136,https://pubmed.ncbi.nlm.nih.gov/31214136/,31214136,PMC6558059,true,PRJNA512056; PRJNA518164,2,Genomic and Metagenomic Insights Into the Microbial Community in the Regenerating Intestine of the Sea Cucumber Apostichopus japonicus.,Frontiers in microbiology,2019,10.3389/fmicb.2019.01165,Zhang H; Wang Q; Liu S; Huo D; Zhao J; Zhang L; Zhao Y; Sun L; Yang H,
31207357,https://pubmed.ncbi.nlm.nih.gov/31207357/,31207357,PMC6708759,true,,0,The microbial metagenome and bone tissue composition in mice with microbiome-induced reductions in bone strength.,Bone,2019,10.1016/j.bone.2019.06.010,Guss JD; Taylor E; Rouse Z; Roubert S; Higgins CH; Thomas CJ; Baker SP; Vashishth D; Donnelly E; Shea MK; Booth SL; Bicalho RC; Hernandez CJ,
31205409,https://pubmed.ncbi.nlm.nih.gov/31205409/,31205409,PMC6537485,true,,0,Evaluation of the Function of Wild Animal Gut Microbiomes Using Next-Generation Sequencing and Bioinformatics and its Relevance to Animal Conservation.,Evolutionary bioinformatics online,2019,10.1177/1176934319848438,Yao R; Xu L; Lu G; Zhu L,
31199864,https://pubmed.ncbi.nlm.nih.gov/31199864/,31199864,PMC6916135,true,PRJEB22062,1,Associations between antimicrobial use and the faecal resistome on broiler farms from nine European countries.,The Journal of antimicrobial chemotherapy,2019,10.1093/jac/dkz235,Luiken REC; Van Gompel L; Munk P; Sarrazin S; Joosten P; Dorado-García A; Borup Hansen R; Knudsen BE; Bossers A; Wagenaar JA; Aarestrup FM; Dewulf J; Mevius DJ; Heederik DJJ; Smit LAM; Schmitt H; EFFORT consortium,
31196622,https://pubmed.ncbi.nlm.nih.gov/31196622/,31196622,,false,,0,Gut microbiota adaptation to high altitude in indigenous animals.,Biochemical and biophysical research communications,2019,10.1016/j.bbrc.2019.05.085,Ma Y; Ma S; Chang L; Wang H; Ga Q; Ma L; Bai Z; Shen Y; Ge RL,
31191488,https://pubmed.ncbi.nlm.nih.gov/31191488/,31191488,PMC6548829,true,PRJEB30419,1,Stepwise Development of an in vitro Continuous Fermentation Model for the Murine Caecal Microbiota.,Frontiers in microbiology,2019,10.3389/fmicb.2019.01166,Poeker SA; Lacroix C; de Wouters T; Spalinger MR; Scharl M; Geirnaert A,
31164469,https://pubmed.ncbi.nlm.nih.gov/31164469/,31164469,PMC6550528,true,PRJNA541010; SRP194962,2,Correlation between Disease Severity and the Intestinal Microbiome in Mycobacterium tuberculosis-Infected Rhesus Macaques.,mBio,2019,10.1128/mBio.01018-19,Namasivayam S; Kauffman KD; McCulloch JA; Yuan W; Thovarai V; Mittereder LR; Trinchieri G; Barber DL; Sher A,
31150394,https://pubmed.ncbi.nlm.nih.gov/31150394/,31150394,PMC6544216,true,,0,Analysis of gut microbiota and the effect of lauric acid against necrotic enteritis in Clostridium perfringens and Eimeria side-by-side challenge model.,PloS one,2019,10.1371/journal.pone.0205784,Yang WY; Lee Y; Lu H; Chou CH; Wang C,
31138833,https://pubmed.ncbi.nlm.nih.gov/31138833/,31138833,PMC6538756,true,PRJNA532626,1,Gut microbiome differences between wild and captive black rhinoceros - implications for rhino health.,Scientific reports,2019,10.1038/s41598-019-43875-3,Gibson KM; Nguyen BN; Neumann LM; Miller M; Buss P; Daniels S; Ahn MJ; Crandall KA; Pukazhenthi B,
31138751,https://pubmed.ncbi.nlm.nih.gov/31138751/,31138751,PMC6538788,true,PRJNA522275; SRP185846,2,Infection-Induced Intestinal Dysbiosis Is Mediated by Macrophage Activation and Nitrate Production.,mBio,2019,10.1128/mBio.00935-19,Wang S; El-Fahmawi A; Christian DA; Fang Q; Radaelli E; Chen L; Sullivan MC; Misic AM; Ellringer JA; Zhu XQ; Winter SE; Hunter CA; Beiting DP,
31137766,https://pubmed.ncbi.nlm.nih.gov/31137766/,31137766,PMC6560916,true,SRP093227,1,Oral Beta-Lactamase Protects the Canine Gut Microbiome from Oral Amoxicillin-Mediated Damage.,Microorganisms,2019,10.3390/microorganisms7050150,Connelly S; Fanelli B; Hasan NA; Colwell RR; Kaleko M,
31119300,https://pubmed.ncbi.nlm.nih.gov/31119300/,31119300,PMC11105172,true,,0,Persistent changes in liver methylation and microbiome composition following reversal of diet-induced non-alcoholic-fatty liver disease.,Cellular and molecular life sciences : CMLS,2019,10.1007/s00018-019-03114-4,Kim H; Worsley O; Yang E; Purbojati RW; Liang AL; Tan W; Moses DID; Hartono S; Fan V; Lim TKH; Schuster SC; Foo RS; Chow PKH; Pettersson S,
31101528,https://pubmed.ncbi.nlm.nih.gov/31101528/,31101528,,false,,0,The impact of probiotic Clostridium butyricum MIYAIRI 588 on murine gut metabolic alterations.,Journal of infection and chemotherapy : official journal of the Japan Society of Chemotherapy,2019,10.1016/j.jiac.2019.02.008,Hagihara M; Yamashita R; Matsumoto A; Mori T; Inagaki T; Nonogaki T; Kuroki Y; Higashi S; Oka K; Takahashi M; Mikamo H,
31095619,https://pubmed.ncbi.nlm.nih.gov/31095619/,31095619,PMC6522051,true,PRJEB23858,1,Faecal microbiota shift during weaning transition in piglets and evaluation of AO blood types as shaping factor for the bacterial community profile.,PloS one,2019,10.1371/journal.pone.0217001,Motta V; Luise D; Bosi P; Trevisi P,
31092601,https://pubmed.ncbi.nlm.nih.gov/31092601/,31092601,PMC6520439,true,PRJNA193472; PRJNA476694; PRJNA4766948,3,Fungiculture in Termites Is Associated with a Mycolytic Gut Bacterial Community.,mSphere,2019,10.1128/mSphere.00165-19,Hu H; da Costa RR; Pilgaard B; Schiøtt M; Lange L; Poulsen M,
31091345,https://pubmed.ncbi.nlm.nih.gov/31091345/,31091345,,false,,0,Switching on the light: using metagenomic shotgun sequencing to characterize the intestinal microbiome of Atlantic cod.,Environmental microbiology,2019,10.1111/1462-2920.14652,Riiser ES; Haverkamp THA; Varadharajan S; Borgan Ø; Jakobsen KS; Jentoft S; Star B,
31066111,https://pubmed.ncbi.nlm.nih.gov/31066111/,31066111,PMC7020817,true,PRJNA508806,1,The development and ecology of the Japanese macaque gut microbiome from weaning to early adolescence in association with diet.,American journal of primatology,2019,10.1002/ajp.22980,Prince AL; Pace RM; Dean T; Takahashi D; Kievit P; Friedman JE; Aagaard KM,
31061496,https://pubmed.ncbi.nlm.nih.gov/31061496/,31061496,PMC6502871,true,PRJNA525682,1,The role of gut microbiota in shaping the relapse-remitting and chronic-progressive forms of multiple sclerosis in mouse models.,Scientific reports,2019,10.1038/s41598-019-43356-7,Gandy KAO; Zhang J; Nagarkatti P; Nagarkatti M,
31055020,https://pubmed.ncbi.nlm.nih.gov/31055020/,31055020,,false,,0,The microbiota profile and transcriptome analysis of immune response during metamorphosis stages in orange spotted grouper (Epinephelus coioides).,Fish & shellfish immunology,2019,10.1016/j.fsi.2019.03.063,Xiao Joe JT; Chiou PP; Kuo CY; Jia Lin JH; Wu JL; Lu MW,
31054103,https://pubmed.ncbi.nlm.nih.gov/31054103/,31054103,,false,,0,Antibiotics-mediated intestinal microbiome perturbation aggravates tacrolimus-induced glucose disorders in mice.,Frontiers of medicine,2019,10.1007/s11684-019-0686-8,Han Y; Jiang X; Ling Q; Wu L; Wu P; Tang R; Xu X; Yang M; Zhang L; Zhu W; Wang B; Li L,
31048728,https://pubmed.ncbi.nlm.nih.gov/31048728/,31048728,PMC6497628,true,PRJNA486876,1,Characterization of microbial communities in the chicken oviduct and the origin of chicken embryo gut microbiota.,Scientific reports,2019,10.1038/s41598-019-43280-w,Lee S; La TM; Lee HJ; Choi IS; Song CS; Park SY; Lee JB; Lee SW,
31046662,https://pubmed.ncbi.nlm.nih.gov/31046662/,31046662,PMC6498482,true,,0,Functional adaptations in the cecal and colonic metagenomes associated with the consumption of transglycosylated starch in a pig model.,BMC microbiology,2019,10.1186/s12866-019-1462-2,Metzler-Zebeli BU; Newman MA; Grüll D; Zebeli Q,
31036935,https://pubmed.ncbi.nlm.nih.gov/31036935/,31036935,PMC6488615,true,,0,Gut microbiota and butyrate level changes associated with the long-term administration of proton pump inhibitors to old rats.,Scientific reports,2019,10.1038/s41598-019-43112-x,Lee SM; Kim N; Nam RH; Park JH; Choi SI; Park YT; Kim YR; Seok YJ; Shin CM; Lee DH,
31021333,https://pubmed.ncbi.nlm.nih.gov/31021333/,31021333,,false,,0,Metagenomic analysis revealed beneficial effects of probiotics in improving the composition and function of the gut microbiota in dogs with diarrhoea.,Food & function,2019,10.1039/c9fo00087a,Xu H; Zhao F; Hou Q; Huang W; Liu Y; Zhang H; Sun Z,
31020042,https://pubmed.ncbi.nlm.nih.gov/31020042/,31020042,PMC6478965,true,PRJNA521510,1,Influence of the Intestinal Microbiota on Colonization Resistance to Salmonella and the Shedding Pattern of Naturally Exposed Pigs.,mSystems,2019,10.1128/mSystems.00021-19,Argüello H; Estellé J; Leonard FC; Crispie F; Cotter PD; O'Sullivan O; Lynch H; Walia K; Duffy G; Lawlor PG; Gardiner GE,
30995938,https://pubmed.ncbi.nlm.nih.gov/30995938/,30995938,PMC6471968,true,ERP109579; PRJEB27498,2,Closely-related Photobacterium strains comprise the majority of bacteria in the gut of migrating Atlantic cod (Gadus morhua).,Microbiome,2019,10.1186/s40168-019-0681-y,Le Doujet T; De Santi C; Klemetsen T; Hjerde E; Willassen NP; Haugen P,
30981666,https://pubmed.ncbi.nlm.nih.gov/30981666/,30981666,,false,,0,Metagenomic analysis of gut microbiota alteration in a mouse model exposed to mycotoxin deoxynivalenol.,Toxicology and applied pharmacology,2019,10.1016/j.taap.2019.04.009,Wang JJ; Zhang RQ; Zhai QY; Liu JC; Li N; Liu WX; Li L; Shen W,
30964393,https://pubmed.ncbi.nlm.nih.gov/30964393/,30964393,,false,,0,Overfeeding a High-Fat Diet Promotes Sex-Specific Alterations on the Gut Microbiota of the Zebrafish (Danio rerio).,Zebrafish,2019,10.1089/zeb.2018.1648,Navarro-Barrón E; Hernández C; Llera-Herrera R; García-Gasca A; Gómez-Gil B,
30953134,https://pubmed.ncbi.nlm.nih.gov/30953134/,30953134,,false,,0,"Metagenomic Analysis of the Whole Gut Microbiota in Brazilian Termitidae Termites Cornitermes cumulans, Cyrilliotermes strictinasus, Syntermes dirus, Nasutitermes jaraguae, Nasutitermes aquilinus, Grigiotermes bequaerti, and Orthognathotermes mirim.",Current microbiology,2019,10.1007/s00284-019-01662-3,Grieco MB; Lopes FAC; Oliveira LS; Tschoeke DA; Popov CC; Thompson CC; Gonçalves LC; Constantino R; Martins OB; Kruger RH; de Souza W; Thompson FL,
30944520,https://pubmed.ncbi.nlm.nih.gov/30944520/,30944520,PMC6440052,true,PRJNA290729,1,Diet-Related Metabolic Perturbations of Gut Microbial Shikimate Pathway-Tryptamine-tRNA Aminoacylation-Protein Synthesis in Human Health and Disease.,International journal of tryptophan research : IJTR,2019,10.1177/1178646919834550,Paley EL,
30918057,https://pubmed.ncbi.nlm.nih.gov/30918057/,30918057,PMC6437271,true,PRJNA415593,1,Gut Microbial Dynamics during Conventionalization of Germfree Chicken.,mSphere,2019,10.1128/mSphere.00035-19,Thomas M; Wongkuna S; Ghimire S; Kumar R; Antony L; Doerner KC; Singery A; Nelson E; Woyengo T; Chankhamhaengdecha S; Janvilisri T; Scaria J,
30914068,https://pubmed.ncbi.nlm.nih.gov/30914068/,30914068,PMC6436221,true,,0,Metagenomic reconstructions of gut microbial metabolism in weanling pigs.,Microbiome,2019,10.1186/s40168-019-0662-1,Wang W; Hu H; Zijlstra RT; Zheng J; Gänzle MG,
30900006,https://pubmed.ncbi.nlm.nih.gov/30900006/,30900006,PMC6599184,true,,0,Microbe and host interaction in gastrointestinal homeostasis.,Psychopharmacology,2019,10.1007/s00213-019-05218-y,Horne R; St Pierre J; Odeh S; Surette M; Foster JA,
30891034,https://pubmed.ncbi.nlm.nih.gov/30891034/,30891034,PMC6411795,true,SRP132185,1,The Formation of Glycan-Specific Natural Antibodies Repertoire in GalT-KO Mice Is Determined by Gut Microbiota.,Frontiers in immunology,2019,10.3389/fimmu.2019.00342,Bello-Gil D; Audebert C; Olivera-Ardid S; Pérez-Cruz M; Even G; Khasbiullina N; Gantois N; Shilova N; Merlin S; Costa C; Bovin N; Mañez R,
30885689,https://pubmed.ncbi.nlm.nih.gov/30885689/,30885689,,false,,0,A comparison of storage methods for gut microbiome studies in teleosts: Insights from rainbow trout (Oncorhynchus mykiss).,Journal of microbiological methods,2019,10.1016/j.mimet.2019.03.010,Hildonen M; Kodama M; Puetz LC; Gilbert MTP; Limborg MT,
30867497,https://pubmed.ncbi.nlm.nih.gov/30867497/,30867497,PMC6416245,true,PRJEB21490,1,"Subchronic low-dose 2,4-D exposure changed plasma acylcarnitine levels and induced gut microbiome perturbations in mice.",Scientific reports,2019,10.1038/s41598-019-40776-3,Tu P; Gao B; Chi L; Lai Y; Bian X; Ru H; Lu K,
30852460,https://pubmed.ncbi.nlm.nih.gov/30852460/,30852460,,false,,0,Lactobacillus brevis DM9218 ameliorates fructose-induced hyperuricemia through inosine degradation and manipulation of intestinal dysbiosis.,"Nutrition (Burbank, Los Angeles County, Calif.)",2019,10.1016/j.nut.2018.11.018,Wang H; Mei L; Deng Y; Liu Y; Wei X; Liu M; Zhou J; Ma H; Zheng P; Yuan J; Li M,
30851368,https://pubmed.ncbi.nlm.nih.gov/30851368/,30851368,,false,,0,Health risk of Licorice-Yuanhua combination through induction of colonic H2S metabolism.,Journal of ethnopharmacology,2019,10.1016/j.jep.2019.01.042,Yu J; Liu Y; Guo J; Tao W; Chen Y; Fan X; Shen J; Duan JA,
30833676,https://pubmed.ncbi.nlm.nih.gov/30833676/,30833676,,false,,0,The gut microbiome regulates the increases in depressive-type behaviors and in inflammatory processes in the ventral hippocampus of stress vulnerable rats.,Molecular psychiatry,2020,10.1038/s41380-019-0380-x,Pearson-Leary J; Zhao C; Bittinger K; Eacret D; Luz S; Vigderman AS; Dayanim G; Bhatnagar S,
30824791,https://pubmed.ncbi.nlm.nih.gov/30824791/,30824791,PMC6397238,true,SRP152351,1,Relative abundance of Akkermansia spp. and other bacterial phylotypes correlates with anxiety- and depressive-like behavior following social defeat in mice.,Scientific reports,2019,10.1038/s41598-019-40140-5,McGaughey KD; Yilmaz-Swenson T; Elsayed NM; Cruz DA; Rodriguiz RM; Kritzer MD; Peterchev AV; Roach J; Wetsel WC; Williamson DE,
30814921,https://pubmed.ncbi.nlm.nih.gov/30814921/,30814921,PMC6387425,true,,0,Ganoderma lucidum polysaccharide improves rat DSS-induced colitis by altering cecal microbiota and gene expression of colonic epithelial cells.,Food & nutrition research,2019,10.29219/fnr.v63.1559,Xie J; Liu Y; Chen B; Zhang G; Ou S; Luo J; Peng X,
30809304,https://pubmed.ncbi.nlm.nih.gov/30809304/,30809304,PMC6376469,true,PRJNA481237,1,Fto Deficiency Reduces Anxiety- and Depression-Like Behaviors in Mice via Alterations in Gut Microbiota.,Theranostics,2019,10.7150/thno.31562,Sun L; Ma L; Zhang H; Cao Y; Wang C; Hou N; Huang N; von Deneen KM; Zhao C; Shi Y; Pan Y; Wang M; Ji G; Nie Y,
30796295,https://pubmed.ncbi.nlm.nih.gov/30796295/,30796295,PMC6385275,true,PRJNA453374; PRJNA472376,2,"Effects of a Saccharomyces cerevisiae fermentation product on liver abscesses, fecal microbiome, and resistome in feedlot cattle raised without antibiotics.",Scientific reports,2019,10.1038/s41598-019-39181-7,Huebner KL; Martin JN; Weissend CJ; Holzer KL; Parker JK; Lakin SM; Doster E; Weinroth MD; Abdo Z; Woerner DR; Metcalf JL; Geornaras I; Bryant TC; Morley PS; Belk KE,
30787921,https://pubmed.ncbi.nlm.nih.gov/30787921/,30787921,PMC6373202,true,PRJNA415259,1,"Dietary Lysozyme Alters Sow's Gut Microbiota, Serum Immunity and Milk Metabolite Profile.",Frontiers in microbiology,2019,10.3389/fmicb.2019.00177,Zhou J; Xiong X; Yin J; Zou L; Wang K; Shao Y; Yin Y,
30782206,https://pubmed.ncbi.nlm.nih.gov/30782206/,30782206,PMC6381624,true,,0,"Sequence and cultivation study of Muribaculaceae reveals novel species, host preference, and functional potential of this yet undescribed family.",Microbiome,2019,10.1186/s40168-019-0637-2,Lagkouvardos I; Lesker TR; Hitch TCA; Gálvez EJC; Smit N; Neuhaus K; Wang J; Baines JF; Abt B; Stecher B; Overmann J; Strowig T; Clavel T,
30773139,https://pubmed.ncbi.nlm.nih.gov/30773139/,30773139,PMC6378726,true,PRJNA237016; PRJNA331139; PRJNA482836,3,Oral administration of antibiotics increased the potential mobility of bacterial resistance genes in the gut of the fish Piaractus mesopotamicus.,Microbiome,2019,10.1186/s40168-019-0632-7,Sáenz JS; Marques TV; Barone RSC; Cyrino JEP; Kublik S; Nesme J; Schloter M; Rath S; Vestergaard G,
30771735,https://pubmed.ncbi.nlm.nih.gov/30771735/,30771735,PMC6490960,true,,0,Dietary supplementation with strawberry induces marked changes in the composition and functional potential of the gut microbiome in diabetic mice.,The Journal of nutritional biochemistry,2019,10.1016/j.jnutbio.2019.01.004,Petersen C; Wankhade UD; Bharat D; Wong K; Mueller JE; Chintapalli SV; Piccolo BD; Jalili T; Jia Z; Symons JD; Shankar K; Anandh Babu PV,
30765765,https://pubmed.ncbi.nlm.nih.gov/30765765/,30765765,PMC6375953,true,GSE93534,1,Serotonin Transporter Deficiency is Associated with Dysbiosis and Changes in Metabolic Function of the Mouse Intestinal Microbiome.,Scientific reports,2019,10.1038/s41598-019-38489-8,Singhal M; Turturice BA; Manzella CR; Ranjan R; Metwally AA; Theorell J; Huang Y; Alrefai WA; Dudeja PK; Finn PW; Perkins DL; Gill RK,
30762914,https://pubmed.ncbi.nlm.nih.gov/30762914/,30762914,,false,,0,Gut microbiota signatures and lipids metabolism profiles by exposure to polyene phosphatidylcholine.,"BioFactors (Oxford, England)",2019,10.1002/biof.1495,Yu H; Yu Z; Huang H; Li P; Tang Q; Wang X; Shen S,
30728470,https://pubmed.ncbi.nlm.nih.gov/30728470/,30728470,PMC6775986,true,,0,The gut microbiota is largely independent of host genetics in regulating fat deposition in chickens.,The ISME journal,2019,10.1038/s41396-019-0367-2,Wen C; Yan W; Sun C; Ji C; Zhou Q; Zhang D; Zheng J; Yang N,
30706916,https://pubmed.ncbi.nlm.nih.gov/30706916/,30706916,,false,,0,"d- and l-Aspartate regulates growth performance, inflammation and intestinal microbial community in young pigs.",Food & function,2019,10.1039/c8fo01410h,Li Y; Han H; Yin J; He X; Tang Z; Li T; Yao K; Yin Y,
30696861,https://pubmed.ncbi.nlm.nih.gov/30696861/,30696861,PMC6351536,true,,0,Microbiome Alteration in Type 2 Diabetes Mellitus Model of Zebrafish.,Scientific reports,2019,10.1038/s41598-018-37242-x,Okazaki F; Zang L; Nakayama H; Chen Z; Gao ZJ; Chiba H; Hui SP; Aoki T; Nishimura N; Shimada Y,
30683920,https://pubmed.ncbi.nlm.nih.gov/30683920/,30683920,PMC6474223,true,,0,T6SS contributes to gut microbiome invasion and killing of an herbivorous pest insect by plant-beneficial Pseudomonas protegens.,The ISME journal,2019,10.1038/s41396-019-0353-8,Vacheron J; Péchy-Tarr M; Brochet S; Heiman CM; Stojiljkovic M; Maurhofer M; Keel C,
30683856,https://pubmed.ncbi.nlm.nih.gov/30683856/,30683856,PMC6347622,true,SRP150166,1,Genomic diversity landscape of the honey bee gut microbiota.,Nature communications,2019,10.1038/s41467-019-08303-0,Ellegaard KM; Engel P,
30680877,https://pubmed.ncbi.nlm.nih.gov/30680877/,30680877,,false,,0,"Metagenomic dissection of the canine gut microbiota: insights into taxonomic, metabolic and nutritional features.",Environmental microbiology,2019,10.1111/1462-2920.14540,Alessandri G; Milani C; Mancabelli L; Mangifesta M; Lugli GA; Viappiani A; Duranti S; Turroni F; Ossiprandi MC; van Sinderen D; Ventura M,
30660184,https://pubmed.ncbi.nlm.nih.gov/30660184/,30660184,PMC6339435,true,PRJNA511412,1,Dose-dependent impact of oxytetracycline on the veal calf microbiome and resistome.,BMC genomics,2019,10.1186/s12864-018-5419-x,Keijser BJF; Agamennone V; van den Broek TJ; Caspers M; van de Braak A; Bomers R; Havekes M; Schoen E; van Baak M; Mioch D; Bomers L; Montijn RC,
30658973,https://pubmed.ncbi.nlm.nih.gov/30658973/,30658973,PMC6414372,true,,0,Taxonomic and Functional Compositions of the Small Intestinal Microbiome in Neonatal Calves Provide a Framework for Understanding Early Life Gut Health.,Applied and environmental microbiology,2019,10.1128/AEM.02534-18,Malmuthuge N; Liang G; Griebel PJ; Guan LL,
30658400,https://pubmed.ncbi.nlm.nih.gov/30658400/,30658400,PMC6357033,true,,0,Gut Microbiota Profiling of Aflatoxin B1-Induced Rats Treated with Lactobacillus casei Shirota.,Toxins,2019,10.3390/toxins11010049,Liew WP; Mohd-Redzwan S; Than LTL,
30643213,https://pubmed.ncbi.nlm.nih.gov/30643213/,30643213,PMC6467691,true,,0,Metagenomic engineering of the mammalian gut microbiome in situ.,Nature methods,2019,10.1038/s41592-018-0301-y,Ronda C; Chen SP; Cabral V; Yaung SJ; Wang HH,
30635018,https://pubmed.ncbi.nlm.nih.gov/30635018/,30635018,PMC6329181,true,,0,Generational conservation of composition and diversity of field-acquired midgut microbiota in Anopheles gambiae (sensu lato) during colonization in the laboratory.,Parasites & vectors,2019,10.1186/s13071-019-3287-0,Akorli J; Namaali PA; Ametsi GW; Egyirifa RK; Pels NAP,
30623233,https://pubmed.ncbi.nlm.nih.gov/30623233/,30623233,,false,,0,Chinese liver fluke Clonorchis sinensis infection changes the gut microbiome and increases probiotic Lactobacillus in mice.,Parasitology research,2019,10.1007/s00436-018-6179-x,Kim JY; Kim EM; Yi MH; Lee J; Lee S; Hwang Y; Yong D; Sohn WM; Yong TS,
30610284,https://pubmed.ncbi.nlm.nih.gov/30610284/,30610284,,false,,0,Aqueous raw and ripe Pu-erh tea extracts alleviate obesity and alter cecal microbiota composition and function in diet-induced obese rats.,Applied microbiology and biotechnology,2019,10.1007/s00253-018-09581-2,Xia Y; Tan D; Akbary R; Kong J; Seviour R; Kong Y,
30609847,https://pubmed.ncbi.nlm.nih.gov/30609847/,30609847,PMC6463064,true,PRJNA355137,1,Metatranscriptomic Analysis of the Bacterial Symbiont Dactylopiibacterium carminicum from the Carmine Cochineal Dactylopius coccus (Hemiptera: Coccoidea: Dactylopiidae).,"Life (Basel, Switzerland)",2019,10.3390/life9010004,Bustamante-Brito R; Vera-Ponce de León A; Rosenblueth M; Martínez-Romero JC; Martínez-Romero E,
30604012,https://pubmed.ncbi.nlm.nih.gov/30604012/,30604012,,false,,0,"Shotgun metagenomics offers novel insights into taxonomic compositions, metabolic pathways and antibiotic resistance genes in fish gut microbiome.",Archives of microbiology,2019,10.1007/s00203-018-1615-y,Tyagi A; Singh B; Billekallu Thammegowda NK; Singh NK,
32159077,https://pubmed.ncbi.nlm.nih.gov/32159077/,32159077,PMC7063687,true,,0,Effects of C-Terminal Domain of the Heavy Chain of Tetanus Toxin on Gut Microbiota in a Rat Model of Depression.,Clinical pharmacology and translational medicine,2019,,Getachew B; Tizabi Y,
30562162,https://pubmed.ncbi.nlm.nih.gov/30562162/,30562162,PMC6326683,true,,0,Association of gut microbiota composition and function with a senescence-accelerated mouse model of Alzheimer's Disease using 16S rRNA gene and metagenomic sequencing analysis.,Aging,2018,10.18632/aging.101693,Peng W; Yi P; Yang J; Xu P; Wang Y; Zhang Z; Huang S; Wang Z; Zhang C,
30555706,https://pubmed.ncbi.nlm.nih.gov/30555706/,30555706,PMC6276622,true,,0,Treponema species enrich the gut microbiota of traditional rural populations but are absent from urban individuals.,New microbes and new infections,2019,10.1016/j.nmni.2018.10.009,Angelakis E; Bachar D; Yasir M; Musso D; Djossou F; Gaborit B; Brah S; Diallo A; Ndombe GM; Mediannikov O; Robert C; Azhar EI; Bibi F; Nsana NS; Parra HJ; Akiana J; Sokhna C; Davoust B; Dutour A; Raoult D,
30543873,https://pubmed.ncbi.nlm.nih.gov/30543873/,30543873,,false,,0,The intestinal virome of malabsorption syndrome-affected and unaffected broilers through shotgun metagenomics.,Virus research,2019,10.1016/j.virusres.2018.12.005,Lima DA; Cibulski SP; Tochetto C; Varela APM; Finkler F; Teixeira TF; Loiko MR; Cerva C; Junqueira DM; Mayer FQ; Roehe PM,
30538693,https://pubmed.ncbi.nlm.nih.gov/30538693/,30538693,PMC6277688,true,,0,Occurrence and Dynamism of Lactic Acid Bacteria in Distinct Ecological Niches: A Multifaceted Functional Health Perspective.,Frontiers in microbiology,2018,10.3389/fmicb.2018.02899,George F; Daniel C; Thomas M; Singer E; Guilbaud A; Tessier FJ; Revol-Junelles AM; Borges F; Foligné B,
30532085,https://pubmed.ncbi.nlm.nih.gov/30532085/,30532085,PMC6289112,true,,0,Comparative shotgun metagenomic data of the silkworm Bombyx mori gut microbiome.,Scientific data,2018,10.1038/sdata.2018.285,Chen B; Yu T; Xie S; Du K; Liang X; Lan Y; Sun C; Lu X; Shao Y,
30526624,https://pubmed.ncbi.nlm.nih.gov/30526624/,30526624,PMC6286552,true,,0,L-Fucose ameliorates high-fat diet-induced obesity and hepatic steatosis in mice.,Journal of translational medicine,2018,10.1186/s12967-018-1718-x,Wu G; Niu M; Tang W; Hu J; Wei G; He Z; Chen Y; Jiang Y; Chen P,
30518356,https://pubmed.ncbi.nlm.nih.gov/30518356/,30518356,PMC6282381,true,,0,Intestinal microbiota mediates Enterotoxigenic Escherichia coli-induced diarrhea in piglets.,BMC veterinary research,2018,10.1186/s12917-018-1704-9,Bin P; Tang Z; Liu S; Chen S; Xia Y; Liu J; Wu H; Zhu G,
30504145,https://pubmed.ncbi.nlm.nih.gov/30504145/,30504145,PMC6304966,true,,0,Fiber-associated spirochetes are major agents of hemicellulose degradation in the hindgut of wood-feeding higher termites.,Proceedings of the National Academy of Sciences of the United States of America,2018,10.1073/pnas.1810550115,Tokuda G; Mikaelyan A; Fukui C; Matsuura Y; Watanabe H; Fujishima M; Brune A,
30502941,https://pubmed.ncbi.nlm.nih.gov/30502941/,30502941,,false,,0,Generation of a Metagenomics Proximity Ligation 3C Library of a Mammalian Gut Microbiota.,Methods in enzymology,2018,10.1016/bs.mie.2018.08.001,Foutel-Rodier T; Thierry A; Koszul R; Marbouty M,
30509257,https://pubmed.ncbi.nlm.nih.gov/30509257/,30509257,PMC6278063,true,SRP119699,1,Metagenomic analysis of captive Amur tiger faecal microbiome.,BMC veterinary research,2018,10.1186/s12917-018-1696-5,He F; Liu D; Zhang L; Zhai J; Ma Y; Xu Y; Jiang G; Rong K; Ma J,
30499334,https://pubmed.ncbi.nlm.nih.gov/30499334/,30499334,,false,,0,Changes in gut bacterial communities in canaries infected by Macrorhabdus ornithogaster.,Avian pathology : journal of the W.V.P.A,2019,10.1080/03079457.2018.1553294,Robino P; Ferrocino I; Rossi G; Dogliero A; Alessandria V; Grosso L; Galosi L; Tramuta C; Cocolin L; Nebbia P,
30482240,https://pubmed.ncbi.nlm.nih.gov/30482240/,30482240,PMC6260706,true,PRJNA417359,1,The chicken gut metagenome and the modulatory effects of plant-derived benzylisoquinoline alkaloids.,Microbiome,2018,10.1186/s40168-018-0590-5,Huang P; Zhang Y; Xiao K; Jiang F; Wang H; Tang D; Liu D; Liu B; Liu Y; He X; Liu H; Liu X; Qing Z; Liu C; Huang J; Ren Y; Yun L; Yin L; Lin Q; Zeng C; Su X; Yuan J; Lin L; Hu N; Cao H; Huang S; Guo Y; Fan W; Zeng J,
30472727,https://pubmed.ncbi.nlm.nih.gov/30472727/,30472727,PMC6418416,true,,0,"Interleukin-17/interleukin-17 receptor axis elicits intestinal neutrophil migration, restrains gut dysbiosis and lipopolysaccharide translocation in high-fat diet-induced metabolic syndrome model.",Immunology,2019,10.1111/imm.13028,Pérez MM; Martins LMS; Dias MS; Pereira CA; Leite JA; Gonçalves ECS; de Almeida PZ; de Freitas EN; Tostes RC; Ramos SG; de Zoete MR; Ryffel B; Silva JS; Carlos D,
30450395,https://pubmed.ncbi.nlm.nih.gov/30450395/,30450395,PMC6226572,true,,0,"Metabarcoding data of bacterial diversity of the deep sea shark, Centroscyllium fabricii.",Data in brief,2018,10.1016/j.dib.2018.10.062,Johny TK; Saidumohamed BE; Sasidharan RS; Bhat SG,
30425894,https://pubmed.ncbi.nlm.nih.gov/30425894/,30425894,PMC6228550,true,PRJNA487659,1,"Microbiome differences between river-dwelling and cave-adapted populations of the fish Astyanax mexicanus (De Filippi, 1853).",PeerJ,2018,10.7717/peerj.5906,Ornelas-García P; Pajares S; Sosa-Jiménez VM; Rétaux S; Miranda-Gamboa RA,
30420838,https://pubmed.ncbi.nlm.nih.gov/30420838/,30420838,PMC6215851,true,,0,A Cross-Scale Neutral Theory Approach to the Influence of Obesity on Community Assembly of Human Gut Microbiome.,Frontiers in microbiology,2018,10.3389/fmicb.2018.02320,Li W; Yuan Y; Xia Y; Sun Y; Miao Y; Ma S,
30417114,https://pubmed.ncbi.nlm.nih.gov/30417114/,30417114,PMC6222045,true,PRJEB21090,1,Influence of Feeding Type and Nosema ceranae Infection on the Gut Microbiota of Apis cerana Workers.,mSystems,2018,10.1128/mSystems.00177-18,Huang SK; Ye KT; Huang WF; Ying BH; Su X; Lin LH; Li JH; Chen YP; Li JL; Bao XL; Hu JZ,
30406643,https://pubmed.ncbi.nlm.nih.gov/30406643/,30406643,,false,,0,"The Carbamate Aldicarb Altered the Gut Microbiome, Metabolome, and Lipidome of C57BL/6J Mice.",Chemical research in toxicology,2019,10.1021/acs.chemrestox.8b00179,Gao B; Chi L; Tu P; Gao N; Lu K,
30405201,https://pubmed.ncbi.nlm.nih.gov/30405201/,30405201,PMC6220325,true,,0,Maternal High-Fat Diet Programs Offspring Liver Steatosis in a Sexually Dimorphic Manner in Association with Changes in Gut Microbial Ecology in Mice.,Scientific reports,2018,10.1038/s41598-018-34453-0,Wankhade UD; Zhong Y; Kang P; Alfaro M; Chintapalli SV; Piccolo BD; Mercer KE; Andres A; Thakali KM; Shankar K,
30397546,https://pubmed.ncbi.nlm.nih.gov/30397546/,30397546,PMC6214229,true,PRJNA422950; SRP126985,2,Microbiome analysis of Pacific white shrimp gut and rearing water from Malaysia and Vietnam: implications for aquaculture research and management.,PeerJ,2018,10.7717/peerj.5826,Md Zoqratt MZH; Eng WWH; Thai BT; Austin CM; Gan HM,
30368579,https://pubmed.ncbi.nlm.nih.gov/30368579/,30368579,,false,,0,Heat stress mediates changes in fecal microbiome and functional pathways of laying hens.,Applied microbiology and biotechnology,2019,10.1007/s00253-018-9465-8,Zhu L; Liao R; Wu N; Zhu G; Yang C,
30366990,https://pubmed.ncbi.nlm.nih.gov/30366990/,30366990,PMC6293092,true,,0,Gut Microbial Divergence between Two Populations of the Hadal Amphipod Hirondellea gigas.,Applied and environmental microbiology,2019,10.1128/AEM.02032-18,Zhang W; Watanabe HK; Ding W; Lan Y; Tian RM; Sun J; Chen C; Cai L; Li Y; Oguri K; Toyofuku T; Kitazato H; Drazen JC; Bartlett D; Qian PY,
30346069,https://pubmed.ncbi.nlm.nih.gov/30346069/,30346069,PMC6476712,true,PRJEB28368,1,Altitudinal variation of the gut microbiota in wild house mice.,Molecular ecology,2019,10.1111/mec.14905,Suzuki TA; Martins FM; Nachman MW,
30337568,https://pubmed.ncbi.nlm.nih.gov/30337568/,30337568,PMC6194052,true,,0,Supplemental Bacillus subtilis DSM 32315 manipulates intestinal structure and microbial composition in broiler chickens.,Scientific reports,2018,10.1038/s41598-018-33762-8,Ma Y; Wang W; Zhang H; Wang J; Zhang W; Gao J; Wu S; Qi G,
30333180,https://pubmed.ncbi.nlm.nih.gov/30333180/,30333180,PMC6193602,true,,0,Oral Administration of Porphyromonas gingivalis Alters the Gut Microbiome and Serum Metabolome.,mSphere,2018,10.1128/mSphere.00460-18,Kato T; Yamazaki K; Nakajima M; Date Y; Kikuchi J; Hase K; Ohno H; Yamazaki K,
30320222,https://pubmed.ncbi.nlm.nih.gov/30320222/,30320222,PMC6178585,true,,0,Fecal Microbiota Transplantation Beneficially Regulates Intestinal Mucosal Autophagy and Alleviates Gut Barrier Injury.,mSystems,2018,10.1128/mSystems.00137-18,Cheng S; Ma X; Geng S; Jiang X; Li Y; Hu L; Li J; Wang Y; Han X,
30309375,https://pubmed.ncbi.nlm.nih.gov/30309375/,30309375,PMC6182802,true,PRJNA479518; SRP153398,2,Protective role of the vulture facial skin and gut microbiomes aid adaptation to scavenging.,Acta veterinaria Scandinavica,2018,10.1186/s13028-018-0415-3,Zepeda Mendoza ML; Roggenbuck M; Manzano Vargas K; Hansen LH; Brunak S; Gilbert MTP; Sicheritz-Pontén T,
30301067,https://pubmed.ncbi.nlm.nih.gov/30301067/,30301067,,false,,0,Whole genome sequences to assess the link between antibiotic and metal resistance in three coastal marine bacteria isolated from the mummichog gastrointestinal tract.,Marine pollution bulletin,2018,10.1016/j.marpolbul.2018.07.051,Lloyd NA; Nazaret S; Barkay T,
30296008,https://pubmed.ncbi.nlm.nih.gov/30296008/,30296008,PMC6528571,true,CRA000822; CRA000823,2,Comparative metagenomics of the gut microbiota in wild greylag geese (Anser anser) and ruddy shelducks (Tadorna ferruginea).,MicrobiologyOpen,2019,10.1002/mbo3.725,Wang W; Zheng S; Li L; Yang Y; Liu Y; Wang A; Sharshov K; Li Y,
30284469,https://pubmed.ncbi.nlm.nih.gov/30284469/,30284469,,false,,0,Regulating Gut Flora Dysbiosis in Obese Mice by Electroacupuncture.,The American journal of Chinese medicine,2018,10.1142/S0192415X18500763,Si YC; Miao WN; He JY; Chen L; Wang YL; Ding WJ,
30278220,https://pubmed.ncbi.nlm.nih.gov/30278220/,30278220,,false,,0,White spot syndrome virus (WSSV) infection impacts intestinal microbiota composition and function in Litopenaeus vannamei.,Fish & shellfish immunology,2019,10.1016/j.fsi.2018.09.076,Wang J; Huang Y; Xu K; Zhang X; Sun H; Fan L; Yan M,
30270610,https://pubmed.ncbi.nlm.nih.gov/30270610/,30270610,,false,,0,Comparison of Microbial Diversity and Composition in Jejunum and Colon of the Alcohol-dependent Rats.,Journal of microbiology and biotechnology,2018,10.4014/jmb.1806.06050,Fan Y; Ya-E Z; Ji-Dong W; Yu-Fan L; Ying Z; Ya-Lun S; Meng-Yu M; Rui-Ling Z,
30262950,https://pubmed.ncbi.nlm.nih.gov/30262950/,30262950,PMC6141390,true,,0,Fish Gut Microbiome: Current Approaches and Future Perspectives.,Indian journal of microbiology,2018,10.1007/s12088-018-0760-y,Talwar C; Nagar S; Lal R; Negi RK,
30258408,https://pubmed.ncbi.nlm.nih.gov/30258408/,30258408,PMC6144954,true,,0,Autoprobiotics as an Approach for Restoration of Personalised Microbiota.,Frontiers in microbiology,2018,10.3389/fmicb.2018.01869,Suvorov A; Karaseva A; Kotyleva M; Kondratenko Y; Lavrenova N; Korobeynikov A; Kozyrev P; Kramskaya T; Leontieva G; Kudryavtsev I; Guo D; Lapidus A; Ermolenko E,
30246365,https://pubmed.ncbi.nlm.nih.gov/30246365/,30246365,,false,,0,Metagenomic analyses highlight the symbiotic association between the glacier stonefly Andiperla willinki and its bacterial gut community.,Environmental microbiology,2018,10.1111/1462-2920.14420,Murakami T; Segawa T; Takeuchi N; Barcaza Sepúlveda G; Labarca P; Kohshima S; Hongoh Y,
30233512,https://pubmed.ncbi.nlm.nih.gov/30233512/,30233512,PMC6127505,true,SRP155959,1,A Galacto-Oligosaccharides Preparation Derived From Lactulose Protects Against Colorectal Cancer Development in an Animal Model.,Frontiers in microbiology,2018,10.3389/fmicb.2018.02004,Fernández J; Moreno FJ; Olano A; Clemente A; Villar CJ; Lombó F,
30189365,https://pubmed.ncbi.nlm.nih.gov/30189365/,30189365,,false,,0,"Green tea polyphenols modify gut-microbiota dependent metabolisms of energy, bile constituents and micronutrients in female Sprague-Dawley rats.",The Journal of nutritional biochemistry,2018,10.1016/j.jnutbio.2018.07.018,Zhou J; Tang L; Shen CL; Wang JS,
30168288,https://pubmed.ncbi.nlm.nih.gov/30168288/,30168288,PMC6291788,true,ERP106745,1,Microbial effects of livestock manure fertilization on freshwater aquaculture ponds rearing tilapia (Oreochromis shiranus) and North African catfish (Clarias gariepinus).,MicrobiologyOpen,2018,10.1002/mbo3.716,Minich JJ; Zhu Q; Xu ZZ; Amir A; Ngochera M; Simwaka M; Allen EE; Zidana H; Knight R,
30152893,https://pubmed.ncbi.nlm.nih.gov/30152893/,30152893,PMC6378622,true,,0,Genetic regulation of antibody responsiveness to immunization in substrains of BALB/c mice.,Immunology and cell biology,2019,10.1111/imcb.12199,Poyntz HC; Jones A; Jauregui R; Young W; Gestin A; Mooney A; Lamiable O; Altermann E; Schmidt A; Gasser O; Weyrich L; Jolly CJ; Linterman MA; Gros GL; Hawkins ED; Forbes-Blom E,
30149004,https://pubmed.ncbi.nlm.nih.gov/30149004/,30149004,,false,,0,Intestinal fluke Metagonimus yokogawai infection increases probiotic Lactobacillus in mouse cecum.,Experimental parasitology,2018,10.1016/j.exppara.2018.08.002,Kim JY; Kim EM; Yi MH; Lee J; Lee S; Hwang Y; Yong D; Sohn WM; Yong TS,
30143657,https://pubmed.ncbi.nlm.nih.gov/30143657/,30143657,PMC6109158,true,SRP136308,1,Characterization of bacterial microbiota compositions along the intestinal tract in pigs and their interactions and functions.,Scientific reports,2018,10.1038/s41598-018-30932-6,Crespo-Piazuelo D; Estellé J; Revilla M; Criado-Mesas L; Ramayo-Caldas Y; Óvilo C; Fernández AI; Ballester M; Folch JM,
30138419,https://pubmed.ncbi.nlm.nih.gov/30138419/,30138419,PMC6138416,true,,0,Field-collected Triatoma sordida from central Brazil display high microbiota diversity that varies with regard to developmental stage and intestinal segmentation.,PLoS neglected tropical diseases,2018,10.1371/journal.pntd.0006709,Oliveira JL; Cury JC; Gurgel-Gonçalves R; Bahia AC; Monteiro FA,
30135468,https://pubmed.ncbi.nlm.nih.gov/30135468/,30135468,PMC6298967,true,,0,Seasonality of the gut microbiota of free-ranging white-faced capuchins in a tropical dry forest.,The ISME journal,2019,10.1038/s41396-018-0256-0,Orkin JD; Campos FA; Myers MS; Cheves Hernandez SE; Guadamuz A; Melin AD,
30127329,https://pubmed.ncbi.nlm.nih.gov/30127329/,30127329,PMC6378564,true,,0,Metagenomic comparison of the rectal microbiota between rhesus macaques (Macaca mulatta) and cynomolgus macaques (Macaca fascicularis).,Zoological research,2019,10.24272/j.issn.2095-8137.2018.061,Cui YF; Wang FJ; Yu L; Ye HH; Yang GB,
30127280,https://pubmed.ncbi.nlm.nih.gov/30127280/,30127280,PMC6115896,true,,0,Pathogen Species Identification from Metagenomes in Ancient Remains: The Challenge of Identifying Human Pathogenic Species of Trypanosomatidae via Bioinformatic Tools.,Genes,2018,10.3390/genes9080418,Sereno D; Dorkeld F; Akhoundi M; Perrin P,
30116044,https://pubmed.ncbi.nlm.nih.gov/30116044/,30116044,PMC6298952,true,SRP125254,1,Functional metagenomics reveals abundant polysaccharide-degrading gene clusters and cellobiose utilization pathways within gut microbiota of a wood-feeding higher termite.,The ISME journal,2019,10.1038/s41396-018-0255-1,Liu N; Li H; Chevrette MG; Zhang L; Cao L; Zhou H; Zhou X; Zhou Z; Pope PB; Currie CR; Huang Y; Wang Q,
30115879,https://pubmed.ncbi.nlm.nih.gov/30115879/,30115879,PMC6115998,true,,0,"Effects of Different Doses of Fructooligosaccharides (FOS) on the Composition of Mice Fecal Microbiota, Especially the Bifidobacterium Composition.",Nutrients,2018,10.3390/nu10081105,Mao B; Gu J; Li D; Cui S; Zhao J; Zhang H; Chen W,
30095376,https://pubmed.ncbi.nlm.nih.gov/30095376/,30095376,PMC6230872,true,,0,Disparate effects of antibiotics on hypertension.,Physiological genomics,2018,10.1152/physiolgenomics.00073.2018,Galla S; Chakraborty S; Cheng X; Yeo J; Mell B; Zhang H; Mathew AV; Vijay-Kumar M; Joe B,
30086347,https://pubmed.ncbi.nlm.nih.gov/30086347/,30086347,,false,,0,Monitoring and evaluation of the interaction between deoxynivalenol and gut microbiota in Wistar rats by mass spectrometry-based metabolomics and next-generation sequencing.,Food and chemical toxicology : an international journal published for the British Industrial Biological Research Association,2018,10.1016/j.fct.2018.08.006,Miró-Abella E; Torrell H; Herrero P; Canela N; Arola L; Borrull F; Ras R; Fontanals N,
30083467,https://pubmed.ncbi.nlm.nih.gov/30083467/,30083467,PMC6074759,true,PRJEB25441,1,Effect of a specific composition of short- and medium-chain fatty acid 1-Monoglycerides on growth performances and gut microbiota of gilthead sea bream (Sparus aurata).,PeerJ,2018,10.7717/peerj.5355,Rimoldi S; Gliozheni E; Ascione C; Gini E; Terova G,
30076897,https://pubmed.ncbi.nlm.nih.gov/30076897/,30076897,,false,,0,The impact of Clostridium butyricum MIYAIRI 588 on the murine gut microbiome and colonic tissue.,Anaerobe,2018,10.1016/j.anaerobe.2018.07.012,Hagihara M; Yamashita R; Matsumoto A; Mori T; Kuroki Y; Kudo H; Oka K; Takahashi M; Nonogaki T; Yamagishi Y; Mikamo H,
30074661,https://pubmed.ncbi.nlm.nih.gov/30074661/,30074661,,false,,0,Intestinal microbiota lipid metabolism varies across rainbow trout (Oncorhynchus mykiss) phylogeographic divide.,Journal of applied microbiology,2018,10.1111/jam.14059,Yildirimer CC; Brown KH,
30073560,https://pubmed.ncbi.nlm.nih.gov/30073560/,30073560,PMC6072643,true,SRP179020,1,Changes in feeding habits promoted the differentiation of the composition and function of gut microbiotas between domestic dogs (Canis lupus familiaris) and gray wolves (Canis lupus).,AMB Express,2018,10.1186/s13568-018-0652-x,Lyu T; Liu G; Zhang H; Wang L; Zhou S; Dou H; Pang B; Sha W; Zhang H,
30069307,https://pubmed.ncbi.nlm.nih.gov/30069307/,30069307,PMC6065057,true,SRP133974,1,The dynamics of the piglet gut microbiome during the weaning transition in association with health and nutrition.,Journal of animal science and biotechnology,2018,10.1186/s40104-018-0269-6,Guevarra RB; Hong SH; Cho JH; Kim BR; Shin J; Lee JH; Kang BN; Kim YH; Wattanaphansak S; Isaacson RE; Song M; Kim HB,
30066173,https://pubmed.ncbi.nlm.nih.gov/30066173/,30066173,,false,,0,Alterations in the Gut Microbiota of Rats Chronically Exposed to Volatilized Cocaine and Its Active Adulterants Caffeine and Phenacetin.,Neurotoxicity research,2019,10.1007/s12640-018-9936-9,Scorza C; Piccini C; Martínez Busi M; Abin Carriquiry JA; Zunino P,
30065719,https://pubmed.ncbi.nlm.nih.gov/30065719/,30065719,PMC6057110,true,PRJNA464414,1,Comparison of Microbiota in Patients Treated by Surgery or Chemotherapy by 16S rRNA Sequencing Reveals Potential Biomarkers for Colorectal Cancer Therapy.,Frontiers in microbiology,2018,10.3389/fmicb.2018.01607,Deng X; Li Z; Li G; Li B; Jin X; Lyu G,
30064352,https://pubmed.ncbi.nlm.nih.gov/30064352/,30064352,PMC6069880,true,PRJNA377666,1,Whole genome sequencing and function prediction of 133 gut anaerobes isolated from chicken caecum in pure cultures.,BMC genomics,2018,10.1186/s12864-018-4959-4,Medvecky M; Cejkova D; Polansky O; Karasova D; Kubasova T; Cizek A; Rychlik I,
30058657,https://pubmed.ncbi.nlm.nih.gov/30058657/,30058657,,false,,0,"Long-term effects of lysine concentration on growth performance, intestinal microbiome, and metabolic profiles in a pig model.",Food & function,2018,10.1039/c8fo00973b,Yin J; Li Y; Han H; Liu Z; Zeng X; Li T; Yin Y,
30026889,https://pubmed.ncbi.nlm.nih.gov/30026889/,30026889,PMC6047366,true,,0,Current Perspectives of the Chicken Gastrointestinal Tract and Its Microbiome.,Computational and structural biotechnology journal,2018,10.1016/j.csbj.2018.03.002,Borda-Molina D; Seifert J; Camarinha-Silva A,
30017197,https://pubmed.ncbi.nlm.nih.gov/30017197/,30017197,,false,,0,Metagenomic analysis revealed the effects of goat milk feeding and breast feeding on the gut microbiome of Amur tiger cubs.,Biochemical and biophysical research communications,2018,10.1016/j.bbrc.2018.07.020,He F; Liu D; Zhai J; Zhang L; Ma Y; Xu Y; Rong K; Ma J,
30016149,https://pubmed.ncbi.nlm.nih.gov/30016149/,30016149,PMC6293161,true,,0,Diabetes-associated alterations in the cecal microbiome and metabolome are independent of diet or environment in the UC Davis Type 2 Diabetes Mellitus Rat model.,American journal of physiology. Endocrinology and metabolism,2018,10.1152/ajpendo.00203.2018,Piccolo BD; Graham JL; Stanhope KL; Nookaew I; Mercer KE; Chintapalli SV; Wankhade UD; Shankar K; Havel PJ; Adams SH,
30013164,https://pubmed.ncbi.nlm.nih.gov/30013164/,30013164,PMC6193987,true,PRJNA261082,1,Metagenomics reveals functional synergy and novel polysaccharide utilization loci in the Castor canadensis fecal microbiome.,The ISME journal,2018,10.1038/s41396-018-0215-9,Armstrong Z; Mewis K; Liu F; Morgan-Lang C; Scofield M; Durno E; Chen HM; Mehr K; Withers SG; Hallam SJ,
30010734,https://pubmed.ncbi.nlm.nih.gov/30010734/,30010734,,false,,0,Faecal Microbiota Transplantation Reduces Susceptibility to Epithelial Injury and Modulates Tryptophan Metabolism of the Microbial Community in a Piglet Model.,Journal of Crohn's & colitis,2018,10.1093/ecco-jcc/jjy103,Geng S; Cheng S; Li Y; Wen Z; Ma X; Jiang X; Wang Y; Han X,
29995839,https://pubmed.ncbi.nlm.nih.gov/29995839/,29995839,PMC6461848,true,,0,Evolutionary trends in host physiology outweigh dietary niche in structuring primate gut microbiomes.,The ISME journal,2019,10.1038/s41396-018-0175-0,Amato KR; G Sanders J; Song SJ; Nute M; Metcalf JL; Thompson LR; Morton JT; Amir A; J McKenzie V; Humphrey G; Gogul G; Gaffney J; L Baden A; A O Britton G; P Cuozzo F; Di Fiore A; J Dominy N; L Goldberg T; Gomez A; Kowalewski MM; J Lewis R; Link A; L Sauther M; Tecot S; A White B; E Nelson K; M Stumpf R; Knight R; R Leigh S,
29988353,https://pubmed.ncbi.nlm.nih.gov/29988353/,29988353,PMC6023970,true,ERP107787,1,Exploratory Analysis of the Microbiological Potential for Efficient Utilization of Fiber Between Lantang and Duroc Pigs.,Frontiers in microbiology,2018,10.3389/fmicb.2018.01342,Cheng P; Wang Y; Liang J; Wu Y; Wright A; Liao X,
29984842,https://pubmed.ncbi.nlm.nih.gov/29984842/,29984842,,false,,0,The microbial reproductive ecology of white-faced capuchins (Cebus capucinus).,American journal of primatology,2018,10.1002/ajp.22896,Mallott EK; Amato KR,