input_raw,pubmed_url,pmid,pmcid,is_pmc_article,accessions,accession_count,title,journal,pub_year,doi,authors,error_message
29963641,https://pubmed.ncbi.nlm.nih.gov/29963641/,29963641,PMC6020475,true,PRJNA430956; PRJNA454115,2,Characterization of Wild and Captive Baboon Gut Microbiota and Their Antibiotic Resistomes.,mSystems,2018,10.1128/mSystems.00016-18,Tsukayama P; Boolchandani M; Patel S; Pehrsson EC; Gibson MK; Chiou KL; Jolly CJ; Rogers J; Phillips-Conroy JE; Dantas G,
29962963,https://pubmed.ncbi.nlm.nih.gov/29962963/,29962963,PMC6011188,true,PRJNA472839; SRP148837,2,Responses of Intestinal Mucosal Barrier Functions of Rats to Simulated Weightlessness.,Frontiers in physiology,2018,10.3389/fphys.2018.00729,Jin M; Zhang H; Zhao K; Xu C; Shao D; Huang Q; Shi J; Yang H,
29950381,https://pubmed.ncbi.nlm.nih.gov/29950381/,29950381,PMC6021602,true,PRJNA354635; PRJNA383577; PRJNA415307,3,Clostridium difficile Alters the Structure and Metabolism of Distinct Cecal Microbiomes during Initial Infection To Promote Sustained Colonization.,mSphere,2018,10.1128/mSphere.00261-18,Jenior ML; Leslie JL; Young VB; Schloss PD,
29914145,https://pubmed.ncbi.nlm.nih.gov/29914145/,29914145,PMC6027513,true,,0,Bacteriophages as New Human Viral Pathogens.,Microorganisms,2018,10.3390/microorganisms6020054,Tetz G; Tetz V,
29911322,https://pubmed.ncbi.nlm.nih.gov/29911322/,29911322,PMC6182564,true,PRJEB4391; PRJEB9357,2,Metagenomic insights into the roles of Proteobacteria in the gastrointestinal microbiomes of healthy dogs and cats.,MicrobiologyOpen,2018,10.1002/mbo3.677,Moon CD; Young W; Maclean PH; Cookson AL; Bermingham EN,
29907938,https://pubmed.ncbi.nlm.nih.gov/29907938/,29907938,,false,,0,Analysis of the Gut Microbial Diversity of Dairy Cows During Peak Lactation by PacBio Single-Molecule Real-Time (SMRT) Sequencing.,Current microbiology,2018,10.1007/s00284-018-1526-9,Li W; Hou Q; Wang Y; Ma H; Liu Y; Zhao F; Li J; Kwok LY; Yu J; Sun Z; Sun T,
29906260,https://pubmed.ncbi.nlm.nih.gov/29906260/,29906260,PMC6096940,true,,0,The comparative genomics of Bifidobacterium callitrichos reflects dietary carbohydrate utilization within the common marmoset gut.,Microbial genomics,2018,10.1099/mgen.0.000183,Albert K; Rani A; Sela DA,
29903041,https://pubmed.ncbi.nlm.nih.gov/29903041/,29903041,PMC6003035,true,PRJNA419985,1,Saturated long-chain fatty acid-producing bacteria contribute to enhanced colonic motility in rats.,Microbiome,2018,10.1186/s40168-018-0492-6,Zhao L; Huang Y; Lu L; Yang W; Huang T; Lin Z; Lin C; Kwan H; Wong HLX; Chen Y; Sun S; Xie X; Fang X; Yang H; Wang J; Zhu L; Bian Z,
29898983,https://pubmed.ncbi.nlm.nih.gov/29898983/,29898983,,false,,0,,,,,,Request failed: Bad control character in string literal in JSON at position 85 (line 1 column 86)
29878200,https://pubmed.ncbi.nlm.nih.gov/29878200/,29878200,,false,,0,Differential carbohydrate utilization and organic acid production by honey bee symbionts.,FEMS microbiology ecology,2018,10.1093/femsec/fiy113,Lee FJ; Miller KI; McKinlay JB; Newton ILG,
29875764,https://pubmed.ncbi.nlm.nih.gov/29875764/,29875764,PMC5974930,true,PRJNA329560,1,Comparison of Channel Catfish and Blue Catfish Gut Microbiota Assemblages Shows Minimal Effects of Host Genetics on Microbial Structure and Inferred Function.,Frontiers in microbiology,2018,10.3389/fmicb.2018.01073,Bledsoe JW; Waldbieser GC; Swanson KS; Peterson BC; Small BC,
29871482,https://pubmed.ncbi.nlm.nih.gov/29871482/,29871482,,false,,0,Alterations in the Gut ( Gallus gallus) Microbiota Following the Consumption of Zinc Biofortified Wheat ( Triticum aestivum)-Based Diet.,Journal of agricultural and food chemistry,2018,10.1021/acs.jafc.8b01481,Reed S; Knez M; Uzan A; Stangoulis JCR; Glahn RP; Koren O; Tako E,
29862448,https://pubmed.ncbi.nlm.nih.gov/29862448/,29862448,,false,,0,Diet simplification selects for high gut microbial diversity and strong fermenting ability in high-altitude pikas.,Applied microbiology and biotechnology,2018,10.1007/s00253-018-9097-z,Li H; Qu J; Li T; Wirth S; Zhang Y; Zhao X; Li X,
29802796,https://pubmed.ncbi.nlm.nih.gov/29802796/,29802796,,false,,0,Functional variation in the gut microbiome of wild Drosophila populations.,Molecular ecology,2018,10.1111/mec.14728,Bost A; Martinson VG; Franzenburg S; Adair KL; Albasi A; Wells MT; Douglas AE,
29802288,https://pubmed.ncbi.nlm.nih.gov/29802288/,29802288,PMC5970201,true,PRJNA381379,1,Network-guided genomic and metagenomic analysis of the faecal microbiota of the critically endangered kakapo.,Scientific reports,2018,10.1038/s41598-018-26484-4,Waite DW; Dsouza M; Sekiguchi Y; Hugenholtz P; Taylor MW,
29800328,https://pubmed.ncbi.nlm.nih.gov/29800328/,29800328,PMC6093748,true,,0,Differences in cecal microbiome of selected high and low feather-pecking laying hens.,Poultry science,2018,10.3382/ps/pey167,Birkl P; Bharwani A; Kjaer JB; Kunze W; McBride P; Forsythe P; Harlander-Matauschek A,
29794055,https://pubmed.ncbi.nlm.nih.gov/29794055/,29794055,PMC5967196,true,,0,Genetic Variation of the SusC/SusD Homologs from a Polysaccharide Utilization Locus Underlies Divergent Fructan Specificities and Functional Adaptation in Bacteroides thetaiotaomicron Strains.,mSphere,2018,10.1128/mSphereDirect.00185-18,Joglekar P; Sonnenburg ED; Higginbottom SK; Earle KA; Morland C; Shapiro-Ward S; Bolam DN; Sonnenburg JL,
29790949,https://pubmed.ncbi.nlm.nih.gov/29790949/,29790949,PMC6095273,true,,0,Fecal microbiota composition changes after a BW loss diet in Beagle dogs.,Journal of animal science,2018,10.1093/jas/sky193,Salas-Mani A; Jeusette I; Castillo I; Manuelian CL; Lionnet C; Iraculis N; Sanchez N; Fernández S; Vilaseca L; Torre C,
29789027,https://pubmed.ncbi.nlm.nih.gov/29789027/,29789027,,false,,0,Ethanolamine enhances intestinal functions by altering gut microbiome and mucosal anti-stress capacity in weaned rats.,The British journal of nutrition,2018,10.1017/S0007114518001101,Zhou J; Xiong X; Wang KX; Zou LJ; Ji P; Yin YL,
29780377,https://pubmed.ncbi.nlm.nih.gov/29780377/,29780377,PMC5946678,true,,0,The Gut Microbiota of Marine Fish.,Frontiers in microbiology,2018,10.3389/fmicb.2018.00873,Egerton S; Culloty S; Whooley J; Stanton C; Ross RP,
29778183,https://pubmed.ncbi.nlm.nih.gov/29778183/,29778183,,false,,0,High genetic diversity of extended-spectrum β-lactamases producing Escherichia coli in feces of horses.,Veterinary microbiology,2018,10.1016/j.vetmic.2018.04.016,Sadikalay S; Reynaud Y; Guyomard-Rabenirina S; Falord M; Ducat C; Fabre L; Le Hello S; Talarmin A; Ferdinand S,
29773876,https://pubmed.ncbi.nlm.nih.gov/29773876/,29773876,PMC5958136,true,PRJNA393762; SRP111505,2,Early Salmonella Typhimurium infection in pigs disrupts Microbiome composition and functionality principally at the ileum mucosa.,Scientific reports,2018,10.1038/s41598-018-26083-3,Argüello H; Estellé J; Zaldívar-López S; Jiménez-Marín Á; Carvajal A; López-Bascón MA; Crispie F; O'Sullivan O; Cotter PD; Priego-Capote F; Morera L; Garrido JJ,
29765359,https://pubmed.ncbi.nlm.nih.gov/29765359/,29765359,PMC5938605,true,PRJNA428973,1,"Comparing Microbiome Sampling Methods in a Wild Mammal: Fecal and Intestinal Samples Record Different Signals of Host Ecology, Evolution.",Frontiers in microbiology,2018,10.3389/fmicb.2018.00803,Ingala MR; Simmons NB; Wultsch C; Krampis K; Speer KA; Perkins SL,
29762899,https://pubmed.ncbi.nlm.nih.gov/29762899/,29762899,,false,,0,Metagenomics Analysis of Gut Microbiota in a High Fat Diet-Induced Obesity Mouse Model Fed with (-)-Epigallocatechin 3-O-(3-O-Methyl) Gallate (EGCG3″Me).,Molecular nutrition & food research,2018,10.1002/mnfr.201800274,Zhang X; Chen Y; Zhu J; Zhang M; Ho CT; Huang Q; Cao J,
29739469,https://pubmed.ncbi.nlm.nih.gov/29739469/,29739469,PMC5941335,true,,0,Biomarkers for monitoring intestinal health in poultry: present status and future perspectives.,Veterinary research,2018,10.1186/s13567-018-0538-6,Ducatelle R; Goossens E; De Meyer F; Eeckhaut V; Antonissen G; Haesebrouck F; Van Immerseel F,
29729565,https://pubmed.ncbi.nlm.nih.gov/29729565/,29729565,,false,,0,Acute exposure to PBDEs at an environmentally realistic concentration causes abrupt changes in the gut microbiota and host health of zebrafish.,"Environmental pollution (Barking, Essex : 1987)",2018,10.1016/j.envpol.2018.04.062,Chen L; Hu C; Lok-Shun Lai N; Zhang W; Hua J; Lam PKS; Lam JCW; Zhou B,
29719871,https://pubmed.ncbi.nlm.nih.gov/29719871/,29719871,PMC5915698,true,PRJEB20054,1,A Prospective Metagenomic and Metabolomic Analysis of the Impact of Exercise and/or Whey Protein Supplementation on the Gut Microbiome of Sedentary Adults.,mSystems,2018,10.1128/mSystems.00044-18,Cronin O; Barton W; Skuse P; Penney NC; Garcia-Perez I; Murphy EF; Woods T; Nugent H; Fanning A; Melgar S; Falvey EC; Holmes E; Cotter PD; O'Sullivan O; Molloy MG; Shanahan F,
29705422,https://pubmed.ncbi.nlm.nih.gov/29705422/,29705422,,false,,0,Influence of Bactrian camel milk on the gut microbiota.,Journal of dairy science,2018,10.3168/jds.2017-13860,Wang Z; Zhang W; Wang B; Zhang F; Shao Y,
29692798,https://pubmed.ncbi.nlm.nih.gov/29692798/,29692798,PMC5902703,true,PRJNA46305; PRJNA48475,2,The Presence of Genotoxic and/or Pro-inflammatory Bacterial Genes in Gut Metagenomic Databases and Their Possible Link With Inflammatory Bowel Diseases.,Frontiers in genetics,2018,10.3389/fgene.2018.00116,Roche-Lima A; Carrasquillo-Carrión K; Gómez-Moreno R; Cruz JM; Velázquez-Morales DM; Rogozin IB; Baerga-Ortiz A,
29692770,https://pubmed.ncbi.nlm.nih.gov/29692770/,29692770,PMC5902571,true,PRJNA342544,1,Modulation of Active Gut Microbiota by Lactobacillus rhamnosus GG in a Diet Induced Obesity Murine Model.,Frontiers in microbiology,2018,10.3389/fmicb.2018.00710,Ji Y; Park S; Park H; Hwang E; Shin H; Pot B; Holzapfel WH,
29691748,https://pubmed.ncbi.nlm.nih.gov/29691748/,29691748,,false,,0,Intestinal microbiome of broiler chickens after use of nanoparticles and metal salts.,Environmental science and pollution research international,2018,10.1007/s11356-018-1991-5,Yausheva Е; Miroshnikov S; Sizova Е,
29689301,https://pubmed.ncbi.nlm.nih.gov/29689301/,29689301,,false,,0,Distinct consequences of amoxicillin and ertapenem exposure in the porcine gut microbiome.,Anaerobe,2018,10.1016/j.anaerobe.2018.04.012,Connelly S; Subramanian P; Hasan NA; Colwell RR; Kaleko M,
29686603,https://pubmed.ncbi.nlm.nih.gov/29686603/,29686603,PMC5900047,true,,0,"Indole, a Signaling Molecule Produced by the Gut Microbiota, Negatively Impacts Emotional Behaviors in Rats.",Frontiers in neuroscience,2018,10.3389/fnins.2018.00216,Jaglin M; Rhimi M; Philippe C; Pons N; Bruneau A; Goustard B; Daugé V; Maguin E; Naudon L; Rabot S,
29682427,https://pubmed.ncbi.nlm.nih.gov/29682427/,29682427,PMC5907781,true,,0,Natural history bycatch: a pipeline for identifying metagenomic sequences in RADseq data.,PeerJ,2018,10.7717/peerj.4662,Holmes I; Davis Rabosky AR,
29670191,https://pubmed.ncbi.nlm.nih.gov/29670191/,29670191,PMC5906603,true,PRJNA389470,1,Fecal microbiota transplantation reverses antibiotic and chemotherapy-induced gut dysbiosis in mice.,Scientific reports,2018,10.1038/s41598-018-24342-x,Le Bastard Q; Ward T; Sidiropoulos D; Hillmann BM; Chun CL; Sadowsky MJ; Knights D; Montassier E,
29651010,https://pubmed.ncbi.nlm.nih.gov/29651010/,29651010,PMC5897541,true,,0,"Dietary supplementation with flaxseed meal and oat hulls modulates intestinal histomorphometric characteristics, digesta- and mucosa-associated microbiota in pigs.",Scientific reports,2018,10.1038/s41598-018-24043-5,Ndou SP; Tun HM; Kiarie E; Walsh MC; Khafipour E; Nyachoti CM,
29633335,https://pubmed.ncbi.nlm.nih.gov/29633335/,29633335,,false,,0,Altered fecal microbiota composition in all male aggressor-exposed rodent model simulating features of post-traumatic stress disorder.,Journal of neuroscience research,2018,10.1002/jnr.24229,Gautam A; Kumar R; Chakraborty N; Muhie S; Hoke A; Hammamieh R; Jett M,
29629413,https://pubmed.ncbi.nlm.nih.gov/29629413/,29629413,PMC5881020,true,,0,Role of the Gut Microbiome in Vertebrate Evolution.,mSystems,2018,10.1128/mSystems.00174-17,Sharpton TJ,
29624164,https://pubmed.ncbi.nlm.nih.gov/29624164/,29624164,,false,,0,"Campylobacter blaseri sp. nov., isolated from common seals (Phoca vitulina).",International journal of systematic and evolutionary microbiology,2018,10.1099/ijsem.0.002742,Gilbert MJ; Zomer AL; Timmerman AJ; Spaninks MP; Rubio-García A; Rossen JW; Duim B; Wagenaar JA,
29621980,https://pubmed.ncbi.nlm.nih.gov/29621980/,29621980,PMC5887201,true,PRJNA317339,1,Modulations in the offspring gut microbiome are refractory to postnatal synbiotic supplementation among juvenile primates.,BMC microbiology,2018,10.1186/s12866-018-1169-9,Pace RM; Prince AL; Ma J; Belfort BDW; Harvey AS; Hu M; Baquero K; Blundell P; Takahashi D; Dean T; Kievit P; Sullivan EL; Friedman JE; Grove K; Aagaard KM,
29601586,https://pubmed.ncbi.nlm.nih.gov/29601586/,29601586,PMC5877837,true,,0,Two new gene clusters involved in the degradation of plant cell wall from the fecal microbiota of Tunisian dromedary.,PloS one,2018,10.1371/journal.pone.0194621,Ameri R; Laville E; Potocki-Véronèse G; Trabelsi S; Mezghani M; Elgharbi F; Bejar S,
29587819,https://pubmed.ncbi.nlm.nih.gov/29587819/,29587819,PMC5870067,true,PRJEB22905,1,Diverse laboratory colonies of Aedes aegypti harbor the same adult midgut bacterial microbiome.,Parasites & vectors,2018,10.1186/s13071-018-2780-1,Dickson LB; Ghozlane A; Volant S; Bouchier C; Ma L; Vega-Rúa A; Dusfour I; Jiolle D; Paupy C; Mayanja MN; Kohl A; Lutwama JJ; Duong V; Lambrechts L,
29577121,https://pubmed.ncbi.nlm.nih.gov/29577121/,29577121,,false,,0,Evaluation of the nutrition and function of cow and goat milk based on intestinal microbiota by metagenomic analysis.,Food & function,2018,10.1039/c7fo01780d,Wang Z; Jiang S; Ma C; Huo D; Peng Q; Shao Y; Zhang J,
29540269,https://pubmed.ncbi.nlm.nih.gov/29540269/,29540269,,false,,0,"Adverse effect of early-life high-fat/high-carbohydrate (""Western"") diet on bacterial community in the distal bowel of mice.","Nutrition research (New York, N.Y.)",2018,10.1016/j.nutres.2017.11.008,Villamil SI; Huerlimann R; Morianos C; Sarnyai Z; Maes GE,
29539590,https://pubmed.ncbi.nlm.nih.gov/29539590/,29539590,,false,,0,"Fructose liquid and solid formulations differently affect gut integrity, microbiota composition and related liver toxicity: a comparative in vivo study.",The Journal of nutritional biochemistry,2018,10.1016/j.jnutbio.2018.02.003,Mastrocola R; Ferrocino I; Liberto E; Chiazza F; Cento AS; Collotta D; Querio G; Nigro D; Bitonto V; Cutrin JC; Rantsiou K; Durante M; Masini E; Aragno M; Cordero C; Cocolin L; Collino M,
29528548,https://pubmed.ncbi.nlm.nih.gov/29528548/,29528548,,false,,0,Adaptive evolution to a high purine and fat diet of carnivorans revealed by gut microbiomes and host genomes.,Environmental microbiology,2018,10.1111/1462-2920.14096,Zhu L; Wu Q; Deng C; Zhang M; Zhang C; Chen H; Lu G; Wei F,
29520598,https://pubmed.ncbi.nlm.nih.gov/29520598/,29520598,,false,,0,"Community composition, diversity, and metabolism of intestinal microbiota in cultivated European eel (Anguilla anguilla).",Applied microbiology and biotechnology,2018,10.1007/s00253-018-8885-9,Huang W; Cheng Z; Lei S; Liu L; Lv X; Chen L; Wu M; Wang C; Tian B; Song Y,
29511180,https://pubmed.ncbi.nlm.nih.gov/29511180/,29511180,PMC5840417,true,,0,Herbivorous turtle ants obtain essential nutrients from a conserved nitrogen-recycling gut microbiome.,Nature communications,2018,10.1038/s41467-018-03357-y,Hu Y; Sanders JG; Łukasik P; D'Amelio CL; Millar JS; Vann DR; Lan Y; Newton JA; Schotanus M; Kronauer DJC; Pierce NE; Moreau CS; Wertz JT; Engel P; Russell JA,
29503636,https://pubmed.ncbi.nlm.nih.gov/29503636/,29503636,PMC5820910,true,PRJNA407583,1,Metagenomic Study Suggests That the Gut Microbiota of the Giant Panda (Ailuropoda melanoleuca) May Not Be Specialized for Fiber Fermentation.,Frontiers in microbiology,2018,10.3389/fmicb.2018.00229,Guo W; Mishra S; Zhao J; Tang J; Zeng B; Kong F; Ning R; Li M; Zhang H; Zeng Y; Tian Y; Zhong Y; Luo H; Liu Y; Yang J; Yang M; Zhang M; Li Y; Ni Q; Li C; Wang C; Li D; Zhang H; Zuo Z; Li Y,
29494510,https://pubmed.ncbi.nlm.nih.gov/29494510/,29494510,PMC5867854,true,,0,Functional Anthocyanin-Rich Sausages Diminish Colorectal Cancer in an Animal Model and Reduce Pro-Inflammatory Bacteria in the Intestinal Microbiota.,Genes,2018,10.3390/genes9030133,Fernández J; García L; Monte J; Villar CJ; Lombó F,
29487856,https://pubmed.ncbi.nlm.nih.gov/29487856/,29487856,PMC5816941,true,,0,"Effect of Feeding Bacillus subtilis Spores to Broilers Challenged with Salmonella enterica serovar Heidelberg Brazilian Strain UFPR1 on Performance, Immune Response, and Gut Health.",Frontiers in veterinary science,2018,10.3389/fvets.2018.00013,Hayashi RM; Lourenço MC; Kraieski AL; Araujo RB; Gonzalez-Esquerra R; Leonardecz E; da Cunha AF; Carazzolle MF; Monzani PS; Santin E,
29469169,https://pubmed.ncbi.nlm.nih.gov/29469169/,29469169,,false,,0,Alimentary microbes of winter-form Drosophila suzukii.,Insect molecular biology,2018,10.1111/imb.12377,Fountain MT; Bennett J; Cobo-Medina M; Conde Ruiz R; Deakin G; Delgado A; Harrison R; Harrison N,
29465338,https://pubmed.ncbi.nlm.nih.gov/29465338/,29465338,,false,,0,"Virgibacillus phasianinus sp. nov., a halophilic bacterium isolated from faeces of a Swinhoe's pheasant, Lophura swinhoii.",International journal of systematic and evolutionary microbiology,2018,10.1099/ijsem.0.002650,Tak EJ; Kim HS; Lee JY; Kang W; Sung H; Kim PS; Hyun DW; Shin NR; Roh JR; Park SD; Shim HE; Bae JW,
29459707,https://pubmed.ncbi.nlm.nih.gov/29459707/,29459707,PMC5868727,true,PRJNA414273; PRJNA415003,2,Hologenomic adaptations underlying the evolution of sanguivory in the common vampire bat.,Nature ecology & evolution,2018,10.1038/s41559-018-0476-8,Zepeda Mendoza ML; Xiong Z; Escalera-Zamudio M; Runge AK; Thézé J; Streicker D; Frank HK; Loza-Rubio E; Liu S; Ryder OA; Samaniego Castruita JA; Katzourakis A; Pacheco G; Taboada B; Löber U; Pybus OG; Li Y; Rojas-Anaya E; Bohmann K; Carmona Baez A; Arias CF; Liu S; Greenwood AD; Bertelsen MF; White NE; Bunce M; Zhang G; Sicheritz-Pontén T; Gilbert MPT,
29454999,https://pubmed.ncbi.nlm.nih.gov/29454999/,29454999,PMC6022747,true,,0,Long-term treatment with green tea polyphenols modifies the gut microbiome of female sprague-dawley rats.,The Journal of nutritional biochemistry,2018,10.1016/j.jnutbio.2018.01.005,Wang J; Tang L; Zhou H; Zhou J; Glenn TC; Shen CL; Wang JS,
29439741,https://pubmed.ncbi.nlm.nih.gov/29439741/,29439741,PMC5811963,true,SRP091637; SRP091694,2,Antibiotic-mediated changes in the fecal microbiome of broiler chickens define the incidence of antibiotic resistance genes.,Microbiome,2018,10.1186/s40168-018-0419-2,Xiong W; Wang Y; Sun Y; Ma L; Zeng Q; Jiang X; Li A; Zeng Z; Zhang T,
29427518,https://pubmed.ncbi.nlm.nih.gov/29427518/,29427518,,false,,0,Multi-omics approach to elucidate the gut microbiota activity: Metaproteomics and metagenomics connection.,Electrophoresis,2018,10.1002/elps.201700476,Guirro M; Costa A; Gual-Grau A; Mayneris-Perxachs J; Torrell H; Herrero P; Canela N; Arola L,
29416567,https://pubmed.ncbi.nlm.nih.gov/29416567/,29416567,PMC5785832,true,,0,"Involvement of gut microbiome in human health and disease: brief overview, knowledge gaps and research opportunities.",Gut pathogens,2018,10.1186/s13099-018-0230-4,Liang D; Leung RK; Guan W; Au WW,
29416123,https://pubmed.ncbi.nlm.nih.gov/29416123/,29416123,PMC5864201,true,,0,Lysogeny is prevalent and widely distributed in the murine gut microbiota.,The ISME journal,2018,10.1038/s41396-018-0061-9,Kim MS; Bae JW,
29415902,https://pubmed.ncbi.nlm.nih.gov/29415902/,29415902,PMC5880823,true,,0,Influence of changes in the intestinal microflora on the immune function in mice.,The Journal of veterinary medical science,2018,10.1292/jvms.17-0485,Kishida S; Kato-Mori Y; Hagiwara K,
29380873,https://pubmed.ncbi.nlm.nih.gov/29380873/,29380873,,false,,0,Annotation of gut bacterial taxonomic and functional diversity in Spodoptera litura and Spilosoma obliqua.,Journal of basic microbiology,2018,10.1002/jobm.201700462,Bapatla KG; Singh A; Yeddula S; Patil RH,
29375532,https://pubmed.ncbi.nlm.nih.gov/29375532/,29375532,PMC5768659,true,PRJNA279212,1,Composition and Functional Specialists of the Gut Microbiota of Frogs Reflect Habitat Differences and Agricultural Activity.,Frontiers in microbiology,2017,10.3389/fmicb.2017.02670,Huang BH; Chang CW; Huang CW; Gao J; Liao PC,
29363671,https://pubmed.ncbi.nlm.nih.gov/29363671/,29363671,PMC6131112,true,,0,Intestinal epithelial Toll-like receptor 4 prevents metabolic syndrome by regulating interactions between microbes and intestinal epithelial cells in mice.,Mucosal immunology,2018,10.1038/mi.2017.114,Lu P; Sodhi CP; Yamaguchi Y; Jia H; Prindle T Jr; Fulton WB; Vikram A; Bibby KJ; Morowitz MJ; Hackam DJ,
29356515,https://pubmed.ncbi.nlm.nih.gov/29356515/,29356515,,false,,0,Dysregulation of Intestinal Health by Environmental Pollutants: Involvement of the Estrogen Receptor and Aryl Hydrocarbon Receptor.,Environmental science & technology,2018,10.1021/acs.est.7b06322,Chen L; Zhang W; Hua J; Hu C; Lok-Shun Lai N; Qian PY; Lam PKS; Lam JCW; Zhou B,
29354108,https://pubmed.ncbi.nlm.nih.gov/29354108/,29354108,PMC5758534,true,PRJNA267179,1,"Functional Characteristics of the Flying Squirrel's Cecal Microbiota under a Leaf-Based Diet, Based on Multiple Meta-Omic Profiling.",Frontiers in microbiology,2017,10.3389/fmicb.2017.02622,Lu HP; Liu PY; Wang YB; Hsieh JF; Ho HC; Huang SW; Lin CY; Hsieh CH; Yu HT,
29328543,https://pubmed.ncbi.nlm.nih.gov/29328543/,29328543,,false,,0,The Sarda Sheep Host Fecal Proteome.,Proteomics,2018,10.1002/pmic.201700272,Palomba A; Tanca A; Addis MF; Pagnozzi D; Uzzau S,
29317592,https://pubmed.ncbi.nlm.nih.gov/29317592/,29317592,PMC5802560,true,,0,Gut microbiome populations are associated with structure-specific changes in white matter architecture.,Translational psychiatry,2018,10.1038/s41398-017-0022-5,Ong IM; Gonzalez JG; McIlwain SJ; Sawin EA; Schoen AJ; Adluru N; Alexander AL; Yu JJ,
29311457,https://pubmed.ncbi.nlm.nih.gov/29311457/,29311457,,false,,0,[Intestinal Microbiota in Migrating Barn Swallows around Osaka].,Yakugaku zasshi : Journal of the Pharmaceutical Society of Japan,2018,10.1248/yakushi.17-00148,Kenzaka T; Kataoka K; Fujimitsu T; Tani K,
29301569,https://pubmed.ncbi.nlm.nih.gov/29301569/,29301569,PMC5755158,true,,0,Host contributes to longitudinal diversity of fecal microbiota in swine selected for lean growth.,Microbiome,2018,10.1186/s40168-017-0384-1,Lu D; Tiezzi F; Schillebeeckx C; McNulty NP; Schwab C; Shull C; Maltecca C,
29282825,https://pubmed.ncbi.nlm.nih.gov/29282825/,29282825,,false,,0,Inclusion of Bacillus amyloliquefaciens strain TOA5001 in the diet of broilers suppresses the symptoms of coccidiosis by modulating intestinal microbiota.,Animal science journal = Nihon chikusan Gakkaiho,2018,10.1111/asj.12980,Tsukahara T; Inoue R; Nakayama K; Inatomi T,
29281673,https://pubmed.ncbi.nlm.nih.gov/29281673/,29281673,PMC5744928,true,SRP115632; SRP115643,2,Taxonomic differences of gut microbiomes drive cellulolytic enzymatic potential within hind-gut fermenting mammals.,PloS one,2017,10.1371/journal.pone.0189404,Finlayson-Trick ECL; Getz LJ; Slaine PD; Thornbury M; Lamoureux E; Cook J; Langille MGI; Murray LE; McCormick C; Rohde JR; Cheng Z,
29275129,https://pubmed.ncbi.nlm.nih.gov/29275129/,29275129,,false,,0,Dysbiosis of the fecal microbiota in feedlot cattle with hemorrhagic diarrhea.,Microbial pathogenesis,2018,10.1016/j.micpath.2017.12.059,Zeineldin M; Aldridge B; Lowe J,
29270447,https://pubmed.ncbi.nlm.nih.gov/29270447/,29270447,PMC5734700,true,,0,The metagenome of Caracolus marginella gut microbiome using culture independent approaches and shotgun sequencing.,Data in brief,2018,10.1016/j.dib.2017.11.043,Rabelo-Fernandez RJ; Santiago-Morales K; Morales-Vale L; Rios-Velazquez C,
31304250,https://pubmed.ncbi.nlm.nih.gov/31304250/,31304250,PMC6550245,true,,0,Food-grade cationic antimicrobial ε-polylysine transiently alters the gut microbial community and predicted metagenome function in CD-1 mice.,NPJ science of food,2017,10.1038/s41538-017-0006-0,You X; Einson JE; Lopez-Pena CL; Song M; Xiao H; McClements DJ; Sela DA,
29201150,https://pubmed.ncbi.nlm.nih.gov/29201150/,29201150,PMC5697093,true,,0,Differences in the gut microbiota of dogs (Canis lupus familiaris) fed a natural diet or a commercial feed revealed by the Illumina MiSeq platform.,Gut pathogens,2017,10.1186/s13099-017-0218-5,Kim J; An JU; Kim W; Lee S; Cho S,
29198875,https://pubmed.ncbi.nlm.nih.gov/29198875/,29198875,,false,,0,Gancao-Gansui combination impacts gut microbiota diversity and related metabolic functions.,Journal of ethnopharmacology,2018,10.1016/j.jep.2017.11.031,Yu J; Guo J; Tao W; Liu P; Shang E; Zhu Z; Fan X; Shen J; Hua Y; Zhu KY; Tang Y; Duan JA,
33525770,https://pubmed.ncbi.nlm.nih.gov/33525770/,33525770,,false,,0,In vitro models of the human microbiota and microbiome.,Emerging topics in life sciences,2017,10.1042/ETLS20170045,McDonald JAK,
29182421,https://pubmed.ncbi.nlm.nih.gov/29182421/,29182421,PMC6219591,true,,0,Feeding strategy shapes gut metagenomic enrichment and functional specialization in captive lemurs.,Gut microbes,2018,10.1080/19490976.2017.1408762,McKenney EA; O'Connell TM; Rodrigo A; Yoder AD,
29171095,https://pubmed.ncbi.nlm.nih.gov/29171095/,29171095,PMC5787212,true,,0,The Gastrointestinal Microbiome: A Review.,Journal of veterinary internal medicine,2018,10.1111/jvim.14875,Barko PC; McMichael MA; Swanson KS; Williams DA,
29167663,https://pubmed.ncbi.nlm.nih.gov/29167663/,29167663,PMC5682323,true,PRJEB21599,1,Metagenomic Analysis of the Gut Microbiome of the Common Black Slug Arion ater in Search of Novel Lignocellulose Degrading Enzymes.,Frontiers in microbiology,2017,10.3389/fmicb.2017.02181,Joynson R; Pritchard L; Osemwekha E; Ferry N,
29159825,https://pubmed.ncbi.nlm.nih.gov/29159825/,29159825,PMC5962369,true,PRJNA89097; SRP100462,2,Modulation of the intestinal bile acid/farnesoid X receptor/fibroblast growth factor 15 axis improves alcoholic liver disease in mice.,"Hepatology (Baltimore, Md.)",2018,10.1002/hep.29676,Hartmann P; Hochrath K; Horvath A; Chen P; Seebauer CT; Llorente C; Wang L; Alnouti Y; Fouts DE; Stärkel P; Loomba R; Coulter S; Liddle C; Yu RT; Ling L; Rossi SJ; DePaoli AM; Downes M; Evans RM; Brenner DA; Schnabl B,
29142285,https://pubmed.ncbi.nlm.nih.gov/29142285/,29142285,PMC5688117,true,SRP124301,1,Blockade of CB1 cannabinoid receptor alters gut microbiota and attenuates inflammation and diet-induced obesity.,Scientific reports,2017,10.1038/s41598-017-15154-6,Mehrpouya-Bahrami P; Chitrala KN; Ganewatta MS; Tang C; Murphy EA; Enos RT; Velazquez KT; McCellan J; Nagarkatti M; Nagarkatti P,
29124770,https://pubmed.ncbi.nlm.nih.gov/29124770/,29124770,,false,,0,Characterization of the gut microbiota in early life stages of pikeperch Sander lucioperca.,Journal of fish biology,2018,10.1111/jfb.13496,Dulski T; Zakęś Z; Ciesielski S,
29123512,https://pubmed.ncbi.nlm.nih.gov/29123512/,29123512,PMC5662582,true,,0,Alternative Growth Promoters Modulate Broiler Gut Microbiome and Enhance Body Weight Gain.,Frontiers in microbiology,2017,10.3389/fmicb.2017.02088,Salaheen S; Kim SW; Haley BJ; Van Kessel JAS; Biswas D,
29112136,https://pubmed.ncbi.nlm.nih.gov/29112136/,29112136,PMC5704223,true,,0,Gut Microbiome and Putative Resistome of Inca and Italian Nobility Mummies.,Genes,2017,10.3390/genes8110310,Santiago-Rodriguez TM; Fornaciari G; Luciani S; Toranzos GA; Marota I; Giuffra V; Cano RJ,
29101024,https://pubmed.ncbi.nlm.nih.gov/29101024/,29101024,,false,,0,An integrative study on biologically recovered polyhydroxyalkanoates (PHAs) and simultaneous assessment of gut microbiome in yellow mealworm.,Journal of biotechnology,2018,10.1016/j.jbiotec.2017.10.017,Ong SY; Kho HP; Riedel SL; Kim SW; Gan CY; Taylor TD; Sudesh K,
29097220,https://pubmed.ncbi.nlm.nih.gov/29097220/,29097220,,false,,0,The organophosphate malathion disturbs gut microbiome development and the quorum-Sensing system.,Toxicology letters,2018,10.1016/j.toxlet.2017.10.023,Gao B; Chi L; Tu P; Bian X; Thomas J; Ru H; Lu K,
29087008,https://pubmed.ncbi.nlm.nih.gov/29087008/,29087008,,false,,0,Geographically widespread honeybee-gut symbiont subgroups show locally distinct antibiotic-resistant patterns.,Molecular ecology,2017,10.1111/mec.14392,Ludvigsen J; Porcellato D; L'Abée-Lund TM; Amdam GV; Rudi K,
29081768,https://pubmed.ncbi.nlm.nih.gov/29081768/,29081768,PMC5645538,true,ERP000133; PRJEB19895,2,"Diet, Environments, and Gut Microbiota. A Preliminary Investigation in Children Living in Rural and Urban Burkina Faso and Italy.",Frontiers in microbiology,2017,10.3389/fmicb.2017.01979,De Filippo C; Di Paola M; Ramazzotti M; Albanese D; Pieraccini G; Banci E; Miglietta F; Cavalieri D; Lionetti P,
29038461,https://pubmed.ncbi.nlm.nih.gov/29038461/,29038461,PMC5643525,true,,0,The Bacteroidales produce an N-acylated derivative of glycine with both cholesterol-solubilising and hemolytic activity.,Scientific reports,2017,10.1038/s41598-017-13774-6,Lynch A; Crowley E; Casey E; Cano R; Shanahan R; McGlacken G; Marchesi JR; Clarke DJ,
29018423,https://pubmed.ncbi.nlm.nih.gov/29018423/,29018423,PMC5622978,true,,0,The Microbiome of Seriola lalandi of Wild and Aquaculture Origin Reveals Differences in Composition and Potential Function.,Frontiers in microbiology,2017,10.3389/fmicb.2017.01844,Ramírez C; Romero J,
28973555,https://pubmed.ncbi.nlm.nih.gov/28973555/,28973555,PMC5837326,true,,0,The Effects of an Environmentally Relevant Level of Arsenic on the Gut Microbiome and Its Functional Metagenome.,Toxicological sciences : an official journal of the Society of Toxicology,2017,10.1093/toxsci/kfx174,Chi L; Bian X; Gao B; Tu P; Ru H; Lu K,
28968517,https://pubmed.ncbi.nlm.nih.gov/28968517/,28968517,,false,,0,Probiotics modulate gut microbiota and improve insulin sensitivity in DIO mice.,The Journal of nutritional biochemistry,2017,10.1016/j.jnutbio.2017.08.006,Bagarolli RA; Tobar N; Oliveira AG; Araújo TG; Carvalho BM; Rocha GZ; Vecina JF; Calisto K; Guadagnini D; Prada PO; Santos A; Saad STO; Saad MJA,
28947833,https://pubmed.ncbi.nlm.nih.gov/28947833/,28947833,PMC5612972,true,PRJNA390551,1,Metagenomic characterization of the effect of feed additives on the gut microbiome and antibiotic resistome of feedlot cattle.,Scientific reports,2017,10.1038/s41598-017-12481-6,Thomas M; Webb M; Ghimire S; Blair A; Olson K; Fenske GJ; Fonder AT; Christopher-Hennings J; Brake D; Scaria J,
28904137,https://pubmed.ncbi.nlm.nih.gov/28904137/,28904137,PMC5597826,true,,0,Seasonal variation in nutrient utilization shapes gut microbiome structure and function in wild giant pandas.,Proceedings. Biological sciences,2017,10.1098/rspb.2017.0955,Wu Q; Wang X; Ding Y; Hu Y; Nie Y; Wei W; Ma S; Yan L; Zhu L; Wei F,
28891744,https://pubmed.ncbi.nlm.nih.gov/28891744/,28891744,PMC5989789,true,,0,Caloric restriction promotes rapid expansion and long-lasting increase of Lactobacillus in the rat fecal microbiota.,Gut microbes,2018,10.1080/19490976.2017.1371894,Fraumene C; Manghina V; Cadoni E; Marongiu F; Abbondio M; Serra M; Palomba A; Tanca A; Laconi E; Uzzau S,
28887494,https://pubmed.ncbi.nlm.nih.gov/28887494/,28887494,PMC5591296,true,,0,Sulfonolipids as novel metabolite markers of Alistipes and Odoribacter affected by high-fat diets.,Scientific reports,2017,10.1038/s41598-017-10369-z,Walker A; Pfitzner B; Harir M; Schaubeck M; Calasan J; Heinzmann SS; Turaev D; Rattei T; Endesfelder D; Castell WZ; Haller D; Schmid M; Hartmann A; Schmitt-Kopplin P,
28849048,https://pubmed.ncbi.nlm.nih.gov/28849048/,28849048,PMC5865777,true,,0,Lactobacillus plantarum LP‑Onlly alters the gut flora and attenuates colitis by inducing microbiome alteration in interleukin‑10 knockout mice.,Molecular medicine reports,2017,10.3892/mmr.2017.7351,Chen H; Xia Y; Zhu S; Yang J; Yao J; Di J; Liang Y; Gao R; Wu W; Yang Y; Shi C; Hu D; Qin H; Wang Z,
28848539,https://pubmed.ncbi.nlm.nih.gov/28848539/,28848539,PMC5554500,true,SRP108960,1,Metagenomic Analysis of Cecal Microbiome Identified Microbiota and Functional Capacities Associated with Feed Efficiency in Landrace Finishing Pigs.,Frontiers in microbiology,2017,10.3389/fmicb.2017.01546,Tan Z; Yang T; Wang Y; Xing K; Zhang F; Zhao X; Ao H; Chen S; Liu J; Wang C,
28841911,https://pubmed.ncbi.nlm.nih.gov/28841911/,28841911,PMC5574159,true,,0,Blood as a route of transmission of uterine pathogens from the gut to the uterus in cows.,Microbiome,2017,10.1186/s40168-017-0328-9,Jeon SJ; Cunha F; Vieira-Neto A; Bicalho RC; Lima S; Bicalho ML; Galvão KN,
28833934,https://pubmed.ncbi.nlm.nih.gov/28833934/,28833934,,false,,0,Characterization of microbiota in Arapaima gigas intestine and isolation of potential probiotic bacteria.,Journal of applied microbiology,2017,10.1111/jam.13572,do Vale Pereira G; da Cunha DG; Pedreira Mourino JL; Rodiles A; Jaramillo-Torres A; Merrifield DL,
28821731,https://pubmed.ncbi.nlm.nih.gov/28821731/,28821731,PMC5562868,true,PRJEB6905,1,Stability in metabolic phenotypes and inferred metagenome profiles before the onset of colitis-induced inflammation.,Scientific reports,2017,10.1038/s41598-017-08732-1,Glymenaki M; Barnes A; O'Hagan S; Warhurst G; McBain AJ; Wilson ID; Kell DB; Else KJ; Cruickshank SM,
28801990,https://pubmed.ncbi.nlm.nih.gov/28801990/,28801990,,false,,0,Degradation of euptox A by tannase-producing rumen bacteria from migratory goats.,Journal of applied microbiology,2017,10.1111/jam.13563,Sharma D; Mal G; Kannan A; Bhar R; Sharma R; Singh B,
28790203,https://pubmed.ncbi.nlm.nih.gov/28790203/,28790203,PMC5550749,true,PRJNA237795,1,The In-Feed Antibiotic Carbadox Induces Phage Gene Transcription in the Swine Gut Microbiome.,mBio,2017,10.1128/mBio.00709-17,Johnson TA; Looft T; Severin AJ; Bayles DO; Nasko DJ; Wommack KE; Howe A; Allen HK,
28783248,https://pubmed.ncbi.nlm.nih.gov/28783248/,28783248,,false,,0,Coupling metagenomics with cultivation to select host-specific probiotic micro-organisms for subtropical aquaculture.,Journal of applied microbiology,2017,10.1111/jam.13555,Cui J; Xiao M; Liu M; Wang Z; Liu F; Guo L; Meng H; Zhang H; Yang J; Deng D; Huang S; Ma Y; Liu C,
28779118,https://pubmed.ncbi.nlm.nih.gov/28779118/,28779118,PMC5544775,true,SRP057487,1,Dietary perturbations alter the ecological significance of ingested Lactobacillus plantarum in the digestive tract.,Scientific reports,2017,10.1038/s41598-017-07428-w,Yin X; Lee B; Zaragoza J; Marco ML,
28768551,https://pubmed.ncbi.nlm.nih.gov/28768551/,28768551,PMC5541433,true,PRJNA343678,1,Feed-additive probiotics accelerate yet antibiotics delay intestinal microbiota maturation in broiler chicken.,Microbiome,2017,10.1186/s40168-017-0315-1,Gao P; Ma C; Sun Z; Wang L; Huang S; Su X; Xu J; Zhang H,
28761060,https://pubmed.ncbi.nlm.nih.gov/28761060/,28761060,PMC5537250,true,,0,Administration of Lactobacillus salivarius LI01 or Pediococcus pentosaceus LI05 prevents CCl(4)-induced liver cirrhosis by protecting the intestinal barrier in rats.,Scientific reports,2017,10.1038/s41598-017-07091-1,Shi D; Lv L; Fang D; Wu W; Hu C; Xu L; Chen Y; Guo J; Hu X; Li A; Guo F; Ye J; Li Y; Andayani D; Li L,
28751883,https://pubmed.ncbi.nlm.nih.gov/28751883/,28751883,PMC5507997,true,PRJEB21054,1,Captivity Shapes the Gut Microbiota of Andean Bears: Insights into Health Surveillance.,Frontiers in microbiology,2017,10.3389/fmicb.2017.01316,Borbón-García A; Reyes A; Vives-Flórez M; Caballero S,
28745827,https://pubmed.ncbi.nlm.nih.gov/28745827/,28745827,,false,,0,"Genetic diversity of catechol 1,2-dioxygenase in the fecal microbial metagenome.",Journal of basic microbiology,2017,10.1002/jobm.201700106,Xu B; Xiong C; Deng M; Li J; Tang X; Wu Q; Zhou J; Yang Y; Ding J; Han N; Huang Z,
28725398,https://pubmed.ncbi.nlm.nih.gov/28725398/,28725398,PMC5513265,true,,0,Phenological asynchrony between host plant and gypsy moth reduces insect gut microbiota and susceptibility to Bacillus thuringiensis.,Ecology and evolution,2016,10.1002/ece3.2460,Martemyanov VV; Belousova IA; Pavlushin SV; Dubovskiy IM; Ershov NI; Alikina TY; Kabilov MR; Glupov VV,
28720731,https://pubmed.ncbi.nlm.nih.gov/28720731/,28720731,PMC5516254,true,PRJEB18652,1,An In Vitro Chicken Gut Model Demonstrates Transfer of a Multidrug Resistance Plasmid from Salmonella to Commensal Escherichia coli.,mBio,2017,10.1128/mBio.00777-17,Card RM; Cawthraw SA; Nunez-Garcia J; Ellis RJ; Kay G; Pallen MJ; Woodward MJ; Anjum MF,
28690599,https://pubmed.ncbi.nlm.nih.gov/28690599/,28690599,PMC5479914,true,,0,Gut Dysbiosis and Adaptive Immune Response in Diet-induced Obesity vs. Systemic Inflammation.,Frontiers in microbiology,2017,10.3389/fmicb.2017.01157,Pindjakova J; Sartini C; Lo Re O; Rappa F; Coupe B; Lelouvier B; Pazienza V; Vinciguerra M,
28674682,https://pubmed.ncbi.nlm.nih.gov/28674682/,28674682,PMC5474689,true,,0,The Microbiome and Blood Pressure: Can Microbes Regulate Our Blood Pressure?,Frontiers in pediatrics,2017,10.3389/fped.2017.00138,Al Khodor S; Reichert B; Shatat IF,
28668709,https://pubmed.ncbi.nlm.nih.gov/28668709/,28668709,,false,,0,"Isomalto-oligosaccharides, a prebiotic, functionally augment green tea effects against high fat diet-induced metabolic alterations via preventing gut dysbacteriosis in mice.",Pharmacological research,2017,10.1016/j.phrs.2017.06.015,Singh DP; Singh J; Boparai RK; Zhu J; Mantri S; Khare P; Khardori R; Kondepudi KK; Chopra K; Bishnoi M,
28662574,https://pubmed.ncbi.nlm.nih.gov/28662574/,28662574,,false,,0,Microbiome Structural and Functional Interactions across Host Dietary Niche Space.,Integrative and comparative biology,2017,10.1093/icb/icx011,Phillips CD; Hanson J; Wilkinson JE; Koenig L; Rees E; Webala P; Kingston T,
28662572,https://pubmed.ncbi.nlm.nih.gov/28662572/,28662572,,false,,0,Beyond Fermentation: Other Important Services Provided to Endothermic Herbivores by their Gut Microbiota.,Integrative and comparative biology,2017,10.1093/icb/icx020,Dearing MD; Kohl KD,
28646502,https://pubmed.ncbi.nlm.nih.gov/28646502/,28646502,,false,,0,The liver-gut microbiota axis modulates hepatotoxicity of tacrine in the rat.,"Hepatology (Baltimore, Md.)",2018,10.1002/hep.29327,Yip LY; Aw CC; Lee SH; Hong YS; Ku HC; Xu WH; Chan JMX; Cheong EJY; Chng KR; Ng AHQ; Nagarajan N; Mahendran R; Lee YK; Browne ER; Chan ECY,
28624689,https://pubmed.ncbi.nlm.nih.gov/28624689/,28624689,,false,,0,From complex gut communities to minimal microbiomes via cultivation.,Current opinion in microbiology,2017,10.1016/j.mib.2017.05.013,Clavel T; Lagkouvardos I; Stecher B,
28610994,https://pubmed.ncbi.nlm.nih.gov/28610994/,28610994,PMC5653225,true,,0,Manganese-induced sex-specific gut microbiome perturbations in C57BL/6 mice.,Toxicology and applied pharmacology,2017,10.1016/j.taap.2017.06.008,Chi L; Gao B; Bian X; Tu P; Ru H; Lu K,
28607413,https://pubmed.ncbi.nlm.nih.gov/28607413/,28607413,PMC5468271,true,,0,Early Gut Microbiota Intervention Suppresses DSS-Induced Inflammatory Responses by Deactivating TLR/NLR Signalling in Pigs.,Scientific reports,2017,10.1038/s41598-017-03161-6,Xiao Y; Yan H; Diao H; Yu B; He J; Yu J; Zheng P; Mao X; Luo Y; Chen D,
28606169,https://pubmed.ncbi.nlm.nih.gov/28606169/,28606169,PMC5469155,true,,0,Profound perturbation induced by triclosan exposure in mouse gut microbiome: a less resilient microbial community with elevated antibiotic and metal resistomes.,BMC pharmacology & toxicology,2017,10.1186/s40360-017-0150-9,Gao B; Tu P; Bian X; Chi L; Ru H; Lu K,
28605130,https://pubmed.ncbi.nlm.nih.gov/28605130/,28605130,,false,,0,Effect of cocoa's theobromine on intestinal microbiota of rats.,Molecular nutrition & food research,2017,10.1002/mnfr.201700238,Martín-Peláez S; Camps-Bossacoma M; Massot-Cladera M; Rigo-Adrover M; Franch À; Pérez-Cano FJ; Castell M,
28553263,https://pubmed.ncbi.nlm.nih.gov/28553263/,28553263,PMC5427142,true,PRJNA362233,1,Spatial Structure of the Mormon Cricket Gut Microbiome and its Predicted Contribution to Nutrition and Immune Function.,Frontiers in microbiology,2017,10.3389/fmicb.2017.00801,Smith CC; Srygley RB; Healy F; Swaminath K; Mueller UG,
28545131,https://pubmed.ncbi.nlm.nih.gov/28545131/,28545131,PMC5436645,true,SRP105350,1,Major changes in microbial diversity and community composition across gut sections of a juvenile Panchlora cockroach.,PloS one,2017,10.1371/journal.pone.0177189,Gontang EA; Aylward FO; Carlos C; Glavina Del Rio T; Chovatia M; Fern A; Lo CC; Malfatti SA; Tringe SG; Currie CR; Kolter R,
28543918,https://pubmed.ncbi.nlm.nih.gov/28543918/,28543918,,false,,0,Gut microbiota of the pine weevil degrades conifer diterpenes and increases insect fitness.,Molecular ecology,2017,10.1111/mec.14186,Berasategui A; Salem H; Paetz C; Santoro M; Gershenzon J; Kaltenpoth M; Schmidt A,
28543188,https://pubmed.ncbi.nlm.nih.gov/28543188/,28543188,PMC5704912,true,,0,CD44 deletion leading to attenuation of experimental autoimmune encephalomyelitis results from alterations in gut microbiome in mice.,European journal of immunology,2017,10.1002/eji.201646792,Chitrala KN; Guan H; Singh NP; Busbee B; Gandy A; Mehrpouya-Bahrami P; Ganewatta MS; Tang C; Chatterjee S; Nagarkatti P; Nagarkatti M,
28525602,https://pubmed.ncbi.nlm.nih.gov/28525602/,28525602,PMC5837434,true,,0,"From the Cover: Aloin, a Component of the Aloe Vera Plant Leaf, Induces Pathological Changes and Modulates the Composition of Microbiota in the Large Intestines of F344/N Male Rats.",Toxicological sciences : an official journal of the Society of Toxicology,2017,10.1093/toxsci/kfx105,Boudreau MD; Olson GR; Tryndyak VP; Bryant MS; Felton RP; Beland FA,
28523395,https://pubmed.ncbi.nlm.nih.gov/28523395/,28523395,,false,,0,Evaluating the association between body weight and the intestinal microbiota of weaned piglets via 16S rRNA sequencing.,Applied microbiology and biotechnology,2017,10.1007/s00253-017-8304-7,Han GG; Lee JY; Jin GD; Park J; Choi YH; Chae BJ; Kim EB; Choi YJ,
28491055,https://pubmed.ncbi.nlm.nih.gov/28491055/,28491055,PMC5405146,true,SRP018285,1,Metagenomic Sequencing of Diamondback Moth Gut Microbiome Unveils Key Holobiont Adaptations for Herbivory.,Frontiers in microbiology,2017,10.3389/fmicb.2017.00663,Xia X; Gurr GM; Vasseur L; Zheng D; Zhong H; Qin B; Lin J; Wang Y; Song F; Li Y; Lin H; You M,
28479399,https://pubmed.ncbi.nlm.nih.gov/28479399/,28479399,,false,,0,Metagenomics analysis of gut microbiota and immune modulation in zebrafish (Danio rerio) fed chitosan silver nanocomposites.,Fish & shellfish immunology,2017,10.1016/j.fsi.2017.05.018,Udayangani RMC; Dananjaya SHS; Nikapitiya C; Heo GJ; Lee J; De Zoysa M,
28475713,https://pubmed.ncbi.nlm.nih.gov/28475713/,28475713,PMC5458050,true,,0,TCDD influences reservoir of antibiotic resistance genes in murine gut microbiome.,FEMS microbiology ecology,2017,10.1093/femsec/fix058,Stedtfeld RD; Stedtfeld TM; Fader KA; Williams MR; Bhaduri P; Quensen J; Zacharewski TR; Tiedje JM; Hashsham SA,
28473812,https://pubmed.ncbi.nlm.nih.gov/28473812/,28473812,PMC5397404,true,,0,A Metagenomics Investigation of Carbohydrate-Active Enzymes along the Gastrointestinal Tract of Saudi Sheep.,Frontiers in microbiology,2017,10.3389/fmicb.2017.00666,Al-Masaudi S; El Kaoutari A; Drula E; Al-Mehdar H; Redwan EM; Lombard V; Henrissat B,
28441394,https://pubmed.ncbi.nlm.nih.gov/28441394/,28441394,PMC5404786,true,,0,"Maternal obese-type gut microbiota differentially impact cognition, anxiety and compulsive behavior in male and female offspring in mice.",PloS one,2017,10.1371/journal.pone.0175577,Bruce-Keller AJ; Fernandez-Kim SO; Townsend RL; Kruger C; Carmouche R; Newman S; Salbaum JM; Berthoud HR,
28436439,https://pubmed.ncbi.nlm.nih.gov/28436439/,28436439,PMC5402301,true,SRP079591,1,Discovery of tauroursodeoxycholic acid biotransformation enzymes from the gut microbiome of black bears using metagenomics.,Scientific reports,2017,10.1038/srep45495,Song C; Wang B; Tan J; Zhu L; Lou D,
28424669,https://pubmed.ncbi.nlm.nih.gov/28424669/,28424669,PMC5371668,true,PRJNA341914,1,Inferring Microbial Interactions in the Gut of the Hong Kong Whipping Frog (Polypedates megacephalus) and a Validation Using Probiotics.,Frontiers in microbiology,2017,10.3389/fmicb.2017.00525,Weng FC; Shaw GT; Weng CY; Yang YJ; Wang D,
28422970,https://pubmed.ncbi.nlm.nih.gov/28422970/,28422970,PMC5411098,true,,0,The gut microbiota as a modulator of innate immunity during melioidosis.,PLoS neglected tropical diseases,2017,10.1371/journal.pntd.0005548,Lankelma JM; Birnie E; Weehuizen TAF; Scicluna BP; Belzer C; Houtkooper RH; Roelofs JJTH; de Vos AF; van der Poll T; Budding AE; Wiersinga WJ,
28417460,https://pubmed.ncbi.nlm.nih.gov/28417460/,28417460,,false,,0,Effect of high-fat diet and growth stage on the diversity and composition of intestinal microbiota in healthy bovine livestock.,Journal of the science of food and agriculture,2017,10.1002/jsfa.8380,Jiao S; Cao H; Dai Y; Wu J; Lv J; Du R; Han B,
28407078,https://pubmed.ncbi.nlm.nih.gov/28407078/,28407078,,false,,0,Inulin with different degrees of polymerization modulates composition of intestinal microbiota in mice.,FEMS microbiology letters,2017,10.1093/femsle/fnx075,Zhu L; Qin S; Zhai S; Gao Y; Li L,
28401612,https://pubmed.ncbi.nlm.nih.gov/28401612/,28401612,,false,,0,Codiversification of gastrointestinal microbiota and phylogeny in passerines is not explained by ecological divergence.,Molecular ecology,2017,10.1111/mec.14144,Kropáčková L; Těšický M; Albrecht T; Kubovčiak J; Čížková D; Tomášek O; Martin JF; Bobek L; Králová T; Procházka P; Kreisinger J,
28390422,https://pubmed.ncbi.nlm.nih.gov/28390422/,28390422,PMC5385073,true,ERP011540,1,High-fat feeding rather than obesity drives taxonomical and functional changes in the gut microbiota in mice.,Microbiome,2017,10.1186/s40168-017-0258-6,Xiao L; Sonne SB; Feng Q; Chen N; Xia Z; Li X; Fang Z; Zhang D; Fjære E; Midtbø LK; Derrien M; Hugenholtz F; Tang L; Li J; Zhang J; Liu C; Hao Q; Vogel UB; Mortensen A; Kleerebezem M; Licht TR; Yang H; Wang J; Li Y; Arumugam M; Wang J; Madsen L; Kristiansen K,
28390070,https://pubmed.ncbi.nlm.nih.gov/28390070/,28390070,PMC5435056,true,,0,Characterization of the Fecal Bacterial Microbiota of Healthy and Diarrheic Dairy Calves.,Journal of veterinary internal medicine,2017,10.1111/jvim.14695,Gomez DE; Arroyo LG; Costa MC; Viel L; Weese JS,
28349946,https://pubmed.ncbi.nlm.nih.gov/28349946/,28349946,PMC7365323,true,,0,Gut metagenomic analysis reveals prominent roles of Lactobacillus and cecal microbiota in chicken feed efficiency.,Scientific reports,2017,10.1038/srep45308,Yan W; Sun C; Yuan J; Yang N,
28345059,https://pubmed.ncbi.nlm.nih.gov/28345059/,28345059,PMC5361781,true,,0,Health and Disease Imprinted in the Time Variability of the Human Microbiome.,mSystems,2017,10.1128/mSystems.00144-16,Martí JM; Martínez-Martínez D; Rubio T; Gracia C; Peña M; Latorre A; Moya A; P Garay C,
28320307,https://pubmed.ncbi.nlm.nih.gov/28320307/,28320307,PMC5359956,true,GSE67452,1,Perturbation of microbiota in one-day old broiler chickens with antibiotic for 24 hours negatively affects intestinal immune development.,BMC genomics,2017,10.1186/s12864-017-3625-6,Schokker D; Jansman AJ; Veninga G; de Bruin N; Vastenhouw SA; de Bree FM; Bossers A; Rebel JM; Smits MA,
28285599,https://pubmed.ncbi.nlm.nih.gov/28285599/,28285599,PMC5346842,true,PRJNA371720,1,Microbiome and metabolome modifying effects of several cardiovascular disease interventions in apo-E(-/-) mice.,Microbiome,2017,10.1186/s40168-017-0246-x,Ryan PM; London LE; Bjorndahl TC; Mandal R; Murphy K; Fitzgerald GF; Shanahan F; Ross RP; Wishart DS; Caplice NM; Stanton C,
28256031,https://pubmed.ncbi.nlm.nih.gov/28256031/,28256031,,false,,0,Microbiome dynamic modulation through functional diets based on pre- and probiotics (mannan-oligosaccharides and Saccharomyces cerevisiae) in juvenile rainbow trout (Oncorhynchus mykiss).,Journal of applied microbiology,2017,10.1111/jam.13437,Gonçalves AT; Gallardo-Escárate C,
28246016,https://pubmed.ncbi.nlm.nih.gov/28246016/,28246016,,false,,0,Gut-Specific Delivery of T-Helper 17 Cells Reduces Obesity and Insulin Resistance in Mice.,Gastroenterology,2017,10.1053/j.gastro.2017.02.016,Hong CP; Park A; Yang BG; Yun CH; Kwak MJ; Lee GW; Kim JH; Jang MS; Lee EJ; Jeun EJ; You G; Kim KS; Choi Y; Park JH; Hwang D; Im SH; Kim JF; Kim YK; Seoh JY; Surh CD; Kim YM; Jang MH,
28245817,https://pubmed.ncbi.nlm.nih.gov/28245817/,28245817,PMC5331737,true,,0,Raw meat based diet influences faecal microbiome and end products of fermentation in healthy dogs.,BMC veterinary research,2017,10.1186/s12917-017-0981-z,Sandri M; Dal Monego S; Conte G; Sgorlon S; Stefanon B,
28239436,https://pubmed.ncbi.nlm.nih.gov/28239436/,28239436,PMC5296611,true,,0,Gut Microbiota in a Rat Oral Sensitization Model: Effect of a Cocoa-Enriched Diet.,Oxidative medicine and cellular longevity,2017,10.1155/2017/7417505,Camps-Bossacoma M; Pérez-Cano FJ; Franch À; Castell M,
28234468,https://pubmed.ncbi.nlm.nih.gov/28234468/,28234468,PMC5654721,true,,0,"Multi-Omics Reveals that Lead Exposure Disturbs Gut Microbiome Development, Key Metabolites, and Metabolic Pathways.",Chemical research in toxicology,2017,10.1021/acs.chemrestox.6b00401,Gao B; Chi L; Mahbub R; Bian X; Tu P; Ru H; Lu K,
28232956,https://pubmed.ncbi.nlm.nih.gov/28232956/,28232956,PMC5315449,true,,0,Scaffolding bacterial genomes and probing host-virus interactions in gut microbiome by proximity ligation (chromosome capture) assay.,Science advances,2017,10.1126/sciadv.1602105,Marbouty M; Baudry L; Cournac A; Koszul R,
28220109,https://pubmed.ncbi.nlm.nih.gov/28220109/,28220109,PMC5292904,true,,0,Temporal Stability and the Effect of Transgenerational Transfer on Fecal Microbiota Structure in a Long Distance Migratory Bird.,Frontiers in microbiology,2017,10.3389/fmicb.2017.00050,Kreisinger J; Kropáčková L; Petrželková A; Adámková M; Tomášek O; Martin JF; Michálková R; Albrecht T,
28191503,https://pubmed.ncbi.nlm.nih.gov/28191503/,28191503,PMC5296411,true,PRJNA314988,1,Differences in Gut Metabolites and Microbial Composition and Functions between Egyptian and U.S. Children Are Consistent with Their Diets.,mSystems,2017,10.1128/mSystems.00169-16,Shankar V; Gouda M; Moncivaiz J; Gordon A; Reo NV; Hussein L; Paliy O,
28183172,https://pubmed.ncbi.nlm.nih.gov/28183172/,28183172,PMC5495674,true,,0,Dynamic changes of yak (Bos grunniens) gut microbiota during growth revealed by polymerase chain reaction-denaturing gradient gel electrophoresis and metagenomics.,Asian-Australasian journal of animal sciences,2017,10.5713/ajas.16.0836,Nie Y; Zhou Z; Guan J; Xia B; Luo X; Yang Y; Fu Y; Sun Q,
28182951,https://pubmed.ncbi.nlm.nih.gov/28182951/,28182951,,false,,0,,,,,,Request failed: HTTP 400 from https://eutils.ncbi.nlm.nih.gov/entrez/eutils/efetch.fcgi?db=pmc&id=5313043&retmode=xml
28176851,https://pubmed.ncbi.nlm.nih.gov/28176851/,28176851,PMC5297240,true,SRP075434,1,Comparative study of the gut microbiome potentially related to milk protein in Murrah buffaloes (Bubalus bubalis) and Chinese Holstein cattle.,Scientific reports,2017,10.1038/srep42189,Zhang J; Xu C; Huo D; Hu Q; Peng Q,
28176435,https://pubmed.ncbi.nlm.nih.gov/28176435/,28176435,,false,,0,Fish intestinal microbiome: diversity and symbiosis unravelled by metagenomics.,Journal of applied microbiology,2017,10.1111/jam.13415,Tarnecki AM; Burgos FA; Ray CL; Arias CR,
28167213,https://pubmed.ncbi.nlm.nih.gov/28167213/,28167213,PMC5909692,true,SRP077792,1,Metagenomics approach to the study of the gut microbiome structure and function in zebrafish Danio rerio fed with gluten formulated diet.,Journal of microbiological methods,2017,10.1016/j.mimet.2017.01.016,Koo H; Hakim JA; Powell ML; Kumar R; Eipers PG; Morrow CD; Crowley M; Lefkowitz EJ; Watts SA; Bej AK,
28165194,https://pubmed.ncbi.nlm.nih.gov/28165194/,28165194,PMC5404191,true,PRJEB14312,1,Diversity and functions of the sheep faecal microbiota: a multi-omic characterization.,Microbial biotechnology,2017,10.1111/1751-7915.12462,Tanca A; Fraumene C; Manghina V; Palomba A; Abbondio M; Deligios M; Pagnozzi D; Addis MF; Uzzau S,
28083922,https://pubmed.ncbi.nlm.nih.gov/28083922/,28083922,,false,,0,Neoagarotetraose protects mice against intense exercise-induced fatigue damage by modulating gut microbial composition and function.,Molecular nutrition & food research,2017,10.1002/mnfr.201600585,Zhang N; Mao X; Li RW; Hou E; Wang Y; Xue C; Tang Q,
28070087,https://pubmed.ncbi.nlm.nih.gov/28070087/,28070087,PMC5383160,true,,0,Postnatal changes in the relative abundance of intestinal Lactobacillus spp. in newborn calves.,The Journal of veterinary medical science,2017,10.1292/jvms.16-0406,Takino T; Kato-Mori Y; Motooka D; Nakamura S; Iida T; Hagiwara K,
27998035,https://pubmed.ncbi.nlm.nih.gov/27998035/,27998035,PMC5387313,true,SRP072790; SRP072793,2,Metagenomic profiling of gut microbial communities in both wild and artificially reared Bar-headed goose (Anser indicus).,MicrobiologyOpen,2017,10.1002/mbo3.429,Wang W; Zheng S; Sharshov K; Sun H; Yang F; Wang X; Li L; Xiao Z,
27976718,https://pubmed.ncbi.nlm.nih.gov/27976718/,27976718,PMC5171763,true,PRJNA320968; SRP074716,2,Amphibian gut microbiota shifts differentially in community structure but converges on habitat-specific predicted functions.,Nature communications,2016,10.1038/ncomms13699,Bletz MC; Goedbloed DJ; Sanchez E; Reinhardt T; Tebbe CC; Bhuju S; Geffers R; Jarek M; Vences M; Steinfartz S,
27925857,https://pubmed.ncbi.nlm.nih.gov/27925857/,27925857,PMC5304582,true,SRP071074,1,Analysis of the intestinal microbial community and inferred functional capacities during the host response to Pneumocystis pneumonia.,Experimental lung research,2016,10.1080/01902148.2016.1258442,Samuelson DR; Charles TP; de la Rua NM; Taylor CM; Blanchard EE; Luo M; Shellito JE; Welsh DA,
27915284,https://pubmed.ncbi.nlm.nih.gov/27915284/,27915284,,false,,0,"DNA extraction protocols may influence biodiversity detected in the intestinal microbiome: a case study from wild Prussian carp, Carassius gibelio.",FEMS microbiology ecology,2017,10.1093/femsec/fiw240,Kashinskaya EN; Andree KB; Simonov EP; Solovyev MM,
27912059,https://pubmed.ncbi.nlm.nih.gov/27912059/,27912059,,false,,0,Microbiota Diurnal Rhythmicity Programs Host Transcriptome Oscillations.,Cell,2016,10.1016/j.cell.2016.11.003,Thaiss CA; Levy M; Korem T; Dohnalová L; Shapiro H; Jaitin DA; David E; Winter DR; Gury-BenAri M; Tatirovsky E; Tuganbaev T; Federici S; Zmora N; Zeevi D; Dori-Bachash M; Pevsner-Fischer M; Kartvelishvily E; Brandis A; Harmelin A; Shibolet O; Halpern Z; Honda K; Amit I; Segal E; Elinav E,
27876778,https://pubmed.ncbi.nlm.nih.gov/27876778/,27876778,PMC5120256,true,SRP083441,1,Differential fecal microbiota are retained in broiler chicken lines divergently selected for fatness traits.,Scientific reports,2016,10.1038/srep37376,Hou Q; Kwok LY; Zheng Y; Wang L; Guo Z; Zhang J; Huang W; Wang Y; Leng L; Li H; Zhang H,
27876765,https://pubmed.ncbi.nlm.nih.gov/27876765/,27876765,PMC5120286,true,,0,Pre- and post-weaning diet alters the faecal metagenome in the cat with differences in vitamin and carbohydrate metabolism gene abundances.,Scientific reports,2016,10.1038/srep34668,Young W; Moon CD; Thomas DG; Cave NJ; Bermingham EN,
27869789,https://pubmed.ncbi.nlm.nih.gov/27869789/,27869789,,false,,0,Genome-guided design of a defined mouse microbiota that confers colonization resistance against Salmonella enterica serovar Typhimurium.,Nature microbiology,2016,10.1038/nmicrobiol.2016.215,Brugiroux S; Beutler M; Pfann C; Garzetti D; Ruscheweyh HJ; Ring D; Diehl M; Herp S; Lötscher Y; Hussain S; Bunk B; Pukall R; Huson DH; Münch PC; McHardy AC; McCoy KD; Macpherson AJ; Loy A; Clavel T; Berry D; Stecher B,
27860093,https://pubmed.ncbi.nlm.nih.gov/27860093/,27860093,,false,,0,Phylogenetic and functional characterization of the distal intestinal microbiome of rainbow trout Oncorhynchus mykiss from both farm and aquarium settings.,Journal of applied microbiology,2017,10.1111/jam.13347,Lyons PP; Turnbull JF; Dawson KA; Crumlish M,
27858139,https://pubmed.ncbi.nlm.nih.gov/27858139/,27858139,,false,,0,Lactobacillus plantarum HAC01 regulates gut microbiota and adipose tissue accumulation in a diet-induced obesity murine model.,Applied microbiology and biotechnology,2017,10.1007/s00253-016-7953-2,Park S; Ji Y; Jung HY; Park H; Kang J; Choi SH; Shin H; Hyun CK; Kim KT; Holzapfel WH,
27821485,https://pubmed.ncbi.nlm.nih.gov/27821485/,27821485,PMC5214513,true,PRJEB8035,1,Dietary Emulsifier-Induced Low-Grade Inflammation Promotes Colon Carcinogenesis.,Cancer research,2017,10.1158/0008-5472.CAN-16-1359,Viennois E; Merlin D; Gewirtz AT; Chassaing B,
27801992,https://pubmed.ncbi.nlm.nih.gov/27801992/,27801992,,false,,0,Gut microbiota of dung beetles correspond to dietary specializations of adults and larvae.,Molecular ecology,2016,10.1111/mec.13901,Shukla SP; Sanders JG; Byrne MJ; Pierce NE,
27801835,https://pubmed.ncbi.nlm.nih.gov/27801835/,27801835,PMC5133072,true,GSE89170,1,Dietary Gluten-Induced Gut Dysbiosis Is Accompanied by Selective Upregulation of microRNAs with Intestinal Tight Junction and Bacteria-Binding Motifs in Rhesus Macaque Model of Celiac Disease.,Nutrients,2016,10.3390/nu8110684,Mohan M; Chow CT; Ryan CN; Chan LS; Dufour J; Aye PP; Blanchard J; Moehs CP; Sestak K,
27783988,https://pubmed.ncbi.nlm.nih.gov/27783988/,27783988,PMC5348386,true,,0,Kinetic changes of intestinal microbiota in the course of intestinal sensitization.,Oncotarget,2016,10.18632/oncotarget.12797,Xiao L; Yang B; Liu X; Luo Y; Ji Q; Wen Z; Liu Z; Yang PC,
27713958,https://pubmed.ncbi.nlm.nih.gov/27713958/,27713958,,false,,0,Laminarin favorably modulates gut microbiota in mice fed a high-fat diet.,Food & function,2016,10.1039/c6fo00929h,Nguyen SG; Kim J; Guevarra RB; Lee JH; Kim E; Kim SI; Unno T,
27709286,https://pubmed.ncbi.nlm.nih.gov/27709286/,27709286,,false,,0,Effects of deep sea water and Lactobacillus paracasei subsp. paracasei NTU 101 on hypercholesterolemia hamsters gut microbiota.,Applied microbiology and biotechnology,2017,10.1007/s00253-016-7868-y,Lin CH; Chen YH; Tsai TY; Pan TM,
27708630,https://pubmed.ncbi.nlm.nih.gov/27708630/,27708630,PMC5030217,true,,0,Beyond 16S rRNA Community Profiling: Intra-Species Diversity in the Gut Microbiota.,Frontiers in microbiology,2016,10.3389/fmicb.2016.01475,Ellegaard KM; Engel P,
27703179,https://pubmed.ncbi.nlm.nih.gov/27703179/,27703179,PMC5050496,true,,0,Mining gut microbiome oligopeptides by functional metaproteome display.,Scientific reports,2016,10.1038/srep34337,Zantow J; Just S; Lagkouvardos I; Kisling S; Dübel S; Lepage P; Clavel T; Hust M,
27670113,https://pubmed.ncbi.nlm.nih.gov/27670113/,27670113,,false,,0,The Mouse Intestinal Bacterial Collection (miBC) provides host-specific insight into cultured diversity and functional potential of the gut microbiota.,Nature microbiology,2016,10.1038/nmicrobiol.2016.131,Lagkouvardos I; Pukall R; Abt B; Foesel BU; Meier-Kolthoff JP; Kumar N; Bresciani A; Martínez I; Just S; Ziegler C; Brugiroux S; Garzetti D; Wenning M; Bui TP; Wang J; Hugenholtz F; Plugge CM; Peterson DA; Hornef MW; Baines JF; Smidt H; Walter J; Kristiansen K; Nielsen HB; Haller D; Overmann J; Stecher B; Clavel T,
27665238,https://pubmed.ncbi.nlm.nih.gov/27665238/,27665238,,false,,0,Flow cytometric sorting of fecal bacteria after in situ hybridization with polynucleotide probes.,Systematic and applied microbiology,2016,10.1016/j.syapm.2016.08.005,Bruder LM; Dörkes M; Fuchs BM; Ludwig W; Liebl W,
27643971,https://pubmed.ncbi.nlm.nih.gov/27643971/,27643971,,false,,0,A reference gene catalogue of the pig gut microbiome.,Nature microbiology,2016,10.1038/nmicrobiol.2016.161,Xiao L; Estellé J; Kiilerich P; Ramayo-Caldas Y; Xia Z; Feng Q; Liang S; Pedersen AØ; Kjeldsen NJ; Liu C; Maguin E; Doré J; Pons N; Le Chatelier E; Prifti E; Li J; Jia H; Liu X; Xu X; Ehrlich SD; Madsen L; Kristiansen K; Rogel-Gaillard C; Wang J,
27628212,https://pubmed.ncbi.nlm.nih.gov/27628212/,27628212,PMC5024133,true,,0,Effects of captivity and artificial breeding on microbiota in feces of the red-crowned crane (Grus japonensis).,Scientific reports,2016,10.1038/srep33350,Xie Y; Xia P; Wang H; Yu H; Giesy JP; Zhang Y; Mora MA; Zhang X,
27621225,https://pubmed.ncbi.nlm.nih.gov/27621225/,27621225,,false,,0,Sex-specific effects of docosahexaenoic acid (DHA) on the microbiome and behavior of socially-isolated mice.,"Brain, behavior, and immunity",2017,10.1016/j.bbi.2016.09.003,Davis DJ; Hecht PM; Jasarevic E; Beversdorf DQ; Will MJ; Fritsche K; Gillespie CH,
27608918,https://pubmed.ncbi.nlm.nih.gov/27608918/,27608918,PMC5016989,true,,0,Genome and metagenome analyses reveal adaptive evolution of the host and interaction with the gut microbiota in the goose.,Scientific reports,2016,10.1038/srep32961,Gao G; Zhao X; Li Q; He C; Zhao W; Liu S; Ding J; Ye W; Wang J; Chen Y; Wang H; Li J; Luo Y; Su J; Huang Y; Liu Z; Dai R; Shi Y; Meng H; Wang Q,
27559357,https://pubmed.ncbi.nlm.nih.gov/27559357/,27559357,PMC4995824,true,PRJEB13279,1,Prolonged transfer of feces from the lean mice modulates gut microbiota in obese mice.,Nutrition & metabolism,2016,10.1186/s12986-016-0116-8,Kulecka M; Paziewska A; Zeber-Lubecka N; Ambrozkiewicz F; Kopczynski M; Kuklinska U; Pysniak K; Gajewska M; Mikula M; Ostrowski J,
27554980,https://pubmed.ncbi.nlm.nih.gov/27554980/,27554980,,false,,0,Bisphenol A alters gut microbiome: Comparative metagenomics analysis.,"Environmental pollution (Barking, Essex : 1987)",2016,10.1016/j.envpol.2016.08.039,Lai KP; Chung YT; Li R; Wan HT; Wong CK,
27550859,https://pubmed.ncbi.nlm.nih.gov/27550859/,27550859,PMC4994046,true,,0,Prosteatotic and Protective Components in a Unique Model of Fatty Liver: Gut Microbiota and Suppressed Complement System.,Scientific reports,2016,10.1038/srep31763,Liu L; Zhao X; Wang Q; Sun X; Xia L; Wang Q; Yang B; Zhang Y; Montgomery S; Meng H; Geng T; Gong D,
27458785,https://pubmed.ncbi.nlm.nih.gov/27458785/,27458785,PMC5315468,true,,0,The antibiotic resistome of swine manure is significantly altered by association with the Musca domestica larvae gut microbiome.,The ISME journal,2017,10.1038/ismej.2016.103,Wang H; Sangwan N; Li HY; Su JQ; Oyang WY; Zhang ZJ; Gilbert JA; Zhu YG; Ping F; Zhang HL,
27454254,https://pubmed.ncbi.nlm.nih.gov/27454254/,27454254,PMC4959372,true,GSE49515; SRP004054,2,"Abstracts from the 3rd International Genomic Medicine Conference (3rd IGMC 2015) : Jeddah, Kingdom of Saudi Arabia. 30 November - 3 December 2015.",BMC genomics,2016,10.1186/s12864-016-2858-0,Shay JW; Homma N; Zhou R; Naseer MI; Chaudhary AG; Al-Qahtani M; Hirokawa N; Goudarzi M; Fornace AJ Jr; Baeesa S; Hussain D; Bangash M; Alghamdi F; Schulten HJ; Carracedo A; Khan I; Qashqari H; Madkhali N; Saka M; Saini KS; Jamal A; Al-Maghrabi J; Abuzenadah A; Chaudhary A; Al Qahtani M; Damanhouri G; Alkhatabi H; Goodeve A; Crookes L; Niksic N; Beauchamp N; Abuzenadah AM; Vaught J; Budowle B; Assidi M; Buhmeida A; Al-Maghrabi J; Buhmeida A; Assidi M; Merdad L; Kumar S; Miura S; Gomez K; Carracedo A; Rasool M; Rebai A; Karim S; Eldin HFN; Abusamra H; Alhathli EM; Salem N; Al-Qahtani MH; Kumar S; Faheem H; Agarwa A; Nieschlag E; Wistuba J; Damm OS; Beg MA; Abdel-Meguid TA; Mosli HA; Bajouh OS; Abuzenadah AM; Al-Qahtani MH; Coskun S; Abu-Elmagd M; Buhmeida A; Dallol A; Al-Maghrabi J; Hakamy S; Al-Qahtani W; Al-Harbi A; Hussain S; Assidi M; Al-Qahtani M; Abuzenadah A; Ozkosem B; DuBois R; Messaoudi SS; Dandana MT; Mahjoub T; Almawi WY; Abdalla S; Al-Aama MN; Elzawahry A; Takahashi T; Mimaki S; Furukawa E; Nakatsuka R; Kurosaka I; Nishigaki T; Nakamura H; Serada S; Naka T; Hirota S; Shibata T; Tsuchihara K; Nishida T; Kato M; Mehmood S; Ashraf NM; Asif A; Bilal M; Mehmood MS; Hussain A; Jamal QMS; Siddiqui MU; Alzohairy MA; Al Karaawi MA; Nedjadi T; Al-Maghrabi J; Assidi M; Al-Khattabi H; Al-Ammari A; Al-Sayyad A; Buhmeida A; Al-Qahtani M; Zitouni H; Raguema N; Ali MB; Malah W; Lfalah R; Almawi W; Mahjoub T; Elanbari M; Ptitsyn A; Mahjoub S; El Ghali R; Achour B; Amor NB; Assidi M; N’siri B; Morjani H; Nedjadi T; Al-Ammari A; Al-Sayyad A; Salem N; Azhar E; Al-Maghrabi J; Chayeb V; Dendena M; Zitouni H; Zouari-Limayem K; Mahjoub T; Refaat B; Ashshi AM; Batwa SA; Ramadan H; Awad A; Ateya A; El-Shemi AGA; Ashshi A; Basalamah M; Na Y; Yun CO; El-Shemi AGA; Ashshi A; Basalamah M; Na Y; Yun CO; El-Shemi AG; Refaat B; Kensara O; Abdelfattah A; Dheeb BI; Al-Halbosiy MMF; Al lihabi RK; Khashman BM; Laiche D; Adeel C; Taoufik N; Al-Afghani H; Łastowska M; Al-Balool HH; Sheth H; Mercer E; Coxhead JM; Redfern CPF; Peters H; Burt AD; Santibanez-Koref M; Bacon CM; Chesler L; Rust AG; Adams DJ; Williamson D; Clifford SC; Jackson MS; Singh M; Mansuri MS; Jadeja SD; Patel H; Marfatia YS; Begum R; Mohamed AM; Kamel AK; Helmy NA; Hammad SA; Kayed HF; Shehab MI; El Gerzawy A; Ead MM; Ead OM; Mekkawy M; Mazen I; El-Ruby M; Shahid SMA; Jamal QMS; Arif JM; Lohani M; Imen M; Leila C; Houyem O; Kais D; Fethi CDM; Mohamed B; Salem A; Faggad A; Gebreslasie AT; Zaki HY; Abdalla BE; AlShammari MS; Al-Ali R; Al-Balawi N; Al-Enazi M; Al-Muraikhi A; Busaleh F; Al-Sahwan A; Borgio F; Sayyed A; Al-Ali A; Acharya S; Zaki MS; El-Bassyouni HT; Shehab MI; Elshal MF; M. K; Aldahlawi AM; Saadah O; McCoy JP; El-Tarras AE; Awad NS; Alharthi AA; Ibrahim MMM; Alsehli HS; Dallol A; Gari AM; Abbas MM; Kadam RA; Gari MM; Alkaff MH; Abuzenadah AM; Gari MA; Abusamra H; Karim S; eldin HFN; Alhathli EM; Salem N; Kumar S; Al-Qahtani MH; Moradi FA; Rashidi OM; Awan ZA; Kaya IH; Al-Harazi O; Colak D; Alkousi NA; Athanasopoulos T; Bahmaid AO; Alhwait EA; Gari MA; Alsehli HS; Abbas MM; Alkaf MH; Kadam R; Dallol A; Kalamegam G; Eldin HFN; Karim S; Abusamra H; Alhathli E; Salem N; Al-Qahtani MH; Kumar S; Alsayed SN; Aljohani FH; Habeeb SM; Almashali RA; Basit S; Ahmed SM; Sharma R; Agarwal A; Durairajanayagam D; Samanta L; Abu-Elmagd M; Abuzenadah AM; Sabanegh ES; Assidi M; Al-Qahtani M; Agarwal A; Sharma R; Samanta L; Durairajanayagam D; Assidi M; Abu-Elmagd M; Al-Qahtani M; Abuzenadah AM; Sabanegh ES; Samanta L; Agarwal A; Sharma R; Cui Z; Assidi M; Abuzenadah AM; Abu-Elmagd M; Al-Qahtani M; Alboogmi AA; Alansari NA; Al-Quaiti MM; Ashgan FT; Bandah A; Jamal HS; Rozi A; Mirza Z; Abuzenadah AM; Karim S; Al-Qahtani MH; Karim S; Schulten HJ; Al Sayyad AJ; Farsi HMA; Al-Maghrabi JA; Mirza Z; Alotibi R; Al-Ahmadi A; Alansari NA; Albogmi AA; Al-Quaiti MM; Ashgan FT; Bandah A; Al-Qahtani MH; Ebiya RA; Darwish SM; Montaser MM; Abusamra H; Bajic VB; Al-Maghrabi J; Gomaa W; Hanbazazh M; Al-Ahwal M; Al-Harbi A; Al-Qahtani W; Hakamy S; Baba G; Buhmeida A; Al-Qahtani M; Al-Maghrabi J; Al-Harbi A; Al-Ahwal M; Al-Harbi A; Al-Qahtani W; Hakamy S; Baba G; Buhmeida A; Al-Qahtani M; Alhathli EM; Karim S; Salem N; Eldin HN; Abusamra H; Kumar S; Al-Qahtani MH; Alyamani AA; Kalamegam G; Alhwait EA; Gari MA; Abbas MM; Alkaf MH; Alsehli HS; Kadam RA; Al-Qahtani M; Gadi R; Buhmeida A; Assidi M; Chaudhary A; Merdad L; Alfakeeh SM; Alhwait EA; Gari MA; Abbas MM; Alkaf MH; Alsehli HS; Kadam R; Kalamegam G; Ghazala R; Mathew S; Hamed MH; Assidi M; Al-Qahtani M; Qadri I; Mathew S; Mira L; Shaabad M; Hussain S; Assidi M; Abu-Elmagd M; Al-Qahtani M; Mathew S; Shaabad M; Mira L; Hussain S; Assidi M; Abu-Elmagd M; Al-Qahtani M; Rebai A; Assidi M; Buhmeida A; Abu-Elmagd M; Dallol A; Shay JW; Almutairi MH; Ambers A; Churchill J; King J; Stoljarova M; Gill-King H; Assidi M; Abu-Elmagd M; Buhmeida A; Al-Qatani M; Budowle B; Abu-Elmagd M; Ahmed F; Dallol A; Assidi M; Almagd TA; Hakamy S; Agarwal A; Al-Qahtani M; Abuzenadah A; Karim S; Schulten HJ; Al Sayyad AJ; Farsi HMA; Al-Maghrabi JA; Buhmaida A; Mirza Z; Alotibi R; Al-Ahmadi A; Alansari NA; Albogmi AA; Al-Quaiti MM; Ashgan FT; Bandah A; Al-Qahtani MH; Satar R; Rasool M; Ahmad W; Nazam N; Lone MI; Naseer MI; Jamal MS; Zaidi SK; Pushparaj PN; Jafri MA; Ansari SA; Alqahtani MH; Bashier H; Al Qahtani A; Mathew S; Nour AM; Alkhatabi H; Zenadah AMA; Buhmeida A; Assidi M; Al Qahtani M; Faheem M; Mathew S; Mathew S; Pushparaj PN; Al-Qahtani MH; Alhadrami HA; Dallol A; Abuzenadah A; Hussein IR; Chaudhary AG; Bader RS; Bassiouni R; Alquaiti M; Ashgan F; Schulten H; Alama MN; Al Qahtani MH; Lone MI; Nizam N; Ahmad W; Jafri MA; Rasool M; Ansari SA; Al-Qahtani MH; Alshihri E; Abu-Elmagd M; Alharbi L; Assidi M; Al-Qahtani M; Mathew S; Natesan PP; Al Qahtani M; Kalamegam G; Pushparaj PN; Khan F; Kadam R; Ahmed F; Assidi M; Sait KHW; Anfinan N; Al Qahtani M; Naseer MI; Chaudhary AG; Jamal MS; Mathew S; Mira LS; Pushparaj PN; Ansari SA; Rasool M; AlQahtani MH; Naseer MI; Chaudhary AG; Mathew S; Mira LS; Jamal MS; Sogaty S; Bassiouni RI; Rasool M; AlQahtani MH; Rasool M; Ansari SA; Jamal MS; Pushparaj PN; Sibiani AMS; Ahmad W; Buhmeida A; Jafri MA; Warsi MK; Naseer MI; Al-Qahtani MH; Rubi; Kumar K; Naqvi AAT; Ahmad F; Hassan MI; Jamal MS; Rasool M; AlQahtani MH; Ali A; Jarullah J; Rasool M; Buhmeida A; Khan S; Abdussami G; Mahfooz M; Kamal MA; Damanhouri GA; Jamal MS; Jarullah B; Jarullah J; Jarullah MSS; Ali A; Rasool M; Jamal MS; Assidi M; Abu-Elmagd M; Bajouh O; Pushparaj PN; Al-Qahtani M; Abuzenadah A; Jamal MS; Jarullah J; Mathkoor AEA; Alsalmi HMA; Oun AMM; Damanhauri GA; Rasool M; AlQahtani MH; Naseer MI; Rasool M; Sogaty S; Chudhary AG; Abutalib YA; Merico D; Walker S; Marshall CR; Zarrei M; Scherer SW; Al-Qahtani MH; Naseer MI; Faheem M; Chaudhary AG; Rasool M; Kalamegam G; Ashgan FT; Assidi M; Ahmed F; Zaidi SK; Jan MM; Al-Qahtani MH; Al-Zahrani M; Lary S; Hakamy S; Dallol A; Al-Ahwal M; Al-Maghrabi J; Dermitzakis E; Abuzenadah A; Buhmeida A; Al-Qahtani M; Al-refai AA; Saleh M; Yassien RI; Kamel M; Habeb RM; Filimban N; Dallol A; Ghannam N; Al-Qahtani M; Abuzenadah AM; Bibi F; Akhtar S; Azhar EI; Yasir M; Nasser MI; Jiman-Fatani AA; Sawan A; Lahzah RA; Ali A; Hassan SA; Hasnain SE; Tayubi IA; Abujabal HA; Magrabi AO; Khan F; Kalamegam G; Pushparaj PN; Abuzenada A; Kumosani TA; Barbour E; Al-Qahtani M; Shabaad M; Mathew S; Dallol A; Merdad A; Buhmeida A; Al-Qahtani M; Assidi M; Abu-Elmagd M; Gauthaman K; Gari M; Chaudhary A; Abuzenadah A; Pushparaj PN; Al-Qahtani M; Hassan SA; Tayubi IA; Aljahdali HMA; Al Nono R; Gari M; Alsehli H; Ahmed F; Abbas M; Kalamegam G; Al-Qahtani M; Mathew S; Khan F; Rasool M; Jamal MS; Naseer MI; Mirza Z; Karim S; Ansari S; Assidi M; Kalamegam G; Gari M; Chaudhary A; Abuzenadah A; Pushparaj PN; Al-Qahtani M; Abu-Elmagd M; Kalamegam G; Kadam R; Alghamdi MA; Shamy M; Costa M; Khoder MI; Assidi M; Pushparaj PN; Gari M; Al-Qahtani M; Kharrat N; Belmabrouk S; Abdelhedi R; Benmarzoug R; Assidi M; Al Qahtani MH; Rebai A; Dhamanhouri G; Pushparaj PN; Noorwali A; Alwasiyah MK; Bahamaid A; Alfakeeh S; Alyamani A; Alsehli H; Abbas M; Gari M; Mobasheri A; Kalamegam G; Al-Qahtani M; Faheem M; Mathew S; Pushparaj PN; Al-Qahtani MH; Mathew S; Faheem M; Mathew S; Pushparaj PN; Al-Qahtani MH; Jamal MS; Zaidi SK; Khan R; Bhatia K; Al-Qahtani MH; Ahmad S; AslamTayubi I; Tripathi M; Hassan SA; Shrivastava R; Tayubi IA; Hassan S; Abujabal HAS; Shah I; Jarullah B; Jamal MS; Jarullah J; Sheikh IA; Ahmad E; Jamal MS; Rehan M; Abu-Elmagd M; Tayubi IA; AlBasri SF; Bajouh OS; Turki RF; Abuzenadah AM; Damanhouri GA; Beg MA; Al-Qahtani M; Hammoudah SAF; AlHarbi KM; El-Attar LM; Darwish AMZ; Ibrahim SM; Dallol A; Choudhry H; Abuzenadah A; Awlia J; Chaudhary A; Ahmed F; Al-Qahtani M; Jafri MA; Abu-Elmagd M; Assidi M; Al-Qahtani M; khan I; Yasir M; Azhar EI; Al-basri S; Barbour E; Kumosani T; Khan F; Kalamegam G; Pushparaj PN; Abuzenada A; Kumosani TA; Barbour E; EL Sayed HM; Hafez EA; Schulten HJ; Elaimi AH; Hussein IR; Bassiouni RI; Alwasiyah MK; Wintle RF; Chaudhary A; Scherer SW; Al-Qahtani M; Mirza Z; Pillai VG; Karim S; Sharma S; Kaur P; Srinivasan A; Singh TP; Al-Qahtani M; Alotibi R; Al-Ahmadi A; Al-Adwani F; Hussein D; Karim S; Al-Sharif M; Jamal A; Al-Ghamdi F; Al-Maghrabi J; Baeesa SS; Bangash M; Chaudhary A; Schulten HJ; Al-Qahtani M; Faheem M; Pushparaj PN; Mathew S; Kumosani TA; Kalamegam G; Al-Qahtani M; Al-Allaf FA; Abduljaleel Z; Alashwal A; Taher MM; Bouazzaoui A; Abalkhail H; Ba-Hammam FA; Athar M; Kalamegam G; Pushparaj PN; Abu-Elmagd M; Ahmed F; Sait KH; Anfinan N; Gari M; Chaudhary A; Abuzenadah A; Assidi M; Al-Qahtani M; Mami NB; Haffani YZ; Medhioub M; Hamzaoui L; Cherif A; Azouz M; Kalamegam G; Khan F; Mathew S; Nasser MI; Rasool M; Ahmed F; Pushparaj PN; Al-Qahtani M; Turkistany SA; Al-harbi LM; Dallol A; Sabir J; Chaudhary A; Abuzenadah A; Al-Madoudi B; Al-Aslani B; Al-Harbi K; Al-Jahdali R; Qudaih H; Al Hamzy E; Assidi M; Al Qahtani M; Ilyas AM; Ahmed Y; Gari M; Ahmed F; Alqahtani M; Salem N; Karim S; Alhathli EM; Abusamra H; Eldin HFN; Al-Qahtani MH; Kumar S; Al-Adwani F; Hussein D; Al-Sharif M; Jamal A; Al-Ghamdi F; Al-Maghrabi J; Baeesa SS; Bangash M; Chaudhary A; Al-Qahtani M; Schulten HJ; Alamandi A; Alotibi R; Hussein D; Karim S; Al-Maghrabi J; Al-Ghamdi F; Jamal A; Baeesa SS; Bangash M; Chaudhary A; Schulten HJ; Al-Qahtani M; Subhi O; Bagatian N; Karim S; Al-Johari A; Al-Hamour OA; Al-Aradati H; Al-Mutawa A; Al-Mashat F; Al-Maghrabi J; Schulten HJ; Al-Qahtani M; Bagatian N; Subhi O; Karim S; Al-Johari A; Al-Hamour OA; Al-Mutawa A; Al-Aradati H; Al-Mashat F; Al-Qahtani M; Schulten HJ; Al-Maghrabi J; shah MW; Yasir M; Azhar EI; Al-Masoodi S; Haffani YZ; Azouz M; Khamla E; Jlassi C; Masmoudi AS; Cherif A; Belbahri L; Al-Khayyat S; Attas R; Abu-Sanad A; Abuzinadah M; Merdad A; Dallol A; Chaudhary A; Al-Qahtani M; Abuzenadah A; Bouazzi H; Trujillo C; Alwasiyah MK; Al-Qahtani M; Alotaibi M; Nassir R; Sheikh IA; Kamal MA; Jiffri EH; Ashraf GM; Beg MA; Aziz MA; Ali R; Rasool M; Jamal MS; Samman N; Abdussami G; Periyasamy S; Warsi MK; Aldress M; Al Otaibi M; Al Yousef Z; Boudjelal M; Buhmeida A; Al-Qahtani MH; AlAbdulkarim I; Ghazala R; Mathew S; Hamed MH; Assidi M; Al-Qahtani M; Qadri I; Sheikh IA; Abu-Elmagd M; Turki RF; Damanhouri GA; Beg MA; Suhail M; Qureshi A; Jamal A; Pushparaj PN; Al-Qahtani M; Qadri I; El-Readi MZ; Eid SY; Wink M; Isa AM; Alnuaim L; Almutawa J; Abu-Rafae B; Alasiri S; Binsaleh S; Nazam N; Lone MI; Ahmad W; Ansari SA; Alqahtani MH,
27453351,https://pubmed.ncbi.nlm.nih.gov/27453351/,27453351,,false,,0,Do Vertebrate Gut Metagenomes Confer Rapid Ecological Adaptation?,Trends in ecology & evolution,2016,10.1016/j.tree.2016.06.008,Alberdi A; Aizpurua O; Bohmann K; Zepeda-Mendoza ML; Gilbert MTP,
27446044,https://pubmed.ncbi.nlm.nih.gov/27446044/,27446044,PMC4923067,true,,0,The Generalist Inside the Specialist: Gut Bacterial Communities of Two Insect Species Feeding on Toxic Plants Are Dominated by Enterococcus sp.,Frontiers in microbiology,2016,10.3389/fmicb.2016.01005,Vilanova C; Baixeras J; Latorre A; Porcar M,
27368709,https://pubmed.ncbi.nlm.nih.gov/27368709/,27368709,PMC5975844,true,,0,"The gut microbiome of the sea urchin, Lytechinus variegatus, from its natural habitat demonstrates selective attributes of microbial taxa and predictive metabolic profiles.",FEMS microbiology ecology,2016,10.1093/femsec/fiw146,Hakim JA; Koo H; Kumar R; Lefkowitz EJ; Morrow CD; Powell ML; Watts SA; Bej AK,
29544827,https://pubmed.ncbi.nlm.nih.gov/29544827/,29544827,,false,,0,Dietary whey proteins shield murine cecal microbiota from extensive disarray caused by a high-fat diet.,"Food research international (Ottawa, Ont.)",2016,10.1016/j.foodres.2016.04.036,Monteiro NES; Roquetto AR; de Pace F; Moura CS; Santos AD; Yamada AT; Saad MJA; Amaya-Farfan J,
27315483,https://pubmed.ncbi.nlm.nih.gov/27315483/,27315483,PMC5102250,true,,0,Microbial Reconstitution Reverses Maternal Diet-Induced Social and Synaptic Deficits in Offspring.,Cell,2016,10.1016/j.cell.2016.06.001,Buffington SA; Di Prisco GV; Auchtung TA; Ajami NJ; Petrosino JF; Costa-Mattioli M,
27301250,https://pubmed.ncbi.nlm.nih.gov/27301250/,27301250,PMC4906585,true,PRJEB12306,1,Effect of postnatal low-dose exposure to environmental chemicals on the gut microbiome in a rodent model.,Microbiome,2016,10.1186/s40168-016-0173-2,Hu J; Raikhel V; Gopalakrishnan K; Fernandez-Hernandez H; Lambertini L; Manservisi F; Falcioni L; Bua L; Belpoggi F; L Teitelbaum S; Chen J,
27288420,https://pubmed.ncbi.nlm.nih.gov/27288420/,27288420,PMC4967176,true,,0,Gut microbiota are linked to increased susceptibility to hepatic steatosis in low-aerobic-capacity rats fed an acute high-fat diet.,American journal of physiology. Gastrointestinal and liver physiology,2016,10.1152/ajpgi.00065.2016,Panasevich MR; Morris EM; Chintapalli SV; Wankhade UD; Shankar K; Britton SL; Koch LG; Thyfault JP; Rector RS,
27268458,https://pubmed.ncbi.nlm.nih.gov/27268458/,27268458,PMC5079644,true,,0,Sex-Specific Effects of Arsenic Exposure on the Trajectory and Function of the Gut Microbiome.,Chemical research in toxicology,2016,10.1021/acs.chemrestox.6b00066,Chi L; Bian X; Gao B; Ru H; Tu P; Lu K,
27255518,https://pubmed.ncbi.nlm.nih.gov/27255518/,27255518,PMC4891666,true,,0,Uncovering the composition of microbial community structure and metagenomics among three gut locations in pigs with distinct fatness.,Scientific reports,2016,10.1038/srep27427,Yang H; Huang X; Fang S; Xin W; Huang L; Chen C,
27242691,https://pubmed.ncbi.nlm.nih.gov/27242691/,27242691,PMC4860526,true,DRA002238; SRP005393; SRP041693; SRP055407,4,Molecular Characterization and Meta-Analysis of Gut Microbial Communities Illustrate Enrichment of Prevotella and Megasphaera in Indian Subjects.,Frontiers in microbiology,2016,10.3389/fmicb.2016.00660,Bhute S; Pande P; Shetty SA; Shelar R; Mane S; Kumbhare SV; Gawali A; Makhani H; Navandar M; Dhotre D; Lubree H; Agarwal D; Patil R; Ozarkar S; Ghaskadbi S; Yajnik C; Juvekar S; Makharia GK; Shouche YS,
27242374,https://pubmed.ncbi.nlm.nih.gov/27242374/,27242374,,false,,0,"Microbial detoxification in the gut of a specialist avian herbivore, the Greater Sage-Grouse.",FEMS microbiology letters,2016,10.1093/femsle/fnw144,Kohl KD; Connelly JW; Dearing MD; Forbey JS,
27208774,https://pubmed.ncbi.nlm.nih.gov/27208774/,27208774,,false,,0,Comprehensive insights into microcystin-LR effects on hepatic lipid metabolism using cross-omics technologies.,Journal of hazardous materials,2016,10.1016/j.jhazmat.2016.05.011,Zhang Z; Zhang XX; Wu B; Yin J; Yu Y; Yang L,
27180722,https://pubmed.ncbi.nlm.nih.gov/27180722/,27180722,PMC4867428,true,SRP073002,1,Marked variation between winter and spring gut microbiota in free-ranging Tibetan Macaques (Macaca thibetana).,Scientific reports,2016,10.1038/srep26035,Sun B; Wang X; Bernstein S; Huffman MA; Xia DP; Gu Z; Chen R; Sheeran LK; Wagner RS; Li J,
27169388,https://pubmed.ncbi.nlm.nih.gov/27169388/,27169388,,false,,0,Biofilm transplantation in the deep sea.,Molecular ecology,2016,10.1111/mec.13612,Wagner-Döbler I,
27148189,https://pubmed.ncbi.nlm.nih.gov/27148189/,27148189,PMC4830129,true,PRJNA297907; SRP064539,2,Rapid Microbiome Changes in Freshly Deposited Cow Feces under Field Conditions.,Frontiers in microbiology,2016,10.3389/fmicb.2016.00500,Wong K; Shaw TI; Oladeinde A; Glenn TC; Oakley B; Molina M,
27117007,https://pubmed.ncbi.nlm.nih.gov/27117007/,27117007,PMC4935139,true,,0,High-intensity exercise training increases the diversity and metabolic capacity of the mouse distal gut microbiota during diet-induced obesity.,American journal of physiology. Endocrinology and metabolism,2016,10.1152/ajpendo.00537.2015,Denou E; Marcinko K; Surette MG; Steinberg GR; Schertzer JD,
27106050,https://pubmed.ncbi.nlm.nih.gov/27106050/,27106050,,false,,0,The effects of feeding and withholding food on the canine small intestinal microbiota.,FEMS microbiology ecology,2016,10.1093/femsec/fiw085,Kasiraj AC; Harmoinen J; Isaiah A; Westermarck E; Steiner JM; Spillmann T; Suchodolski JS,
27072196,https://pubmed.ncbi.nlm.nih.gov/27072196/,27072196,PMC4829839,true,,0,The gut microbiome and degradation enzyme activity of wild freshwater fishes influenced by their trophic levels.,Scientific reports,2016,10.1038/srep24340,Liu H; Guo X; Gooneratne R; Lai R; Zeng C; Zhan F; Wang W,
27065983,https://pubmed.ncbi.nlm.nih.gov/27065983/,27065983,PMC4814471,true,,0,The Features of Fecal and Ileal Mucosa-Associated Microbiota in Dairy Calves during Early Infection with Mycobacterium avium Subspecies paratuberculosis.,Frontiers in microbiology,2016,10.3389/fmicb.2016.00426,Derakhshani H; De Buck J; Mortier R; Barkema HW; Krause DO; Khafipour E,
27052538,https://pubmed.ncbi.nlm.nih.gov/27052538/,27052538,,false,,0,,,,,,Request failed: Bad control character in string literal in JSON at position 85 (line 1 column 86)
27026373,https://pubmed.ncbi.nlm.nih.gov/27026373/,27026373,,false,,0,Effects of taurine on gut microbiota and metabolism in mice.,Amino acids,2016,10.1007/s00726-016-2219-y,Yu H; Guo Z; Shen S; Shan W,
27012191,https://pubmed.ncbi.nlm.nih.gov/27012191/,27012191,PMC5808146,true,,0,Saturated and Unsaturated Dietary Fats Differentially Modulate Ethanol-Induced Changes in Gut Microbiome and Metabolome in a Mouse Model of Alcoholic Liver Disease.,The American journal of pathology,2016,10.1016/j.ajpath.2015.11.017,Kirpich IA; Petrosino J; Ajami N; Feng W; Wang Y; Liu Y; Beier JI; Barve SS; Yin X; Wei X; Zhang X; McClain CJ,
27007819,https://pubmed.ncbi.nlm.nih.gov/27007819/,27007819,PMC4939928,true,,0,The microbiota-derived metabolite indole decreases mucosal inflammation and injury in a murine model of NSAID enteropathy.,Gut microbes,2016,10.1080/19490976.2016.1156827,Whitfield-Cargile CM; Cohen ND; Chapkin RS; Weeks BR; Davidson LA; Goldsby JS; Hunt CL; Steinmeyer SH; Menon R; Suchodolski JS; Jayaraman A; Alaniz RC,
26989200,https://pubmed.ncbi.nlm.nih.gov/26989200/,26989200,PMC4874226,true,,0,Peptidoglycan from the gut microbiota governs the lifespan of circulating phagocytes at homeostasis.,Blood,2016,10.1182/blood-2015-10-675173,Hergott CB; Roche AM; Tamashiro E; Clarke TB; Bailey AG; Laughlin A; Bushman FD; Weiser JN,
26986573,https://pubmed.ncbi.nlm.nih.gov/26986573/,26986573,PMC4795697,true,SRP070196,1,Metagenomic Survey of Viral Diversity Obtained from Feces of Subantarctic and South American Fur Seals.,PloS one,2016,10.1371/journal.pone.0151921,Kluge M; Campos FS; Tavares M; de Amorim DB; Valdez FP; Giongo A; Roehe PM; Franco AC,
26962896,https://pubmed.ncbi.nlm.nih.gov/26962896/,26962896,,false,,0,Characterisation of caecum and crop microbiota of Indian indigenous chicken targeting multiple hypervariable regions within 16S rRNA gene.,British poultry science,2016,10.1080/00071668.2016.1161728,Saxena S; Saxena VK; Tomar S; Sapcota D; Gonmei G,
26925326,https://pubmed.ncbi.nlm.nih.gov/26925326/,26925326,PMC4768707,true,PRJNA281761,1,Influence of whole-wheat consumption on fecal microbial community structure of obese diabetic mice.,PeerJ,2016,10.7717/peerj.1702,Garcia-Mazcorro JF; Ivanov I; Mills DA; Noratto G,
26905381,https://pubmed.ncbi.nlm.nih.gov/26905381/,26905381,PMC4764845,true,PRJDB4366,1,Individual Apostichopus japonicus fecal microbiome reveals a link with polyhydroxybutyrate producers in host growth gaps.,Scientific reports,2016,10.1038/srep21631,Yamazaki Y; Meirelles PM; Mino S; Suda W; Oshima K; Hattori M; Thompson FL; Sakai Y; Sawabe T; Sawabe T,
26884164,https://pubmed.ncbi.nlm.nih.gov/26884164/,26884164,PMC4780612,true,,0,Probiotics modulated gut microbiota suppresses hepatocellular carcinoma growth in mice.,Proceedings of the National Academy of Sciences of the United States of America,2016,10.1073/pnas.1518189113,Li J; Sung CY; Lee N; Ni Y; Pihlajamäki J; Panagiotou G; El-Nezami H,
26709835,https://pubmed.ncbi.nlm.nih.gov/26709835/,26709835,PMC4692534,true,SRP059837,1,Selective Spectrum Antibiotic Modulation of the Gut Microbiome in Obesity and Diabetes Rodent Models.,PloS one,2015,10.1371/journal.pone.0145499,Rajpal DK; Klein JL; Mayhew D; Boucheron J; Spivak AT; Kumar V; Ingraham K; Paulik M; Chen L; Van Horn S; Thomas E; Sathe G; Livi GP; Holmes DJ; Brown JR,
26676710,https://pubmed.ncbi.nlm.nih.gov/26676710/,26676710,PMC4911323,true,,0,Destabilization of the gut microbiome marks the end-stage of simian immunodeficiency virus infection in wild chimpanzees.,American journal of primatology,2018,10.1002/ajp.22515,Barbian HJ; Li Y; Ramirez M; Klase Z; Lipende I; Mjungu D; Moeller AH; Wilson ML; Pusey AE; Lonsdorf EV; Bushman FD; Hahn BH,
26659594,https://pubmed.ncbi.nlm.nih.gov/26659594/,26659594,PMC4682054,true,PRJEB9357,1,A Longitudinal Study of the Feline Faecal Microbiome Identifies Changes into Early Adulthood Irrespective of Sexual Development.,PloS one,2015,10.1371/journal.pone.0144881,Deusch O; O'Flynn C; Colyer A; Swanson KS; Allaway D; Morris P,
26638243,https://pubmed.ncbi.nlm.nih.gov/26638243/,26638243,,false,,0,"[Study of the Microbiome of the Intestine of the Comephorus dybowski Korotneff, 1904].",Izvestiia Akademii nauk. Seriia biologicheskaia,2015,,Bel'kova NL; Denikina NN; Dzyuba EV,
26633470,https://pubmed.ncbi.nlm.nih.gov/26633470/,26633470,PMC4690049,true,,0,Chronic Zinc Deficiency Alters Chick Gut Microbiota Composition and Function.,Nutrients,2015,10.3390/nu7125497,Reed S; Neuman H; Moscovich S; Glahn RP; Koren O; Tako E,
26607965,https://pubmed.ncbi.nlm.nih.gov/26607965/,26607965,PMC4660790,true,,0,Metagenomic analysis of the microbiota in the highly compartmented hindguts of six wood- or soil-feeding higher termites.,Microbiome,2015,10.1186/s40168-015-0118-1,Rossmassler K; Dietrich C; Thompson C; Mikaelyan A; Nonoh JO; Scheffrahn RH; Sillam-Dussès D; Brune A,
26579434,https://pubmed.ncbi.nlm.nih.gov/26579434/,26579434,PMC4629220,true,,0,The human gut sterolbiome: bile acid-microbiome endocrine aspects and therapeutics.,Acta pharmaceutica Sinica. B,2015,10.1016/j.apsb.2015.01.006,Ridlon JM; Bajaj JS,
28943629,https://pubmed.ncbi.nlm.nih.gov/28943629/,28943629,PMC5548254,true,,0,An Integrated Outlook on the Metagenome and Metabolome of Intestinal Diseases.,"Diseases (Basel, Switzerland)",2015,10.3390/diseases3040341,Aw W; Fukuda S,
26511795,https://pubmed.ncbi.nlm.nih.gov/26511795/,26511795,PMC4819612,true,,0,The gut microbiota plays a protective role in the host defence against pneumococcal pneumonia.,Gut,2016,10.1136/gutjnl-2015-309728,Schuijt TJ; Lankelma JM; Scicluna BP; de Sousa e Melo F; Roelofs JJ; de Boer JD; Hoogendijk AJ; de Beer R; de Vos A; Belzer C; de Vos WM; van der Poll T; Wiersinga WJ,
26509834,https://pubmed.ncbi.nlm.nih.gov/26509834/,26509834,,false,,0,The longitudinal effect of a multi-strain probiotic on the intestinal bacterial microbiota of neonatal foals.,Equine veterinary journal,2016,10.1111/evj.12524,Schoster A; Guardabassi L; Staempfli HR; Abrahams M; Jalali M; Weese JS,
26500698,https://pubmed.ncbi.nlm.nih.gov/26500698/,26500698,PMC4618737,true,,0,Phylogeny-structured carbohydrate metabolism across microbiomes collected from different units in wastewater treatment process.,Biotechnology for biofuels,2015,10.1186/s13068-015-0348-2,Xia Y; Chin FY; Chao Y; Zhang T,
26479188,https://pubmed.ncbi.nlm.nih.gov/26479188/,26479188,,false,,0,Structural & functional consequences of chronic psychosocial stress on the microbiome & host.,Psychoneuroendocrinology,2016,10.1016/j.psyneuen.2015.10.001,Bharwani A; Mian MF; Foster JA; Surette MG; Bienenstock J; Forsythe P,
26473721,https://pubmed.ncbi.nlm.nih.gov/26473721/,26473721,PMC5029215,true,,0,Divergent responses of viral and bacterial communities in the gut microbiome to dietary disturbances in mice.,The ISME journal,2016,10.1038/ismej.2015.183,Howe A; Ringus DL; Williams RJ; Choo ZN; Greenwald SM; Owens SM; Coleman ML; Meyer F; Chang EB,
26423395,https://pubmed.ncbi.nlm.nih.gov/26423395/,26423395,,false,,0,Metagenomic insights into tetracycline effects on microbial community and antibiotic resistance of mouse gut.,"Ecotoxicology (London, England)",2015,10.1007/s10646-015-1540-7,Yin J; Zhang XX; Wu B; Xian Q,
26420038,https://pubmed.ncbi.nlm.nih.gov/26420038/,26420038,PMC4589031,true,GSE58532; GSE64054,2,Postnatal epigenetic regulation of intestinal stem cells requires DNA methylation and is guided by the microbiome.,Genome biology,2015,10.1186/s13059-015-0763-5,Yu DH; Gadkari M; Zhou Q; Yu S; Gao N; Guan Y; Schady D; Roshan TN; Chen MH; Laritsky E; Ge Z; Wang H; Chen R; Westwater C; Bry L; Waterland RA; Moriarty C; Hwang C; Swennes AG; Moore SR; Shen L,
26388849,https://pubmed.ncbi.nlm.nih.gov/26388849/,26388849,PMC4555090,true,,0,Strand-specific community RNA-seq reveals prevalent and dynamic antisense transcription in human gut microbiota.,Frontiers in microbiology,2015,10.3389/fmicb.2015.00896,Bao G; Wang M; Doak TG; Ye Y,
26336637,https://pubmed.ncbi.nlm.nih.gov/26336637/,26336637,PMC4556144,true,PRJNA255439,1,"Composition, taxonomy and functional diversity of the oropharynx microbiome in individuals with schizophrenia and controls.",PeerJ,2015,10.7717/peerj.1140,Castro-Nallar E; Bendall ML; Pérez-Losada M; Sabuncyan S; Severance EG; Dickerson FB; Schroeder JR; Yolken RH; Crandall KA,
26323630,https://pubmed.ncbi.nlm.nih.gov/26323630/,26323630,PMC4554251,true,,0,Manipulating the Gut Microbiota: Methods and Challenges.,ILAR journal,2015,10.1093/ilar/ilv021,Ericsson AC; Franklin CL,
26320104,https://pubmed.ncbi.nlm.nih.gov/26320104/,26320104,,false,,0,Akkermansia muciniphila and Helicobacter typhlonius modulate intestinal tumor development in mice.,Carcinogenesis,2015,10.1093/carcin/bgv120,Dingemanse C; Belzer C; van Hijum SA; Günthel M; Salvatori D; den Dunnen JT; Kuijper EJ; Devilee P; de Vos WM; van Ommen GB; Robanus-Maandag EC,
26319658,https://pubmed.ncbi.nlm.nih.gov/26319658/,26319658,,false,,0,Porcine Epidemic Diarrhea Virus Infection Induced the Unbalance of Gut Microbiota in Piglets.,Current microbiology,2015,10.1007/s00284-015-0895-6,Liu S; Zhao L; Zhai Z; Zhao W; Ding J; Dai R; Sun T; Meng H,
26315488,https://pubmed.ncbi.nlm.nih.gov/26315488/,26315488,,false,,0,Domestication and cereal feeding developed domestic pig-type intestinal microbiota in animals of suidae.,Animal science journal = Nihon chikusan Gakkaiho,2016,10.1111/asj.12492,Ushida K; Tsuchida S; Ogura Y; Toyoda A; Maruyama F,
26305682,https://pubmed.ncbi.nlm.nih.gov/26305682/,26305682,PMC4549325,true,SRP060764,1,Composition and Diversity of the Fecal Microbiome and Inferred Fecal Metagenome Does Not Predict Subsequent Pneumonia Caused by Rhodococcus equi in Foals.,PloS one,2015,10.1371/journal.pone.0136586,Whitfield-Cargile CM; Cohen ND; Suchodolski J; Chaffin MK; McQueen CM; Arnold CE; Dowd SE; Blodgett GP,
26258869,https://pubmed.ncbi.nlm.nih.gov/26258869/,26258869,PMC4530880,true,PRJNA269993,1,Metagenomic Analysis of Antibiotic Resistance Genes in Dairy Cow Feces following Therapeutic Administration of Third Generation Cephalosporin.,PloS one,2015,10.1371/journal.pone.0133764,Chambers L; Yang Y; Littier H; Ray P; Zhang T; Pruden A; Strickland M; Knowlton K,
26234684,https://pubmed.ncbi.nlm.nih.gov/26234684/,26234684,,false,,0,Plasmids from the gut microbiome of cabbage root fly larvae encode SaxA that catalyses the conversion of the plant toxin 2-phenylethyl isothiocyanate.,Environmental microbiology,2016,10.1111/1462-2920.12997,Welte CU; de Graaf RM; van den Bosch TJ; Op den Camp HJ; van Dam NM; Jetten MS,
26189342,https://pubmed.ncbi.nlm.nih.gov/26189342/,26189342,,false,,0,"A comparative study on microbiota from the intestine of Prussian carp (Carassius gibelio) and their aquatic environmental compartments, using different molecular methods.",Journal of applied microbiology,2015,10.1111/jam.12904,Kashinskaya EN; Belkova NL; Izvekova GI; Simonov EP; Andree KB; Glupov VV; Baturina OA; Kabilov MR; Solovyev MM,
26168244,https://pubmed.ncbi.nlm.nih.gov/26168244/,26168244,PMC4500556,true,PRJNA280489,1,Effects of Host Phylogeny and Habitats on Gut Microbiomes of Oriental River Prawn (Macrobrachium nipponense).,PloS one,2015,10.1371/journal.pone.0132860,Tzeng TD; Pao YY; Chen PC; Weng FC; Jean WD; Wang D,
26167280,https://pubmed.ncbi.nlm.nih.gov/26167280/,26167280,PMC4499176,true,,0,Diet shapes the gut microbiome of pigs during nursing and weaning.,Microbiome,2015,10.1186/s40168-015-0091-8,Frese SA; Parker K; Calvert CC; Mills DA,
26150661,https://pubmed.ncbi.nlm.nih.gov/26150661/,26150661,PMC4528493,true,PRJEB8312,1,Interactions between multiple helminths and the gut microbiota in wild rodents.,"Philosophical transactions of the Royal Society of London. Series B, Biological sciences",2015,10.1098/rstb.2014.0295,Kreisinger J; Bastien G; Hauffe HC; Marchesi J; Perkins SE,
26147095,https://pubmed.ncbi.nlm.nih.gov/26147095/,26147095,PMC4493139,true,PRJNA283468,1,Perilipin-2 Modulates Lipid Absorption and Microbiome Responses in the Mouse Intestine.,PloS one,2015,10.1371/journal.pone.0131944,Frank DN; Bales ES; Monks J; Jackman MJ; MacLean PS; Ir D; Robertson CE; Orlicky DJ; McManaman JL,
26143242,https://pubmed.ncbi.nlm.nih.gov/26143242/,26143242,,false,,0,The giant panda gut microbiome.,Trends in microbiology,2015,10.1016/j.tim.2015.06.004,Wei F; Wang X; Wu Q,
26123276,https://pubmed.ncbi.nlm.nih.gov/26123276/,26123276,PMC4491183,true,GSE68603; PRJNA283552,2,Metabolic and metagenomic outcomes from early-life pulsed antibiotic treatment.,Nature communications,2015,10.1038/ncomms8486,Nobel YR; Cox LM; Kirigin FF; Bokulich NA; Yamanishi S; Teitler I; Chung J; Sohn J; Barber CM; Goldfarb DS; Raju K; Abubucker S; Zhou Y; Ruiz VE; Li H; Mitreva M; Alekseyenko AV; Weinstock GM; Sodergren E; Blaser MJ,
26102287,https://pubmed.ncbi.nlm.nih.gov/26102287/,26102287,PMC4478025,true,,0,Inference of Network Dynamics and Metabolic Interactions in the Gut Microbiome.,PLoS computational biology,2015,10.1371/journal.pcbi.1004338,Steinway SN; Biggs MB; Loughran TP Jr; Papin JA; Albert R,
26101080,https://pubmed.ncbi.nlm.nih.gov/26101080/,26101080,PMC4526750,true,,0,The evolution of Campylobacter jejuni and Campylobacter coli.,Cold Spring Harbor perspectives in biology,2015,10.1101/cshperspect.a018119,Sheppard SK; Maiden MC,
26070414,https://pubmed.ncbi.nlm.nih.gov/26070414/,26070414,,false,,0,Composition and function of the undernourished neonatal mouse intestinal microbiome.,The Journal of nutritional biochemistry,2015,10.1016/j.jnutbio.2015.04.010,Preidis GA; Ajami NJ; Wong MC; Bessard BC; Conner ME; Petrosino JF,
26070001,https://pubmed.ncbi.nlm.nih.gov/26070001/,26070001,,false,,0,Fecal Microbial Transplant After Ileocolic Resection Reduces Ileitis but Restores Colitis in IL-10-/- Mice.,Inflammatory bowel diseases,2015,10.1097/MIB.0000000000000383,Perry T; Jovel J; Patterson J; Wong G; Fedorak RN; Thiesen A; Dicken B; Madsen KL,
26058415,https://pubmed.ncbi.nlm.nih.gov/26058415/,26058415,,false,,0,Species-specific diversity of novel bacterial lineages and differential abundance of predicted pathways for toxic compound degradation in scorpion gut microbiota.,Environmental microbiology,2016,10.1111/1462-2920.12939,Bolaños LM; Rosenblueth M; Castillo-Ramírez S; Figuier-Huttin G; Martínez-Romero E,
26048941,https://pubmed.ncbi.nlm.nih.gov/26048941/,26048941,PMC4510184,true,,0,Paenibacillus larvae-Directed Bacteriophage HB10c2 and Its Application in American Foulbrood-Affected Honey Bee Larvae.,Applied and environmental microbiology,2015,10.1128/AEM.00804-15,Beims H; Wittmann J; Bunk B; Spröer C; Rohde C; Günther G; Rohde M; von der Ohe W; Steinert M,
26046242,https://pubmed.ncbi.nlm.nih.gov/26046242/,26046242,,false,,0,Lack of Vitamin D Receptor Causes Dysbiosis and Changes the Functions of the Murine Intestinal Microbiome.,Clinical therapeutics,2015,10.1016/j.clinthera.2015.04.004,Jin D; Wu S; Zhang YG; Lu R; Xia Y; Dong H; Sun J,
25973144,https://pubmed.ncbi.nlm.nih.gov/25973144/,25973144,PMC4427659,true,PRJNA267761; PRJNA271123; PRJNA276803,3,Under-detection of endospore-forming Firmicutes in metagenomic data.,Computational and structural biotechnology journal,2015,10.1016/j.csbj.2015.04.002,Filippidou S; Junier T; Wunderlin T; Lo CC; Li PE; Chain PS; Junier P,
25960327,https://pubmed.ncbi.nlm.nih.gov/25960327/,25960327,PMC4426690,true,,0,Variation in koala microbiomes within and between individuals: effect of body region and captivity status.,Scientific reports,2015,10.1038/srep10189,Alfano N; Courtiol A; Vielgrader H; Timms P; Roca AL; Greenwood AD,
25903360,https://pubmed.ncbi.nlm.nih.gov/25903360/,25903360,PMC4429471,true,,0,Characterization of the microbiota in the guts of Triatoma brasiliensis and Triatoma pseudomaculata infected by Trypanosoma cruzi in natural conditions using culture independent methods.,Parasites & vectors,2015,10.1186/s13071-015-0836-z,Gumiel M; da Mota FF; Rizzo Vde S; Sarquis O; de Castro DP; Lima MM; Garcia Ede S; Carels N; Azambuja P,
25813857,https://pubmed.ncbi.nlm.nih.gov/25813857/,25813857,,false,,0,Taxonomic and functional annotation of gut bacterial communities of Eisenia foetida and Perionyx excavatus.,Microbiological research,2015,10.1016/j.micres.2015.03.003,Singh A; Singh DP; Tiwari R; Kumar K; Singh RV; Singh S; Prasanna R; Saxena AK; Nain L,
25663091,https://pubmed.ncbi.nlm.nih.gov/25663091/,25663091,,false,,0,"Metagenomic analysis of the gut microbiota of the Timber Rattlesnake, Crotalus horridus.",Molecular biology reports,2015,10.1007/s11033-015-3854-1,McLaughlin RW; Cochran PA; Dowd SE,
25652653,https://pubmed.ncbi.nlm.nih.gov/25652653/,25652653,,false,,0,Barcoded pyrosequencing-based metagenomic analysis of the faecal microbiome of three purebred pig lines after cohabitation.,Applied microbiology and biotechnology,2015,10.1007/s00253-015-6408-5,Pajarillo EA; Chae JP; Kim HB; Kim IH; Kang DK,
25635690,https://pubmed.ncbi.nlm.nih.gov/25635690/,25635690,PMC4311960,true,SRP033198,1,Comparative analysis of the intestinal bacterial and RNA viral communities from sentinel birds placed on selected broiler chicken farms.,PloS one,2015,10.1371/journal.pone.0117210,Day JM; Oakley BB; Seal BS; Zsak L,
25625313,https://pubmed.ncbi.nlm.nih.gov/25625313/,25625313,,false,,0,Functional genomic and metagenomic approaches to understanding gut microbiota-animal mutualism.,Current opinion in microbiology,2015,10.1016/j.mib.2015.01.007,Yoon SS; Kim EK; Lee WJ,
25614621,https://pubmed.ncbi.nlm.nih.gov/25614621/,25614621,PMC5166700,true,GSE60568; PRJNA258166,2,Uncovering effects of antibiotics on the host and microbiota using transkingdom gene networks.,Gut,2015,10.1136/gutjnl-2014-308820,Morgun A; Dzutsev A; Dong X; Greer RL; Sexton DJ; Ravel J; Schuster M; Hsiao W; Matzinger P; Shulzhenko N,
25609144,https://pubmed.ncbi.nlm.nih.gov/25609144/,25609144,,false,,0,Metagenomic and metabolomic analysis of the toxic effects of trichloroacetamide-induced gut microbiome and urine metabolome perturbations in mice.,Journal of proteome research,2015,10.1021/pr5011263,Zhang Y; Zhao F; Deng Y; Zhao Y; Ren H,
25608871,https://pubmed.ncbi.nlm.nih.gov/25608871/,25608871,PMC4308010,true,PRJEB6941,1,Evaluation of methods to purify virus-like particles for metagenomic sequencing of intestinal viromes.,BMC genomics,2015,10.1186/s12864-014-1207-4,Kleiner M; Hooper LV; Duerkop BA,
25604266,https://pubmed.ncbi.nlm.nih.gov/25604266/,25604266,PMC4543427,true,,0,First insights into the microbial diversity in the omasum and reticulum of bovine using Illumina sequencing.,Journal of applied genetics,2015,10.1007/s13353-014-0258-1,Peng S; Yin J; Liu X; Jia B; Chang Z; Lu H; Jiang N; Chen Q,
25598242,https://pubmed.ncbi.nlm.nih.gov/25598242/,25598242,,false,,0,Metagenomic insights into the effects of fructo-oligosaccharides (FOS) on the composition of fecal microbiota in mice.,Journal of agricultural and food chemistry,2015,10.1021/jf505156h,Mao B; Li D; Zhao J; Liu X; Gu Z; Chen YQ; Zhang H; Chen W,
25575311,https://pubmed.ncbi.nlm.nih.gov/25575311/,25575311,PMC4478690,true,,0,"Divergence across diet, time and populations rules out parallel evolution in the gut microbiomes of Trinidadian guppies.",The ISME journal,2015,10.1038/ismej.2014.231,Sullam KE; Rubin BE; Dalton CM; Kilham SS; Flecker AS; Russell JA,
27682116,https://pubmed.ncbi.nlm.nih.gov/27682116/,27682116,PMC5023261,true,,0,Gut Microbiota and Host Reaction in Liver Diseases.,Microorganisms,2015,10.3390/microorganisms3040759,Fukui H,
25538865,https://pubmed.ncbi.nlm.nih.gov/25538865/,25538865,PMC4266855,true,,0,The microbes we eat: abundance and taxonomy of microbes consumed in a day's worth of meals for three diet types.,PeerJ,2014,10.7717/peerj.659,Lang JM; Eisen JA; Zivkovic AM,
25524569,https://pubmed.ncbi.nlm.nih.gov/25524569/,25524569,,false,,0,Metagenomic-based study of the phylogenetic and functional gene diversity in Galápagos land and marine iguanas.,Microbial ecology,2015,10.1007/s00248-014-0547-6,Hong PY; Mao Y; Ortiz-Kofoed S; Shah R; Cann I; Mackie RI,
25423494,https://pubmed.ncbi.nlm.nih.gov/25423494/,25423494,,false,,0,The microbiome of New World vultures.,Nature communications,2014,10.1038/ncomms6498,Roggenbuck M; Bærholm Schnell I; Blom N; Bælum J; Bertelsen MF; Sicheritz-Pontén T; Sørensen SJ; Gilbert MT; Graves GR; Hansen LH,
25382376,https://pubmed.ncbi.nlm.nih.gov/25382376/,25382376,,false,,0,Acclimatisation-induced stress influenced host metabolic and gut microbial composition change.,Molecular bioSystems,2015,10.1039/c4mb00463a,Yap IK; Kho MT; Lim SH; Ismail NH; Yam WK; Chong CW,
25336723,https://pubmed.ncbi.nlm.nih.gov/25336723/,25336723,,false,,0,"Bombella intestini gen. nov., sp. nov., an acetic acid bacterium isolated from bumble bee crop.",International journal of systematic and evolutionary microbiology,2015,10.1099/ijs.0.068049-0,Li L; Praet J; Borremans W; Nunes OC; Manaia CM; Cleenwerck I; Meeus I; Smagghe G; De Vuyst L; Vandamme P,
25304507,https://pubmed.ncbi.nlm.nih.gov/25304507/,25304507,PMC4272722,true,,0,Investigating the function of an arabinan utilization locus isolated from a termite gut community.,Applied and environmental microbiology,2015,10.1128/AEM.02257-14,Arnal G; Bastien G; Monties N; Abot A; Anton Leberre V; Bozonnet S; O'Donohue M; Dumon C,
25271286,https://pubmed.ncbi.nlm.nih.gov/25271286/,25271286,PMC4196228,true,,0,Metagenome-wide association of microbial determinants of host phenotype in Drosophila melanogaster.,mBio,2014,10.1128/mBio.01631-14,Chaston JM; Newell PD; Douglas AE,
25263745,https://pubmed.ncbi.nlm.nih.gov/25263745/,25263745,,false,,0,The chicken gastrointestinal microbiome.,FEMS microbiology letters,2014,10.1111/1574-6968.12608,Oakley BB; Lillehoj HS; Kogut MH; Kim WK; Maurer JJ; Pedroso A; Lee MD; Collett SR; Johnson TJ; Cox NA,
25246537,https://pubmed.ncbi.nlm.nih.gov/25246537/,25246537,PMC4209977,true,,0,Complementary symbiont contributions to plant decomposition in a fungus-farming termite.,Proceedings of the National Academy of Sciences of the United States of America,2014,10.1073/pnas.1319718111,Poulsen M; Hu H; Li C; Chen Z; Xu L; Otani S; Nygaard S; Nobre T; Klaubauf S; Schindler PM; Hauser F; Pan H; Yang Z; Sonnenberg AS; de Beer ZW; Zhang Y; Wingfield MJ; Grimmelikhuijzen CJ; de Vries RP; Korb J; Aanen DK; Wang J; Boomsma JJ; Zhang G,
25232735,https://pubmed.ncbi.nlm.nih.gov/25232735/,25232735,PMC4169429,true,PRJEB5969,1,Age and microenvironment outweigh genetic influence on the Zucker rat microbiome.,PloS one,2014,10.1371/journal.pone.0100916,Lees H; Swann J; Poucher SM; Nicholson JK; Holmes E; Wilson ID; Marchesi JR,
25208077,https://pubmed.ncbi.nlm.nih.gov/25208077/,25208077,PMC4160196,true,PRJNA240141; SRP040073,2,A comparative metagenome survey of the fecal microbiota of a breast- and a plant-fed Asian elephant reveals an unexpectedly high diversity of glycoside hydrolase family enzymes.,PloS one,2014,10.1371/journal.pone.0106707,Ilmberger N; Güllert S; Dannenberg J; Rabausch U; Torres J; Wemheuer B; Alawi M; Poehlein A; Chow J; Turaev D; Rattei T; Schmeisser C; Salomon J; Olsen PB; Daniel R; Grundhoff A; Borchert MS; Streit WR,
25204516,https://pubmed.ncbi.nlm.nih.gov/25204516/,25204516,,false,,0,Gastrointestinal microbiota of wild and inbred individuals of two house mouse subspecies assessed using high-throughput parallel pyrosequencing.,Molecular ecology,2014,10.1111/mec.12909,Kreisinger J; Cížková D; Vohánka J; Piálek J,
25183073,https://pubmed.ncbi.nlm.nih.gov/25183073/,25183073,PMC4025310,true,,0,Insect gut microbiome - An unexploited reserve for biotechnological application.,Asian Pacific journal of tropical biomedicine,2014,10.12980/APJTB.4.2014C95,Krishnan M; Bharathiraja C; Pandiarajan J; Prasanna VA; Rajendhran J; Gunasekaran P,
25080446,https://pubmed.ncbi.nlm.nih.gov/25080446/,25080446,,false,,0,"A polyphenol-rich cranberry extract protects from diet-induced obesity, insulin resistance and intestinal inflammation in association with increased Akkermansia spp. population in the gut microbiota of mice.",Gut,2015,10.1136/gutjnl-2014-307142,Anhê FF; Roy D; Pilon G; Dudonné S; Matamoros S; Varin TV; Garofalo C; Moine Q; Desjardins Y; Levy E; Marette A,
25048881,https://pubmed.ncbi.nlm.nih.gov/25048881/,25048881,,false,,0,Metagenomic profiles and antibiotic resistance genes in gut microbiota of mice exposed to arsenic and iron.,Chemosphere,2014,10.1016/j.chemosphere.2014.03.068,Guo X; Liu S; Wang Z; Zhang XX; Li M; Wu B,
25024222,https://pubmed.ncbi.nlm.nih.gov/25024222/,25024222,PMC4121828,true,,0,Functional genomics of Lactobacillus casei establishment in the gut.,Proceedings of the National Academy of Sciences of the United States of America,2014,10.1073/pnas.1411883111,Licandro-Seraut H; Scornec H; Pédron T; Cavin JF; Sansonetti PJ,
25010839,https://pubmed.ncbi.nlm.nih.gov/25010839/,25010839,PMC4091873,true,PRJEB4391,1,Deep Illumina-based shotgun sequencing reveals dietary effects on the structure and function of the fecal microbiome of growing kittens.,PloS one,2014,10.1371/journal.pone.0101021,Deusch O; O'Flynn C; Colyer A; Morris P; Allaway D; Jones PG; Swanson KS,
25007784,https://pubmed.ncbi.nlm.nih.gov/25007784/,25007784,,false,,0,"Safety assessment of the butyrate-producing Butyricicoccus pullicaecorum strain 25-3(T), a potential probiotic for patients with inflammatory bowel disease, based on oral toxicity tests and whole genome sequencing.",Food and chemical toxicology : an international journal published for the British Industrial Biological Research Association,2014,10.1016/j.fct.2014.06.024,Steppe M; Van Nieuwerburgh F; Vercauteren G; Boyen F; Eeckhaut V; Deforce D; Haesebrouck F; Ducatelle R; Van Immerseel F,
24973096,https://pubmed.ncbi.nlm.nih.gov/24973096/,24973096,PMC4833112,true,,0,Combination of metagenomics and culture-based methods to study the interaction between ochratoxin a and gut microbiota.,Toxicological sciences : an official journal of the Society of Toxicology,2014,10.1093/toxsci/kfu128,Guo M; Huang K; Chen S; Qi X; He X; Cheng WH; Luo Y; Xia K; Xu W,
24912178,https://pubmed.ncbi.nlm.nih.gov/24912178/,24912178,PMC4084472,true,,0,Dietary history contributes to enterotype-like clustering and functional metagenomic content in the intestinal microbiome of wild mice.,Proceedings of the National Academy of Sciences of the United States of America,2014,10.1073/pnas.1402342111,Wang J; Linnenbrink M; Künzel S; Fernandes R; Nadeau MJ; Rosenstiel P; Baines JF,
24882755,https://pubmed.ncbi.nlm.nih.gov/24882755/,24882755,,false,,0,Rapidly expanding knowledge on the role of the gut microbiome in health and disease.,Biochimica et biophysica acta,2014,10.1016/j.bbadis.2014.05.023,Cénit MC; Matzaraki V; Tigchelaar EF; Zhernakova A,
24860552,https://pubmed.ncbi.nlm.nih.gov/24860552/,24860552,PMC4029005,true,PRJNA237098,1,Metagenomic analysis of the medicinal leech gut microbiota.,Frontiers in microbiology,2014,10.3389/fmicb.2014.00151,Maltz MA; Bomar L; Lapierre P; Morrison HG; McClure EA; Sogin ML; Graf J,
24809191,https://pubmed.ncbi.nlm.nih.gov/24809191/,24809191,,false,,0,[Taxonomic composition of metagenomic community in the larval gut of mosquito Anopheles sinensis (Diptera: Culicidae)].,Zhongguo ji sheng chong xue yu ji sheng chong bing za zhi = Chinese journal of parasitology & parasitic diseases,2013,,Nan CY; Ma YJ; Xu JN; Liang J,
24694712,https://pubmed.ncbi.nlm.nih.gov/24694712/,24694712,PMC4163056,true,,0,Microbiome of prebiotic-treated mice reveals novel targets involved in host response during obesity.,The ISME journal,2014,10.1038/ismej.2014.45,Everard A; Lazarevic V; Gaïa N; Johansson M; Ståhlman M; Backhed F; Delzenne NM; Schrenzel J; François P; Cani PD,
24584416,https://pubmed.ncbi.nlm.nih.gov/24584416/,24584416,,false,,0,Phylogenetic and functional analysis of gut microbiota of a fungus-growing higher termite: Bacteroidetes from higher termites are a rich source of β-glucosidase genes.,Microbial ecology,2014,10.1007/s00248-014-0388-3,Zhang M; Liu N; Qian C; Wang Q; Wang Q; Long Y; Huang Y; Zhou Z; Yan X,
24522263,https://pubmed.ncbi.nlm.nih.gov/24522263/,24522263,PMC4817603,true,,0,"Bacteria, phages and pigs: the effects of in-feed antibiotics on the microbiome at different gut locations.",The ISME journal,2014,10.1038/ismej.2014.12,Looft T; Allen HK; Cantarel BL; Levine UY; Bayles DO; Alt DP; Henrissat B; Stanton TB,
24467930,https://pubmed.ncbi.nlm.nih.gov/24467930/,24467930,,false,,0,In vivo spread of macrolide-lincosamide-streptogramin B (MLSB) resistance--a model study in chickens.,Veterinary microbiology,2014,10.1016/j.vetmic.2013.12.017,Marosevic D; Cervinkova D; Vlkova H; Videnska P; Babak V; Jaglic Z,
24413286,https://pubmed.ncbi.nlm.nih.gov/24413286/,24413286,PMC3948040,true,,0,Arsenic exposure perturbs the gut microbiome and its metabolic profile in mice: an integrated metagenomics and metabolomics analysis.,Environmental health perspectives,2014,10.1289/ehp.1307429,Lu K; Abo RP; Schlieper KA; Graffam ME; Levine S; Wishnok JS; Swenberg JA; Tannenbaum SR; Fox JG,
24348232,https://pubmed.ncbi.nlm.nih.gov/24348232/,24348232,PMC3861043,true,,0,Ecological modeling from time-series inference: insight into dynamics and stability of intestinal microbiota.,PLoS computational biology,2013,10.1371/journal.pcbi.1003388,Stein RR; Bucci V; Toussaint NC; Buffie CG; Rätsch G; Pamer EG; Sander C; Xavier JB,
24327339,https://pubmed.ncbi.nlm.nih.gov/24327339/,24327339,PMC3870255,true,E-MTAB-1800,1,The intestinal microbiota interferes with the microRNA response upon oral Listeria infection.,mBio,2013,10.1128/mBio.00707-13,Archambaud C; Sismeiro O; Toedling J; Soubigou G; Bécavin C; Lechat P; Lebreton A; Ciaudo C; Cossart P,
24256454,https://pubmed.ncbi.nlm.nih.gov/24256454/,24256454,,false,,0,Factors influencing the grass carp gut microbiome and its effect on metabolism.,FEMS microbiology ecology,2014,10.1111/1574-6941.12256,Ni J; Yan Q; Yu Y; Zhang T,
24212578,https://pubmed.ncbi.nlm.nih.gov/24212578/,24212578,PMC3911106,true,,0,Metaproteomics analysis reveals the adaptation process for the chicken gut microbiota.,Applied and environmental microbiology,2014,10.1128/AEM.02472-13,Tang Y; Underwood A; Gielbert A; Woodward MJ; Petrovska L,
24204633,https://pubmed.ncbi.nlm.nih.gov/24204633/,24204633,PMC3811976,true,,0,"Extracellular vesicles derived from gut microbiota, especially Akkermansia muciniphila, protect the progression of dextran sulfate sodium-induced colitis.",PloS one,2013,10.1371/journal.pone.0076520,Kang CS; Ban M; Choi EJ; Moon HG; Jeon JS; Kim DK; Park SK; Jeon SG; Roh TY; Myung SJ; Gho YS; Kim JG; Kim YK,
24136777,https://pubmed.ncbi.nlm.nih.gov/24136777/,24136777,,false,,0,Taxonomic and gene-centric metagenomics of the fecal microbiome of low and high feed conversion ratio (FCR) broilers.,Journal of applied genetics,2014,10.1007/s13353-013-0179-4,Singh KM; Shah TM; Reddy B; Deshpande S; Rank DN; Joshi CG,
24118574,https://pubmed.ncbi.nlm.nih.gov/24118574/,24118574,,false,,0,Convergence of gut microbiomes in myrmecophagous mammals.,Molecular ecology,2014,10.1111/mec.12501,Delsuc F; Metcalf JL; Wegener Parfrey L; Song SJ; González A; Knight R,
24102776,https://pubmed.ncbi.nlm.nih.gov/24102776/,24102776,PMC4253082,true,PRJNA83433,1,Seasonally variable intestinal metagenomes of the red palm weevil (Rhynchophorus ferrugineus).,Environmental microbiology,2013,10.1111/1462-2920.12262,Jia S; Zhang X; Zhang G; Yin A; Zhang S; Li F; Wang L; Zhao D; Yun Q; Tala; Wang J; Sun G; Baabdullah M; Yu X; Hu S; Al-Mssallem IS; Yu J,
23889584,https://pubmed.ncbi.nlm.nih.gov/23889584/,23889584,,false,,0,The core faecal bacterial microbiome of Irish Thoroughbred racehorses.,Letters in applied microbiology,2013,10.1111/lam.12137,O' Donnell MM; Harris HM; Jeffery IB; Claesson MJ; Younge B; O' Toole PW; Ross RP,
23874908,https://pubmed.ncbi.nlm.nih.gov/23874908/,23874908,PMC3714238,true,,0,Metagenomic insights into metabolic capacities of the gut microbiota in a fungus-cultivating termite (Odontotermes yunnanensis).,PloS one,2013,10.1371/journal.pone.0069184,Liu N; Zhang L; Zhou H; Zhang M; Yan X; Wang Q; Long Y; Xie L; Wang S; Huang Y; Zhou Z,
23871375,https://pubmed.ncbi.nlm.nih.gov/23871375/,23871375,,false,,0,Investigating the effect of two methane-mitigating diets on the rumen microbiome using massively parallel sequencing.,Journal of dairy science,2013,10.3168/jds.2013-6766,Ross EM; Moate PJ; Marett L; Cocks BG; Hayes BJ,
23840722,https://pubmed.ncbi.nlm.nih.gov/23840722/,23840722,PMC3696070,true,,0,Lowbush wild blueberries have the potential to modify gut microbiota and xenobiotic metabolism in the rat colon.,PloS one,2013,10.1371/journal.pone.0067497,Lacombe A; Li RW; Klimis-Zacas D; Kristo AS; Tadepalli S; Krauss E; Young R; Wu VC,
23840608,https://pubmed.ncbi.nlm.nih.gov/23840608/,23840608,PMC3694140,true,,0,A Multi-Omic View of Host-Pathogen-Commensal Interplay in Salmonella-Mediated Intestinal Infection.,PloS one,2013,10.1371/journal.pone.0067155,Deatherage Kaiser BL; Li J; Sanford JA; Kim YM; Kronewitter SR; Jones MB; Peterson CT; Peterson SN; Frank BC; Purvine SO; Brown JN; Metz TO; Smith RD; Heffron F; Adkins JN,
23823492,https://pubmed.ncbi.nlm.nih.gov/23823492/,23823492,PMC3806260,true,,0,Stochastic changes over time and not founder effects drive cage effects in microbial community assembly in a mouse model.,The ISME journal,2013,10.1038/ismej.2013.106,McCafferty J; Mühlbauer M; Gharaibeh RZ; Arthur JC; Perez-Chanona E; Sha W; Jobin C; Fodor AA,
23741344,https://pubmed.ncbi.nlm.nih.gov/23741344/,23741344,PMC3669304,true,ERP002333,1,Gut microbiota contributes to the growth of fast-growing transgenic common carp (Cyprinus carpio L.).,PloS one,2013,10.1371/journal.pone.0064577,Li X; Yan Q; Xie S; Hu W; Yu Y; Hu Z,
23672637,https://pubmed.ncbi.nlm.nih.gov/23672637/,23672637,PMC3662619,true,,0,Mining for hemicellulases in the fungus-growing termite Pseudacanthotermes militaris using functional metagenomics.,Biotechnology for biofuels,2013,10.1186/1754-6834-6-78,Bastien G; Arnal G; Bozonnet S; Laguerre S; Ferreira F; Fauré R; Henrissat B; Lefèvre F; Robe P; Bouchez O; Noirot C; Dumon C; O'Donohue M,
23662775,https://pubmed.ncbi.nlm.nih.gov/23662775/,23662775,,false,,0,Colonization resistance and microbial ecophysiology: using gnotobiotic mouse models and single-cell technology to explore the intestinal jungle.,FEMS microbiology reviews,2013,10.1111/1574-6976.12024,Stecher B; Berry D; Loy A,
23646192,https://pubmed.ncbi.nlm.nih.gov/23646192/,23646192,PMC3639981,true,,0,Fecal microbial diversity in pre-weaned dairy calves as described by pyrosequencing of metagenomic 16S rDNA. Associations of Faecalibacterium species with health and growth.,PloS one,2013,10.1371/journal.pone.0063157,Oikonomou G; Teixeira AG; Foditsch C; Bicalho ML; Machado VS; Bicalho RC,
23608959,https://pubmed.ncbi.nlm.nih.gov/23608959/,23608959,PMC3645340,true,,0,Depletion of ribosomal RNA for mosquito gut metagenomic RNA-seq.,Journal of visualized experiments : JoVE,2013,10.3791/50093,Kukutla P; Steritz M; Xu J,
23482581,https://pubmed.ncbi.nlm.nih.gov/23482581/,23482581,,false,,0,2011 and 2012 Early Careers Achievement Awards: use of genomic biology to study companion animal intestinal microbiota.,Journal of animal science,2013,10.2527/jas.2012-6225,Kerr KR; Beloshapka AN; Swanson KS,
23365392,https://pubmed.ncbi.nlm.nih.gov/23365392/,23365392,,false,,0,The porcine gut microbial metagenomic library for mining novel cellulases established from growing pigs fed cellulose-supplemented high-fat diets.,Journal of animal science,2012,10.2527/jas.53942,Wang W; Archbold T; Kimber MS; Li J; Lam JS; Fan MZ,
23326376,https://pubmed.ncbi.nlm.nih.gov/23326376/,23326376,PMC3541399,true,,0,Metagenomic analyses of alcohol induced pathogenic alterations in the intestinal microbiome and the effect of Lactobacillus rhamnosus GG treatment.,PloS one,2013,10.1371/journal.pone.0053028,Bull-Otterson L; Feng W; Kirpich I; Wang Y; Qin X; Liu Y; Gobejishvili L; Joshi-Barve S; Ayvaz T; Petrosino J; Kong M; Barker D; McClain C; Barve S,
23326236,https://pubmed.ncbi.nlm.nih.gov/23326236/,23326236,PMC3542064,true,,0,Comparative genomic analysis of the microbiome [corrected] of herbivorous insects reveals eco-environmental adaptations: biotechnology applications.,PLoS genetics,2013,10.1371/journal.pgen.1003131,Shi W; Xie S; Chen X; Sun S; Zhou X; Liu L; Gao P; Kyrpides NC; No EG; Yuan JS,
23251574,https://pubmed.ncbi.nlm.nih.gov/23251574/,23251574,PMC3519724,true,,0,"Comparative evaluation of the gut microbiota associated with the below- and above-ground life stages (larvae and beetles) of the forest cockchafer, Melolontha hippocastani.",PloS one,2012,10.1371/journal.pone.0051557,Arias-Cordero E; Ping L; Reichwald K; Delb H; Platzer M; Boland W,
23251564,https://pubmed.ncbi.nlm.nih.gov/23251564/,23251564,PMC3520844,true,PRJNA158313,1,Gene sets for utilization of primary and secondary nutrition supplies in the distal gut of endangered Iberian lynx.,PloS one,2012,10.1371/journal.pone.0051521,Alcaide M; Messina E; Richter M; Bargiela R; Peplies J; Huws SA; Newbold CJ; Golyshin PN; Simón MA; López G; Yakimov MM; Ferrer M,
23216677,https://pubmed.ncbi.nlm.nih.gov/23216677/,23216677,PMC3599743,true,,0,MALINA: a web service for visual analytics of human gut microbiota whole-genome metagenomic reads.,Source code for biology and medicine,2012,10.1186/1751-0473-7-13,Tyakht AV; Popenko AS; Belenikin MS; Altukhov IA; Pavlenko AV; Kostryukova ES; Selezneva OV; Larin AK; Karpova IY; Alexeev DG,
23209704,https://pubmed.ncbi.nlm.nih.gov/23209704/,23209704,PMC3508987,true,,0,Evidence for lignin oxidation by the giant panda fecal microbiome.,PloS one,2012,10.1371/journal.pone.0050312,Fang W; Fang Z; Zhou P; Chang F; Hong Y; Zhang X; Peng H; Xiao Y,
23111871,https://pubmed.ncbi.nlm.nih.gov/23111871/,23111871,PMC3487773,true,,0,Long-term exposure to antibiotics has caused accumulation of resistance determinants in the gut microbiota of honeybees.,mBio,2012,10.1128/mBio.00377-12,Tian B; Fadhil NH; Powell JE; Kwong WK; Moran NA,
23075436,https://pubmed.ncbi.nlm.nih.gov/23075436/,23075436,,false,,0,Effects of dietary fiber on the feline gastrointestinal metagenome.,Journal of proteome research,2012,10.1021/pr3006809,Barry KA; Middelbos IS; Vester Boler BM; Dowd SE; Suchodolski JS; Henrissat B; Coutinho PM; White BA; Fahey GC Jr; Swanson KS,
23060052,https://pubmed.ncbi.nlm.nih.gov/23060052/,23060052,PMC3555888,true,,0,Functional and evolutionary insights into the simple yet specific gut microbiota of the honey bee from metagenomic analysis.,Gut microbes,2013,10.4161/gmic.22517,Engel P; Moran NA,
23053958,https://pubmed.ncbi.nlm.nih.gov/23053958/,23053958,,false,,0,High through put 16S rRNA gene-based pyrosequencing analysis of the fecal microbiota of high FCR and low FCR broiler growers.,Molecular biology reports,2012,10.1007/s11033-012-1947-7,Singh KM; Shah T; Deshpande S; Jakhesara SJ; Koringa PG; Rank DN; Joshi CG,
22963241,https://pubmed.ncbi.nlm.nih.gov/22963241/,22963241,PMC3527328,true,,0,Metagenomic analysis reveals a functional signature for biomass degradation by cecal microbiota in the leaf-eating flying squirrel (Petaurista alborufus lena).,BMC genomics,2012,10.1186/1471-2164-13-466,Lu HP; Wang YB; Huang SW; Lin CY; Wu M; Hsieh CH; Yu HT,
22853923,https://pubmed.ncbi.nlm.nih.gov/22853923/,22853923,,false,,0,Feline gastrointestinal microbiota.,Animal health research reviews,2012,10.1017/S1466252312000060,Minamoto Y; Hooda S; Swanson KS; Suchodolski JS,
22828956,https://pubmed.ncbi.nlm.nih.gov/22828956/,22828956,,false,,0,Modulation of gut microbiota by antibiotics improves insulin signalling in high-fat fed mice.,Diabetologia,2012,10.1007/s00125-012-2648-4,Carvalho BM; Guadagnini D; Tsukumo DML; Schenka AA; Latuf-Filho P; Vassallo J; Dias JC; Kubota LT; Carvalheira JBC; Saad MJA,
22711827,https://pubmed.ncbi.nlm.nih.gov/22711827/,22711827,PMC3390884,true,,0,Functional diversity within the simple gut microbiota of the honey bee.,Proceedings of the National Academy of Sciences of the United States of America,2012,10.1073/pnas.1202970109,Engel P; Martinson VG; Moran NA,
22617141,https://pubmed.ncbi.nlm.nih.gov/22617141/,22617141,PMC3372965,true,,0,A crypt-specific core microbiota resides in the mouse colon.,mBio,2012,10.1128/mBio.00116-12,Pédron T; Mulet C; Dauga C; Frangeul L; Chervaux C; Grompone G; Sansonetti PJ,
22544239,https://pubmed.ncbi.nlm.nih.gov/22544239/,22544239,PMC3370480,true,,0,High-resolution analysis of gut environment and bacterial microbiota reveals functional compartmentation of the gut in wood-feeding higher termites (Nasutitermes spp.).,Applied and environmental microbiology,2012,10.1128/AEM.00683-12,Köhler T; Dietrich C; Scheffrahn RH; Brune A,
22493085,https://pubmed.ncbi.nlm.nih.gov/22493085/,22493085,PMC3370577,true,,0,Alterations in the porcine colon microbiota induced by the gastrointestinal nematode Trichuris suis.,Infection and immunity,2012,10.1128/IAI.00141-12,Li RW; Wu S; Li W; Navarro K; Couch RD; Hill D; Urban JF Jr,
22307632,https://pubmed.ncbi.nlm.nih.gov/22307632/,22307632,PMC3277147,true,,0,In-feed antibiotic effects on the swine intestinal microbiome.,Proceedings of the National Academy of Sciences of the United States of America,2012,10.1073/pnas.1120238109,Looft T; Johnson TA; Allen HK; Bayles DO; Alt DP; Stedtfeld RD; Sul WJ; Stedtfeld TM; Chai B; Cole JR; Hashsham SA; Tiedje JM; Stanton TB,
22267340,https://pubmed.ncbi.nlm.nih.gov/22267340/,22267340,PMC3336785,true,,0,Probiotics stimulate enterocyte migration and microbial diversity in the neonatal mouse intestine.,FASEB journal : official publication of the Federation of American Societies for Experimental Biology,2012,10.1096/fj.10-177980,Preidis GA; Saulnier DM; Blutt SE; Mistretta TA; Riehle KP; Major AM; Venable SF; Finegold MJ; Petrosino JF; Conner ME; Versalovic J,
22265636,https://pubmed.ncbi.nlm.nih.gov/22265636/,22265636,PMC7114314,true,,0,Gene-centric metagenomics analysis of feline intestinal microbiome using 454 junior pyrosequencing.,Journal of microbiological methods,2012,10.1016/j.mimet.2012.01.001,Tun HM; Brar MS; Khin N; Jun L; Hui RK; Dowd SE; Leung FC,
23990811,https://pubmed.ncbi.nlm.nih.gov/23990811/,23990811,PMC3744659,true,,0,Gut indigenous microbiota and epigenetics.,Microbial ecology in health and disease,2012,10.3402/mehd.v23i0.17195,Shenderov BA,
22162948,https://pubmed.ncbi.nlm.nih.gov/22162948/,22162948,PMC3232200,true,,0,Gut microbiota is a key modulator of insulin resistance in TLR 2 knockout mice.,PLoS biology,2011,10.1371/journal.pbio.1001212,Caricilli AM; Picardi PK; de Abreu LL; Ueno M; Prada PO; Ropelle ER; Hirabara SM; Castoldi Â; Vieira P; Camara NO; Curi R; Carvalheira JB; Saad MJ,
22128350,https://pubmed.ncbi.nlm.nih.gov/22128350/,22128350,PMC3225969,true,PRJNA72355,1,Antibiotics in feed induce prophages in swine fecal microbiomes.,mBio,2011,10.1128/mBio.00260-11,Allen HK; Looft T; Bayles DO; Humphrey S; Levine UY; Alt D; Stanton TB,
22006317,https://pubmed.ncbi.nlm.nih.gov/22006317/,22006317,PMC3203778,true,,0,Evidence of cellulose metabolism by the giant panda gut microbiome.,Proceedings of the National Academy of Sciences of the United States of America,2011,10.1073/pnas.1017956108,Zhu L; Wu Q; Dai J; Zhang S; Wei F,
21970572,https://pubmed.ncbi.nlm.nih.gov/21970572/,21970572,,false,,0,The footprints of gut microbial-mammalian co-metabolism.,Journal of proteome research,2011,10.1021/pr2007945,Zheng X; Xie G; Zhao A; Zhao L; Yao C; Chiu NH; Zhou Z; Bao Y; Jia W; Nicholson JK; Jia W,
21935609,https://pubmed.ncbi.nlm.nih.gov/21935609/,21935609,,false,,0,Analysis of extensive [FeFe] hydrogenase gene diversity within the gut microbiota of insects representing five families of Dictyoptera.,Microbial ecology,2012,10.1007/s00248-011-9941-5,Ballor NR; Leadbetter JR,
21881944,https://pubmed.ncbi.nlm.nih.gov/21881944/,21881944,,false,,0,A molecular enrichment strategy based on cpn60 for detection of epsilon-proteobacteria in the dog fecal microbiome.,Microbial ecology,2012,10.1007/s00248-011-9931-7,Chaban B; Links MG; Hill JE,
21655220,https://pubmed.ncbi.nlm.nih.gov/21655220/,21655220,PMC3105075,true,,0,Snapshot of the eukaryotic gene expression in muskoxen rumen--a metatranscriptomic approach.,PloS one,2011,10.1371/journal.pone.0020521,Qi M; Wang P; O'Toole N; Barboza PS; Ungerfeld E; Leigh MB; Selinger LB; Butler G; Tsang A; McAllister TA; Forster RJ,
21575148,https://pubmed.ncbi.nlm.nih.gov/21575148/,21575148,PMC3123192,true,,0,Comparative fecal metagenomics unveils unique functional capacity of the swine gut.,BMC microbiology,2011,10.1186/1471-2180-11-103,Lamendella R; Domingo JW; Ghosh S; Martinson J; Oerther DB,
21486635,https://pubmed.ncbi.nlm.nih.gov/21486635/,21486635,PMC7132526,true,,0,Intestinal microbiota of dogs and cats: a bigger world than we thought.,The Veterinary clinics of North America. Small animal practice,2011,10.1016/j.cvsm.2010.12.006,Suchodolski JS,
21431771,https://pubmed.ncbi.nlm.nih.gov/21431771/,21431771,,false,,0,Metagenomic analysis of intestinal microbiomes in chickens.,"Methods in molecular biology (Clifton, N.J.)",2011,10.1007/978-1-61779-089-8_13,Kim T; Mundt E,
21365277,https://pubmed.ncbi.nlm.nih.gov/21365277/,21365277,PMC11114660,true,,0,"Toward the functional analysis of uncultivable, symbiotic microorganisms in the termite gut.",Cellular and molecular life sciences : CMLS,2011,10.1007/s00018-011-0648-z,Hongoh Y,
21228220,https://pubmed.ncbi.nlm.nih.gov/21228220/,21228220,PMC3079304,true,,0,"Colonic mucosal DNA methylation, immune response, and microbiome patterns in Toll-like receptor 2-knockout mice.",FASEB journal : official publication of the Federation of American Societies for Experimental Biology,2011,10.1096/fj.10-172205,Kellermayer R; Dowd SE; Harris RA; Balasa A; Schaible TD; Wolcott RD; Tatevian N; Szigeti R; Li Z; Versalovic J; Smith CW,
21167876,https://pubmed.ncbi.nlm.nih.gov/21167876/,21167876,,false,,0,Virulence-associated and antibiotic resistance genes of microbial populations in cattle feces analyzed using a metagenomic approach.,Journal of microbiological methods,2011,10.1016/j.mimet.2010.12.008,Durso LM; Harhay GP; Bono JL; Smith TP,
20926643,https://pubmed.ncbi.nlm.nih.gov/20926643/,20926643,,false,,0,"Composition and energy harvesting capacity of the gut microbiota: relationship to diet, obesity and time in mouse models.",Gut,2010,10.1136/gut.2010.215665,Murphy EF; Cotter PD; Healy S; Marques TM; O'Sullivan O; Fouhy F; Clarke SF; O'Toole PW; Quigley EM; Stanton C; Ross PR; O'Doherty RM; Shanahan F,
20668486,https://pubmed.ncbi.nlm.nih.gov/20668486/,20668486,PMC3105685,true,,0,Muramidases found in the foregut microbiome of the Tammar wallaby can direct cell aggregation and biofilm formation.,The ISME journal,2011,10.1038/ismej.2010.116,Pope PB; Totsika M; Aguirre de Carcer D; Schembri MA; Morrison M,
19706296,https://pubmed.ncbi.nlm.nih.gov/19706296/,19706296,PMC2770164,true,,0,High-fat diet determines the composition of the murine gut microbiome independently of obesity.,Gastroenterology,2009,10.1053/j.gastro.2009.08.042,Hildebrandt MA; Hoffmann C; Sherrill-Mix SA; Keilbaugh SA; Hamady M; Chen YY; Knight R; Ahima RS; Bushman F; Wu GD,
19515552,https://pubmed.ncbi.nlm.nih.gov/19515552/,19515552,,false,,0,Plant biomass degradation by gut microbiomes: more of the same or something new?,Current opinion in biotechnology,2009,10.1016/j.copbio.2009.05.004,Morrison M; Pope PB; Denman SE; McSweeney CS,
18698804,https://pubmed.ncbi.nlm.nih.gov/18698804/,18698804,,false,,0,Metabonomic and microbiological analysis of the dynamic effect of vancomycin-induced gut microbiota modification in the mouse.,Journal of proteome research,2008,10.1021/pr700864x,Yap IK; Li JV; Saric J; Martin FP; Davies H; Wang Y; Wilson ID; Nicholson JK; Utzinger J; Marchesi JR; Holmes E,
18698407,https://pubmed.ncbi.nlm.nih.gov/18698407/,18698407,PMC2492807,true,,0,Comparative metagenomics reveals host specific metavirulomes and horizontal gene transfer elements in the chicken cecum microbiome.,PloS one,2008,10.1371/journal.pone.0002945,Qu A; Brulc JM; Wilson MK; Law BF; Theoret JR; Joens LA; Konkel ME; Angly F; Dinsdale EA; Edwards RA; Nelson KE; White BA,
18407065,https://pubmed.ncbi.nlm.nih.gov/18407065/,18407065,PMC3687783,true,,0,Diet-induced obesity is linked to marked but reversible alterations in the mouse distal gut microbiome.,Cell host & microbe,2008,10.1016/j.chom.2008.02.015,Turnbaugh PJ; Bäckhed F; Fulton L; Gordon JI,
17435000,https://pubmed.ncbi.nlm.nih.gov/17435000/,17435000,PMC1932686,true,,0,Signal mimics derived from a metagenomic analysis of the gypsy moth gut microbiota.,Applied and environmental microbiology,2007,10.1128/AEM.02617-06,Guan C; Ju J; Borlee BR; Williamson LL; Shen B; Raffa KF; Handelsman J,
17183312,https://pubmed.ncbi.nlm.nih.gov/17183312/,17183312,,false,,0,An obesity-associated gut microbiome with increased capacity for energy harvest.,Nature,2006,10.1038/nature05414,Turnbaugh PJ; Ley RE; Mahowald MA; Magrini V; Mardis ER; Gordon JI,
17138901,https://pubmed.ncbi.nlm.nih.gov/17138901/,17138901,,false,,0,Microfluidic digital PCR enables multigene analysis of individual environmental bacteria.,"Science (New York, N.Y.)",2006,10.1126/science.1131370,Ottesen EA; Hong JW; Quake SR; Leadbetter JR,
17132046,https://pubmed.ncbi.nlm.nih.gov/17132046/,17132046,PMC1661682,true,GSE5869; GSE5870,2,Genomic and metabolic studies of the impact of probiotics on a model gut symbiont and host.,PLoS biology,2006,10.1371/journal.pbio.0040413,Sonnenburg JL; Chen CT; Gordon JI,
16968696,https://pubmed.ncbi.nlm.nih.gov/16968696/,16968696,,false,,0,"Functional genomic and metabolic studies of the adaptations of a prominent adult human gut symbiont, Bacteroides thetaiotaomicron, to the suckling period.",The Journal of biological chemistry,2006,10.1074/jbc.M606509200,Bjursell MK; Martens EC; Gordon JI,