study_accession	discrepancy_flags	discrepancy_host	discrepancy_host_missing	discrepancy_gut	discrepancy_multihost	discrepancy_notes
PRJNA379709						No reporting errors detected. This is a properly documented animal-model study of colorectal cancer using mice, with gut (cecal) samples appropriately recorded.
PRJNA1211805						No reporting errors detected. Paper and deposit are consistent on porcine host, fecal origin, and gut microbiome focus.
PRJEB41657						No data-quality issues detected; paper and deposit metadata are consistent and valid.
PRJNA385134						No reporting errors detected. Paper describes a mouse-model gut-microbiota study, and deposit correctly identifies all samples as Mus musculus fecal samples.
PRJNA715658						All metadata is consistent; chicken (Gallus gallus) gut microbiome study with appropriate host designation and sample classification.
PRJNA475246						No reporting errors detected; human infant gut microbiome study with consistent metadata across paper and deposit.
PRJNA389927						No data-quality issues detected. Paper and deposit are fully aligned on human gut microbiome sampling.
PRJNA398089						No reporting errors detected. Paper and deposit metadata are consistent: human IBD patients, gut samples from colon and associated sites.
PRJNA1283350	host_missing		paper names: Gallus gallus domesticus (Arbor Acres and Taoyuan chicken breeds); deposit blank/generic			Host species identification is missing from the deposit metadata; the paper studies chickens but the deposit host field is only generic 'metagenomes'.
PRJNA1227753						No reporting errors detected. Study correctly documents a murine asthma model with mouse gut microbiome samples; paper and deposit metadata are aligned.
PRJNA631951						No reporting errors detected. Paper describes a ruminant archaeome study; deposit correctly specifies Bos (cattle, a ruminant) with rumen samples.
PRJNA660443						Study PRJNA660443 shows full concordance between paper and deposit: human gut microbiome study with appropriate Homo sapiens host and gut-sourced samples.
PRJNA744213						No reporting errors detected. Paper describes a murine gut microbiome study; deposit correctly records Mus musculus as host with gut metagenome samples.
PRJNA788972						No reporting errors detected; paper and deposit metadata are fully consistent for a human gut microbiome study during seafaring expeditions.
PRJNA1125130						No reporting errors detected. Paper describes horse gut microbiota; deposit correctly identifies Equus caballus with no contradictions or missing critical metadata.
PRJNA1141391						No reporting errors detected. The mouse host in the deposit is appropriate for an animal model study of acute pancreatitis, a human disease.
PRJNA656389	host_mismatch	paper: ruminant (general term) vs deposit: Bubalus bubalis (water buffalo, specific species)				No reporting errors detected. Paper describes ruminant gut archaeome; deposit correctly specifies water buffalo (Bubalus bubalis, a ruminant) with exclusively GI-tract sampling sources.
PRJEB58265	host_mismatch; multihost_issue	paper: wild-captured mammals (plural, multiple species in interspecific comparative study) vs deposit: Crocidura russula (single species in host field)			Deposit biome labels explicitly list two distinct host species: 'Apodemus sylvaticus' and 'Crocidura russula'. Paper presents this as a single interspecific comparative study but does not disambiguate which samples belong to which species at the sample level.	The deposit host field lists only Crocidura russula but biome labels explicitly name two distinct species (Apodemus sylvaticus and Crocidura russula), consistent with the paper's interspecific comparative design but with incomplete sample-level host attribution.
PRJEB7774	host_missing		paper names: human; deposit blank/generic			Host metadata gap: the paper is clearly about humans, and deposit biome/sample titles confirm this, but the formal host field is empty.
PRJNA574033						No genuine reporting errors detected. Paper discusses mammalian (human) gut microbiota; deposit correctly specifies Homo sapiens. Metadata gaps exist (no explicit body-site/isolation-source fields) but do not contradict the paper's scope.
PRJNA564888	multihost_issue				Deposit sample-level metadata explicitly lists 4 distinct host species: Callosciurus notatus, Rattus tanezumi, Sundamys annandalei, and Tupaia glis. Sample titles confirm each species separately (e.g., 'from Callosciurus notatus', 'from Rattus tanezumi', 'from Sundamys annandalei', 'from Tupaia glis'). Paper abstract does not explicitly name these individual species but presents the work as a general methodological study.	Multihost issue detected: deposit contains 4 explicitly distinct mammal species (Tupaia glis, Callosciurus notatus, Rattus tanezumi, Sundamys annandalei) in sample-level metadata, while paper presents work as a general methodological approach without naming individual host species.
PRJEB79635	multihost_issue				Sample titles explicitly name two distinct host species: 'Blue Tit faecal metagenome' and 'Great Tit faecal metagenome'	Multihost issue detected: deposit sample metadata explicitly names two distinct bird species (blue tit and great tit) as separate samples, which should be flagged as a multihost dataset.
PRJEB70928						No reporting errors detected; paper and deposit are fully consistent on host identity (rhesus macaque, Macaca mulatta) and sample type (fecal/gut samples).
PRJEB55711						No genuine reporting errors detected. Paper and deposit are consistent: human gut virome study with appropriately labeled samples, despite sparse host metadata in the deposit's structured host field.
PRJEB5224	host_missing		paper names: humans (Chinese, Danish, Spanish populations); deposit blank/generic			Host species missing from structured deposit metadata despite clear evidence in sample titles and biome label that samples are from human subjects.
PRJNA590585	multihost_issue				Paper abstract explicitly states the study compared 'plateau pikas and yaks, two sympatric herbivorous mammals'. The deposit host field lists only 'plateau pika01', with host_species_list showing '(none)' and 0 distinct species. The deposit metadata does not explicitly capture the yak samples that are central to the paper's comparative analysis.	The deposit metadata appears incomplete: while 'plateau pika' is present, the yak samples central to the paper's comparative design are not explicitly documented in the deposit host or sample-level fields, indicating a potential multihost_issue.
PRJNA721002	host_missing; multihost_issue		paper names: dogs and humans (Canis familiaris and Homo sapiens); deposit blank/generic		Paper title and abstract specify 'dogs and their owners' (two host species: Canis familiaris and Homo sapiens). Deposit sample-level metadata does not explicitly name these hosts, but the paper's own title and research design clearly indicate two distinct host species being sampled in parallel.	Host metadata is missing or insufficiently specific in the deposit (blank/generic 'feces metagenome' field) despite the paper clearly identifying two distinct host species (dogs and humans) in a comparative family study.
PRJNA1211300						No reporting errors detected. Paper and deposit are fully aligned on human host identity and fecal gut sampling.
PRJEB40990	multihost_issue				Deposit sample-level data explicitly lists three distinct host species: Coregonus lavaretus (European Whitefish), Oncorhynchus mykiss (rainbow trout), Salmo salar (Atlantic salmon) in biome labels and sample titles. Paper abstract presents these samples under the single umbrella term 'salmonid hosts' without specifying that three different fish species were sampled.	The study includes samples from three distinct salmonid host species (Atlantic salmon, rainbow trout, European whitefish) that are not clearly itemized in the paper abstract, which presents them under a single 'salmonid hosts' umbrella term.
PRJNA1135945	multihost_issue				Deposit biome labels explicitly list TWO distinct host species: 'Mus musculus' and 'human gut metagenome' (implying Homo sapiens). The paper presents a single-host study design using murine models, with no mention of simultaneous human sampling.	A multihost_issue is present: the deposit biome labels explicitly declare both Mus musculus and human samples, whereas the paper describes only a murine animal-model study.
PRJEB14215	host_missing		paper names: human; deposit blank/generic			Host missing: deposit lacks formal host field metadata despite paper's explicit description of human cohorts; biome label confirms human origin but structured host field should be populated.
PRJEB12449	host_missing		paper names: human; deposit blank/generic			Host metadata is missing from the ENA deposit host field despite the paper clearly describing a human gut microbiome study.
PRJNA613182						No reporting errors detected. Deposit metadata correctly reflects the mouse model study with fecal samples from Mus musculus.
PRJNA397112						Study metadata fully consistent: human gut microbiome samples from Indian subjects correctly identified as Homo sapiens with appropriate gut-sourced samples and no conflicting host information.
PRJNA1289129						No reporting errors detected. Deposit host (Rattus norvegicus) is appropriate for an animal-model gut microbiota study described in the paper.
PRJNA542998						No reporting errors detected. Paper and deposit are fully consistent: mice as host, fecal samples as intended gut microbiome study.
PRJNA599288	host_missing; multihost_issue		paper names: Apis cerana (Eastern honey bee) and Apis mellifera (Western honey bee); deposit blank/generic		Isolation sources explicitly state two species: 'eastern honey bee gut' and 'western honey bee gut'. Sample titles reference 'insect gut metagenome' generically, but the isolation sources clarify two distinct Apis species are represented.	Host species information is missing from the structured ENA host field (should capture Apis cerana and Apis mellifera), though isolation sources do reference both bee species. The study intentionally compares two distinct honey bee hosts, which is explicit in the deposit.
PRJNA883557						No reporting errors detected; rat host and fecal gut samples are correctly matched between paper and deposit in this appropriate animal-model study.
PRJNA1199800						No reporting errors detected. Paper and deposit are consistent: fecal microbiome study in domestic dogs (Canis lupus familiaris) with leishmaniosis.
PRJNA400072						No reporting errors detected; paper and deposit are concordant for a human gut metagenome study.
PRJEB33338	host_missing		paper names: chicken (Gallus gallus); deposit blank/generic			Host metadata is missing from the ENA deposit (host field blank) despite the paper clearly studying chicken samples, creating a metadata gap that should be recorded.
PRJNA627251						No reporting errors detected. Paper describes ruminant gut archaeome; deposit contains cattle (Bos taurus) rumen samples, which is consistent.
PRJNA601807						No reporting errors detected. Paper and deposit are fully consistent: single frog species (Microhyla fissipes), gut samples only, complete host metadata.
PRJNA997718						No reporting errors detected. Paper and deposit are in complete agreement on host identity (Trachypithecus francoisi), sample type (gut microbiota), and study design (single-host comparative microbiota study across environmental contexts).
PRJNA925857						No reporting errors detected; companion animal gut microbiome study with dog (Canis lupus familiaris) samples is internally consistent between paper and deposit.
PRJEB34992						No reporting errors detected; paper and deposit metadata are consistent regarding human gut microbiome study, despite blank host field in deposit which is compensated by explicit human-gut sample-level annotations.
PRJNA1090271	host_missing		paper names: human; deposit blank/generic			Host metadata is missing from the deposit (should record 'human'), but no other data-quality issues detected.
PRJNA726842						No reporting errors detected. Paper and deposit are fully consistent: host is Macaca mulatta, samples are fecal (gut-derived), library strategy mix (WGS and 16S AMPLICON) matches the stated dual approach, and no multiple host species are present.
PRJNA847753						No reporting errors detected. Paper and deposit metadata are consistent: seagull gut microbiome study with fecal samples.
PRJNA401977	host_missing		paper names: humans; deposit blank/generic			Host field is missing from the deposit metadata despite the paper and biome label clearly indicating human origin.
PRJEB79352						No reporting errors detected. Paper and deposit are concordant on host identity (broiler chickens = Gallus gallus) and sample type (caecal = gut).
PRJEB21612	host_missing		paper names: various primate species (Guangxi primates); deposit blank/generic			Host missing: paper studies multiple primate species but deposit host field is blank, representing a metadata gap rather than a contradiction.
PRJEB66719	host_missing		paper names: human; deposit blank/generic			Host is missing from the structured deposit field despite the paper's clear focus on human gut microbiome and the biome label providing implicit confirmation.
PRJNA1214037						No reporting errors detected. Host, sample type, and metadata are internally consistent between paper and deposit.
PRJNA431482						No reporting errors detected. Paper and deposit are consistent: human gut microbiome study in Behcet's disease patients.
PRJNA1141889						No reporting errors detected. Paper and deposit are concordant on chicken (Gallus gallus) as the host organism for intestinal microbiome sampling.
PRJNA902000						No reporting errors detected. Paper and deposit are consistent regarding the mouse model (5xfAD and WT strains), sample types (cecal and fecal), and study design.
PRJNA358755						No reporting errors detected; deposit metadata consistently describe fecal samples from giant pandas matching the paper's subject organism and sample type.
PRJNA678871	host_mismatch; gut_sample_issue; multihost_issue	paper: Chicken (Gallus gallus domesticus) vs deposit: Homo sapiens		Isolation sources include: 'Chicken gut' (gut), 'Human gut' (gut), 'chicken carcass' (surface), 'farm soil' (environmental soil).	Isolation sources explicitly list both 'Chicken gut' and 'Human gut' as distinct origins, plus 'chicken carcass' and 'farm soil'. The deposit sample-level metadata identifies samples from at least two distinct host species: chicken and human.	Multiple valid errors: host field incorrectly lists Homo sapiens when primary samples are from chicken; deposit includes non-gut samples (carcass, soil) without clear study design separation; sample-level data reveal multiple distinct host species (chicken and human) not clearly distinguished in the paper's framing.
PRJNA972320						No reportable errors detected. The deposit host (Ovis aries / sheep) aligns with the paper's claim; goat is mentioned in the paper but not reflected in deposit host metadata, which is a metadata completeness gap rather than a false reporting error.
PRJNA574851						No reporting errors detected. Paper and deposit are consistent: transgenic Macaca mulatta models with fecal microbiota samples from Parkinson's disease research.
PRJEB11755						No reporting errors detected. Paper and deposit are consistent: pigs sampled from gut (stool and intestinal regions).
PRJNA294605						No reporting errors detected; paper and deposit are concordant on human infant gut microbiome samples.
PRJNA1293880	host_missing		paper names: giant panda (Ailuropoda melanoleuca); deposit blank/generic			Host metadata is missing from the ENA deposit despite the paper clearly studying giant panda gut microbiota; this represents a reporting gap (host_missing) rather than a conflict.
PRJNA1293833						No reporting errors detected. The paper describes fecal microbiome from beef calves (Bos taurus), which perfectly matches the deposit host and sample-level metadata, all consistently indicating cattle feces samples.
PRJNA1298367						No genuine reporting errors detected. The deposit correctly reflects both human and mouse hosts as described in the paper's dual experimental design (human microbiota analysis plus EAE mouse model validation).
PRJNA494824						All metadata consistent; human cancer treatment microbiota study with fecal samples from Homo sapiens is correctly documented.
PRJNA763692						Critical host_mismatch: paper is about pig gut microbiome, but deposit host field is Homo sapiens with human gut/stool sample metadata.
PRJNA624223						No reporting errors detected. Paper and deposit are fully aligned on host (human), sample type (gut/stool), and study design (COVID-19 patient gut microbiota).
PRJNA598094	multihost_issue				Deposit host_species_list shows TWO DISTINCT species: Apis cerana japonica and Apis mellifera. Paper presents these as TWO SEPARATE SPECIES being compared, not as a single host.	No genuine reporting errors detected. The deposit correctly captures two distinct honey bee host species that are the focus of a comparative metagenomics study.
PRJNA1091038						No reporting errors detected. Paper and deposit metadata are fully consistent for a fallow deer (Dama dama) fecal microbiome study.
PRJNA415307						No reporting errors detected. Paper describes a mouse model of C. difficile infection with cecal microbiome sampling; deposit correctly identifies Mus musculus as host with cecal content as isolation source.
PRJEB6070						No reporting errors detected. Paper and deposit are fully concordant for a human gut microbiome study of colorectal cancer association with sulfur metabolism genes.
PRJNA880353						No reporting errors detected; host, sample type, and metadata are all consistent and appropriately documented.
PRJNA1030990						All metadata are consistent and correct: mice (animal model) with gut samples (cecal contents) deposited under 'mouse' host.
PRJEB27928	host_missing		paper names: humans; deposit blank/generic			Host identity is missing from the deposit host field despite the paper clearly studying human samples; this represents a metadata reporting gap.
PRJNA496479						No reporting errors detected. Paper and deposit are in full agreement on host identity (human children), sample type (gut metagenome), and study design.
PRJEB76898	host_mismatch; gut_sample_issue; multihost_issue	paper: Lepus europaeus (European hares) vs deposit: Podarcis muralis (wall lizard) listed as primary host; 22 distinct host species across samples including Lepus europaeus		Biome labels include 'oral metagenome' and 'indoor metagenome' alongside 'feces metagenome'. The paper is framed as a gut microbiota study, but the deposit contains samples from non-gut sites (oral cavity) and non-specific indoor environments.	The host_species_list in the deposit explicitly names 22 distinct host species across samples: Calotriton asper, Canis lupus familiaris, Chalcides striatus, Geospizopsis unicolor, Lepus europaeus, Lissotriton helveticus, Natrix astreptophora, Perisoreus infaustus, Plecotus auritus, Podarcis filfolensis, Podarcis gaigeae, Podarcis liolepis, Podarcis milensis, Podarcis muralis, Podarcis pityusensis, Psittacula echo, Salamandra atra, Sciurus carolinensis, Sciurus vulgaris, Strix aluco, and others.	Critical data integrity issues: deposit host field contradicts paper (Podarcis muralis vs Lepus europaeus), non-gut samples (oral) are mixed into a gut microbiota study, and the deposit contains samples from 22 distinct host species while the paper describes a single-host hare study.
PRJNA1171501						No reporting errors detected. Mouse host is appropriate for an animal model of imiquimod-induced inflammation; all samples are confirmed gut/stool metagenomes with consistent metadata.
PRJNA788462						All metadata consistent. Paper describes a swine (growing pig) microbiome-resistome study; deposit correctly specifies Sus scrofa as host with gut metagenome samples from a research facility.
PRJEB30661	host_missing		paper names: Tor putitora; deposit blank/generic			Host species identity (Tor putitora) is missing from the deposit host field, which contains only the generic descriptor 'fish gut metagenome'.
PRJNA847006						No reporting errors detected. Paper and deposit are fully concordant: Sus scrofa host, fecal/gut samples from neonatal piglets (healthy vs. diarrheal groups), metagenomic sequencing of virome.
PRJNA1273701						No reporting errors detected. Paper and deposit metadata are fully aligned for a gut microbiome study in rat model infected with Toxoplasma gondii.
PRJNA1088536						All metadata align correctly: Bos taurus (cow and calf) in deposit matches paper's gestating cow and neonatal calf; fecal samples are appropriately labeled as gut metagenome.
PRJNA384716						No reporting errors detected. Deposit metadata correctly reflects a human infant gut microbiome study with appropriate sample sources and host identity.
PRJNA892774						No reporting errors detected. The deposit correctly identifies Mus musculus (Balb/c mice) as the host for this animal-model study of helminth-microbiota interaction, with gut metagenome samples appropriately labeled.
PRJNA844935	gut_sample_issue			Sample titles and isolation sources indicate 'Microbe sample from Enterococcus faecalis', 'Microbe sample from Escherichia coli', and 'Sample survived whole blood assay'. The 'whole blood assay' isolation source and bacterial culture isolates (not gut samples) contradict a gut-microbiome study framing.		Gut sample issue flagged: deposit metadata reveals blood-assay bacterial isolates rather than gut samples, contradicting the paper's gut-microbiome framing.
PRJNA788958						No reporting errors detected. Host identity (Equus caballus), sample type (fecal/gut), and isolation source all align consistently between paper and deposit.
PRJNA937780						No reporting errors detected; paper and deposit metadata are consistent for a sheep gastrointestinal microbiota study.
PRJNA942468	host_missing		paper names: human; deposit blank/generic			Host missing: the paper studies human IBD patients but the deposit host field lacks explicit host species annotation.
PRJNA1073587						No reporting errors detected. Paper and deposit are fully consistent: giant panda gut metagenome study with Ailuropoda melanoleuca correctly recorded.
PRJNA1099794						No reporting errors detected; chicken (Gallus gallus) host correctly identified in both paper and deposit.
PRJNA417359						No reporting errors detected. Paper and deposit are consistent on chicken as the host organism and gut samples as the source material.
PRJNA63661						No reporting errors detected. Paper and deposit are consistent: human infant gut metagenome study with Homo sapiens host and appropriate gut samples (stool).
PRJNA1245445						Paper and deposit metadata are fully consistent: cattle (Bos taurus) fecal microbiome study from dairy farms with appropriate gut sampling.
PRJNA1123460						No reporting errors detected. Paper and deposit are fully aligned on human gut microbiota samples from acute pancreatitis patients.
PRJNA1116530	host_mismatch	paper: Dezhou donkeys (Equus asinus) vs deposit: Bacillota (bacterial phylum)				The deposit host field incorrectly contains bacterial phylum names (Bacillota) instead of the donkey host organism that the paper studies.
PRJNA1428229	host_missing		paper names: Tetrix japonica (pygmy grasshopper); deposit blank/generic			Host species is missing from the deposit metadata, though the paper clearly identifies Tetrix japonica as the single host organism.
PRJEB62607	host_missing		paper names: hindgut-fermenting carnivores (specific species from Givskud Zoo, presumably felids or similar); deposit blank/generic			The deposit is missing explicit host species identification despite the paper studying specific carnivore species from a zoo; this is a host_missing issue, not a contradiction.
PRJNA853153	host_missing		paper names: humans and mice; deposit blank/generic			The deposit host field is incorrectly populated with a bacterial phylum (Bacillota) instead of the actual host organisms (human and/or mouse), representing a host_missing metadata error.
PRJEB47976						No reporting errors detected; paper and deposit metadata are fully consistent for a human stool microbiome study of Alzheimer's disease.
PRJNA327106	gut_sample_issue			Deposit biome labels include 'human oral metagenome' and 'human skin metagenome' in addition to 'human gut metagenome'. Sample titles and isolation sources reference gut samples (DOL X gut), but biome labels explicitly indicate non-gut body sites.		The deposit metadata includes oral and skin metagenome biome labels that conflict with the paper's focus on infant gut microbiome, representing a genuine sample-type reporting inconsistency.
PRJNA1257558						No reporting errors detected. Paper and deposit are consistent on host identity (Tibetan antelope, Pantholops hodgsonii) and sample type (gut metagenome).
PRJNA987743						No reporting errors detected. Paper and deposit are fully aligned on host identity (Bos indicus), sample types (rumen and fecal), and study scope.
PRJNA1206810						No genuine reporting errors detected. Paper describes cat gut microbiota during Toxoplasma infection; deposit isolation sources confirm cat feces origin, resolving the generic host field.
PRJNA718322						No reporting errors detected. The deposit correctly documents the murine component of a comparative study; human samples are absent from this BioProject and likely deposited separately.
PRJNA526405						No data-quality issues detected. Host identity, sample type, and metadata are consistent between paper and deposit.
PRJNA356809	host_mismatch; multihost_issue	paper: Ailuropoda melanoleuca (giant panda) vs deposit: Lynx lynx (Eurasian lynx); Panthera pardus (leopard)			Deposit sample-level data explicitly lists two distinct host species: Lynx lynx and Panthera pardus. The paper presents a single-host study (giant panda only).	Critical host identity error: deposit contains felid species (lynx, leopard) data while paper studies only giant pandas; additionally, multiple host species in deposit contradicts the single-species study design.
PRJNA1222153	host_missing		paper names: canine (dog); deposit blank/generic			Host metadata is missing from the deposit despite the paper clearly studying canine (dog) gut microbiome.
PRJNA723218						All metadata are internally consistent: paper and deposit both describe gastrointestinal microbiome samples from dairy cattle (Bos taurus) with no reporting errors detected.
PRJNA1119043	host_mismatch; multihost_issue	paper: donkeys and cows vs deposit: Cow; sample titles and biome labels reference 'mouse gut metagenome'			Deposit host field states 'Cow'; deposit sample titles and biome labels explicitly reference 'mouse gut metagenome'. The sample-level metadata independently identify mouse as a host organism alongside cow.	Critical data integrity issue: the paper describes donkey and cow digestive microbiomes, but the deposit contains mouse and cow samples, with mouse explicitly named in sample titles and biome labels.
PRJNA821230						No reporting errors detected. Paper and deposit metadata are consistent: cat (Felis catus) fecal microbiome study with appropriate sample body-site (rectum/gut) and host identification.
PRJNA549182						Study is a legitimate murine gut microbiome investigation with consistent host, body-site, and sample metadata across paper and deposit.
PRJNA1083038						No reporting errors detected; red deer (Cervus elaphus) is appropriately matched between paper and deposit.
PRJNA984595						No reporting errors detected. Pig (Sus scrofa) host matches paper; gut/fecal samples are correctly categorized; no multi-host issues identified.
PRJEB40824	multihost_issue				Deposit sample-level data explicitly lists 5 distinct host species (Gallus gallus, Meleagris gallopavo, Rodentia, Sus scrofa, Vulpes vulpes) while paper treats them as a comparative set of multiple animal species investigated together.	The study samples multiple distinct host species (5 confirmed in deposit); this is appropriate and transparent in both sources, but constitutes a legitimate multihost_issue per the strict protocol.
PRJEB51353	host_missing		paper names: human; deposit blank/generic			Host species metadata is missing from the ENA deposit despite paper clearly describing a human gut microbiota study.
PRJNA1137132						No data-quality issues detected. The study appropriately describes an animal model of Alzheimer's disease in mice with correct host identification and gut sample sourcing in the deposit.
PRJNA825520						No reporting errors detected; cattle hindgut samples are correctly identified in both paper and deposit metadata.
PRJEB66439	multihost_issue				Deposit host_species_list contains: 'Blank sample', 'Canis lupus familiaris', 'Mock community', and 'synthetic metagenome'. Sample titles explicitly reference 'Blank_sample_DNA_H1H_10_G6' etc., and biome labels include 'blank sample' and 'synthetic metagenome' alongside 'Canis lupus familiaris'.	Valid multihost_issue detected: deposit sample-level metadata explicitly documents blank and synthetic metagenome controls alongside canine samples, though this mixture is appropriate for a validation study establishing detection thresholds.
PRJNA1187897	host_missing		paper names: dairy ruminants; deposit blank/generic			Host is missing from the deposit metadata field (metadata gap), though the paper clearly identifies dairy ruminants and the biome label hints at bovine origin.
PRJNA844237	host_missing		paper names: sows (Sus scrofa domesticus implied); deposit blank/generic			Host missing: the deposit host field lacks explicit taxonomic host designation, containing only a sample identifier rather than species name.
PRJNA321058						No reporting errors detected. Paper and deposit metadata are consistent for host (Homo sapiens), sample type (gut), and study design (human IBD microbiome meta-analysis).
PRJNA1391520						No reporting errors detected. Paper and deposit are consistent: both describe a pig gut metagenome study using WGS.
PRJNA814825	multihost_issue				Deposit host_species_list contains 2 distinct species: Equus hemionus hemionus and Equus przewalskii. Deposit host field lists only 'Equus przewalskii', creating inconsistency in the deposit metadata itself.	Deposit metadata shows conflicting host information: primary host field lists only Equus przewalskii while sample-level host_species_list explicitly includes both Equus hemionus hemionus and Equus przewalskii, though this actually matches the paper's two-species comparative design.
PRJNA376580	host_missing; gut_sample_issue		paper names: Infants (human); deposit blank/generic	Sample titles and isolation sources indicate 'NICU room sample', 'hospital NICU surfaces and sink samples' from Magee Womens Hospital. The deposit metadata explicitly identifies these as NICU environmental/surface samples, NOT gut samples.		Critical mismatch: the paper describes an infant gut-microbiome study, but the deposit contains environmental samples (NICU room surfaces and sinks) from a hospital, not infant gut samples. Additionally, the human host is missing from the deposit host field.
PRJNA313232	host_mismatch	paper: homeothermic animals (plural, general term encompassing multiple species) vs deposit: Homo sapiens (single species)				The deposit host field (Homo sapiens only) contradicts the paper's scope (guts of homeothermic animals, plural), representing genuine host metadata underspecification.
PRJNA821641						No reporting errors detected; paper and deposit metadata are consistent on host (Sus scrofa/pig), sample type (fecal/gut), and study design.
PRJNA531273						No reporting errors detected. Paper and deposit are in full agreement on human host, gut sample type, and single-host study design.
PRJNA389280						No reporting errors detected; paper and deposit are in full agreement on human gut microbiome study.
PRJEB4336	host_missing		paper names: humans (Type 2 diabetes patients; study mentions populations including Danish and Latvian cohorts); deposit blank/generic			Host identity is missing from the structured deposit host field despite clear human origin indicated in biome label and sample title.
PRJNA1247471	host_missing		paper names: Ailuropoda melanoleuca (giant panda); deposit blank/generic			Host missing: the paper identifies giant pandas (Ailuropoda melanoleuca) as the study subject, but the deposit host field is empty.
PRJNA657304	gut_sample_issue			Isolation sources include 'bone - JBG2', 'bone - JBG47', and 'soil'. Biome labels include 'soil metagenome'. Sample titles reference features (archaeological contexts) but include bone and soil samples alongside coprolites.		The study correctly analyzes dog (Canis lupus familiaris) coprolites, but the deposit includes non-gut samples (bone and soil) alongside coprolites, which represents a legitimate gut_sample_issue per deposit ground truth.
PRJNA1082665						No reporting errors detected; paper describes canine (dog) gut microbiome and deposit correctly identifies host as canine with appropriate gut samples.
PRJNA908260						No errors detected. Paper and deposit are concordant on host (cats/Feline), sample type (gut), and single-host nature of the study.
PRJNA601162						No reporting errors detected. Paper and deposit metadata are in full agreement regarding pig host and gut sample source.
PRJNA1242249						No reporting errors detected. Paper and deposit metadata are fully concordant for host identity (Moschus berezovskii), sample type (feces), and study design (single-host gut microbiome comparison).
PRJNA1218713						No reporting errors detected. Paper and deposit are consistent: both describe gut microbiota samples from pigs (Sus scrofa).
PRJNA453374						No reporting errors detected. Paper and deposit are concordant: cattle (Bos taurus) fecal microbiome study with appropriate metadata.
PRJNA953833	host_missing		paper names: mouse (BXD population); deposit blank/generic			Host missing: the paper names mouse as the host, but the ENA deposit host field is blank, indicating incomplete metadata.
PRJNA940065						No genuine reporting errors detected. This is a properly documented animal-model study of human Type 2 diabetes using mice.
PRJEB9357						No reporting errors detected. Host, sample type, and study design are consistent between paper and deposit.
PRJNA1012496						No reporting errors detected. Paper describes a mouse model study; deposit metadata (sample titles and biome labels) consistently reports mouse gut metagenome samples, which is appropriate and correct for this animal model of human coronary heart disease.
PRJEB39500	host_missing		paper names: human; deposit blank/generic			host_missing flagged: paper describes human subjects but deposit host field is blank, creating a metadata gap.
PRJNA1187854						No reporting errors detected. Paper and deposit are consistent: dairy ruminant study with cattle (Bos taurus) hindgut/fecal microbiome samples.
PRJNA385949	host_missing		paper names: human (inflammatory bowel disease patients); deposit blank/generic			Host species metadata is missing from the deposit host field despite the paper describing human IBD patients; biome and source metadata indirectly confirm human origin, but explicit host field curation gap exists.
PRJNA290380						No data quality issues detected. Paper and deposit are consistent for a human infant gut microbiome study with appropriate metagenomic sequencing.
PRJNA1064611	gut_sample_issue			Sample titles include 'Water_1' and biome labels include 'freshwater metagenome'. The paper states metagenomes were sampled from both piranha gut AND river water. The deposit sample-level metadata shows water samples (Water_1) alongside fish samples (Swab_1-4), but there is no body-site designation for the swabs. The study explicitly compares fish microbiome to river water microbiome, and water samples are clearly non-gut environmental samples.		No reporting errors detected. The deposit correctly identifies Serrasalmus rhombeus as the host, and the inclusion of water samples alongside fish samples accurately reflects the paper's comparative design of sampling from both piranha and river water.
PRJNA945347						No reporting errors detected. Paper describes grass carp (Ctenopharyngodon idella) gut microbiome; deposit correctly identifies the host species and confirms intestinal/gut sampling with consistent metadata.
PRJEB90470						No reporting errors detected. Paper and deposit are congruent: both describe a mouse (Mus musculus) gut-microbiota study of obesity and insulin resistance via high-fat diet.
PRJNA543206						All metadata align: paper describes chicken gut microbiome, deposit specifies Gallus gallus with fecal samples from chicken gut; no reporting errors detected.
PRJEB64334						No reporting errors detected: host matches (Atlantic salmon = Salmo salar), all samples are gut-origin, single host throughout.
PRJNA1417531						This is a bacterial strain characterization study with no host-microbiome component; deposit and paper are consistent with laboratory-based work on K. pneumoniae mutants.
PRJNA779845						No reporting errors detected. Paper describes a broiler chicken gut microbiome study; deposit correctly identifies host as Gallus gallus with appropriate intestinal sample sources.
PRJNA734860						No reporting errors detected. Paper and deposit metadata are fully consistent: human NASH study with gut microbiome samples from Homo sapiens.
PRJNA290729						No reporting errors detected; paper and deposit are consistent on human gut microbiome study with appropriate metadata.
PRJNA630144						No reporting errors detected; paper and deposit metadata are consistent for host identity, sample type, and study design.
PRJNA723283						No reporting errors detected. Paper describes Linwu ducks (Anas platyrhynchos) gut microbiota; deposit correctly identifies Anas platyrhynchos with gut samples.
PRJNA1123238						No genuine reporting errors detected. Paper and deposit are consistent: dogs (Canis lupus familiaris) are the correct host for a urobiome study, urine is the appropriate sample type, and synthetic controls explain the secondary human reference in metadata.
PRJEB66438						No reporting errors detected. Paper and deposit are in full agreement on host (dogs/Canis lupus familiaris) and sample type (faecal/intestinal gut samples).
PRJEB35362	host_missing; gut_sample_issue; multihost_issue		paper names: human and canine (dog); deposit blank/generic	Biome labels include 'soil metagenome' alongside 'gut metagenome' and 'human gut metagenome'. The abstract mentions 'non-fecal sediments' as a control/comparison category that the pipeline distinguishes from fecal material.	Biome labels explicitly include both 'human gut metagenome' and (implied by 'canine paleofeces' in paper) separate host species. Samples with biome='gut metagenome' (generic) and 'human gut metagenome' suggest at least human origin, and paper states canine samples are also present and distinguishable, yet deposit lacks explicit canine host labeling.	The study has multiple reporting gaps: host species information is missing from the deposit despite being central to the paper's analysis (human and canine paleofeces distinguished), the deposit includes soil metagenome samples (non-gut controls), and the multihost nature is not clearly reflected in deposit host-species annotation.
PRJNA1062915						No data-quality issues detected. The paper describes an animal model study in neonatal rats; the deposit correctly identifies Rattus norvegicus as the host with colonic samples appropriately tagged as gut microbiome.
PRJNA932774						No quality issues detected. Paper and deposit are consistent: mouse lifespan and gut microbiota study with appropriately labeled mouse samples.
PRJNA436633						No reporting errors detected; paper and deposit are in full agreement on host identity (Rhinopithecus roxellana / golden snub-nosed monkey), sample type (fecal/gut), and single-host design.
PRJNA1227608	host_mismatch; gut_sample_issue	paper: ruminant (cattle/buffalo implied by ruminant intestinal microbiome study) vs deposit: Mazzaella japonica (a red macroalga, not a ruminant host)		Isolation source includes 'seaweed tuft' which is neither a gut sample nor from a ruminant animal. The deposit metadata explicitly lists seaweed as an isolation source, contradicting the paper's focus on ruminant intestinal (gut) samples.		Critical errors: deposit host is Mazzaella japonica (seaweed), not a ruminant animal as the paper describes; isolation sources include seaweed tuft, inconsistent with a ruminant gut microbiome study.
PRJNA783381						No reporting errors detected. Paper and deposit are aligned on host (sheep) and sample type (gut microbiome).
PRJNA1228539						No reporting errors detected. Host identity matches perfectly (Trachypithecus francoisi); gut-microbiome designation is consistent with paper focus and deposit metadata.
PRJNA1110616						No reporting errors detected; host identity, sample type (gut), and metadata are all consistent between paper and deposit.
PRJNA553191						Study is correctly reported: human gut microbiota from long-living Chinese subjects, all metadata aligned between paper and deposit.
PRJNA361402						No data-quality errors detected. Paper and deposit metadata are fully aligned on human host, gut samples, and study design.
PRJNA599289	host_missing; multihost_issue		paper names: Apis cerana (Eastern honey bee) and Apis mellifera (Western honey bee); deposit blank/generic		The deposit's isolation sources explicitly list TWO DISTINCT host species: 'eastern honey bee gut' and 'western honey bee gut' (corresponding to Apis cerana and Apis mellifera). Sample titles label these as separate insect gut metagenomes.	The deposit has a host_missing error (host species field blank despite being named in isolation sources) and a multihost_issue (sample-level data explicitly documents two distinct honey bee species as separate hosts).
PRJNA1067975						Study is a human gut-microbiota metagenomic analysis of CDI and related conditions; host identity (Homo sapiens) is consistent across paper and deposit; no reporting errors detected.
PRJNA999451	host_missing; gut_sample_issue		paper names: piglets; deposit blank/generic	Isolation source field shows 'Heghba'' (unrecognized/non-standard term); sample titles describe 'Metagenome or environmental sample from metagenome' with no body-site specification. Paper explicitly states cecum sampling, but deposit lacks this body-site information.		Deposit metadata is incomplete: host field is missing and body-site information is absent despite paper's explicit focus on piglet cecum samples during weaning stress.
PRJNA1078419						No reporting errors detected. Paper describes a mouse-model study of metabolic traits and microbiome; deposit correctly identifies host as Mus musculus with gut samples.
PRJNA1261602	host_missing		paper names: mouse; deposit blank/generic			Host metadata is missing from the ENA deposit (paper describes mouse EAU model but deposit host field is blank), representing a metadata gap rather than a contradiction.
PRJNA1190643						No reporting errors detected. Study uses mouse (Mus musculus) fecal samples, appropriate for an animal model study of bacterial colonization mechanisms, with all samples confirming gut origin.
PRJEB33500	host_missing		paper names: human (Homo sapiens); deposit blank/generic			Host_missing only: paper describes human subjects but deposit host field is empty, though sample titles correctly label samples as 'human gut metagenome'.
PRJNA691798						No quality issues detected. Paper describes a legitimate geriatric murine model study of human listeriosis; deposit host (Mus musculus) is correct and all samples are gut-derived.
PRJEB25514	host_missing		paper names: Humans (long-living people in China); deposit blank/generic			Host missing: paper studies human gut microbiota but deposit host field is blank, representing a metadata gap rather than a conflict.
PRJEB37062	host_missing; multihost_issue		paper names: human donors and preclinical animal models (mouse, rat, pig, rabbit); deposit blank/generic		Deposit biome labels explicitly name five distinct hosts: human, mouse, pig, rabbit, rat. Sample titles (WLS-006 through WLS-038) map to different biome categories. Paper title and abstract focus on 'interpersonal differences in gut microbiota' (suggesting human focus) but deposit contains samples from at least 5 different host species.	The deposit host field is missing (host_missing), and the deposit sample-level biome labels reveal explicit multi-host data (human, mouse, pig, rabbit, rat) that the paper's emphasis on 'interpersonal differences' does not clearly forefront as the primary study design.
PRJNA1127265						No reporting errors detected. Host identity, sample type, and metadata are all consistent between paper and deposit.
PRJNA1353630	host_missing		paper names: Macaca thibetana (Tibetan macaque); deposit blank/generic			Host missing: paper identifies Tibetan macaques as the study subject, but deposit provides no host field metadata.
PRJEB10338	host_missing		paper names: bovine (cattle); deposit blank/generic			Host metadata is missing from the ENA deposit, though the paper clearly identifies bovine as the source organism.
PRJEB66261						No reporting errors detected. Paper and deposit are aligned on host species (Pycnoscelus surinamensis), and the study design as a cockroach animal model experiment is appropriate and consistent.
PRJEB6456	host_missing		paper names: homeothermic animals (implied to include humans based on context); deposit blank/generic			Host identity is missing from the deposit's structured host field, though sample-level metadata (titles and biome label) clearly indicates human gut origin, which is consistent with the paper's reference to homeothermic animals.
PRJNA486795						No reporting errors detected. Study appropriately describes human gut mycobiome samples in Type 2 diabetes and metformin context; deposit metadata aligns with paper claims.
PRJNA685168						No reporting errors detected. Paper and deposit are consistent: human IBD gut microbiome study with Homo sapiens samples.
PRJNA1061085						No data-quality issues detected; paper and deposit metadata are fully consistent for host, sample type, and study design.
PRJNA793776						No reporting errors detected; paper and deposit metadata are concordant for a human gut microbiome study of Crohn's disease.
PRJNA1161368						No reporting errors detected; host identity matches correctly, gut samples are appropriate, and no multi-host conflict exists.
PRJNA1084102						No reporting errors detected. Mouse host in deposit correctly matches the murine tumor models described in the paper.
PRJEB81356						All metadata elements are consistent and valid; no reporting errors detected.
PRJNA635116	multihost_issue				Paper title and abstract explicitly state the study compares 'Traditional Human Populations and Nonhuman Primates'. The deposit host field shows only 'Gorilla1', indicating gorilla samples only. The paper describes sampling from BOTH humans and nonhuman primates (gorillas), but the deposit metadata appear to represent only gorilla host.	The paper describes a comparative study of human and nonhuman primate (gorilla) gut microbiomes, but the deposit host field only identifies 'Gorilla1', suggesting potential underreporting of human samples in the metadata.
PRJNA1029302	host_mismatch	paper: ruminant (cattle/sheep/buffalo implied by 'ruminant intestinal microbiome') vs deposit: Kyphosus sydneyanus (a fish species)				Critical host mismatch: paper describes a ruminant (mammal) microbiome study, but deposit contains fish (Kyphosus sydneyanus) gut samples — a genuine and fundamental conflict.
PRJNA489090						No reporting errors detected; paper and deposit are concordant for human infant gut microbiome study.
PRJNA1061804						No reporting errors detected. Paper and deposit are fully consistent: single-host chicken study with appropriate cecal gut samples.
PRJNA352475	gut_sample_issue			Deposit isolation_sources include: 'chest skin', 'tongue dorsum', 'vaginal introitus' in addition to 'stool'. Paper title and abstract focus on infant gut microbiome and resistance genes in gut carriage, implying gut-only analysis. Deposit metadata reveals non-gut samples (skin, oral, vaginal) mixed in the study.		Valid reporting error detected: deposit sample-level metadata reveals non-gut body sites (chest skin, tongue, vaginal) mixed with gut samples, contradicting the paper's focus on gut microbiome.
PRJNA715601						No reporting errors detected. Paper and deposit are in full agreement on host identity (Homo sapiens / human infants) and sample type (gut microbiome).
PRJNA849401						No reporting errors detected; paper and deposit metadata are in full agreement for host identity (seagull), sample type (gut/feces), and study design.
PRJEB64278						No reporting errors detected. Paper and deposit metadata are consistent on host species (common marmoset), sample type (fecal/gut), and study design.
PRJNA407583	host_missing		paper names: Ailuropoda melanoleuca (giant panda); deposit blank/generic			Host missing: the paper clearly identifies giant panda as the study organism, but the deposit host field is blank.
PRJNA529943						No genuine reporting errors detected. Paper and deposit are consistent: both concern yak fecal microbiota from the Qinghai-Tibetan Plateau.
PRJNA616396	host_missing		paper names: human; deposit blank/generic			Host species metadata is missing from the deposit (only generic 'gut' provided), creating a gap between the paper's implied human study and the deposit's blank host_species field.
PRJEB34982						No reporting errors detected. Paper and deposit agree on pig host identity and gut sample origin.
PRJNA823519						No reporting errors detected. Paper and deposit metadata are consistent regarding the two host species (pig and carp) and their intestinal samples.
PRJNA1119029						No reporting errors detected. Host is correctly identified as Homo sapiens, and samples are appropriately characterized as cultured isolates from a defined human gut microbial community.
PRJEB22062	host_mismatch	paper: chicken vs deposit: pig (inferred from sample titles NL-PooledPig-F1-*)				Critical host_mismatch: paper describes chicken gut microbiome, but deposit sample titles explicitly identify pig (PooledPig-*), not chicken.
PRJNA491522						No genuine reporting errors detected. The paper describes a mouse-model study of pathogen–microbiome interactions, and the deposit appropriately identifies Mus musculus as the host with fecal samples. The 'human gut metagenome' biome label is misleading but does not contradict the host identity.
PRJNA278393	host_mismatch; multihost_issue	paper: homeothermic animals (plural, diverse species implied by 'guts of homeothermic animals') vs deposit: Homo sapiens			Paper abstract and title refer to 'homeothermic animals' (plural); deposit host field shows only 'Homo sapiens'. The paper's framing ('inhabiting the guts of homeothermic animals') implies multiple host species were sampled, but the deposit metadata lists only a single host species.	The paper describes a multi-species study of Bacteroidales S24-7 from 'homeothermic animals' but the deposit metadata records only Homo sapiens as the host, indicating either incomplete metadata capture or a genuine mismatch in study scope.
PRJNA1121382						No reporting errors detected. Paper describes a hamster (golden hamster/Mesocricetus auratus) model of COVID-19 with gut samples; deposit confirms single host species with appropriate cecal gut samples.
PRJEB81717	multihost_issue				Host field lists 'Papio cynocephalus and P. anubis' — two distinct host species. Paper presents wild baboons as a single group without specifying multiple species.	Multi-host issue detected: deposit names two distinct Papio species while paper treats baboons as a single host group.
PRJNA943611						No errors detected. Study correctly describes gnotobiotic Mus musculus gut samples; deposit metadata aligns with paper.
PRJNA656141						All metadata consistent: host matches, sample type is gut-derived (feces), and no multihost evidence detected.
PRJNA1415237	host_missing		paper names: elephant (primary sampling source); deposit blank/generic			Host missing: deposit host field is blank despite paper explicitly sampling from elephant gut microbiome, creating a metadata gap.
PRJEB15371	host_missing		paper names: human (inflammatory bowel disease patients); deposit blank/generic			The paper describes a human IBD microbiome meta-analysis, but the deposit host field is absent—a metadata gap rather than a direct conflict.
PRJNA841806						No genuine reporting errors detected; paper and deposit are consistent on host identity (Gallus gallus), and no contradictory sample-level metadata is available in the deposit.
PRJEB33577	host_missing		paper names: human and canine (dog); deposit blank/generic			Host species (human and canine) are named in the paper but the deposit host field is empty, indicating a host_missing metadata gap.
PRJEB21624	host_missing		paper names: bovine (cattle rumen); deposit blank/generic			Host metadata is missing from the ENA deposit despite the paper's clear focus on bovine rumen microbiota.
PRJNA786358						No reporting errors detected. Paper and deposit are consistent: dairy cows (Bos taurus) hindgut microbiome study.
PRJNA1390420						No reporting errors detected. Study describes a murine metabolic stress model with mouse host (Mus musculus) correctly recorded in deposit; sample-level site metadata absent but study is clearly gut-microbiota focused.
PRJEB31266						Paper and deposit are in agreement: bovine rumen microbiome study with Bos taurus as host. No reporting errors detected.
PRJNA271618						Paper and deposit are aligned on host (Papio cynocephalus); no reporting errors detected.
PRJNA1192041						No reporting errors detected. Paper and deposit are consistent: both describe a rat gut microbiome study, appropriate for an animal model of human diabetic neuropathy.
PRJEB15296	host_missing		paper names: neonatal piglets (Sus scrofa); deposit blank/generic			Host missing: the paper clearly studies neonatal piglets but the ENA deposit contains no host information.
PRJNA1393111						No reporting errors detected; paper and deposit agree on host species (channel catfish), though sample-level body-site metadata is absent from deposit.
PRJEB1220	host_missing		paper names: homeothermic animals (guts of homeothermic animals); deposit blank/generic			Host identity is missing from the deposit metadata while the paper clearly identifies samples from homeothermic animal guts.
PRJNA527177						No reporting errors detected. Paper and deposit consistently describe a human intestinal (faecal) sample; host identification and sample type align.
PRJNA807368						No reporting errors detected; host identity matches perfectly, and the study is a straightforward single-host gut microbiome investigation in piglets.
PRJNA1184454						No data-quality issues detected. Paper and deposit both consistently reference calves; no contradictory sample-level metadata available to audit further.
PRJEB15095	host_missing		paper names: Mouse (implied by context: intestinal inflammation study with animal model methodology and author affiliations); deposit blank/generic			Host organism is missing from the deposit metadata; the paper describes an animal model study of inflammation-associated dysbiosis, but the deposit host field is blank.
PRJEB55812						No valid data-quality errors detected. Paper and deposit are consistent: both describe a mouse-focused metagenomic study using exhaust dust filters from murine colonies for environmental health monitoring.
PRJNA1069780						Study is a chicken gut microbiota metagenomics analysis with host correctly identified as Gallus gallus in the deposit; no reporting errors detected.
PRJNA845803						No reporting errors detected. Deposit host 'Grainfed Angus 1' correctly matches the paper's study of grain-fed beef cattle gut virome.
PRJNA1119053						No reporting errors detected. Deposit shows Mus musculus as host for a defined gut microbial community study, appropriate for animal-model microbiome research on intestinal colonization.
PRJNA473126						No reporting errors detected. Deposit host (Homo sapiens) matches paper (human infants); sample-level metadata fields are empty but non-contradictory.
PRJNA1164203						All metadata consistent: paper and deposit agree on Macaca fascicularis as host, intestinal gut samples are appropriate, and no reporting errors detected.
PRJNA772888	host_mismatch; multihost_issue	paper: Eurasian otters (Lutra lutra) and leopard cats (Prionailurus bengalensis) vs deposit: Prionailurus bengalensis			Paper abstract and title explicitly name two distinct host species (Eurasian otters Lutra lutra and leopard cats Prionailurus bengalensis) as subjects of the same study, but deposit host field contains only Prionailurus bengalensis. Sample-level deposit metadata fields are empty, preventing explicit verification, but the mismatch between paper's dual-host framing and deposit's single-host listing indicates incomplete metadata.	The paper investigates fecal samples from two distinct wildlife hosts (Eurasian otters and leopard cats), but the deposit host field records only Prionailurus bengalensis, missing the second host species entirely.
PRJEB6997	gut_sample_issue			Deposit host field explicitly states 'human oral metagenome', which is an oral/mouth sample site, not a gut sample.		The deposit indicates 'human oral metagenome' but the paper describes a gut microbiota study; this is a genuine body-site mismatch (oral vs. gut) that warrants flagging.
PRJNA376566						No valid reporting errors detected. Paper describes human infant gut microbiome; deposit host is Homo sapiens. Agreement on host identity; no contradictions in available deposit metadata.
PRJNA786887						Study correctly identifies cats (Felis catus) as the host organism with no metadata gaps or contradictions detected.
PRJNA813004						No genuine reporting errors detected. Paper compares two cattle breeds under identical conditions; deposit lists primary host as Angus cattle. Both breeds are cattle (same species), and deposit metadata is sparse but not contradictory.
PRJNA339914						Study describes human infant gut microbiome; deposit correctly records Homo sapiens as host with no contradictions detected despite sparse sample-level annotation.
PRJNA1039141						No reporting errors detected. Paper and deposit agree on host (Sus scrofa / pigs), and study design (gut metagenomics from fecal samples) is consistent across sources.
PRJEB83610						No reporting errors detected. Deposit host 'Capra' correctly matches paper's goats; gut-focus is appropriate despite empty body-site field.
PRJNA1254096	multihost_issue				Paper abstract explicitly names three indigenous fish species: Schizothorax biddulphi (SB), Diptychus maculatus (DM), and Triplophysa yarkandensis (TY), each with distinct biomarkers and profiles. Deposit host field lists only Diptychus maculatus.	The deposit host field lists only Diptychus maculatus, but the paper investigates three distinct indigenous fish species (Schizothorax biddulphi, Diptychus maculatus, Triplophysa yarkandensis) with species-specific findings, constituting a multihost_issue.
PRJNA787952						No reporting errors detected; paper and deposit agree on human host identity, and no conflicting sample-level metadata is present.
PRJNA1050241						No data-quality issues detected. Paper and deposit are fully aligned on chicken (Gallus gallus) as the host and gut as the sample site.
PRJNA590977						No reporting errors detected. Paper and deposit are concordant on host identity (horse, Equus ferus caballus), sample type (faecal/gut), and scope (single host species).
PRJNA760651						No genuine reporting errors detected. Deposit host 'Jinhua pig' matches the paper's study of pigs; sample-level metadata is absent but not contradictory.
PRJNA1092431						No data-quality issues detected. Paper and deposit are in agreement on murine host; study design (animal model, single-host gut microbiome) is appropriate and consistent.
PRJNA1063657	host_mismatch	paper: Larus relictus (Relict Gull) and Anatidae species (waterfowl/ducks) vs deposit: Escherichia coli				Critical host mismatch: paper studies wild bird gut microbiota (Larus relictus and Anatidae), but deposit lists Escherichia coli as the host organism.
PRJNA908720						No reporting errors detected. Paper and deposit agree on canine host; fecal samples are appropriate for digestive tract virome study.
PRJEB50568	host_missing		paper names: children (humans); deposit blank/generic			Host missing: deposit lacks host metadata (should record 'Homo sapiens') despite paper's clear focus on children's faecal samples.
PRJEB46806						No reporting errors detected; deposit host Gallus gallus correctly matches paper's red junglefowl, and no conflicting sample-level metadata is evident.
PRJNA1298833						No reporting errors detected. Paper and deposit are consistent on host (Canis lupus familiaris / domestic dog); no sample-level metadata conflicts are evident.
PRJNA559605	multihost_issue				Paper explicitly states samples from three distinct Panthera species (lion, leopard, tiger); deposit host field lists only Panthera tigris tigris.	The deposit's host field captures only Panthera tigris, but the paper explicitly compares gut microbiomes across three distinct Panthera species (lion, leopard, tiger), indicating incomplete host documentation in the deposit for a multi-host comparative study.
PRJNA1116578						No reporting errors detected. Paper and deposit are consistent: mouse model of Alzheimer's disease with longitudinal fecal sampling is correctly documented.
PRJEB20308	host_missing; multihost_issue		paper names: human (Homo sapiens); deposit blank/generic		Paper explicitly compares 'dog and human gut microbiomes' but deposit host field lists only Canis lupus familiaris. Deposit sample-level metadata is empty, preventing verification of distinct host species labeling, but the paper's comparative design implies multiple host species were sampled.	Human host is missing from deposit metadata despite explicit presence in paper's comparative analysis of dog and human microbiomes.
PRJNA1148165						Paper and deposit both clearly identify human (Homo sapiens) gut microbiome samples from IBD patients; no metadata conflicts detected.
PRJNA1264679						No reporting errors detected. Paper and deposit are consistent: single-host pig (Sus scrofa) gut microbiome study with appropriate metadata alignment.
PRJNA544874						No reporting errors detected. The mouse host matches the animal model study design, and no conflicting sample-level metadata is present in the deposit.
PRJNA356225						No reporting errors detected; paper and deposit are in agreement on host identity (Homo sapiens) and no contradictory sample-level metadata is present.
PRJNA862908						No genuine reporting errors detected; paper and deposit are concordant on human host and gut sample type.
PRJEB7759	host_missing		paper names: homeothermic animals (guts of multiple homeothermic animal species implied); deposit blank/generic			host_missing flagged: paper clearly describes gut samples from homeothermic animals but deposit host field is blank, representing a metadata gap.
PRJNA906124						No reporting errors detected. Paper and deposit are concordant on host (Felis catus), study design (fecal microbiome), and there is no evidence of multiple hosts or non-gut samples.
PRJNA1226362						No genuine reporting errors detected. Paper and deposit are consistent on the use of SPF mice as the host organism; minor strain documentation differences do not constitute errors.
PRJNA1102860						No reporting errors detected; paper and deposit are consistent for a feral horse gut microbiome study.
PRJNA422434	host_missing		paper names: Human (Type 2 diabetes patients across populations); deposit blank/generic			Host is missing from deposit metadata: the paper describes human Type 2 diabetes patients but the deposit host field is blank.
PRJNA848403						No reporting errors detected. Paper and deposit are concordant on host (seagull/seagulls), and deposit lacks contradictory sample-level metadata.
PRJNA1320939	host_missing		paper names: lactating sows (Sus scrofa); deposit blank/generic			Host is missing from the ENA deposit metadata despite being clearly identified in the paper as lactating sows.
PRJNA761967						No reporting errors detected. Paper and deposit are consistent on host (broiler chicken / Gallus gallus domesticus), and the described cecal sampling aligns with a poultry gut microbiome study.
PRJNA354235						Meta-analysis study of human IBD patients; deposit host (Homo sapiens) matches paper, and no conflicting sample-level data detected despite sparse metadata.
PRJNA666163						No data-quality issues detected. The paper and deposit are consistent for host identity (broiler chicken = Gallus gallus), and there is no evidence of conflicting sample types or missing host information.
PRJNA804100	host_mismatch; multihost_issue	paper: Lampsilis cardium (freshwater mussel) AND Micropterus salmoides (host fish) vs deposit: Micropterus salmoides only			Paper abstract explicitly names two distinct host organisms: Lampsilis cardium (mussel) and Micropterus salmoides (fish). These are sampled in the same study with comparative microbiota analysis. Deposit lists only one host species.	The deposit metadata is incomplete: it captures only Micropterus salmoides but the paper explicitly studied and sampled gut microbiota from both M. salmoides and Lampsilis cardium, with L. cardium being a primary focus for microbiota analysis results.
PRJEB41102	host_missing		paper names: human; deposit blank/generic			Paper describes human gut bacteria but deposit host field is missing—a metadata gap requiring attention.
PRJNA515074						Study is a murine (mouse) gut microbiome investigation with appropriate host metadata match between paper and deposit; no reporting errors detected.
PRJEB1786						No reporting errors detected. Paper describes human gut mycobiome in Type 2 diabetes; deposit host field indicates human, consistent with paper despite limited sample-level metadata.
PRJEB24006	host_missing		paper names: human neonates; deposit blank/generic			The paper studies human neonatal faecal microbiota, but the deposit lacks host metadata, resulting in a host_missing flag only.
PRJNA532626						No reporting errors detected; study compares gut microbiomes from wild and captive black rhinoceros (Diceros bicornis), and deposit host metadata is consistent with the paper.
PRJNA575543						No errors detected. Paper and deposit are aligned: Sus scrofa host, intestinal sampling, gut microbiome study.
PRJNA1307965						No genuine reporting errors detected; this is a properly documented mouse-model study of gut microbiota in acute lung injury with concordant host identity between paper and deposit.
PRJNA1163371						No data quality issues detected; paper and deposit are consistent for host identity (Sus scrofa/pigs) and sample type (gut metagenome).
PRJNA1205074						No reporting errors detected. Paper describes rat MASLD model with gut microbiota analysis; deposit correctly identifies Rattus norvegicus as host with appropriate 16S and metagenomic samples.
PRJNA741606						No data-quality issues detected. Paper and deposit metadata are concordant on host species (goat/Capra hircus) and sample type (rumen/gut metagenome).
PRJNA1377454						No reporting errors detected. Paper and deposit are consistent: mouse (Mus musculus) gut microbiota study using an OVA-induced asthma model.
PRJNA951204						No reporting errors detected. Host metadata is consistent (Sus scrofa for pig samples), samples are clearly gut-derived, and only one host species is present.
PRJNA744219						No reporting errors detected; beef cattle (Bos taurus) rectum samples are correctly reported in both paper and deposit as a single-host gut microbiome study.
PRJNA1206727						No reporting errors detected. Paper and deposit are fully consistent: human hospitalized patients, gut microbiome samples, single host species.
PRJNA1010706						No reporting errors detected; paper and deposit metadata are consistent for host identity and sample type.
PRJNA291299						No reporting errors detected. Paper and deposit are consistent: chicken/hen microbiome study with all samples from caecal (gut) contents.
PRJNA849257						No reporting errors detected. Paper and deposit are consistent: dogs with idiopathic epilepsy, fecal microbiome samples, single host species (Canis lupus familiaris).
PRJNA1269239	multihost_issue				Sample titles explicitly list 'Mallard' and 'Shaoxing duck' as distinct sample groups. Deposit sample-level metadata differentiates two species.	The study explicitly compares two duck species (Mallard and Shaoxing duck), which is properly reflected in both the paper and deposit metadata; this is the intended experimental design, not a data-quality error.
PRJNA1260157						No reporting errors detected. Paper describes a mouse-model study of Echinococcus infection; deposit correctly identifies host as Mus musculus with gut microbiome samples.
PRJNA898082						No reporting errors detected; paper and deposit are in agreement on host (beagle), sample type (gut), and study design (single-host radiation exposure study).
PRJNA1138893						No reporting errors detected. Paper and deposit are fully consistent: human gut microbiome study from CRC patients and healthy controls.
PRJNA1232403						No reporting errors detected. Paper and deposit are in full agreement on host identity (Apis mellifera), sample origin (honey bee gut), and isolation source (hindgut).
PRJNA1158959	multihost_issue				Deposit explicitly lists 4 distinct Sus scrofa subspecies: Sus scrofa vittatus, Sus scrofa cristatus, Sus scrofa leucomystax, and Sus scrofa (unspecified). Paper title and abstract present this as a single comparative study of wild vs domesticated Sus without clearly breaking down individual subspecies as separate cohorts.	Deposit contains samples from 4 distinct Sus scrofa subspecies (vittatus, cristatus, leucomystax, plus unspecified scrofa), whereas the paper presents the analysis as a simple wild vs domesticated comparison without explicitly detailing the multiple subspecies composition.
PRJNA397886						No quality issues detected. Paper and deposit are fully concordant: laboratory mouse (Mus musculus) gut microbiome study with appropriate stool/gut metagenome samples.
PRJNA1219188						No reporting errors detected; paper and deposit are fully concordant regarding host species (piglets/Sus scrofa domestica) and sample type (fecal/gut metagenome).
PRJNA273761						No reporting errors detected. Paper and deposit are concordant: human infant fecal metagenome study with appropriate metadata alignment.
PRJNA945365	host_mismatch	paper: grass carp vs deposit: Micropterus salmoides				Critical host mismatch: paper studies grass carp but deposit samples are from largemouth bass (Micropterus salmoides).
PRJNA301903						No reporting errors detected. Paper and deposit are consistent on human infant gut microbiome study.
PRJEB71372						Study perfectly matches paper description: bottlenose dolphin (Tursiops truncatus) fecal samples for FMT evaluation with no data quality issues.
PRJEB27498						No reporting errors detected. Paper and deposit are fully concordant on Atlantic cod (Gadus morhua) gut microbiota study.
PRJNA861716						No reporting errors detected. Paper and deposit are in full agreement: human gut microbiome study with Homo sapiens as the single host.
PRJEB4391	host_missing		paper names: kittens (feline); deposit blank/generic			Host metadata is missing from the ENA deposit (blank host field) even though the paper clearly describes kitten fecal samples.
PRJEB13870	host_missing		paper names: human; deposit blank/generic			Host is missing from the deposit metadata: the paper studies human gut microbiota, but the ENA host field is blank.
PRJEB10878	host_missing		paper names: human; deposit blank/generic			Host is missing from the deposit host field despite clear human origin in the paper and sample metadata.
PRJNA1141435						No reporting errors detected; paper and deposit metadata are in full agreement for host identity, sample type (gut), and host count.
PRJNA375762						No reporting errors detected. Paper and deposit are fully aligned on chicken (Gallus gallus) as the sole host organism with gut samples.
PRJNA1025260						No reporting errors detected. Mouse host and gut sample type in deposit are correct for this animal model study of colorectal cancer.
PRJEB23561						No data-quality issues detected. Paper and deposit are aligned on bovine rumen microbiome sampling.
PRJNA312222						No reporting errors detected; paper and deposit are in full agreement on human gut microbiome origin.
PRJNA1302757	host_missing		paper names: Teleogryllus occipitalis (female field cricket, Orthoptera: Gryllidae); deposit blank/generic			Host species (Teleogryllus occipitalis) is missing from the deposit host field, representing a metadata gap that should be filled.
PRJNA1253095						No reporting errors detected; paper and deposit metadata are consistent for host species, sample type (gut/fecal), and study design.
PRJNA894343	gut_sample_issue			Isolation sources include 'Farm_Feeder_and_Drinker', 'Farm_Wall_and_Floor', 'Negative Control library preparation', 'Negative Control of DNA extraction', 'Negative Control of Swab used for Environmental sampling', and 'Positive Control' — these are environmental and control samples, NOT gut samples.		Genuine gut_sample_issue detected: deposit includes environmental farm surfaces and controls, not purely gut samples as the paper's framing suggests.
PRJEB14312						Paper and deposit are aligned: both describe a sheep (Ovis aries) faecal microbiota study with single-host, gut-sample samples analysed by metagenomics.
PRJNA717669	gut_sample_issue; multihost_issue			Isolation sources include: kidney, lung, spleen from multiple individual rats (R22, R26, R27, R28). These are organ/tissue samples, NOT gut samples.	Deposit sample-level data explicitly lists two distinct host species across samples: Rattus norvegicus and Rattus rattus (seen in isolation source labels and host_species_list).	Two issues detected: (1) samples are from non-gut organs (kidney, lung, spleen) despite apparent gut-microbiome framing, and (2) deposit explicitly names two distinct rat species (Rattus norvegicus and Rattus rattus) while paper presents them as undifferentiated 'wild rodents.'
PRJEB73511	gut_sample_issue; multihost_issue			Paper describes sampling horses' skin, oral, and fecal microbiomes ('along with the horses' skin, oral and fecal microbiomes'). The deposit biome labels include 'horse metagenome' and the sample titles 'Horse microbiome' do not distinguish sample types, but the paper explicitly states non-gut samples (skin and oral) were collected from horses.	The deposit's sample-level data (sample titles and biome labels) explicitly names two distinct host species: 'Horse microbiome' and 'Human gut microbiome' in the titles, and 'horse metagenome' and 'human gut metagenome' in the biome labels. The paper presents the study as examining both horse and human samples, which is confirmed by explicit multi-host labeling in the deposit metadata.	Deposit contains explicit evidence of two hosts (horse and human samples) with non-gut samples (horse skin and oral) that are not clearly distinguished in metadata, creating minor annotation gaps rather than outright errors.
PRJNA475948						All metadata are consistent: the paper studies two termite species with distinct microbiomes, and the deposit correctly captures both species in separate samples with appropriate gut-sample annotations.
PRJNA609596						No data quality issues detected. Paper and deposit are in agreement on host (Sprague-Dawley rats = Rattus norvegicus) and sample type (gut/caecum samples).
PRJNA1010388						No reporting errors detected. Host is correctly identified as Mus musculus; this is an appropriate animal-model study of disease; sample origin (fecal/gut microbiota) aligns with paper narrative despite sparse deposit metadata.
PRJNA744378						No reporting errors detected; paper and deposit are consistent regarding the single insect host (Rhodnius prolixus) and gut metagenome sampling.
PRJNA1066198						No reporting errors detected; paper and deposit are fully concordant on host identity (Bombus impatiens bumblebee queens) and sample type (gut microbiota).
PRJNA671703	gut_sample_issue			Sample titles and biome labels explicitly include 'soil metagenome' and 'manure metagenome'. The abstract describes sampling 'fresh manure, manure from pits, and field soil'. Field soil is not a gut sample.		Gut sample issue flagged: deposit explicitly contains soil metagenome samples, which are non-gut environmental samples, not gut microbiome samples.
PRJNA1184324						No reporting errors detected. The paper describes an animal model study in mice with fecal metagenomic samples, which correctly matches the deposit metadata.
PRJNA541820						No reporting errors detected. The study correctly describes shotgun metagenomic sequencing of gut microbiota from Ap1m2-/- mice on C57BL/6 background, and the deposit metadata accurately reflects this single-host, gut-sample study design.
PRJNA479518	gut_sample_issue; multihost_issue			Isolation sources list 'vulture face' and 'vulture gut'. Facial skin is a non-gut surface sample.	Paper describes two distinct vulture species: Coragyps atratus (black vulture) and Cathartes aura (turkey vulture). Deposit host field shows only generic 'vulture' but isolation sources ('vulture face', 'vulture gut') do not explicitly disambiguate which species each sample came from at the sample level.	Study includes non-gut body sites (facial skin) alongside gut samples, and the deposit lacks sample-level species disambiguation between the two vulture species mentioned in the paper.
PRJNA1067415						No genuine reporting errors detected. Deposit host field captures C. vestalis; D. collaris underrepresented in metadata but not a direct contradiction of deposit values.
PRJNA1086397						No reporting errors detected. Paper and deposit are consistent: mouse (Mus musculus) gut microbiota study using fecal samples characterized by shotgun sequencing.
PRJNA932553	host_mismatch; gut_sample_issue	paper: Ailuropoda melanoleuca (giant panda), Ursus thibetanus (Asiatic black bear), Homo sapiens (human), and gorillas vs deposit: Homo sapiens		Sample titles reference 'human oral metagenome' and biome labels show 'human oral metagenome'. The paper states 118 samples total: 28 supragingival (oral) samples and 90 fecal samples. The deposit metadata explicitly identifies samples as oral, not gut/fecal.		The deposit (Homo sapiens oral samples only) does not represent the full multi-host scope described in the paper (giant pandas, bears, humans, gorillas), and sample-level metadata indicates oral rather than fecal samples, creating both host and sample-type discrepancies.
PRJDB20286						No reporting errors detected. Host, sample type, and all metadata are consistent between paper and deposit.
PRJNA953147						No genuine reporting errors detected. The deposit has a metadata annotation error (bacteria listed as host instead of animal host), but the underlying sample provenance (mouse gut microbiota) is correct and consistent with the paper describing an aged-mice FMT study with cecal metagenomics.
PRJEB81709						No reporting errors detected; host identity matches perfectly, and all metadata are consistent with a single-host wild bird gut microbiome study.
PRJNA753312						No reporting errors detected; this is a correctly documented animal-model study with dual-host design (bovine donors and murine recipients) where deposit metadata appropriately reflects the experimental structure.
PRJEB88012	host_missing		paper names: chicken (commercial chickens); deposit blank/generic			Host is missing from the deposit ENA metadata despite the paper explicitly sampling from commercial chickens.
PRJNA1234694	host_mismatch	paper: Diaprepes abbreviatus vs deposit: Diaprepres abbreviatus				Spelling error in deposit host field ('Diaprepres' instead of 'Diaprepes') is the only issue, representing a metadata transcription error rather than a genuine biological mismatch.
PRJEB52043						This is a mouse model study with appropriately blank host metadata complemented by explicit 'mouse gut metagenome' biome labels; no reporting errors detected.
PRJNA1006316						No reporting errors detected; paper and deposit are fully concordant for host identity and sample type.
PRJNA1161616						No reporting errors detected. This is a freshwater mesocosm study benchmarking metagenomics for fecal source tracking; no live host sampling occurred, and deposit metadata correctly reflects this as a non-host environmental study.
PRJNA924548						No reporting errors detected; paper describes fecal samples from calves, deposit correctly identifies host as Bovine with gut samples.
PRJNA944265						No reporting errors detected. Mouse host in deposit correctly matches the paper's mouse-model study design; all samples are gut-derived (fecal).
PRJNA1297587	gut_sample_issue; multihost_issue			Deposit isolation sources include 'leaves' (non-gut samples); sample titles and biome labels confirm leaf metagenome samples alongside gut samples.	Host species list shows TWO distinct organisms: 'Citrus x aurantiifolia' and 'Diaprepes abbreviatus'. Sample-level data (isolation sources, biome labels) explicitly segregate these: 'gut' samples from D. abbreviatus; 'leaf metagenome' and 'leaves' isolation source indicating Citrus sampling.	The deposit contains non-gut samples (leaves from Citrus) and explicitly lists two host species, both acknowledged in the paper as a comparative control design, making these methodologically justified rather than reporting errors.
PRJNA297579						No reporting errors detected; paper and deposit are fully concordant on California condor as the single host species with appropriate gut samples.
PRJNA509211	multihost_issue				Deposit sample-level data (sample titles and host_species_list) explicitly names FIVE DISTINCT termite species: Cryptotermes domesticus, Cryptotermes secundus, Prorhinotermes simplex, Reticulitermes flavipes, Reticulitermes grassei. Paper title and abstract refer to 'a set of lower termite species' and 'five termite species', treating them as a comparative study, not as a single-host study.	No genuine reporting errors detected. The study properly compares microbiomes across five lower termite species; deposit and paper are consistent.
PRJNA271123						No reporting errors detected. This is a meta-analysis paper evaluating endospore-forming Firmicutes across 73 published datasets; the deposit represents one environmental sample (hot spring) appropriately labeled in the deposit metadata.
PRJNA750644	multihost_issue				Deposit host_species_list shows 2 distinct species: Pardosa agraria and Pardosa laura. Paper compares gut microbiota of both species.	Multihost issue: deposit sample-level data explicitly identify two distinct Pardosa species (agraria and laura) while the deposit host field lists only P. agraria.
PRJNA641765	gut_sample_issue			Sample titles and biome labels explicitly state 'human skin metagenome'. Deposit metadata indicates skin samples, not gut samples. Paper title and abstract confirm 'skin microbiome' as the study target.		No genuine reporting errors detected. Paper and deposit are in full agreement: human skin microbiome study with Homo sapiens as host, correctly labeled as skin (not gut) samples.
PRJEB48382						No data-quality issues detected; paper and deposit metadata are consistent and appropriately describe a pig faecal microbiome study.
PRJNA966790						No reporting errors detected. Paper describes a mouse model of autism with gut metagenomics, and deposit correctly identifies Mus musculus as the host with fecal samples.
PRJEB59225						No reporting errors detected. Paper and deposit metadata are fully aligned on host species (Gadus morhua) and sample type (gut mucus layer/intestinal tract).
PRJNA730805						No data-quality issues detected; mouse host appropriately matches the animal model obesity study design.
PRJNA738608						No reporting errors detected. Paper and deposit are consistent: all samples are from domestic dogs (Canis lupus familiaris / Canis familiaris), with fecal/gut material as isolation source.
PRJNA758898						No reporting errors detected. Paper and deposit metadata are consistent: domestic cat (Felis catus) gut microbiome study with fecal samples.
PRJNA1098026						No reporting errors detected. Paper and deposit are consistent: mouse (C57Bl6, Mus musculus) gut microbiome study with appropriate sample metadata.
PRJNA751718						No reporting errors detected; paper and deposit metadata are fully aligned on host identity, sample type, and study design.
PRJNA1067380	multihost_issue				Paper title and abstract describe characterization of gut microbiota of TWO distinct parasitoid wasp species: Cotesia vestalis and Diadromus collaris. Deposit host field lists only 'Cotesia vestalis' (1 distinct species).	The deposit metadata is incomplete: it lists only Cotesia vestalis while the paper studies two parasitoid wasp species (C. vestalis and D. collaris), representing a multihost issue not fully captured in the deposit.
PRJNA843079						No reporting errors detected; mouse host in deposit appropriately matches IBD animal model described in paper.
PRJNA389470						No reporting errors detected. Paper describes a mouse model study of fecal microbiota transplantation; deposit correctly identifies Mus musculus host with appropriate gut-derived samples.
PRJNA1119051						Study is internally consistent: dromedary camel (Camelus dromedarius) gut microbiome from stool samples with no reporting errors detected.
PRJEB57214	host_missing		paper names: mice; deposit blank/generic			Host metadata gap: paper describes mice but deposit host field is empty, constituting host_missing rather than mismatch.
PRJNA1052069						No reporting errors detected. Paper describes a mouse model study of gut microbiota effects on allograft rejection, and deposit correctly identifies Mus musculus gut samples with appropriate metagenomic sequencing.
PRJEB40767						No errors detected. Paper and deposit metadata are consistent: study involved Wistar rats (Rattus norvegicus) gut microbiome samples.
PRJEB21599						Study reports gut microbiome of Arion ater; deposit metadata is consistent with paper across host identity and sample type.
PRJNA1026073						No reporting errors detected; paper and deposit are fully aligned on host (Plutella xylostella), isolation source (gut), and study scope.
PRJNA865544						No reporting errors detected. The mouse host is appropriate for this animal-model study of human cardiac disease, and all samples are correctly labeled as gut microbiota.
PRJNA255439	gut_sample_issue			Paper title and abstract explicitly state 'oropharyngeal microbiome' and 'oropharynx'. Deposit body-sites field is empty (no metadata confirming oral/oropharyngeal site). Sample titles (ES_001, ES_007, etc.) provide no indication of body site.		Valid reporting issue: paper describes oropharyngeal microbiome samples but deposit body-sites field is empty, creating a metadata gap for a non-gut oral site study.
PRJNA645015						No reporting errors detected. Paper and deposit are fully concordant on host identity (Apis mellifera) and sample type (gut metagenome).
PRJDB20287						No reporting errors detected. Paper and deposit metadata are fully consistent for host identity, sample type, and completeness.
PRJNA1040965						No reporting errors detected. Mouse host in deposit correctly matches the DSS mouse model study design in the paper.
PRJNA712972						No reporting errors detected. Paper describes a mouse gut microbiota study with intestinal epithelial Piga knockout; deposit metadata (C57BL/6J host, fecal samples, gut biome) are consistent and complete.
PRJDB20379						PARSE_ERROR
PRJNA1061805						No quality issues detected; host identity, sample type, and biological source are all consistent between paper and deposit.
PRJEB37383						No reporting errors detected. Paper and deposit are in full agreement: a mouse gut microbiome study with appropriate host specification and gut-sample classification.
PRJEB52269						No reporting errors detected. Paper and deposit are consistent: mouse (Mus musculus) gut microbiota study with appropriate animal-model design for investigating diet and sex-hormone effects.
PRJNA881985						No reporting errors detected. Mouse host is appropriate for this animal model study of Alzheimer's disease; all samples are confirmed as gut microbiome.
PRJNA995784						No reporting errors detected. Paper describes a house-mouse gut microbiota study with shotgun metagenomics; deposit metadata confirms Mus musculus musculus host and stool-derived gut samples.
PRJNA913821						No reporting errors detected. Paper and deposit are consistent: reindeer (Rangifer tarandus platyrhynchus) gut samples from rumen, small intestine, and large intestine.
PRJNA915351						No reporting errors detected. Paper and deposit are concordant for host (Mus musculus), body site (feces/gut), and study design (two mouse strains as experimental replicates in an animal model of T. cruzi infection).
PRJNA977416						No reporting errors detected. Paper and deposit are in perfect alignment on host identity (Apis mellifera), sample type (gut microbiota), and study design.
PRJNA1243555	host_missing		paper names: Broiler chickens (Gallus gallus domesticus); deposit blank/generic			Host_missing issue: the deposit host field incorrectly lists the bacterial pathogen (E. coli) instead of the animal host (chickens), despite the isolation source correctly identifying chicken feces.
PRJNA655594						No reporting errors detected. Paper describes a mouse gut-microbiome study consistent with deposit metadata (C57BL/6J mouse, fecal samples, WGS metagenomic sequencing).
PRJNA1157353	multihost_issue				Paper abstract states: 'Using shotgun metagenomics on 200 worker bees from five honeybee species' and discusses microbiota evolution 'across' multiple honeybee species as the core subject. Deposit sample-level metadata explicitly lists five distinct Apis species (A. andreniformis, A. cerana, A. dorsata, A. florea, A. mellifera) across the samples.	Multi-host issue detected: study encompasses five distinct honeybee species (explicit in deposit sample-level data), which is appropriately framed in the paper but represents a genuinely multi-host comparative design.
PRJNA1145617						No data-quality issues detected; host, sample type, and metadata are in full agreement between paper and deposit.
PRJNA1211045						PARSE_ERROR
PRJNA1210771						No reporting errors detected. Paper and deposit metadata are fully consistent: Antarctic krill (Euphausia superba) gut microbiota study with appropriate gut-origin samples and single-host design.
PRJNA1084222						No reporting errors detected; paper and deposit metadata are fully consistent for host identity, sample type, and study design.
PRJNA1148150						No reporting errors detected. The deposit correctly documents a mouse (Mus musculus) gut-microbiome study as an animal model investigating dietary effects on antimicrobial resistance.
PRJEB89425	host_missing		paper names: Indri indri (lemur); deposit blank/generic			Host identity (Indri indri) is missing from the ENA deposit metadata, representing a metadata gap rather than a conflict.
PRJNA399458						No reporting errors detected. Paper and deposit both identify Indri indri as the host organism for a gut microbiome study.
PRJNA1229795						No reporting errors detected. Mouse host in deposit appropriately matches the animal-model study of colitis-associated colorectal cancer described in the paper; all samples are gut-derived (feces).
PRJNA1244851	host_missing		paper names: Humans and animal models of cystic fibrosis; deposit blank/generic			Host metadata is missing from the deposit; the paper describes sampling from humans and CF animal models but the deposit host field is blank.
PRJNA1209849	host_missing		paper names: SAMP8 mice; deposit blank/generic			Host species metadata is missing from deposit (SAMP8 mice not recorded), but this is a gap rather than a mismatch, as the mouse host is appropriate for an animal model study.
PRJNA949809						No reporting errors detected. Paper and deposit are consistent: Coilia nasus intestinal microbiota study with matching host identity.
PRJNA1225421						No reporting errors detected. Paper and deposit metadata are aligned: human gut resistome study from Ecuador with Homo sapiens as the host and human feces as the sample type.
PRJNA1233886						No reporting errors detected; paper and deposit metadata are concordant on host identity and sample type (intestinal samples from Holothuria glaberrima).
PRJNA1182340						No reporting errors detected; mouse host and gut microbiome study design are consistent with an animal model of asthma.
PRJNA1186832						No reporting errors detected. Study correctly describes a mouse gut-microbiota/probiotic colonization study with matching mouse host in deposit and gut-origin samples throughout.
PRJNA1238482	multihost_issue				Paper title and abstract explicitly study TWO distinct snake species: 'Red Back Pine Root Snake (Oligodon formosanus)' AND 'Chinese Slug-Eating Snake (Pareas chinensis)'. Deposit host field lists only generic 'snake' without distinguishing or listing the two species.	The study involves two distinct snake species (Oligodon formosanus and Pareas chinensis) but the deposit host metadata only records generic 'snake' without capturing the multi-host design.
PRJNA1202651						No reporting errors detected. This is an appropriate animal model (mouse) study of gut microbiota in experimental colitis; Mus musculus in the deposit correctly matches the implied host from the DSS-insult experimental design.
PRJEB60852	host_mismatch; multihost_issue	paper: Yunnan snub-nosed monkey and reindeer vs deposit: Rangifer tarandus platyrhynchus			Paper explicitly states two phylogenetically distant mammals were studied: 'Yunnan snub-nosed monkey and reindeer'. Deposit host field names only Rangifer tarandus platyrhynchus (reindeer). The deposit's own sample titles and biome labels do not explicitly enumerate both species, indicating incomplete metadata capture of the multi-host design described in the paper.	Host mismatch and multihost issue: paper describes a comparative study of two phylogenetically distant mammals (snub-nosed monkey and reindeer), but deposit metadata reflects only reindeer (Rangifer tarandus platyrhynchus).
PRJNA1134918	host_mismatch	paper: mice (implied animal model of human intestinal radioprotection) vs deposit: Bifidobacterium animalis and Bifidobacterium pseudolongum (bacterial species)				Host metadata error: deposit lists bacterial species (Bifidobacterium) as host instead of the mammalian host animal from which stool samples were collected.
PRJNA594263						No genuine reporting errors detected. This is a properly documented animal-model study of colitis using rat gut metagenomes.
PRJNA681546	host_missing		paper names: Human (ulcerative colitis patients, implied by 'gut microbiota studies' in medical context); deposit blank/generic			Host missing: paper describes a human ulcerative colitis study but deposit host field is blank.
PRJNA723444						No data-quality errors detected; mouse gut microbiota study of colitis is appropriately captured with consistent host and gut-sample metadata.
PRJNA1026909						No reporting errors detected. This is a correctly documented animal-model study using mouse gut microbiome to investigate dietary protein effects on microbiota composition and function.
PRJNA1146968	multihost_issue				Deposit host_species_list explicitly names THREE DISTINCT species: Capricornis sumatraensis, Cervus albirostris, Moschus berezovskii. The paper title states 'three sympatric forest-dwelling ungulates' and abstract mentions comparative study among sympatric species, confirming the three-species design.	The deposit correctly captures a multi-host comparative gut microbiome study of three sympatric ungulate species as described in the paper; multihost_issue flag reflects the multi-species design (not an error), and no genuine reporting discrepancies are detected.
PRJNA1214001						No genuine reporting errors detected; rat host in both sources matches appropriately for this animal model study of gastrointestinal dysfunction.
PRJNA1140353						No reporting errors detected. Paper and deposit are in full agreement: all samples are from Apis mellifera (honeybees) gut/bacteriome from Philippines, with consistent metadata across all sources.
PRJNA1187318						No reporting errors detected. Paper describes a mouse probiotic intervention study; deposit correctly identifies Mus musculus as host with cecal content samples from mouse gut.
PRJEB79769						No reporting errors detected. Paper and deposit are fully aligned on host species (Felis catus cats), study design (gut microbiota analysis), and metadata completeness.
PRJNA816829						No reporting errors detected. Paper describes rat model of osteoporosis; deposit correctly identifies Rattus norvegicus gut samples (feces). All metadata consistent.
PRJNA1044797	multihost_issue				Deposit host_species_list contains 4 distinct Bombus species (B. impatiens, B. rufocinctus, B. ternarius, B. vagans), but deposit host field only names 'Bombus impatiens'. Paper abstract and title acknowledge multiple bumble bee species sampled.	Multihost issue detected: deposit sample-level data explicitly names 4 distinct Bombus species, but the summary host field lists only B. impatiens, creating a metadata completeness gap.
PRJNA1033630						No reporting errors detected; paper and deposit metadata are fully aligned on host identity (Apis mellifera honey bees) and sample type (gut microbiome).
PRJNA1124990						No quality issues detected. Paper and deposit metadata are fully consistent for host identity, sample type, and sample integrity.
PRJNA999720						No data-quality issues detected. Host identity, sample type, and deposit metadata are all consistent and accurate.
PRJNA1130047						No reporting errors detected. Paper describes a mouse model study of F. prausnitzii in C57BL/6 mice; deposit correctly identifies host as Mus musculus.
PRJEB43192	multihost_issue				Deposit sample-level biome labels and host_species_list explicitly name two distinct hosts: Gallus gallus and Salmo salar. Biome labels include 'Gallus gallus', 'Salmo salar', 'chicken gut metagenome', 'fish gut metagenome'. Sample titles and metadata confirm both species.	Multihost issue is flagged but represents correct metadata—the HoloFood project genuinely studied both salmon and chicken, and both hosts are properly documented in deposit and paper.
PRJNA1108898						No reporting errors detected. The deposit host name (Trimeresurus stejnegeri) is a taxonomic synonym of the paper's species (Viridovipera stejnegeri), and the gut-microbiome focus is consistent with both sources.
PRJNA1108923						No reporting errors detected; the deposit host (Trimeresurus stejnegeri) correctly corresponds to the paper's subject (Viridovipera stejnegeri), which is a taxonomic nomenclature variant of the same bamboo pitviper species.
PRJNA1180206						No reporting errors detected. Paper and deposit are consistent: this is a legitimate aging-mice gut-microbiome study with appropriate mouse host and gut samples.
PRJNA1102166						No reporting errors detected; paper and deposit are consistent with Coilia nasus as the single host species in a gut microbiota study.
PRJNA1165944						All metadata consistent: paper describes cattle (Bos taurus) rumen microbiota study; deposit correctly identifies Bos taurus as host with rumen fluid as isolation source.
PRJNA560329	multihost_issue				Deposit host_species_list shows 8 distinct termite species: Cornitermes sp., Embiratermes neotenicus, Isognathotermes ugandensis, Labiotermes labralis, Microcerotermes parvus, Nasutitermes corniger, Neocapritermes taracua, Termes hospes. Paper abstract frames study as exploring 'the microbial landscape within termite guts varies across termite families' and compares lower termites vs higher termites as a conceptual framework, but does not explicitly declare that the dataset merges samples from 8 independent host species.	Deposit reveals 8 distinct termite host species in sample-level metadata, but paper abstract does not transparently disclose this multi-host composition, creating a reporting clarity issue.
PRJNA732531	multihost_issue				Deposit host species list explicitly names 45 DISTINCT termite species (Alyscotermes sp., Astalotermes quietus, Calcaritermes temnocephalus, Coatitermes kartaboensis, Constrictotermes cavifrons, Coptotermes formosanus, Cornitermes pugnax, Crepititermes verruculosus, Cryptotermes cavifrons, Cryptotermes dudleyi, Cylindrotermes parvignathus, Dicuspiditermes spinitibialis, Euhamitermes sp., Furculitermes sp., Globitermes sulphureus, Glyptotermes sp., Hodotermes mossambic... and 28 others). Paper abstract presents the study as a unified investigation across termite families but does not explicitly enumerate individual species.	Multihost issue detected: deposit explicitly lists 45 distinct termite species across samples, while paper presents findings using termite family categories (lower vs. higher termites) without clearly communicating the multi-species scope.
PRJEB73709						No reporting errors detected. Paper and deposit are consistent for a mouse model gut microbiome study; the blank host field is supplemented by the explicit 'mouse gut metagenome' biome label.
PRJNA1151203	multihost_issue				Deposit host_species_list and sample-level metadata explicitly distinguish two species: Macaca mulatta vestita and Semnopithecus schistaceus. Paper title and abstract present both species equally as subject of the study.	The deposit correctly documents two distinct host species (Semnopithecus schistaceus and Macaca mulatta vestita) at the sample level, matching the paper's comparative microbiome study design; all samples are from gut (feces), and no genuine errors detected.
PRJNA1123873	host_mismatch	paper: Spodoptera frugiperda (Fall Armyworm insect larvae) vs deposit: Enterococcus casseliflavus (bacterium)				Host mismatch detected: paper studies Fall Armyworm (Spodoptera frugiperda) gut microbiota, but deposit host field incorrectly lists a bacterial species (Enterococcus casseliflavus) instead of the insect host.
PRJNA1031700						No reporting errors detected. Paper and deposit are aligned: both describe a mouse model gut microbiota study with appropriate Mus musculus host and gut-origin samples (colon, feces).
PRJNA1135459	host_mismatch	paper: SD rats vs deposit: Mus musculus				Host species mismatch: paper reports SD rats; deposit records Mus musculus (mouse)—these are distinct rodent species, not synonymous.
PRJNA952227						No data-quality issues detected. Paper and deposit are consistent: C57BL/6J mice (Mus musculus) gut microbiota study with appropriate mouse host designation.
PRJNA1108955	multihost_issue				Host species list shows 2 distinct species: 'Lycodon rosozonatus' and 'Lycodon rufozonatus'. The deposit sample-level data explicitly names both species as hosts across the project.	Multi-host issue detected: deposit sample metadata explicitly includes two distinct Lycodon species, while the paper's presentation of host sampling is not sufficiently detailed to confirm alignment with this multi-species composition.
PRJNA1144187	host_missing		paper names: wild snakes (23 species); deposit blank/generic			Host missing: the paper studies wild snakes but the deposit lacks a populated host field, representing a metadata gap.
PRJNA1302101	host_mismatch	paper: Nannopterum auritum (double-crested cormorant) vs deposit: Phalacrocorax auritus				Host mismatch: the deposit host field uses outdated taxonomy (Phalacrocorax auritus) while the paper and deposit isolation-source field correctly identify the modern species name (Nannopterum auritum).
PRJNA1477333	host_missing		paper names: broiler chickens; deposit blank/generic			Host is missing from the deposit metadata: the paper studies broiler chickens but the deposit host field is empty.
PRJNA1442370	host_missing		paper names: Forest Musk Deer; deposit blank/generic			Host identity (forest musk deer) is missing from the ENA deposit host field, representing a significant metadata gap despite clear specification in the paper.
PRJEB107655						No reporting errors detected; marmoset (Callithrix jacchus) host matches across paper and deposit, gut sampling context is consistent, and single-host design is confirmed.
PRJEB50625						No genuine reporting errors detected. Deposit specifies rabbit gut metagenome consistent with one focus host in a vertebrate-scope study; all samples are gut-derived intestinal metagenomes.
PRJEB82776						No reporting errors detected. Paper describes vertebrate gut microbiomes; deposit correctly specifies Sus scrofa (pig) as the host organism, with biome label and samples consistent with gut sampling.
PRJNA1056763						No reporting errors detected. Paper's general reference to vertebrate gut microbiomes is consistent with deposit's bovine-specific sampling and metadata.
PRJNA1212753	host_mismatch	paper: vertebrate gut microbiomes (multiple species implied by 'vertebrate' - includes humans and other vertebrates based on context of bilirubin reduction pathway) vs deposit: Canis lupus familiaris (dog)				Host mismatch detected: paper describes vertebrate-wide gut microbiomes but deposit specifies only Canis lupus familiaris.
PRJNA1367213						No reporting errors detected. Paper discusses vertebrate gut microbiomes broadly; deposit specifies sheep (Ovis aries), which is consistent with the vertebrate category and supported by sample titles indicating gastrointestinal segments in sheep.
PRJNA795985						No reporting errors detected. The deposit (Homo sapiens, feces samples) is consistent with a human gut microbiome study that is part of a broader vertebrate investigation.
PRJNA988023						No reporting errors detected. The paper's general 'vertebrate gut microbiomes' framing is consistent with deposit data showing turkey-derived gut samples.
PRJNA1475489						No reporting errors detected. Paper and deposit are fully aligned on human gut microbiome sampling.
PRJNA1320715						No reporting errors detected. This is a properly annotated mouse aging and microbiome study with appropriate host designation and valid gut sampling.
PRJNA1097789						No reporting errors detected. Paper and deposit are consistent on host identity (Drosophila melanogaster), and the study design as a gut virome survey is appropriate for the metagenome classification.
PRJEB106514						No reporting errors detected. Paper and deposit are fully concordant on host identity (Panthera leo/lions), and no evidence of sample-type or multi-host issues.
PRJNA1399069	host_missing; multihost_issue		paper names: freshwater fish (five dominant farmed species); deposit blank/generic		Paper explicitly states 'five dominant farmed freshwater fish species with distinct feeding habits (herbivory, omnivory, filter-feeding, and carnivory)'. Deposit provides no host data to confirm or deny this multiplicity	Deposit lacks all host and sample-level metadata (host field, body sites, isolation sources empty); paper describes five freshwater fish species, making host_missing and multihost_issue flaggable.
PRJEB88111						No reporting errors detected. Paper and deposit are fully concordant: pig (Sus scrofa) diarrhoeal faeces samples.
PRJNA1376267	host_missing		paper names: domestic cats (Felis catus); deposit blank/generic			Host metadata gap: the paper studies domestic cats, but the ENA deposit host field is empty, creating a host_missing error despite correct gut-source annotation in isolation source and sample titles.
PRJNA1434035						No reporting errors detected; empty deposit host field is appropriate for an in vitro microbiome fermentation study derived from rat faeces.
PRJNA1157396						No reporting errors detected. Paper describes a Ggt1-deficient mouse model study of gut microbiota; deposit correctly identifies Mus musculus host with fecal samples only. All metadata is consistent.
PRJNA1263030						No reporting errors detected; deposit host (Ovis aries) matches paper context (rumen microbiota of ruminants/sheep), and sample metadata are consistent with a ruminant gut-microbiota study.
PRJNA1154995	host_missing		paper names: wildlife species from Wolong Nature Reserve (e.g., giant panda, other wild animals); deposit blank/generic			Host species information is missing from the deposit metadata despite the paper studying multiple wildlife species from Wolong Nature Reserve.
PRJEB29232						No reporting errors detected. Paper and deposit are consistent: both describe gut microbiome from foxes (Vulpes vulpes) in the Belyaev Farm-Fox Experiment.
PRJNA1399070						No reporting errors detected; paper and deposit are consistent for host identity (Manis javanica), and no gut-sample or multi-host issues are evident in the available metadata.
PRJNA1054518						No reporting errors detected; paper and deposit align on mouse host, gut sampling, and study design.
PRJNA890321	multihost_issue				Deposit sample-level data explicitly lists 2 distinct host species: Cygnus cygnus and Cygnus atratus. Paper title refers to 'wild birds' (singular concept) without explicitly stating multiple bird species were sampled.	Multihost issue detected: deposit contains two distinct Cygnus species (C. cygnus and C. atratus) while paper presents a single unified bird microbiome study without explicitly acknowledging the species-level diversity.
PRJNA1175865	multihost_issue				Deposit sample-level metadata explicitly lists three distinct host species across samples: Alexandromys fortis, Apodemus agrarius, and Rattus norvegicus. Paper title and abstract refer to 'wild rodents' as a single entity being studied for microbiota response to infection, without acknowledging three separate host species.	Deposit contains samples from three distinct rodent species (Alexandromys fortis, Apodemus agrarius, Rattus norvegicus) that should be explicitly distinguished in the study reporting, not collapsed under the umbrella term 'wild rodents'.
PRJNA792023						No reporting errors detected. Paper and deposit metadata are in full agreement: both describe broiler chickens (Gallus gallus) with gut samples from caecal content.
PRJEB89408	host_mismatch; multihost_issue	paper: 23 marsupial species (multiple species studied) vs deposit: Trichosurus vulpecula (single species)			The deposit biome labels explicitly list multiple distinct marsupial host species: Dactylopsila trivirgata, Dendrolagus lumholtzi, Lasiorhinus latifrons, Macropus giganteus, Notamacropus agilis, Notamacropus parma, Notamacropus rufogriseus, Onychogalea unguifera, Osphranter rufus, and others (list truncated with 'P...'). The deposit host field only names Trichosurus vulpecula, which does not capture the multi-host nature evident in the biome labels.	The study involves 23 marsupial species, but the deposit host field lists only Trichosurus vulpecula while biome labels reveal multiple distinct marsupial species, creating both a host_mismatch and multihost_issue.
PRJNA1167890						PARSE_ERROR
PRJNA340521	host_mismatch	paper: marsupials vs deposit: Capybara				Host mismatch detected: paper describes marsupials but deposit samples are explicitly from Capybara (a rodent, not a marsupial).
PRJNA752224	host_missing		paper names: marsupials; deposit blank/generic			Host missing: paper studies marsupials but deposit host field is blank, though deposit isolation/biome metadata confirms gut samples which is appropriate for the study.
PRJNA543906	host_mismatch	paper: Tibetan antelopes (Pantholops hodgsonii) vs deposit: Homo sapiens				Critical host_mismatch: paper studies Tibetan antelope gut microbiome, but deposit metadata incorrectly lists Homo sapiens as host.
PRJNA1298916						No reporting errors detected; mouse host is appropriate for a synthetic gut microbiota and phage study, and all samples align with gut-microbiota research.
PRJNA1088789	multihost_issue				The deposit's sample-level data explicitly lists four distinct host species: Elaphe taeniura, Pareas formosensis, Protobothrops jerdonii, and Rhabdophis chiwen across the samples. The paper also names four snake species but does not clearly enumerate all four by species name in the abstract provided.	The deposit contains samples from four distinct snake species (Elaphe taeniura, Pareas formosensis, Protobothrops jerdonii, Rhabdophis chiwen), which aligns with the paper's title 'Four Snake Species.' This is the study design, not a reporting error, and the multihost structure is properly represented in both sources.
PRJNA1306187	host_missing		paper names: deer mice (Peromyscus maniculatus) — wild-living populations across the United States; deposit blank/generic			Host missing: the paper identifies deer mice (Peromyscus maniculatus) as the sampled organism, but the deposit host field is blank.
PRJNA1206451						No data-quality issues detected. Paper and deposit perfectly align on host identity (Apis mellifera), and sample metadata is consistent with a single-host gut microbiome study.
PRJNA1264687						No reporting errors detected; paper and deposit are fully concordant on host identity (Protaetia brevitarsis) and sample source (hindgut contents).
PRJEB47909	host_missing		paper names: humans (and other social animals); deposit blank/generic			Host field is missing in the deposit despite the paper describing human microbiome samples; the biome label provides implicit confirmation but explicit host metadata should be recorded.
PRJNA1092791	multihost_issue				Deposit sample-level titles explicitly name four donor species: 'Bama-mini pig donor bacteria' (Sus scrofa), 'Beagle dog donor bacteria' (Canis lupus familiaris), plus Macaca fascicularis and Mus musculus implied in the design. Deposit host_species_list shows: Canis lupus familiaris; Macaca fascicularis; Mus musculus; Sus scrofa (four distinct species).	No genuine reporting errors. The study explicitly describes a multi-donor, single-recipient (germ-free mouse) microbiota transplant design, which is correctly reflected in both the paper and deposit metadata.
PRJNA956273						No reporting errors detected. This is a mouse model study of ketogenic diet effects on the microbiome; the animal model host is appropriate and correctly deposited.
PRJNA884830	host_missing		paper names: Rhinopithecius bieti (Yunnan snub-nosed monkey); deposit blank/generic			Host species (Rhinopithecius bieti) is identified in the paper but missing from the deposit host field, which contains only a generic descriptor; sample type is correctly gut-derived (feces).
PRJNA1054761						No reporting errors detected. Paper describes a zebrafish (Danio rerio) intestinal injury model study; deposit correctly identifies Danio rerio as the host organism.
PRJNA843354						No data-quality errors detected. Paper and deposit are consistent: Simmental calves (Bos taurus) gut microbiome study with appropriate WGS library strategy.
PRJNA805352						No reporting errors detected. Host, body-site, and sample metadata are concordant and appropriate for this insect gut metagenomics study.
PRJNA924947						No reporting errors detected. Paper and deposit are consistent: Holstein calves (paper) = bovine (deposit), and all samples are from gut as expected.
PRJNA1043846						No reporting errors detected. Paper and deposit align on insect host (Clanis bilineata), gut sampling context, and functional metagenomics approach.
PRJNA947933						No reporting errors detected. Paper and deposit are fully concordant: chicken (Gallus gallus domesticus) stool gut metagenome samples.
PRJNA1067830	multihost_issue				Deposit host species field explicitly lists 2 distinct species: 'Homo sapiens; Mus musculus'. Sample titles and biome labels include both 'mouse gut metagenome' samples and references to isolates. The paper presents the intervention as a human malnutrition study but the deposit contains samples from two distinct host organisms without clear segregation in the abstract's framing.	The deposit contains samples from two distinct host species (Homo sapiens and Mus musculus) but the paper abstract does not clearly disclose this multi-host composition, constituting a reporting transparency issue.
PRJNA876316						The deposit contains a cataloging error (bacterial taxon in host field instead of animal host metadata), but this does not constitute a genuine reporting error between paper and deposit regarding what organism was sampled; the paper's rat model is appropriate and the samples are correctly from gut.
PRJNA685398						No reporting errors detected; paper and deposit metadata are consistent for host, sample type, and study design.
PRJNA1049576						No genuine reporting errors detected. Rat host in deposit is appropriate for an animal model study of sleep deprivation-induced anxiety-like behaviors.
PRJNA1031251	host_missing		paper names: Jianghan chicken (Gallus gallus domesticus); deposit blank/generic			Host metadata is missing from the deposit (ground-truth gap), though the paper clearly identifies Jianghan chicken as the sampled host.
PRJNA491335						No reporting errors detected. Paper and deposit are consistent regarding Homo sapiens host and fecal gut samples, though deposit metadata may be incomplete if the study included other hominid species.
PRJNA692042						PARSE_ERROR
PRJNA1009258						No reporting errors detected; paper and deposit are consistent for a human gut microbiome study of pediatric leukemia patients with GVHD.
PRJNA1003305	host_missing		paper names: not explicitly named in the provided abstract; deposit blank/generic			The paper abstract fails to explicitly state the host organism, creating a reporting gap; the deposit assigns 'Mice' as the host, but this fundamental mismatch between an apparently human clinical study and a mouse deposit warrants clarification.
PRJNA987703						No reporting errors detected. Paper and deposit are fully aligned on host identity (Bathycoelia distincta) and sample type (gut/midgut).
PRJNA809764						No genuine reporting errors detected. Mus musculus is an appropriate host for an immunosuppressed/transplant-related gut-microbiome study, and no sample-level contradictions are evident.
PRJNA886985						No reporting errors detected. Mouse host in deposit is appropriate for an animal-model study of antibiotic effects on gut microbiome; all samples are gut-derived; no multihosts present.
PRJNA875084						No reporting errors detected. Paper and deposit metadata are concordant for host species (Mustela putorius domestic ferret), and sample context is consistent with gut microbiome study design.
PRJNA935534						Study PRJNA935534 reports neonatal calf faecal microbiome samples; ENA deposit correctly identifies host as Bos taurus with gut biome metadata—no reporting errors detected.
PRJNA942254	multihost_issue				Deposit host_species_list contains 9 distinct species: Cabassous unicinctus, Dasypus kappleri, Dasypus novemcinctus, Dasypus sp., Myrmecophaga tridactyla, Orycteropus afer, Proteles cristata, Smutsia temminckii, Tamandua tetradactyla. Paper title frames this as 'convergent myrmecophagous mammals' (plural, multiple species). While the paper acknowledges multiple species, the deposit explicitly names all 9 species across samples, confirming a genuinely multi-host study.	This is a legitimate multi-host comparative metagenomics study of myrmecophagous mammals; the deposit correctly documents 9 distinct host species in sample-level metadata, and the paper's framing of convergent dietary adaptations across these species is consistent with the deposit structure.
PRJNA906625						All metadata consistent: Daphnia magna hologenome study with single host, gut microbiome samples, no reporting errors detected.
PRJNA641245						No reporting errors detected. Paper and deposit are consistent: chicken gut microbiome study with 20 individual birds sampled for WGS metagenomic analysis.
PRJNA956982						No reporting errors detected. Paper and deposit are fully consistent: calf (young Bos taurus) gut microbiome study with fecal samples.
PRJNA861719						No reporting errors detected. The paper describes quail gut microbiome samples, and the deposit correctly identifies the host as Coturnix (quail) with appropriate gut sample sources (cecum, feces).
PRJNA938989	host_mismatch	paper: Cynoglossus semilaevis (half-smooth tongue sole, a fish) vs deposit: Acinetobacter baumannii (a bacterium)				The deposit host field incorrectly lists 'Acinetobacter baumannii' (a bacterium) instead of the actual host organism, Cynoglossus semilaevis (the fish from which samples were taken).
PRJNA902833						No reporting errors detected. This is a correctly documented mouse model study of NAFLD with appropriate gut microbiome sampling.
PRJNA916642						Paper and deposit are fully consistent: both describe gut microbiome of big-belly seahorse (Hippocampus abdominalis) infected with Edwardsiella piscicida.
PRJNA784741						No reporting errors detected. Paper describes a mouse-model study of lupus using fecal microbiota; deposit correctly identifies Mus musculus with fecal samples as expected.
PRJNA635664						No data-quality issues detected; paper and deposit metadata are fully aligned on host identity and sample type.
PRJEB29346	host_mismatch	paper: salmonid (fish) vs deposit: Gadus morhua (Atlantic cod)				Critical host_mismatch: paper describes salmonid intestinal samples, but deposit is Gadus morhua (Atlantic cod, a gadid), not a salmonid fish.
PRJEB59886						No reporting errors detected; paper and deposit are concordant on salmonid host (Salmo salar) and intestinal microbiome context.
PRJNA822929						No reporting errors detected. Host identity is consistent (yak = Bos grunniens), gut sampling is confirmed, and single-host study is appropriately represented.
PRJEB40866						No genuine reporting errors detected. The deposit's host field contains bacterial taxon names rather than the animal host, but the isolation source correctly identifies mouse cecum, and the paper appropriately describes a murine model study.
PRJNA876956						No genuine reporting errors detected. Deposit host (Nannospalax galili) is consistent with paper's focus on blind mole rats; all samples are gut-derived; no contradictions between paper and deposit metadata.
PRJNA734720						No reporting errors detected. Paper and deposit metadata are fully consistent: both describe a rat gut microbiota study with fecal metagenome sequencing.
PRJNA862309						No reporting errors detected. Host nomenclature reflects synonym variation (Litopenaeus vs Penaeus), and all samples are from intestinal microbiota of shrimp as expected.
PRJNA681986						Study is valid: cattle (Bos taurus) large intestine/fecal microbiome samples are correctly reported in both paper and deposit with consistent sample-level metadata.
PRJNA811648	host_missing		paper names: human (implied by context of oral implantology/periodontal pathogen and systemic disease progression in humans); deposit blank/generic			Host organism (human) is implied by the paper's context but missing from the deposit metadata, constituting a metadata gap rather than a true mismatch.
PRJNA669162						No reporting errors detected; paper and deposit are consistent for a rat-based animal model study of intestinal ischemia-reperfusion injury with integrated multi-omics analysis.
PRJNA734104						No reporting errors detected. Paper and deposit agree on mouse host and gut sampling source; appropriate animal-model study design for COVID-19 research.
PRJNA799796						No genuine reporting errors detected. The mouse model host in the deposit is appropriate for this colorectal cancer research study, and all samples are correctly identified as gut metagenome.
PRJNA801062						No reporting errors detected. Paper describes a rat (Rattus norvegicus) collagen-induced arthritis model, and deposit correctly identifies Rattus norvegicus as host; this is an appropriate animal-model study.
PRJNA801070						No reporting errors detected. Host identity, sample type, and metadata are internally consistent between paper and deposit.
PRJNA739153						No reporting errors detected. Paper and deposit are fully consistent: murine meta-analysis study with mouse (Mus musculus) as host, all samples from feces (gut origin), single host species.
PRJNA731974						No data-quality issues detected. Paper and deposit are consistent: this is a properly documented mouse gut microbiome study of metabolic dysfunction.
PRJNA494875						No reporting errors detected. Paper describes weanling piglet (Sus scrofa) gut microbiome; deposit correctly records Sus scrofa as host with fecal samples from gut, consistent with study design.
PRJNA787384	host_mismatch; multihost_issue	paper: Yunnan snub-nosed monkey (Rhinopithecus bieti) AND bamboo-eating panda (Ailuropoda melanoleuca) vs deposit: Rhinopithecus bieti only			Paper explicitly studies two distinct host species: Yunnan snub-nosed monkey (Rhinopithecus bieti) and bamboo-eating panda (Ailuropoda melanoleuca). Deposit host field lists only Rhinopithecus bieti. Sample titles (W-10, W-12, W-24, W-25, W-29) do not disambiguate which samples belong to which host.	The paper studies gut microbiomes from two host species (Yunnan snub-nosed monkey and bamboo-eating panda), but the deposit lists only Rhinopithecus bieti, indicating incomplete or mismatched host metadata.
PRJNA718160	host_mismatch; multihost_issue	paper: Rhinopithecus roxellana vs deposit: Rhinopithecus roxellana; Macaca mulatta			Deposit sample-level metadata explicitly lists 2 distinct host species: Macaca mulatta and Rhinopithecus roxellana. Paper title and abstract focus solely on Rhinopithecus roxellana captivity, with no mention of Macaca mulatta samples.	The deposit metadata reveals explicit samples from two distinct host species (Rhinopithecus roxellana and Macaca mulatta), but the paper describes only Rhinopithecus roxellana, constituting a genuine multihost reporting error.
PRJNA699677						No reporting errors detected. Paper and deposit are consistent: bumblebee (Bombus terrestris) hindgut samples with gut-appropriate metadata.
PRJNA408020						No reporting errors detected. Paper describes chicken gut microbiome; deposit host 'avian' is a valid general term encompassing chicken, and sample metadata is consistent with poultry gut origin.
PRJNA473429						Paper and deposit are concordant: mouse fecal samples from gut microbiome study, with matching host identity (mouse/Mus) and appropriate sample type.
PRJNA671745	host_missing; gut_sample_issue		paper names: Procambarus clarkii (red swamp crayfish); deposit blank/generic	Deposit isolation sources and biome labels include: 'sediment of red swamp crayfish aquaculture pond', 'water of red swamp crayfish aquaculture pond', 'sediment metagenome', and 'aquatic metagenome'. These are non-gut environmental samples.		The deposit metadata is incomplete (host field generic) and reveals a multi-environment study including non-gut samples (sediment, water) that are not emphasized in the paper's gut-focused title and abstract.
PRJNA729899						No quality issues detected. Paper and deposit are concordant; this is a properly documented mouse gut microbiome study with cecal content samples.
PRJEB44507						No reporting errors detected. Ancient human fecal samples (paleofeces) from Hallstatt miners correctly documented as Homo sapiens with appropriate gut-sourced microbiome samples.
PRJNA728669	gut_sample_issue			Deposit isolation source is 'Chicken manure', not black soldier fly gut.		The study claims to survey bacterial species in BSF larval guts, but the deposit isolation source is documented as chicken manure (the rearing substrate), raising uncertainty about whether samples are actually from BSF gut tissue or from the substrate itself.
PRJNA722063						No genuine reporting errors detected. Paper studies Przewalski's horses; deposit uses the generic term 'horse metagenome', which is a permissible abstraction of the specific host and consistent with the fecal sampling described.
PRJEB41222	host_missing		paper names: broiler chicks; deposit blank/generic			Host missing: deposit lacks host identity metadata while paper clearly describes broiler chick cecal microbiome samples.
PRJNA706869						No reporting errors detected. Host species matches (goat = Capra hircus), gut samples are correctly labeled (cecum), and metadata is internally consistent.
PRJEB41306	host_missing		paper names: Blattella germanica (German cockroach); deposit blank/generic			The deposit host field is improperly generic ('insect gut metagenome') instead of recording the species-level host identity (Blattella germanica) that the paper clearly identifies.
PRJNA559386						No reporting errors detected. This is a methods paper demonstrating nanopore-based DNA methylation detection using mouse gut microbiome samples, which is appropriate and consistent across paper and deposit metadata.
PRJNA699440						Study is a mouse model investigating gut microbiota effects of maternal diet supplementation; all deposit metadata (host, sample type, isolation source) are accurate and consistent with the paper.
PRJNA663847						No data-quality issues detected. The paper correctly describes an animal-model study in rats, and the deposit metadata appropriately specify Sprague Dawley rat with fecal gut samples.
PRJNA605640						No reporting errors detected. Paper and deposit are consistent for a mouse-model study of prebiotic effects on aging gut microbiota.
PRJNA647157						No reporting errors detected; paper and deposit are consistent on host identity and sample type.
PRJNA667247						No reporting errors detected. Paper describes a bovine (Bos taurus) duodenal microbiome study, deposit metadata is consistent and complete.
PRJEB23642						Host mismatch detected: paper text implies human samples but deposit identifies minke whale (Balaenoptera acutorostrata) as the host organism.
PRJNA316560	host_mismatch	paper: human (implied by title and abstract fragment 'Large-scale metagenome assemblies of human...') vs deposit: Anser indicus (bar-headed goose)				Host mismatch: paper indicates human metagenome assemblies while deposit specifies Anser indicus (bar-headed goose) as the host.
PRJNA316570						No reporting errors detected; deposit metadata (Anser indicus / Bar-headed goose) is consistent with sample titles and biome labels.
PRJNA624740						No reporting errors detected; yak (common name) and Bos grunniens (scientific name) are in agreement per Rule 2, and all fecal samples are appropriate for a gut microbiome study.
PRJEB38000	host_missing		paper names: humans (adults with various lactase persistence genotypes); deposit blank/generic			Host metadata is missing from the ENA deposit—the paper describes human gut microbiome samples but the deposit host field is blank and contains only generic 'metagenome' labels.
PRJEB32496	host_mismatch; multihost_issue	paper: swine and cattle vs deposit: Bos (cattle only)			Paper abstract and title explicitly state the study sampled 'swine and cattle' (two distinct host species). Deposit host field lists only 'Bos' (cattle), failing to capture the swine component that is central to the paper's subject matter.	The deposit host metadata is incomplete: it captures only Bos (cattle) when the paper explicitly studies both swine and cattle gut microbiomes, representing a genuine reporting gap in host species documentation.
PRJEB31051	host_missing		paper names: Blattella germanica; deposit blank/generic			The deposit lacks specific host species identification (Blattella germanica), recording only the generic 'insect gut metagenome', which constitutes a host_missing metadata gap.
PRJNA478457						No data-quality issues detected. The mouse host in the deposit appropriately matches the animal-model study design described in the paper, and all samples are correctly identified as gut-derived.
PRJEB31742	host_missing		paper names: Pig (Sus scrofa); deposit blank/generic			Host species (pig) is missing from the deposit metadata, though clearly documented in the paper.
PRJNA542645						No reporting errors detected. The deposit correctly identifies Mus musculus as the host for this mammalian gut microbiome methods study.
PRJNA555120						No reporting errors detected. Paper and deposit are consistent: rhesus monkeys (Macaca mulatta) with fecal gut samples.
PRJNA518164						No data-quality issues detected. Paper and deposit are concordant on host identity, and sample type is appropriately intestinal.
PRJNA193472						No reporting errors detected; deposit represents a subset of the paper's multi-species comparative study, with all samples from Macrotermes natalensis gut.
PRJEB21490	host_missing		paper names: mice; deposit blank/generic			Host species 'mice' is named in the paper but the deposit host field is blank/generic, constituting a host_missing metadata gap.
PRJNA430956	multihost_issue				Deposit explicitly lists two distinct host species (Papio kindae and Papio anubis) in the host_species_list. Sample titles (CC1, CC2, CH, CS, DE) are too generic to disambiguate which samples belong to which species, but the deposit metadata itself indicates both species are represented.	The deposit contains samples from two distinct baboon species (Papio kindae and Papio anubis), while the paper title refers to 'Baboon' without explicit acknowledgment of the species heterogeneity.
PRJNA381379						No reporting errors detected. The paper and deposit are consistent: both describe samples from the kakapo (Strigops habroptila), with appropriate fecal/gut-derived samples.
PRJNA415003	gut_sample_issue; multihost_issue			Deposit isolation_source field lists 'feces' exclusively, which is a gut-derived sample. Study title mentions 'bat metagenome' but isolation source is explicitly feces (gut content), not gut tissue itself.	Deposit host_species_list explicitly contains 4 distinct bat species: Desmodus rotundus, Macroderma gigas, Rhinolophus ferrumequinum, Rousettus aegyptiacus. Paper abstract focuses on the common vampire bat (Desmodus rotundus) hologenome without explicitly stating this is a multi-host comparative study.	Genuine multihost_issue detected: deposit contains 4 distinct bat species while paper presents study as focused on common vampire bat; gut_sample_issue flagged but scientifically appropriate (feces for microbiome study).
PRJNA269993						No data-quality issues detected; paper and deposit align on a single dairy cow host, with gut (fecal) samples appropriately labeled.
PRJNA158313	multihost_issue				Sample titles explicitly mention both 'Rhinopithecus bieti' and 'pygmy loris' (Xanthonycticebus pygmaeus); biome labels also list 'Xanthonycticebus pygmaeus'. The deposit's sample-level metadata names at least two distinct primate host species.	Critical mismatch: paper describes Iberian lynx (Lynx pardinus) gut microbiome; deposit lists primate hosts (Rhinopithecus bieti and pygmy loris), which are entirely different organisms. Additionally, the deposit exhibits multihost data not matching the single-host paper.
