study_accession	ena_study_title	ena_study_description	host_final	host_final_from	body_site_final	body_site_final_from	body_site_final_detail
PRJNA379709	Species and functional composition of gut bacteria from TGF-Beta deficient H. hepaticus positive mice	Raw DNA and RNA sequences from bacterial content of mouse cecum were generated to identify species and functions associated with colorectal cancer.	Mus musculus	ena_host_field	GUT	sample_fields	gut: cecal, gut
PRJNA806482	Microbiome Analysis in Osteoarthritis Rat Model	We investigated the effect and mechanisms of Lactobacillus and butyrate on the development and progression of OA	RAT	ena_host_field	GUT	sample_fields	gut: feces
PRJNA873123	Enzymatically prepared alginate oligosaccharides improve broiler chicken growth performance by modulating the gut microbiota and growth hormone signals	Alginate oligosaccharide (AOS) holds great potential as a novel feed supplement in farm animals. However, the effects of AOS on chicken health and the underlying mechanisms are not fully understood. Here, we cloned and expressed different bacterial alginate lyases in Pichia pastoris GS115 and evaluated the role of the enzymatically prepared AOS in improving chicken health. We found that dietary AOS promoted chicken growth and improved the gut barrier and absorption function. Metagenomic analysis indicated that AOS modulated the chicken gut microbiota structure, function, and microbial interactions and especially promoted the growth of short-chain fatty acid (SCFA)-producing bacteria. Importantly, we demonstrated that AOS can be utilized by Dorea sp. to grow and to produce acetate, which potentially regulates chicken ghrelin and growth-related hormone signals. Overall, for the first time, we established the connections among AOS, chicken gut microbiota/SCFAs, growth hormone signals and chicken growth performance.	Gallus gallus	ena_host_field	GUT	sample_fields	gut: gut
PRJDB9383	Porphyromonas gingivalis impairs glucose uptake in muscle by altering gut microbiota	The aim of present study was to clarify the relationship between periodontal disease and MS. For this purpose, we measured IgG antibody titers to periodontopathic bacteria in MS patients. Based on the results, we then investigated the influence of P.gingivalis infection on glucose metabolism, gut microbiota, steatosis and glucose uptake in mice skeletal muscle. Here we report the metabolic disfunction in skeletal muscle by periodontal bacteria for first report, and suggest a new insight for the influence of periodontal disease in sarcopenia and myopathy.	Mus musculus	ena_host_field	GUT	sample_fields	gut: fecal, gut
PRJNA947387	Effect of water-soluble polysaccharide from Morchella esculenta on high-fat diet-induced obese mice: Changes in gut microbiota and metabolic functions	We identified a regulatory relationship between polysaccharides, gut microbiota, and the liver as a potential mechanism by which polysaccharides can alleviate obesity.	C57BL/6J	ena_host_field	GUT	sample_fields	gut: feces
PRJNA1211805			Sus scrofa	ena_host_field	GUT	sample_fields	gut: feces, gut
PRJNA820553	metagenome of ancient coprolites	finding the microbiome of ancient feces and reconstructing the surrounding environments.	Equus asinus; bird; herbivore	ena_host_field	GUT	sample_fields	gut: feces
PRJEB41657	HoloFood Salmon Trial A+B Gut Metagenome	Metagenomic raw reads, assemblies, and bins derived from HoloFood salmon gut samples from trial A and B. The samples in this project contributed to the salmon MAG catalogue (project: PRJEB55376 [ERP140265]).	Salmo salar	ena_host_field	GUT	sample_fields	gut: gut
PRJEB70517	Supplementation with the short-chain fatty acid acetate for improving age-associated arterial dysfunction in mice	Our overall purpose is to investigate the efficacy of acetate supplementation for treating age-related arterial dysfunction in mice. We are secondarily interested in the relative efficacy of acetate supplementation compared to consumption of a high-fiber diet. We are interested in determining gut microbiome composition (fecal samples), as acetate supplementation has been shown to increase abundance of acetate-producing bacteria, and high-fiber diets increase abundance of overall SCFA-producing bacteria.	Mus musculus; control sample	ena_host_field	GUT	sample_fields	gut: colon, gut
PRJNA1047964	compost metagenome Raw sequence reads	Study microbial metagenome in compost	Ovis aries	ena_host_field	GUT	sample_fields	gut: feces
PRJEB58441	Hominid host-microbiome co-adaptive response on a leash	Host microbiome interactions are complex and often select for traits that benefit one or both mutualistic partners. Co-adaptive responses emerge from these interactions to increase the fitness of the host, microbiome or both. Here we investigated the evolutionary signature impact on hominidae-microbiome composition and functions that explain host-microbiome co-evolutionary adaptation to different lifestyles (e.g., dietary breakdown, pathogens and antimicrobial resistance). 586 microbiomes from five hominid populations that span different evolutionary steps and lifestyles in Tanzania were characterised using deep-sequencing metagenomics: two urban human populations, hunter-gatherer (Hadza), and two chimpanzee populations. Our results showed host evolutionary trait signatures onto gut microbiome bacteria, viruses, parasites, CAZyme genes, antimicrobial resistance genes and metabolic pathways. Different populations harboured differently abundant bacterial taxa, even at strain phylogenies, and mirrored the host adaptive fitness in the environment to serve the host physiological demands, e.g., pectin degrading bacteria were more abundant in chimpanzee guts compared to others, and fructose fermenting bacteria were more abundant in Hadza guts. Hominid microbiomes also showed varying dietary-derived eukaryotic signals that correspond to the varying bacterial loads to target those dietary intakes (increased fruits and plants in Hadza and chimpanzee guts, respectively). Antimicrobial resistant genes were also more abundant in urban populations where modern medicine (e.g., antibiotics) are more practiced compared to chimpanzees and Hadza populations. Our results show that hominid microbiomes form a tight mutualistic relationship with their hosts that uniformly enhances both partner fitness in nature, and serves the function demands that surfaced during the co-evolutionary course of the association.	Homo sapiens; Pan troglodytes	ena_study_text	GUT	sample_fields	gut: faeces, feces
PRJNA385134	viral metagenome Metagenome	Mouse viral metagenome	Mus musculus	ena_host_field	GUT	sample_fields	gut: feces
PRJEB40719	Crosstalk between Paneth and tuft cells drives dysbiosis and inflammation in the gut mucosa	Gut microbiota imbalance (dysbiosis) is increasingly associated with pathological conditions within and outside of the gastrointestinal tract. Intestinal Paneth cells are considered to be guardians of the gut microbiota but the events linking Paneth cell dysfunction with dysbiosis remain unclear. We report a three-step mechanism for dysbiosis initiation. Initial alterations in Paneth cells, as frequently observed in obese and IBD patients, cause a mild remodeling of microbiota, with amplification of succinate-producing species. SucnR1-dependent activation of epithelial tuft cells triggers a type 2 immune response that, in turn, aggravates the Paneth cell defaults, promoting dysbiosis and chronic inflammation. We thus reveal a novel function of tuft cells in promoting dysbiosis following Paneth cell deficiency, and an unappreciated essential role of Paneth cells in maintaining a balanced microbiota to prevent inappropriate activation of tuft cells and deleterious dysbiosis. This succinate-tuft cell-inflammation circuit may also contribute to the observed patients dysbiosis chronicity.	Mus musculus	biome_label	GUT	sample_fields	gut: gut
PRJNA715658	Genome-resolved metagenomics of the chicken gut microbiome	A total of 751 samples were collected from the gut of male broiler chickens (Ross 308) and investigated through shotgun metagenomic sequencing. Metagenomic assembly and binning was performed to reconstruct 155 metagenomic assembled bacterial genomes with a completeness of at least 80%.	Gallus gallus	ena_host_field	GUT	sample_fields	gut: gut
PRJNA1405988	Gut microbiome in PRRS vaccination and infection	This project involves omics sequencing for understanding the role of the microbiota in porcine reproductive and respiratory syndrome (PRRS) after viral vaccination and infection. Faecal samples were collected at different times before the vaccination, after vaccination and before infection, and after infection. It aims at providing detailed data to understand the role of gut microbiota in inmune response.	Sus scrofa	ena_host_field	GUT	sample_fields	gut: gut
PRJNA595610	1898966 Metagenome	Metagenomic characterization of feces from a parasite-infected wether (castrated ram), diagnosed with both Strongyloides and coccidial infection. The goal of the study is a trial to determine optimal depth and method of sequencing for reconstruction of component genomes, combining long-read sequencing and chromatin conformation data.	Ovis aries	ena_study_text	GUT	sample_fields	gut: fecal, feces
PRJDB1459	Metagenome analysis of fecal microbiota from mouse which was promoted longevity, spatial learning and memory	Polyamines (PAs), such as putrescine, Spermidine, and spermine are related with cvarious bioactivity include strong anti-inflammatory function. Increasing PA concentration in intestine using probiotics Bifidobacterium animalis subsp. lactis LKM512 caused inhibition of senescence and enhancing longevity of mice. We found that Arg intake also showed increase PAs concentration especially Putrescine. Mouse intakes Arg and LKM 512 resulted inhibited systemic inflammation, prolonged longevity, promoted spatial learning and memory. Metagenome analysis of intestinal mictobiota in those mice showed that detection of PA synthesis-related gene were different significantly between control and test mice.	Mus musculus	biome_label	GUT	sample_fields	gut: fecal, gut
PRJNA475246	Strain-level identification of mother-to-child bacterial transmission during the first few months of life	Bacterial community acquisition in the infant gut impacts immune education and disease susceptibility. We compared bacterial strains across and within families in a prospective birth cohort of 44 infants and their mothers, sampled longitudinally in the first months of each childâs life. We identified mother-to-child microbial transmission events and describe the incidence of family-specific antibiotic resistance genes. Across multiple species, we identified two inheritance patterns, where often the motherâs dominant strain is transmitted to the child, but occasionally her minor strains colonize the infant gut. We observed both inheritance patterns for Bacteroides uniformis strains. In families where the minor strain was inherited, we identified a starch utilization gene cluster that was absent in the motherâs dominant strain, suggesting the selective advantage of her minor strain in the infant gut. Our findings reveal mother-to-child bacterial transmission events at high-resolution and give insights into early colonization of the infant gut.	Homo sapiens	ena_study_text	GUT	ena_study_text	gut: gut
PRJNA389927	Viral and Bacterial Communities of Colorectal Cancer	Colorectal cancer is the second leading cause of cancer-related death in the United States and is a primary cause of morbidity and mortality throughout the world. Its risk has been linked to changes in colonic bacterial community composition. Viruses are another important component of the colonic microbial community, however they have yet to be studied in colorectal cancer despite their oncogenic potential. We evaluated the colorectal cancer virome (virus community) in stool using a cohort of 90 human subjects with either healthy, adenomatous (precancerous), or cancerous colons. We utilized 16S rRNA gene, whole shotgun metagenomic, and purified virus metagenomic sequencing methods to compare the colorectal cancer virome to the bacterial community. We identified no detectable difference in diversity (alpha or beta) between healthy, adenomatous, or cancerous colonic samples, but more sophisticated random forest models identified striking changes in the virus community. The majority of the cancer-associated virome consisted of temperate bacteriophages, suggesting that the community was indirectly linked to colorectal cancer by modulating bacterial community structure and function. Our data suggested that the influential phages did not exclusively infect influential bacteria, but rather acted through the community as a whole. These results provide foundational evidence that bacteriophage communities are associated with colorectal cancer and likely impact cancer progression by altering the bacterial host communities.	Homo sapiens	ena_host_field	GUT	sample_fields	gut: gut, stool
PRJDB16260	metagenomic data from human fecal samples	Total microbial community DNA was isolated from the fecal samples of Japanese patients who underwent colonoscopy at National Cancer Research Center. The study population contains patients with familial adenomatous polyposis, and healthy subjects.	Homo sapiens	ena_host_field	GUT	sample_fields	gut: feces, gut
PRJNA782061	Gut microbiome of grass carp (EX/WT)	Differences in the intestinal microbiota between diseased and healthy grass carp (EX/WT)	Ctenopharyngodon idella	ena_host_field	GUT	sample_fields	gut: gut
PRJNA398089	Longitudinal Multiâomics of the Human Microbiome in Inflammatory Bowel Disease	The main Inflammatory Bowel Disease (IBD) Multi'omics Database (IBDMDB) study includes multiâomics measurements from over 100 subjects, sampled biweekly over up to a year in both adult and pediatric patients with IBD (Crohnâs disease and ulcerative colitis), along with non-IBD controls. Data types include fecal metagenomes, metatranscriptomes, metabolomes, and proteomes, as well as host genetics, intestinal biopsy transcriptomes, epigenetics, and 16S amplicon profiles. Subjectsâ medical histories and demographics are collected at baseline and medication, diet, and disease activity profiled longitudinally.	Homo sapiens	ena_host_field	GUT	sample_fields	gut: cecum, colon, gut, ileum, rectum, stool
PRJNA1108401	Bacterial community of intestine Metagenome infected by Aeromonas veronii Metagenome	To investigate the effect of Aeromonas veronii on bacterial community in the intestine	fish	biome_label	GUT	sample_fields	gut: gut, intestine
PRJNA903767	Anthropogenic disturbance promotes the diversification of antibiotic resistance genes and virulence factors in the gut of plateau pikas (Ochotona curzoniae)	This study investigates the composition and functional pathways of bacteria, ARGs, and VFs in the gut microbiome of Plateau pikas in regions of medical pollution (MPR), heavy tourist traffic (HTR), and no contamination (NCR).	Ochotona curzoniae	ena_host_field	GUT	sample_fields	gut: feces
PRJNA926485	Shotgun metagenomics sequences of colonic microbiome in of pig models for ulcerative colitis	Pigs were challenged with Dextran Sulfate Sodium and B. pilosicoli pathogen to simulate ulcerative colitis in pigs.	Sus scrofa domesticus	ena_host_field	GUT	sample_fields	gut: gut
PRJNA1283350	Metagenome	The composition and function of the intestinal microbiota in broiler chickens were studied through metagenomic sequencing.	Gallus gallus	ena_study_text	GUT	ena_study_text	gut: intestinal
PRJEB77930	Intestinal plant polysaccharide metabolism genes of plateau pika	Metagenomics was used to investigate the microbial groups and metabolic genes related to plant polysaccharide metabolism in the intestinal tract of plateau pika.	Ochotona curzoniae	ena_study_text	GUT	sample_fields	gut: gut
PRJEB50555	Targeted suppression of human IBD-associated gut microbiota commensals for treatment of intestinal inflammation	Human gut commensals are increasingly suggested to impact non-communicable diseases, such as inflam- matory bowel diseases (IBDs), yet their targeted suppression remains a daunting unmet challenge. In four geographically distinct IBD cohorts (n = 537), we identify a clade of Klebsiella pneumoniae (Kp) strains, featuring a unique antibiotics resistance and mobilome signature, to be strongly associated with disease exacerbation and severity. Transfer of clinical IBD-associated Kp strains into colitis-prone, germ-free, and colonized mice enhances intestinal inflammation. Stepwise generation of a lytic five-phage combination, tar- geting sensitive and resistant IBD-associated Kp clade members through distinct mechanisms, enables effective Kp suppression in colitis-prone mice, driving an attenuated inflammation and disease severity. Proof-of-concept assessment of Kp-targeting phages in an artificial human gut and in healthy volunteers demonstrates gastric acid-dependent phage resilience, safety, and viability in the lower gut. Collectively, we demonstrate the feasibility of orally administered combination phage therapy in avoiding resistance, while effectively inhibiting non-communicable disease-contributing pathobionts.	Homo sapiens	biome_label	GUT	sample_fields	gut: gut
PRJNA1227753	mouse gut metagenome Raw sequence reads	We aimed to investigate the role of Shenling Baizhu Powder in asthma and its association with the gut microenvironment.	mice	ena_host_field	GUT	sample_fields	gut: gut
PRJNA631951	Cattle rumen metagenome	Metagenomic analysis of rumen microbiota attached to feed particulates	Bos	ena_host_field	GUT	sample_fields	gut: gut, rumen
PRJEB74042	METHOD	Large variability exists in people's responses to foods. A randomised controlled trial was conducted to investigate the impact of a personalised dietary programme (intervention) in comparison general advice (control) on cardiometabolic health. The personalised dietary programme used food characteristics, individual postprandial glucose and triglyceride responses to foods, microbiomes, and health history, to produce personalised food scores in an 18-week app-based programme. The control group received standard care dietary advice (USDA Guidelines for Americans, 2020-2025) using online resources, check-ins, video lessons and a leaflet. Primary outcomes were serum low-density lipoprotein cholesterol (LDL-C) and triglyceride concentrations at baseline and 18-weeks. ClinicalTrials.gov identifier: NCT05273268.	Homo sapiens	ena_study_text	GUT	sample_fields	gut: gut
PRJNA660443	Metagenome sequencing of the human gut during enteric infection	Metagenome sequences of human stool from patients infected with Campylobacter and healthy controls	Homo sapiens	ena_host_field	GUT	sample_fields	gut: gut
PRJNA951897	fecal metagenome of finishing pigs	fecal metagenome of finishing pigs	Sus scrofa	ena_study_text	GUT	sample_fields	gut: feces
PRJNA695396	Bighead carp intestinal 16S rRNA gene sequencing	High-throughput 16S rRNA gene sequencing (MiSeq platform, Illumina) was perfomed to study the fish intestinal microbiomes community profile.	Hypophthalmichthys nobilis	ena_host_field	GUT	sample_fields	gut: gut, intestinal
PRJNA822495	pancrustacean metagenome Metagenome	Metagenomic analysis revealed the prevalence of antibiotic resistance genes</p><p>in the gut and living environment of freshwater shrimp	shrimp	ena_host_field	GUT	sample_fields	gut: faeces, feces
PRJNA744213	Systems genetics approaches uncover microbe-lipid-host connections	We used the Diversity Outbred (DO) stock, a population of genetically diverse mice derived from eight founder strains to characterize the fecal metagenomes and lipid profiles and further dissect the connections between host genetic variations, gut microbial features and gut lipid level using quantitative traits loci (QTL) analysis.	Mus musculus	ena_host_field	GUT	sample_fields	gut: gut
PRJNA788972	Interactions between human gut microbiome dynamics and sub-optimal health symptoms during seafaring expeditions	Microbial signature of multiple physical and psychological symptoms in a 135 days oceangoing voyage Metagenome	Homo sapiens	ena_host_field	GUT	sample_fields	gut: feces, gut
PRJEB39465	Impact of 6-Month Exposure to Aerosols from Potential Modified Risk Tobacco Products Relative to Cigarette Smoke on the Rodent Gastrointestinal Tract	The impact of two candidate modified risk tobacco products (CMRTP) relative to cigarette smoke (CS), as well as the effect of cessation or switching to a CMRTP, was investigated in a 6-month APOE mouse exposure study. The cardiovascular disease end point data have already been published, and here we present the findings on the gut-related endpoints. We used an extensive shotgun microbiome DNA sequencing approach to perform taxonomic profiling of digesta and excreta, as well as host RNA sequencing to characterize the transcriptional effects on the cecum. The effects in CS exposed mice relative to control mice included significant gene dysregulation and an increase in the abundance of mucus-related bacteria. The key taxonomic changes are reversed upon cessation. Switching to a CMRTP exposure caused an increase in the Lactobacillaceae. This is one of very few studies investigating changes to the mouse gut microbiome in response to long-term smoke and aerosol exposure.	Mus musculus	ena_host_field	GUT	sample_fields	gut: gut
PRJNA1125130	Changes in intestinal flora before and after horse racing	Macro-genome sequencing analysis in an attempt to derive the dynamics of gut microbes before and after ah steeplechase races in horse racing grounds.	Equus caballus	ena_host_field	GUT	ena_study_text	gut: gut, intestinal
PRJNA909453	intestinal microbial community diversity	Dysbiosis of gut microbiota and activity of KYN pathway as potential biomarkers in patients with major depressive disorder	Homo sapiens	ena_host_field	GUT	sample_fields	gut: feces
PRJNA1141391	Integrating metagenomics with metabolomics for gut microbiota and metabolites profiling in acute pancreatitis	Acute pancreatitis (AP) is an inflammatory disease of the pancreas. Despite of a steadily increasing in morbidity and mortality, there is still no effective therapy. Gut microbial dysbiosis and its derived-metabolites disorder have been shown to play an important role in the development of AP, however, little is known regarding the crosstalk between gut microbiota and metabolites. In this study, we assessed the alterations in gut microbiota and metabolites by constructing three AP mouse models by means of metagenomic and metabolomic sequencing, and further clarified their relationship by correlation analysis. The results revealed that each model exhibited unique flora and metabolite profiles. KEGG analysis showed that the differential flora and metabolite-enriched pathway functions were correlated with lipid metabolism and amino acid metabolism. Moreover, two core differential bacterial species on Burkholderiales bacterium YL45 and Bifidobacterium pseudolongum along with eleven differential metabolites appeared to exert certain effects during the course of AP. In conclusion, further exploration of the crosstalk between microbiota and derived metabolites may provide novel insights and strategies into the diagnosis and treatment of AP.	Mus musculus	ena_host_field	GUT	ena_study_text	gut: gut
PRJNA863566	Microbiome analysis of NOD mice	The purpose of this study was to investigate changes in the intestinal microbiome according to the age of NOD mice.	mice	ena_host_field	GUT	sample_fields	gut: feces
PRJNA1148062	Porcine intestinal flora	To study the effect of vomitoxin on the intestinal microbiota of pigs	Porcine	ena_host_field	GUT	sample_fields	gut: gut, intestinal
PRJEB29152	CaPES	Patient infected with carbapenem resistant bacteria	unknown	none	GUT	sample_fields	gut: gut
PRJNA865396	Metagenomic analysis of gut microbiota in Eriocheir sinensis	we aimed to explore the intestinal flora changes in Eriocheir sinensis after 48 h of infection with Metschnikowia bicuspidata through metagenomic analyses.	Eriocheir sinensis	ena_host_field	GUT	sample_fields	gut: feces, gut
PRJNA906507	Taxonomic and metagenomic analyses define the development of the microbiota in the chick	Chicks are an ideal model to follow the development of the intestinal microbiota and to understand how a pathogen perturbs this developing population. Using taxonomic and metagenomic analyses we captured the development of the chick microbiota to 19 days post-hatch in unperturbed chicks and in chicks infected with Salmonella enterica serotype Typhimurium (STm). We show that normal development of the microbiota takes place in waves, and is altered in the presence of a pathogen. Metagenomics and metabolomics suggested that branched chain amino acid biosynthesis is especially important for Salmonella growth in the infected chick intestine. Salmonella mutants unable to make L-isoleucine and L-valine colonize the chick intestine poorly. Restoration of the pathway for biosynthesis of these amino acids restored the colonizing ability of Salmonella. Integration of multiple analyses allowed us to correctly identify biochemical pathways used by Salmonella to establish a niche for colonization in the chick intestine during development.	Gallus gallus	ena_host_field	GUT	sample_fields	gut: cecum, gut
PRJNA1011357	Description of the viral community in fecal content of common carp (Cyprinus carpio) living in a naturally preserved wetland on Mexican plateau	The aim is to whole description of viral community belong common carp (Cyprinus carpio), which lives in a naturally preserved wetland on Mexican plateau	Cyprinus carpio	ena_host_field	GUT	sample_fields	gut: gut, stool
PRJDB6503	Method assessment of fecal DNA extraction	Method assessment of DNA extraction from 3 adults feces (Ogata et al). The shotgun genome sequence was carried out using MiSeq (illumina).	Homo sapiens	ena_host_field	GUT	sample_fields	gut: gut
PRJNA935053	Utilizing next-generation sequencing to identify prey DNA in Erythroculter erythropterus	Changes in food resources of Erythroculter erythropterus before and after estuary opening	Chanodichthys erythropterus	ena_host_field	GUT	sample_fields	gut: gut
PRJNA656389	Metagenomic sequencing of the digestive tract of buffalo	Metagenomic sequencing of the digestive tract of buffalo	Bubalus bubalis	ena_host_field	GUT	sample_fields	gut: cecum, colon, feces, gut, jejunum, rumen
PRJEB58265	Mammals show distinct functional gut microbiome dynamics to identical series of environmental stressors	The lability of the gut microbiome has been posited as an additional axis of animalsâ phenotypic plasticity. However, whether and how such plasticity varies across hosts with different biological features remains unclear. Usinggenome-resolved metagenomics coupled joint-species distribution modelling, we compared how the taxonomic, phylogenetic and functional microbial dynamics varied across a series of disturbances in two mammals: the insectivorous-specialist Crocidura russula and the omnivorous-generalist Apodemus sylvaticus. Although microbiome alpha diversity of both species remained stable, C. russula exhibited substantially higher variability and directionality of microbial responses than A. sylvaticus. Our results indicate that the intrinsic properties (e.g., diversity, functional redundancy) of microbial communities coupled with physiological attributes (e.g., thermal plasticity) of hosts shape the taxonomic, phylogenetic, and functional response of gut microbiomes to environmental stressors, which might influence their contribution to the acclimation and adaptation capacity of animal hosts.	Apodemus sylvaticus; Crocidura russula	ena_study_text	GUT	ena_study_text	gut: gut
PRJEB7774	Gut microbiome development along the colorectal adenoma-carcinoma sequence	Colorectal cancer, a commonly diagnosed cancer in the elderly, often develops slowly from benign polyps called adenoma. The gut microbiota, with its critical roles in nutrient metabolism and immune modulation, is believed to be directly involved in colorectal carcinogenesis. The identity and functional capacity of the adenoma- or carcinoma-related gut microbe(s), however, have not been surveyed in a comprehensive manner. Here we perform metagenomewide association study (MGWAS) on stools from healthy controls, advanced adenoma and carcinoma patients, revealing gene markers from over 100 bacterial strains enriched in each group.	Homo sapiens	biome_label	GUT	sample_fields	gut: gut, stool
PRJNA574033	Uncovering bifidobacteria via targeted sequencing of the mammalian gut microbiota	Whole metagenome shotgun targeted sequencing of the genus Bifidobacterium among the gut microbiota of mammals.	Hexaprotodon liberiensis; Homo sapiens	ena_host_field	GUT	ena_study_text	gut: gut
PRJNA564888	Boosting natural history research via metagenomic clean-up of crowdsourced faeces	Metagenomes of small mammals	Callosciurus notatus; Rattus tanezumi; Sundamys annandalei; Tupaia glis	ena_host_field	GUT	sample_fields	gut: feces
PRJNA293646	Chicken, pig and cattle gut microbiome raw sequence reads	To characterize the antibiotic resistance genes in the food animal gut microbiomes and to compare these resistance genes with human gut microbiome	Bos; Gallus gallus; Sus scrofa	ena_host_field	GUT	sample_fields	gut: gut, stool
PRJEB79635	faecal microbiomes of great tits and blue tits	Short-read sequencing of five faecal samples generated a metagenomic dataset, revealing substantial variation in composition between samples. Reference-based profiling identified key differences in the ratios of reads assigned to host, diet, and microbes.	bird	biome_label	GUT	sample_fields	gut: faecal
PRJEB70928	Shotgun Metagenomic sequencing of Macaca Mulatta with chronic intermittent diarrhea and healthy control monkeys	Chronic diarrhea is a common cause of mortality and morbidity in captive rhesus macaques (Macaca mulatta). In recent years, many studies have investigated the influence of diet on microbiome in non-human primates (NHP) In this study, for the first time, we used machine learning of the metagenome composition of longitudinal acquired fecal samples of rhesus macaques with chronic intermittent diarrhea and clinically healthy rhesus macaques to differentiate between intestinal microbiome signatures associated with animals having mild to profuse diarrhea and animals with normal stool over the time of two years.	Macaca mulatta	ena_study_text	GUT	sample_fields	gut: fecal
PRJNA1046219	Poultry farm metagenome	Metagenomic data of environmental samples in duck farms.	feces; freshwater; soil	ena_host_field	GUT+OTHER	sample_fields	gut: feces; other: freshwater, soil
PRJEB55711	SLE virome	Systemic lupus erythematosus (SLE) is a systemic autoimmune disease that has been linked to the dysbiosis of the gut microbiome and virome. However, the potential characterization of the gut virome in SLE patients needs to be unexplored more extensively. Herein, we analyzed the gut viral community of 16 SLE patients and 31 healthy controls using both bulk and virus-like particle (VLP)-based metagenomic sequencing of their fecal samples. A total of 15,999 non-redundant viral operational taxonomic units (vOTUs) were identified from the metagenomic assembled contigs and used for gut virome profiling.	Homo sapiens	biome_label	GUT	sample_fields	gut: gut
PRJNA915251	Microbial diversity and resistance in faecal samples from acute medical patients assessed through metagenomic sequencing	In this study, we aimed to test the hypothesis that substantial differences in hospital-level use of antibiotics will result in detectable differences in the faecal resistome of patients treated at those hospitals.	Homo sapiens	ena_host_field	GUT	sample_fields	gut: feces
PRJEB5224	An integrated catalog of reference genes in the human gut microbiome	The gut microbiota is key to human health and disease. Metagenome-wide association studies (MGWAS) that search for disease markers in the gut microbiota, species identification according to metagenomic linkage groups (MLGs) or metagenomic clusters (MGCs), and metatranscriptomics or metaproteomics studies, all depend on a reference gene catalog, which has only been available for individual cohorts or based on reference genome or protein sequences. Here we report a high-quality integrated reference gene catalog consisting 9,879,896 genes, using 6.4 TB sequencing data derived from 1267 published and unpublished human gut metagenomes from three continents. The catalog represents a comprehensive collection of common and rare species, genes and genetic variants, and suggests individuality in the human gut microbiota. Analyses of a group of Chinese and Danish samples using the catalog revealed country-specific signatures in nutrient and xenobiotic metabolism. Our data suggest that interventions on nutrition, pollution and epidemiology should be tailored to the gut microbiota of a given population or even personalized for an individual.	Homo sapiens	biome_label	GUT	sample_fields	gut: gut, stool
PRJEB102170	Gut microbiome of toddlers up to 12 months of age	will be added as soon as the first draft of manuscript will be finalized	Homo sapiens	ena_study_text	GUT	sample_fields	gut: gut
PRJNA590585	Feces sample of plateau pika and yak Metagenome	Gut microbiota of sympatric plateau pika and yak	plateau pika; yak	ena_host_field	GUT	sample_fields	gut: gut
PRJNA728379	Metagenome of pig fecal bacteria	Analyze the bacteria and antibiotic resistance gene in pig fecal in China	Sus scrofa	ena_study_text	GUT	sample_fields	gut: feces
PRJNA738554	The influence of the low-iron diet and the protective effect of Lactobacillus casei Zhang from the perspective of gut microbiota	Nutritional iron deficiency is a health problem faced by many developing countries. Now there are many schemes about the iron supplement, among them, the research about adjusting iron homeostasis by probiotics is worthy of attention. We decided to use metagenomics to reveal the effect of a low-iron diet on the structure and function of mice gut microbes, combined immune technology to investigate the inflammation of mice, as well as found the effect of Lactobacillus casei Zhang intervention on mice under the background of a low-iron diet. The results of the study showed that the LCZ can regulate the structure and function of the gut microbiota, demonstrates higher bacterial diversity, and up-regulates the metabolic pathways of B vitamins, in addition to the above effects, the LCZ group shows significantly lower levels of IL-18 pro-inflammatory factors compared to the low-iron diet froup. Our study demonstrated that LCZ has potential probiotic effects on the disorder of gut microbiota structure and function caused by a low-iron diet.	C57BL/6 mouse	ena_host_field	GUT	sample_fields	gut: feces, stool
PRJNA1268041	Effects of Lactobacillus plantarum and Saccharomyces cerevisiae, alone or in combination, on growth performance, antioxidant status, immune response, and intestinal health in weaned piglets	This study investigated the effects of dietary supplementation with Lactobacillus plantarum (LP), Saccharomyces cerevisiae (SC), and their combination (MIX) on growth performance, antioxidant capacity, immune parameters, and gut microbiota composition in weaned piglets.Currently, most studies focus solely on the individual effects of Lactobacillus plantarum or Saccharomyces cerevisiae on animal growth performance and health, lacking systematic evaluation of their combined application. This study will compare the individual and combined supplementation of L. plantarum and S. cerevisiae in weaned piglets, aiming to provide theoretical foundations for developing novel fermented feed additives and advance antibiotic-free farming technologies.	Sus scrofa	ena_host_field	GUT	sample_fields	gut: gut
PRJNA721002	dog and human metagenome	fecal metagenome from dogs and their owner in families and dogs in kennles.	Canis familiaris; Homo sapiens	ena_study_text	GUT	sample_fields	gut: fecal, feces
PRJDB36556	The gut DNA viromes in wild Large-billed Crows and Northern Ravens (PRJCA039217)	Metagenomic sequencing based methods targeting DNA of virus-like particles enriched from the feces were used in this study to characterize the gut DNA viromes of wild Large-billed Crows and Northern Ravens.	Corvus corax; Corvus macrorhynchos	ena_host_field	GUT	sample_fields	gut: feces
PRJNA1060362	Bacterial community of intestine Metagenome Metagenome	Inveatigate the changes in bacterial community structure of intestine after fed with microplastics	fish	biome_label	GUT	sample_fields	gut: gut, intestinal, intestine
PRJDB15857	Changes in the gut microbiome associated with domestication of mice	To understand the impact of mice tameness behaviour selection over multiple generations on the gut microbiome, we did shot metagenome sequencing of 80 samples.	Mus musculus	ena_host_field	GUT	sample_fields	gut: feces, gut
PRJEB72437	Impact of intestinal microbiota on host health and disease	The intestinal microbiome has a range of effects on host health and disease. Many physiological processes are influenced by the intestinal microbiota. In turn, changes in bacterial composition have been suspected to contribute to the development of multiple disorders. This study analyzes how the composition of intestinal microbiota influences the whole organism including host metabolism, physiology and immune system. Here, we compared the composition of intestinal microbiota between gnotobiotic mice associated with the Oligo-Mouse-Microbiota 12 and mice carrying a complex gut microbiota (SPF hygienic status).	Mus musculus	biome_label	GUT	sample_fields	gut: feces, gut
PRJNA1211300	Metagenomic sequencing data of hepatocellular carcinoma patients receiving immunotherapy	Hepatocellular carcinoma patients treated with immunotherapy first were prospectively enrolled in the cohort study, and fecal samples were subjected to shotgun metagenomics sequencing.	Homo sapiens	ena_host_field	GUT	sample_fields	gut: feces, gut
PRJDB39230	Research on the Adaptive Mechanisms of the Gut Microbiota in Mongolian Wild Ass (PRJCA045328)	This project aims to systematically investigate the compositional characteristics of the gut microbiota in the Mongolian wild ass and its adaptive mechanisms to arid desert environments. Through metagenomic sequencing and functional analysis, the study will elucidate the roles of gut microorganisms in nutrient utilization, stress resistance, and host health, thereby providing a scientific basis for the conservation of endangered species and the sustainable development of desert-steppe ecosystems.	Equus hemionus	ena_host_field	GUT	sample_fields	gut: feces
PRJNA773596	Clinical study of probiotics in adjuvant treatment of patients with osteoporosis	Osteoporosis is a systemic bone disease which is prone to fracture due to the decline of bone mineral density and bone quality, the destruction of bone microstructure and the increase of bone fragility. In recent years, studies have reported that osteoporosis is related to the changes of gut microbiota. Therefore, RCT method was used to explore the relationship between osteoporosis and gut microbiota.	Homo sapiens	ena_host_field	GUT	sample_fields	gut: feces, stool
PRJEB22710	Bacterial and virus like particle (VLP) metagenomics of experimental colitis in mice.	Colitis was induced in Rag1 KO mice via adoptive T cell transfer. Fecal samples were collected over the course of 42 days post T cell treatment. Whole metagenomic and VLP DNA was isolated from feces for deep sequencing.	Mus musculus	biome_label	GUT	sample_fields	gut: fecal, feces, gut
PRJNA601052	Impact of antibiotic administration route on chicken feces metagenome	Antibiotic applications are essential for disease prevention and control, but have long been associated with the consequences of antibiotic resistance (AR), and in recent years, host gut microbiota dysbiosis. Original data from lab mouse studies on multiple antibiotics, coupled with reinterpretation of clinical evidences, however, suggested that oral administration of antibiotics and gut-impacting drugs, instead of the application of antibiotic itself, have been the direct and key drivers for massive gut microbiota dysbiosis and AR. However the practical relevance and impact of the knowledge breakthrough are yet to be illustrated in hosts nurtured in conventional environment. This study investigated the impact of antibiotic administration routes on poultry fecal microbiota in a teaching farm free of growth promotional use of antibiotics.	Leghorn chicken	ena_host_field	GUT	sample_fields	gut: fecal, feces
PRJEB76409	Iron_Diet_Mouse_Study	Cecum content - iron deficiency diet	Mus musculus	ena_host_field	GUT	sample_fields	gut: cecum, gut
PRJNA844176	microbiotal communtiy diversity	pig gut microbiota	Sus scrofa	ena_host_field	GUT	sample_fields	gut: feces, gut
PRJEB26961	VETII samples	The samples relate to the Danish VETII project regarding the relationship between antimicrobial usage in finishing pigs and antimicrobial resistance in their gut microbiome. Five different sub-projects are included 1. Pilot project containing 10 farms (P), 2. Observational project containing 83 farms, 3. Rearing time related longitudinal study in 6 of the 83 farms, thus both weaners (W) and finishing pigs were sampled in those farms. 4. 2x2 split (A,B) sampling project in 4 of the 83 farms, and 5. Production cycle longitudinal study in 52 of the 83 farms, thus the second sampling was performed two finishing pig production cycles after the first sampling. Sampling took place from Marts 2014 to July 2016. Each faeces sample from a farm consists of 30 individual pig faeces samples pooled into one.	Sus scrofa domesticus	ena_host_field	GUT	sample_fields	gut: feces, gut
PRJEB40990	Genome-resolved metagenomics suggests a mutualistic relationship between Mycoplasma and salmonid hosts	BackgroundSalmonids are important sources of protein for a large proportion of the human population. Interaction between the gut microbiota and host has in mammals been shown to affect the host phenotype, but relatively little is known about microbiota-host interaction in fish. Knowledge of microbiota-host interactions is of relevance for the aquaculture industry to achieve a more sustainable production by elucidating how microbes contribute to nutrition utilisation and immune responses of the fish host. Mycoplasma species are a major constituent of the gut microbiota of salmonids, often representing the majority of microbial cells. Despite the reported dominance of intestinal Mycoplasma species, very little is known about their phylogenetic placement, functions and potential evolutionary relationships with their salmonid hosts. ResultsIn this study, we utilise 2.9 trillion metagenomic reads generated from 15 samples from three different salmonid host species to I) characterise and curate the first metagenome-assembled genomes (MAGs) of Mycoplasma dominating the intestines of three different salmonid species, II) establish the phylogeny of these salmonid candidate Mycoplasma species using known Mycoplasma genomes, III) perform a comprehensive pangenomic analysis of Mycoplasma, IV) decipher the putative functionalities of the salmonid MAGs and reveal specific functions expected to benefit the host. ConclusionOur results point to an established mutualistic relationship between Mycoplasma and its salmonid host species. Our data provide a basis for future studies examining the composition and function of the salmonid microbiota, with a potential for being further exploited in order to increase animal health and growth in aquaculture.	Coregonus lavaretus; Oncorhynchus mykiss; Salmo salar	ena_host_field	GUT	sample_fields	gut: gut, intestinal
PRJNA1135945	Rifaximin reduces gut-derived inflammation in severe acute pancreatitis	This study aims to investigate the effects of rifaximin on pancreatic injury in both SAP mouse models and patients predicted to have SAP, as well as its impact on the gut microbiota in SAP.	Homo sapiens	ena_host_field	GUT	sample_fields	gut: gut
PRJNA996880	Modulating gut microbiota with probiotics Lacticaseibacillus rhamnosus Probio-M9 and Bifidobacterium animalis subsp. lactis V9 to augment the efficacy of colon cancer chemotherapy	We investigated the effects of combined probiotics (Lacticaseibacillus rhamnosus Probio-M9 &amp Bifidobacterium animalis subsp. lactis V9) for chemotherapy, the most common treatment, in a CRC mouse model. The results showed that combining probiotics with chemotherapy had significantly more decrease in tumor volume compared to chemotherapy-only group receiving 5-FU/Oxp. Flow cytometry analyses revealed increased CD4+ T cells and decreased CD8+ T cells in probiotic supplement group, suggesting that probiotics take effect immune regulation. Furthermore, metagenomic sequencing of fecal samples indicated that probiotic supplementation modulated gut microbiota diversity and structure, and changed gut microbiota functional pathways, suggesting an auxiliary effect on chemotherapy. Overall, our proof-of-concept study suggests that probiotics enhance the therapeutic effect of chemotherapy in CRC, providing evidence for future studies on probiotic intervention in cancer treatment.	mouse_100;mouse 100; mouse_101;mouse 101; mouse_102;mouse 102; mouse_103;mouse 103; mouse_104;mouse 104; mouse_105;mouse 105; mouse_106;mouse 106; mouse_107;mouse 107; mouse_108;mouse 108; mouse_109;mouse 109; mouse_10;mouse 10; mouse_110;mouse 110; mouse_111;mouse 111; mouse_112;mouse 112; mouse_113;mouse 113; mouse_114;mouse 114; mouse_115;mouse 115; mouse_116;mouse 116; mouse_117;mouse 117; mouse_118;mouse 118; mouse_119;mouse 119; mouse_11;mouse 11; mouse_120;mouse 120; mouse_121;mouse 121; mouse_122;mouse 122; mouse_123;mouse 123; mouse_124;mouse 124; mouse_125;mouse 125; mouse_126;mouse 126; mouse_127;mouse 127; mouse_128;mouse 128; mouse_129;mouse 129; mouse_12;mouse 12; mouse_130;mouse 130; mouse_131;mouse 131; mouse_132;mouse 132; mouse_133;mouse 133; mouse_134;mouse 134; mouse_135;mouse 135; mouse_136;mouse 136; mouse_137;mouse 137; mouse_138;mouse 138; mouse_139;mouse 139; mouse_13;mouse 13; mouse_140;mouse 140; mouse_141;mouse 141; mouse_142;mouse 142; mouse_143;mouse 143; mouse_144;mouse 144; mouse_145;mouse 145; mouse_146;mouse 146; mouse_147;mouse 147; mouse_148;mouse 148; mouse_149;mouse 149; mouse_14;mouse 14; mouse_150;mouse 150; mouse_151;mouse 151; mouse_152;mouse 152; mouse_153;mouse 153; mouse_154;mouse 154; mouse_155;mouse 155; mouse_156;mouse 156; mouse_157;mouse 157; mouse_158;mouse 158; mouse_159;mouse 159; mouse_15;mouse 15; mouse_160;mouse 160; mouse_161;mouse 161; mouse_162;mouse 162; mouse_163;mouse 163; mouse_164;mouse 164; mouse_165;mouse 165; mouse_166;mouse 166; mouse_167;mouse 167; mouse_168;mouse 168; mouse_169;mouse 169; mouse_16;mouse 16; mouse_170;mouse 170; mouse_171;mouse 171; mouse_172;mouse 172; mouse_173;mouse 173; mouse_174;mouse 174; mouse_175;mouse 175; mouse_176;mouse 176; mouse_177;mouse 177; mouse_178;mouse 178; mouse_179;mouse 179; mouse_17;mouse 17; mouse_180;mouse 180; mouse_181;mouse 181; mouse_182;mouse 182; mouse_183;mouse 183; mouse_184;mouse 184; mouse_185;mouse 185; mouse_186;mouse 186; mouse_187;mouse 187; mouse_188;mouse 188; mouse_189;mouse 189; mouse_18;mouse 18; mouse_190;mouse 190; mouse_191;mouse 191; mouse_192;mouse 192; mouse_193;mouse 193; mouse_194;mouse 194; mouse_195;mouse 195; mouse_196;mouse 196; mouse_197;mouse 197; mouse_198;mouse 198; mouse_199;mouse 199; mouse_19;mouse 19; mouse_1;mouse 1; mouse_200;mouse 200; mouse_201;mouse 201; mouse_202;mouse 202; mouse_203;mouse 203; mouse_204;mouse 204; mouse_205;mouse 205; mouse_206;mouse 206; mouse_207;mouse 207; mouse_208;mouse 208; mouse_209;mouse 209; mouse_20;mouse 20; mouse_210;mouse 210; mouse_211;mouse 211; mouse_212;mouse 212; mouse_213;mouse 213; mouse_214;mouse 214; mouse_215;mouse 215; mouse_216;mouse 216; mouse_217;mouse 217; mouse_218;mouse 218; mouse_219;mouse 219; mouse_21;mouse 21; mouse_220;mouse 220; mouse_221;mouse 221; mouse_222;mouse 222; mouse_223;mouse 223; mouse_224;mouse 224; mouse_225;mouse 225; mouse_226;mouse 226; mouse_227;mouse 227; mouse_228;mouse 228; mouse_229;mouse 229; mouse_22;mouse 22; mouse_230;mouse 230; mouse_231;mouse 231; mouse_232;mouse 232; mouse_233;mouse 233; mouse_234;mouse 234; mouse_235;mouse 235; mouse_236;mouse 236; mouse_237;mouse 237; mouse_238;mouse 238; mouse_239;mouse 239; mouse_23;mouse 23; mouse_240;mouse 240; mouse_241;mouse 241; mouse_242;mouse 242; mouse_243;mouse 243; mouse_244;mouse 244; mouse_245;mouse 245; mouse_246;mouse 246; mouse_247;mouse 247; mouse_248;mouse 248; mouse_249;mouse 249; mouse_24;mouse 24; mouse_250;mouse 250; mouse_251;mouse 251; mouse_252;mouse 252; mouse_253;mouse 253; mouse_254;mouse 254; mouse_255;mouse 255; mouse_256;mouse 256; mouse_257;mouse 257; mouse_258;mouse 258; mouse_259;mouse 259; mouse_25;mouse 25; mouse_260;mouse 260; mouse_261;mouse 261; mouse_262;mouse 262; mouse_263;mouse 263; mouse_264;mouse 264; mouse_265;mouse 265; mouse_266;mouse 266; mouse_267;mouse 267; mouse_268;mouse 268; mouse_269;mouse 269; mouse_26;mouse 26; mouse_270;mouse 270; mouse_271;mouse 271; mouse_272;mouse 272; mouse_273;mouse 273; mouse_274;mouse 274; mouse_275;mouse 275; mouse_276;mouse 276; mouse_277;mouse 277; mouse_278;mouse 278; mouse_279;mouse 279; mouse_27;mouse 27; mouse_280;mouse 280; mouse_281;mouse 281; mouse_282;mouse 282; mouse_283;mouse 283; mouse_284;mouse 284; mouse_285;mouse 285; mouse_286;mouse 286; mouse_287;mouse 287; mouse_288;mouse 288; mouse_289;mouse 289; mouse_28;mouse 28; mouse_290;mouse 290; mouse_291;mouse 291; mouse_292;mouse 292; mouse_293;mouse 293; mouse_294;mouse 294; mouse_295;mouse 295; mouse_296;mouse 296; mouse_297;mouse 297; mouse_298;mouse 298; mouse_299;mouse 299; mouse_29;mouse 29; mouse_2;mouse 2; mouse_300;mouse 300; mouse_301;mouse 301; mouse_302;mouse 302; mouse_303;mouse 303; mouse_304;mouse 304; mouse_305;mouse 305; mouse_306;mouse 306; mouse_307;mouse 307; mouse_308;mouse 308; mouse_309;mouse 309; mouse_30;mouse 30; mouse_310;mouse 310; mouse_311;mouse 311; mouse_312;mouse 312; mouse_313;mouse 313; mouse_314;mouse 314; mouse_315;mouse 315; mouse_316;mouse 316; mouse_317;mouse 317; mouse_318;mouse 318; mouse_319;mouse 319; mouse_31;mouse 31; mouse_320;mouse 320; mouse_321;mouse 321; mouse_322;mouse 322; mouse_323;mouse 323; mouse_324;mouse 324; mouse_325;mouse 325; mouse_326;mouse 326; mouse_327;mouse 327; mouse_328;mouse 328; mouse_329;mouse 329; mouse_32;mouse 32; mouse_330;mouse 330; mouse_331;mouse 331; mouse_332;mouse 332; mouse_333;mouse 333; mouse_334;mouse 334; mouse_335;mouse 335; mouse_336;mouse 336; mouse_337;mouse 337; mouse_338;mouse 338; mouse_339;mouse 339; mouse_33;mouse 33; mouse_340;mouse 340; mouse_341;mouse 341; mouse_342;mouse 342; mouse_343;mouse 343; mouse_344;mouse 344; mouse_345;mouse 345; mouse_346;mouse 346; mouse_347;mouse 347; mouse_348;mouse 348; mouse_349;mouse 349; mouse_34;mouse 34; mouse_350;mouse 350; mouse_351;mouse 351; mouse_352;mouse 352; mouse_353;mouse 353; mouse_354;mouse 354; mouse_355;mouse 355; mouse_356;mouse 356; mouse_357;mouse 357; mouse_358;mouse 358; mouse_359;mouse 359; mouse_35;mouse 35; mouse_360;mouse 360; mouse_361;mouse 361; mouse_362;mouse 362; mouse_363;mouse 363; mouse_364;mouse 364; mouse_365;mouse 365; mouse_366;mouse 366; mouse_367;mouse 367; mouse_368;mouse 368; mouse_369;mouse 369; mouse_36;mouse 36; mouse_370;mouse 370; mouse_371;mouse 371; mouse_372;mouse 372; mouse_373;mouse 373; mouse_374;mouse 374; mouse_375;mouse 375; mouse_376;mouse 376; mouse_377;mouse 377; mouse_378;mouse 378; mouse_379;mouse 379; mouse_37;mouse 37; mouse_380;mouse 380; mouse_381;mouse 381; mouse_382;mouse 382; mouse_383;mouse 383; mouse_384;mouse 384; mouse_385;mouse 385; mouse_386;mouse 386; mouse_387;mouse 387; mouse_388;mouse 388; mouse_389;mouse 389; mouse_38;mouse 38; mouse_390;mouse 390; mouse_391;mouse 391; mouse_392;mouse 392; mouse_393;mouse 393; mouse_394;mouse 394; mouse_395;mouse 395; mouse_396;mouse 396; mouse_397;mouse 397; mouse_398;mouse 398; mouse_399;mouse 399; mouse_39;mouse 39; mouse_3;mouse 3; mouse_400;mouse 400; mouse_401;mouse 401; mouse_402;mouse 402; mouse_403;mouse 403; mouse_404;mouse 404; mouse_405;mouse 405; mouse_406;mouse 406; mouse_407;mouse 407; mouse_408;mouse 408; mouse_409;mouse 409; mouse_40;mouse 40; mouse_411;mouse 411; mouse_412;mouse 412; mouse_413;mouse 413; mouse_414;mouse 414; mouse_416;mouse 416; mouse_417;mouse 417; mouse_418;mouse 418; mouse_419;mouse 419; mouse_41;mouse 41; mouse_42;mouse 42; mouse_43;mouse 43; mouse_44;mouse 44; mouse_45;mouse 45; mouse_46;mouse 46; mouse_47;mouse 47; mouse_48;mouse 48; mouse_49;mouse 49; mouse_4;mouse 4; mouse_50;mouse 50; mouse_51;mouse 51; mouse_52;mouse 52; mouse_53;mouse 53; mouse_54;mouse 54; mouse_55;mouse 55; mouse_56;mouse 56; mouse_57;mouse 57; mouse_58;mouse 58; mouse_59;mouse 59; mouse_5;mouse 5; mouse_60;mouse 60; mouse_61;mouse 61; mouse_62;mouse 62; mouse_63;mouse 63; mouse_64;mouse 64; mouse_65;mouse 65; mouse_66;mouse 66; mouse_67;mouse 67; mouse_68;mouse 68; mouse_69;mouse 69; mouse_6;mouse 6; mouse_70;mouse 70; mouse_71;mouse 71; mouse_72;mouse 72; mouse_73;mouse 73; mouse_74;mouse 74; mouse_75;mouse 75; mouse_76;mouse 76; mouse_77;mouse 77; mouse_78;mouse 78; mouse_79;mouse 79; mouse_7;mouse 7; mouse_80;mouse 80; mouse_81;mouse 81; mouse_82;mouse 82; mouse_83;mouse 83; mouse_84;mouse 84; mouse_85;mouse 85; mouse_86;mouse 86; mouse_87;mouse 87; mouse_88;mouse 88; mouse_89;mouse 89; mouse_8;mouse 8; mouse_90;mouse 90; mouse_91;mouse 91; mouse_92;mouse 92; mouse_93;mouse 93; mouse_94;mouse 94; mouse_95;mouse 95; mouse_96;mouse 96; mouse_97;mouse 97; mouse_98;mouse 98; mouse_99;mouse 99; mouse_9;mouse 9	ena_host_field	GUT	sample_fields	gut: feces, intestine
PRJDB15258	Metagenomic analyses of 7,000 to 5,500 years old coprolites excavated from the Torihama shell-mound site in the Japanese archipelago	Coprolites, contain various kinds of ancient DNAs derived from gut micro-organisms, viruses, and foods, which can help to determine the gut environment of ancient peoples. Their genomic information should be helpful in elucidating the interaction between hosts and microbes for thousands of years, as well as characterizing the dietary behaviors of ancient people. We performed shotgun metagenomic sequencing on four coprolites excavated from the Torihama shell-mound site in the Japanese archipelago. The coprolites were found in the layers of the Early Jomon period, corresponding stratigraphically to 7000 to 5500 years ago. After shotgun sequencing, we found that a significant number of reads showed homology with known gut microbe, virus, and food genomes typically found in the feces of modern humans. We detected reads derived from several types of phages and their host bacteria simultaneously, suggesting the coexistence of viruses and their hosts. The food genomes provide biological evidence for the dietary behavior of the Jomon people, consistent with previous archaeological findings. These results indicate that ancient genomic analysis of coprolites is useful for understanding the gut environment and lifestyle of ancient peoples.	Homo sapiens	ena_study_text	GUT	sample_fields	gut: feces
PRJEB14215	The role of the intestinal microflora in non-alcoholic fatty liver disease (NAFLD) (FP7)	As worldwide metabolic disease pandemics rise relentlessly with their concomitant clinical complications such as non-alcoholic fatty liver disease (NAFLD), FLORINASH sought to use an innovative research concept to address the role of the intestinal microbiota in the pathogenesis of NAFLD. Metagenomic data deposited herein are from patients who underwent bariatric surgery, and for whom liver biopsies were available to allow diagnosis of NAFLD.	Homo sapiens	biome_label	GUT	sample_fields	gut: gut
PRJEB12449	Reproducibility of associations between the human gut microbiome and colorectal cancer assessed in a patient population from Washington, DC, USA	Accumulating evidence indicates that the gut microbiota affects colorectal cancer development, but previous studies have varied in population, technical methods, and associations with cancer. Understanding these variations is needed for comparisons and for potential pooling across studies. Therefore, we performed whole-genome shotgun metagenomics sequencing on fecal samples from 52 pre-treatment colorectal cancer cases and 52 matched controls from Washington, DC. We compared findings from a previous 16S rRNA study to the metagenomics-derived taxonomy within the same population. In addition, metagenome-predicted genes, modules, and pathways in the Washington, DC cases and controls were compared to cases and controls recruited in France whose specimens were processed using the same platform. Associations between the presence of fecal Fusobacteria, Fusobacterium, and Porphyromonas with colorectal cancer detected by 16S rRNA were reproduced by metagenomics, whereas higher relative abundance of Clostridia in cancer cases based on 16S rRNA was merely borderline based on metagenomics. Considering significant cancer associations with the relative abundance of genes, modules, and pathways in the French population, statistically significant associations in the Washington, DC population were detected for four out of 10 genes, three out of nine modules, and seven out of 17 pathways. In conclusion, metagenomic sequencing results reproduced most, but not all of the major taxonomic associations with colorectal cancer previously observed from 16S rRNA profiles. In addition, colorectal cancer in the Washington, DC study was associated with 39% of the metagenome-predicted genes, modules, and pathways identified from the French study. More within and between population comparisons are needed to identify sources of variation and disease associations that can be reproduced despite these variations. Future studies must have larger sample sizes or pool data across studies to have sufficient power to detect associations that are reproducible and significant after correction for multiple testing.	Homo sapiens	biome_label	GUT	sample_fields	gut: gut, stool
PRJEB51635	The gut microbiota in multiple sclerosis varies with disease activity	The gut microbiota in multiple sclerosis varies with disease activity	Homo sapiens	biome_label	GUT	sample_fields	gut: gut
PRJNA877780	Mus musculus Raw sequence reads	metavirome of Mus musculus feces	Mus musculus feces	ena_host_field	GUT	sample_fields	gut: feces
PRJNA613182	Longitudinal metagenomic shotgun sequencing of R6/1 fecal samples	Longitudinal shotgun sequencing was performed on the fecal samples of R6/1 transgenic mice and their wild-type littermates to monitor the temporal changes in the distal gut microbial structure which could be caused by the expression of mutant Huntingtin. The data uploaded here has been filtered by aligning the sequences to mm10 to remove host DNA contamination in the fecal samples.	Mus musculus	ena_host_field	GUT	sample_fields	gut: feces
PRJNA1062568	Mink intestinal metagenome	To characterize differences in gut microbiota between diarrhoeal and normal minks	Neovison vison	ena_study_text	GUT	sample_fields	gut: feces
PRJDB36905	Metagenomic sequencing of humans, pigs, and environment along the pork supply chain (PRJCA040681)	To explore the potential transmission of ARGs among humans, pigs, and the environment along the pork supply chain.	Homo sapiens	ena_host_field	GUT+OTHER	sample_fields	gut: gut; other: dust, soil, wastewater
PRJNA397112	Indian Human Gut Microbiome	Through Next Generation Sequencing we delineated the composition and functional detail of gut microbiota in various world populations. The relationship of the gut microbiota to health and disease is one of the primary goals of human microbiome studies. The microbiota of the Indian population is of particular interest to researchers because India encompasses a unique diversity in environmental conditions, diet and ethnic geographical population. In this study, we conduct 16s rRNA sequencing, shotgun metagenomic and metabolomics analysis of 110 healthy Indian subjects, which reveals novel gut microbial community structures	Homo sapiens	ena_host_field	GUT	sample_fields	gut: gut
PRJNA1027632	Yeast mannan rich fraction positively influences microbiome uniformity, productivity associated taxa, and lay performance	This study examined the effect of mannan-rich fraction supplementation on layer hen (Gallus gallus subsp. domesticus) productivity. A total of 197 16S rRNA read files are provided, 99 were extracted from cecal samples of birds on a standard diet and 98 from birds fed the same diet supplemented with mannan rich fraction. Reads were determined to be 16S rRNA reads using PhyloFlash and a published 16S rRNA gene dataset.	Gallus gallus subsp domesticus	ena_host_field	GUT	sample_fields	gut: cecum, gut
PRJNA1289129	Multiscale Omics Analysis of Cafeteria Diet-Induced Microbiota Dysbiosis during Development Using 16S rDNA and Shotgun Sequencing Approaches	Multiscale Omics Analysis of Cafeteria Diet-Induced Microbiota Dysbiosis using Shotgun Sequencing Approaches	Rattus norvegicus	ena_host_field	GUT	sample_fields	gut: gut
PRJEB34270	HoloFish	HoloFish	fish	biome_label	GUT	sample_fields	gut: gut
PRJNA770101	the transmission of probio-m9 from mother to infant	the transmission of probio-m9 from mother to infant	Homo sapiens	ena_host_field	GUT	sample_fields	gut: feces
PRJNA913183	Host-Diet-Gut Microbiome Interactions Influence Human Energy Balance: a Randomized Clinical Trial	Quantify microbiome contribution to host energy balance. Raw Sequencing Files	Homo sapiens	ena_host_field	GUT	sample_fields	gut: fecal, feces, stool
PRJNA542998	Microbiome from diverse natural environments colonize and compete in the mouse gut	Mammalian hosts constantly interact with diverse exogenous environmental microbes (such as from soil), but the importance of soil-derived environmental exposure to host health conditions is poorly understood. We here developed a gnotobiotic mouse model that mimics soil-derived microbiota colonization in the early-life gut of mice and subsequent distinct microbial exposure that often occurs when hosts migrated from birthplace to the others. Using metagenomic shotgun sequencing, we first reconstructed colonization patterns of soil microbes from distinct habitats (desert, steppe and forest) in the gut of 90 germ-free mice and competition patterns of those microbiota after a 30-days cross-environmental migrations. Firstly, we found that the early-life microbial exposure established the birthplace-dependent patterns of taxonomic and functional diversity in mice gut microbiome. Secondly, after transferring mice to distinct soil environments, we observed profound and birthplaces-dependent changes in the mice gut microbiome. Moreover, we found that steppe-originate mice have the most active metabolism pathways and are more adaptive to any of new environments thus inferred a existence of certain born condition that is favorable for host development. Remarkably, the birthplace-associated microbial signatures can persist along the study regardless of cross-birthplace emigration and meanwhile will develop corresponding gut microbiome function to adapt certain environments. In summary, our study provided novel insight into the long-lasting effect of environmental-exposure-dependent history on gut microbiome development and underscored the importance of interaction of environment and gut microbiome.	mice	ena_host_field	GUT	sample_fields	gut: feces
PRJNA599288	Cross-species colonization of Apis cerana and Apis mellifera gut bacteria	metagenome of germ-free A. cerana and A. mellifera workers colonized with complete A. cerana or A. mellifera gut microbiota	insect	biome_label	GUT	sample_fields	gut: gut
PRJEB55713	Child gut microbiome	whole metagenomic sequencing for child gut microbiome	Homo sapiens	biome_label	GUT	sample_fields	gut: gut
PRJNA673878	Broiler gut metagenome	This study examined the influence of fermented rapeseed meal on intestinal morphology and gut microflora of broiler chickens	Gallus gallus	ena_host_field	GUT	sample_fields	gut: cecum, gut
PRJNA847183	Application of short-read metagenomics for helminth characterisation in human, livestock and cetacean faecal samples	In this study we explore opportunities offered by metagenomics for interrogating human, livestock and wildlife faeces. We take a pilot approach, keen to embrace the data-rich and multidimensional nature of metagenomics whilst focussing on identifying and characterising helminth infections as a parasitological tool	Balaenoptera borealis; Homo sapiens; Physeter catodon; Sus scrofa domesticus; Vicugna pacos	ena_host_field	GUT	sample_fields	gut: feces
PRJNA1217868	Reduction of Allograft Apoptosis, Epithelial Damage, and Inflammation in Intestinal Transplantation with Normothermic Machine Perfusion	The intestinal microbiome of the jejunum and ileum was evaluated in porcine intestinal transplantation utilizing normothermic machine perfusion. Samples were collected immediately prior to storage, at the end of NMP storage, and two days following transplantation.	Sus scrofa	ena_host_field	GUT	sample_fields	gut: gut
PRJNA798875	Poultry farm metagenome	Analysis of microbial species abundance and dantibiotic resistance gene abundance	broiler; layer	ena_host_field	GUT+OTHER	sample_fields	gut: faecal, gut; other: soil, water
PRJEB67586	Erysipelothrix spp. and other Erysipelotrichaceae detected by 16s rRNA microbial community profiling in healthy conventionally reared chickens and their environment	Erysipelotrichaceae were detected by 16S rRNA community profiling in chicken intestinal samples and environmental samples from a poultry facility where animals had high antibody titres against E. rhusiopathiae but no clinical outbreaks of erysipelas had been recorded.	Gallus gallus	biome_label	GUT	sample_fields	gut: caecum, cloaca, gut, ileum
PRJEB101960	Gut microbiome of toddlers up to 36 months of age	Background: The infant gut microbiome undergoes rapid diet- and environment-driven maturation in early life. Characterisation of its taxonomic and functional profiles enables insight into microbial adaptation during this critical developmental period. This study aimed to characterise longitudinal gut microbiome dynamics and evaluate associations between taxonomic and functional composition and environmental exposures. Results: A total of 108 faecal samples from 36 children across three time points (0-6, 6-12, and 12-36 months) were analysed using whole metagenome shotgun sequencing. The gut microbiome showed marked age-dependent shifts in taxonomic composition, with early dominance of Bifidobacteriaceae and Enterobacteriaceae transitioning to Bacteroidaceae, Lachnospiraceae, and Ruminococcaceae at later stages. Alpha diversity increased significantly with age (Shannon index: 1.94 Â± 0.63 to 3.96 Â± 0.59, p < 0.05), while beta diversity demonstrated progressive convergence and stabilisation of microbial communities. Differential analysis identified 35 species varying across time points, with the majority enriched in the 12â36-month group. Age group was the primary driver of taxonomic variation (RDA, p = 0.005), followed by dietary and environmental factors. Functional profiling revealed age-associated shifts in metabolic and transport-related functions. While alpha diversity of functional profile remained stable, beta diversity differed significantly between age groups (p < 0.05), indicating functional restructuring. Differential analysis revealed 47 gene products varying across time points, predominantly enriched in older children. Early-life antibiotic exposure showed strong associations with both taxonomic and functional profiles, particularly during the first months of life. Conclusions: The taxonomic and functional composition of the infant gut microbiome is primarily driven by age, with additional contributions from dietary and environmental factors. Microbial communities undergo a transition from early life dominance of facultative taxa to increased abundance of Bacteroidaceae and other anaerobes, coinciding with increasing diversity and community stabilisation after 12 months of age. Functional maturation is characterized by restructuring of gene profiles without major changes in functional alpha diversity. Early life antibiotic exposure showed limited long-term associations at the taxonomic level but was linked to persistent differences in functional profiles. These findings highlight the dynamic nature of microbiome development and the potential for early-life exposures to influence functional trajectories.	Homo sapiens	ena_study_text	GUT	sample_fields	gut: gut
PRJEB58157	Perturbation and resilience of the gut microbiome three months after Î²-lactams exposure in healthy volunteers suggest an important role of endogenous Î²-lactamases	Perturbation and resilience of the gut microbiome three months after Î²-lactams exposure in healthy volunteers suggest an important role of endogenous Î²-lactamases	Homo sapiens	biome_label	GUT	sample_fields	gut: gut
PRJNA974556	Response of the gut microbiota to CR-Hvkp infection	Response of the gut microbiota to CR-Hvkp infection	Mus musculus	ena_host_field	GUT	sample_fields	gut: feces
PRJNA883557	Feces metagenome Raw sequence reads	Normal DNA-seq of feces	Rattus norvegicus	ena_host_field	GUT	sample_fields	gut: feces
PRJNA1199800	Effects of meglumine antimoniate and allopurinol treatment on fecal microbiome profile in dogs with leishmaniosis	A microbiome study of 10 Leishmania-infected dogs to assess the possible effects of antileishmanial drugs (meglumine antimoniate and allopurinol) on gut microbiome during treatment.	Canis lupus familiaris	ena_host_field	GUT	sample_fields	gut: feces
PRJNA400072	Gut microbiome structure and metabolic activity in inflammatory bowel disease	This project collected and profiled paired shotgun metagenomes and LC-MS metabolomes from subjects with inflammatory bowel disease (IBD) and non-IBD controls. We identified and validated differentially abundant (DA) features in the metagenomes and metabolomes of IBD subjects, and described putatively mechanistic associations between DA microbes, enzymes, and metabolites.	Homo sapiens	ena_host_field	GUT	sample_fields	gut: gut
PRJNA792486	Rumen and cecum content metagenome of goat, and cecum content metagenome of swine Raw sequence reads	The purpose of this study is to investigate the effects of environment and physical distance on goat gastrointestinal tract microbiome.	Black goat; Wuzhishanpig	ena_host_field	GUT	sample_fields	gut: cecum, gut, rumen
PRJDB36557	The gut RNA viromes in wild Large-billed Crows and Northern Ravens (PRJCA039220)	Metagenomic sequencing based methods targeting RNA of virus-like particles enriched from the feces were used in this study to characterize the gut RNA viromes of wild Large-billed Crows and Northern Ravens.	Corvus corax; Corvus macrorhynchos	ena_host_field	GUT	sample_fields	gut: feces
PRJEB33338	Metagenomics of chicken cecal contents from fast and slower growing birds	We sequenced DNA from cecal contents samples taken from 24 chickens belonging to either a fast or slower growing breed consuming either a vegetable-only diet or a diet containing fish meal. We utilised 1.6T of Illumina data to construct 469 draft metagenome-assembled bacterial genomes, including 460 novel strains, 283 novel species and 42 novel genera.	Gallus gallus	ena_study_text	GUT	sample_fields	gut: cecal
PRJNA416199	Intestinal flora Metagenome	The differences of intestinal flora	mudskipper	ena_host_field	GUT	sample_fields	gut: gut
PRJEB46788	Codiversification of gut microbiota with humans	The gut microbiomes of human populations worldwide have many core microbial species in common. However, within a species, some strains can show remarkable population specificity. The question is whether such specificity arises from a shared evolutionary history (codiversification) between humans and their microbes. To test for codiversification of host and microbiota, we analyzed paired gut metagenomes and human genomes for 1225 individuals in Europe, Asia and Africa, including mothers and children. Between and within countries, a parallel evolutionary history was evident for humans and their gut microbes. Moreover, species displaying the strongest codiversification independently evolved traits characteristic of host dependency, including reduced genomes, and oxygen and temperature sensitivity. These findings all point to the importance of understanding the potential role of population-specific microbial strains in microbiome-mediated disease phenotypes. Please note: 1) Metagenomes with the same study ID, but different â_Xâ appendages, where X is an integer, are technical replicates of the same biological sample (which were aggregated before using in the study). 2) The number of reads reported in the manuscript's supplement are less than that reflected in the ENA metadata this is because the former are post-QC read counts, and the latter are raw sequencing read counts.	Homo sapiens	biome_label	GUT	sample_fields	gut: gut
PRJNA312048	gut microbe Metagenome	discovery gut microbiota composition association with fatness deposition in pigs	Sus scrofa	ena_host_field	GUT	sample_fields	gut: gut
PRJNA627251	Rumen metagenomes from steers with divergent feed efficiency phenotypes	Paz et al. characterized the rumen microbiomes of 125 heifers and 122 steers to identify bacterial operational taxonomic units linked to feed efficiency (Paz 2018). From this cohort, 16 steers displaying divergent feed efficiency phenotypes were selected for metagenomic sequencing. In brief, rumen samples were collected through esophageal tubing and snap-frozen in liquid nitrogen. Total DNA was extracted from rumen samples with the PowerMax Soil DNA Isolation Kit. Metagenomes were prepared using the NEBNext Ultra II DNA Library Prep Kit and sequenced on the Illumina MiSeq platform (600 cycles, MiSeq Reagent Kit v3).	Bos taurus	ena_host_field	GUT	sample_fields	gut: gut, rumen
PRJDB7630	Gut metagenome in cardiovascular diseases	The gut microbiota has been linked to cardiovascular diseases. This study investigated the compositional and functional capacity of the gut microbiome in relation to cardiovascular diseases. We perform a metagenome-wide association study on stools from individuals with and without cardiovascular diseases.	Homo sapiens	ena_host_field	GUT	sample_fields	gut: gut
PRJNA663646	External validation cohorts for CRC-SNP analysis	In this study, we established a novel colorectal cancer prediction model based on unique microbial single nucleotide variants markers	Homo sapiens	ena_host_field	GUT	sample_fields	gut: feces
PRJEB81807	Mouse gut microbiome	whole metagenomic sequencing for mouse gut microbiome	Mus musculus	biome_label	GUT	sample_fields	gut: gut
PRJEB74236	The alternation of gut microbiota of induced mouse with six different exogenous agents were estimated.	Mouse model is an indispensable tool for the investigation of atopic dermatitis (AD). Although there are several mouse models available, the uncertainty of their similarity with human AD blurs their scientific values. Comprehensive evaluation of the characteristics of mouse models and their similarity with human AD is a pressing need.To compare six different exogenous agents-induced AD mouse models and find out the optimum models for AD study.	Mus musculus	biome_label	GUT	sample_fields	gut: gut
PRJNA757579	Adjunctive probiotic Lactobacillus rhamnosus Probio-M9 enhances the effect of anti-PD-1 antitumor therapy via regulating the gut microbiota damaged by antibiotics	To evaluate the role of probiotics in restoring the antibiotic-destroyed gut microbiota and efficacy of ICB therapies, we studied the effect of Lactobacillus rhamnosus Probio-M9 combined with anti-PD-1 on mouse colon cancer and the dynamic changes of gut microbiome by metagenome analyses. The results showed that the combination of Probio-M9 significantly improved tumor inhibition compared with ICB therapy alone in antibiotics treated mice, which could be attribute to the upregulated microbial diversity and increased abundance of beneficial bacteria such as Bifidobacterium pseudolongum, Parabacteroides distasonis and some species of Bacteroides after Probio-M9 supplemented. These changes of structure and composition in gut microbiota caused the alternation of microbiome function, of which the sugar degradation, vitamin and amino acid synthesis pathways were significantly enriched. Collectively, this study indicated that Probio-M9 enhanced the host's immunotherapeutic response by promoting the colonization of beneficial bacteria and improving intestinal function.	mouse	ena_host_field	GUT	sample_fields	gut: feces, stool
PRJEB108722	Microbiome composition in response to serine/glycine deficiency under high-fat diet	Non-mendelian disease mechanisms are challenging to understand mechanistically due to their variable penetrance and complex genetics but offer great potential in understanding the pathophysiology of more common diseases and co-morbidities. Peripheral neuropathy and macular telangiectasia are recent examples that have been associated with alterations in serine and sphingolipid metabolism at the genometabolic level but lack a defined genetic cause. To dissect the molecular drivers of these neurodegenerative phenotypes we induced thermal hypoalgesia in mice through dietary nutrient modulation and conducted metabolic tracing, lipid profiling, functional tests, and neuroimaging. Specifically, we independently modulated dietary serine and glycine (SG) or fat. By combining high-fat diet with SG-deficiency we greatly accelerated the induction of PN in mice, while SG-free, low-fat diets failed to induce PN during this time. Notably, 1-deoxysphingolipids accumulated in all SG-free diets, indicating that their endogenous production and accumulation is not sufficient to drive PN. On the other hand, SG-free HFDs induced PN that was mitigated by treatment with the serine palmityoltransferase inhibitor, myriocin. Lipid flux profiling in diet-fed mice administered myriocin demonstrated that high lipid turnover is required for 1-deoxysphingolipids to drive PN in mice. Notably, since SG-free HFDs failed to induce obesity and insulin resistance, these results suggest that some diabetics could have SL-mediated neuropathy in the absence of glucose intolerance	Mus musculus	ena_host_field	GUT	sample_fields	gut: feces, gut
PRJNA340908	Differential fecal microbiota are retained in broiler chicken lines divergently selected for fatness traits	Using broiler lines selected based on fatness traits, we investigated how the gut microbiota is linked to obesity. We combined 16S rRNA-pyrosequencing and whole genome sequencing to analyze the fecal metagenomes of the lean (LL) and fat (FL) line chickens.	Gallus gallus	ena_host_field	GUT	sample_fields	gut: gut
PRJNA660549	16sRNA sequencing data of 12cecum content from chicken	Y east cell wall product, intestinal IgA response, cecum microflora,Newcastle disease virus vaccine	Gallus gallus	biome_label	GUT	sample_fields	gut: gut
PRJEB21827	A/B testing for colon model	Two colon vessels were used for A/B testing (treated [D] / untreated [W]). Samples were taken prior to treatment (day 0) and after day 3 and day 7. All samples were taken in replicate.	unknown	none	GUT	sample_fields	gut: gut
PRJNA690892	Fecal microbiome of wild Bactrian camels	Gut microbiota composition and function profiles of wild Bactrian camels	Camelus bactrianus ferus	ena_host_field	GUT	sample_fields	gut: feces
PRJNA601807	the frog gut microboime	gut microbial community diversity and function	Microhyla fissipes	ena_host_field	GUT	sample_fields	gut: gut
PRJEB75763	Two species of pika microbiota	Using metagenomics to investigate the intestinal microbiota of pikas	Ochotona	ena_study_text	GUT+OTHER	sample_fields	gut: gut; other: soil
PRJNA997718	Trachypithecus francoisi gut microbe	In this study, metagenomic sequencing technology was used to analyse the compositional structure and functional differences of the gut microbial community of Trachypithecus francoisi under different environmental and dietary conditions.	Trachypithecus francoisi	ena_host_field	GUT	sample_fields	gut: gut
PRJNA925857	All fibers are not equal: the effect of dietary fiber on canine gut microbiome	Diet is one of the practical ways to manage long-term health or chronic conditions, especially in companion animals on monotonous diets. The gut microbiome metabolizes macronutrients in the diet into small molecules that affect both microbial community structure and host health. Dietary fiber is a key source of microbe-associated short chain fatty acids and plant secondary metabolites such as polyphenols that affect gastrointestinal physiology and immune processes. Previous studies have found associations between dietary fiber and some key taxa in the canine gut but a mechanistic understanding of interaction between fiber and the canine gut microbiome is currently lacking. The aim of this dietary intervention was to study the effect of varied sources and intakes of dietary fiber on canine gut microbiome and associated health-relevant metabolites. Twelve foods containing different sources and amounts of fiber were included and fed to 18 healthy dogs for a period of 7 days each in a random order. Gut microbiome and fecal metabolome composition was determined from the fecal samples collected on the last day of each food treatment. A total of 226 paired metagenome-metabolome samples were obtained. This study enabled the identification of community-level changes in response to the food treatments, the association of specific microbial and metabolite responses with specific macronutrients as well as the heterogeneity in responses across subjects.	Canis lupus familiaris	ena_host_field	GUT	sample_fields	gut: gut
PRJEB86261	3D'omics: mannan fibre swine trial	To be added	Sus scrofa	ena_host_field	GUT	sample_fields	gut: caecum, fecal, gut
PRJEB34992	Diet and gut microbiome interactions of relevance for symptoms in irritable bowel syndrome	While several studies have documented associations between dietary habits and microbiota composition and function in healthy individuals, no study explored these associations in patients with irritable bowel syndrome (IBS), and especially with symptoms. Here, we used a novel approach that combined data from a 4-day food diary, integrated into a food tree, together with gut microbiota (shotgun metagenomic) for individuals with IBS (N = 149) and healthy controls (N = 52). Paired microbiota and food-based trees allowed us to detect new associations between subspecies and diet. Combining co-inertia analysis and linear regression models, exhaled gas levels and symptom severity could be predicted from metagenomic and dietary data. We showed that individuals with severe IBS are characterized by a higher intake of poorer-quality food items during their main meals. Our analysis suggested that covariations between gut microbiota at subspecies level and diet could be explained with IBS symptom severity, exhaled gas, glycan metabolism, and meat/plant ratio. We provided evidence that IBS severity is associated with altered gut microbiota hydrogen function in correlation with microbiota enzymes involved in animal carbohydrate metabolism. Our study provides an unprecedented resolution of diet-microbiota-symptom interactions and ultimately guides new interventional studies that aim to identify gut microbiome-based nutritional recommendations for the management of gastrointestinal symptoms.	Homo sapiens	biome_label	GUT	sample_fields	gut: gut
PRJNA1225188	Precision Glycans Enhance Gamma-Aminobutyric Acid Production in Human Gut Model	Background: Prebiotics, substrates selectively utilized by host microorganisms to confer health benefits, can induce the production of microbial metabolites involved in regulating host biological functions. Several of these metabolites, including gamma-aminobutyric acid (GABA), play a crucial role in regulating neural activity and can be linked to a variety of neurological as well as physiological disorders. While GABA is primarily synthesized in the brain, emerging evidence suggests that the gut microbiome can also contribute to systemic GABA levels. Abiotic glycans, synthesized oligosaccharides containing structures not typically found in nature, are a promising candidate for increasing systemic GABA levels through the targeted modulation of the gut microbiome via the enrichment of GABA-producing microorganisms.</p><p>Results: In this study, we investigated the impact of abiotic oligosaccharides on human fecal microbiota and GABA production. We identified a specific glycan, SG-Glc, that significantly increases GABA levels in ex vivo fermentation experiments wherein the constituent simple sugar had no impact on GABA levels. We find Bifidobacterium adolescentis is a key species driving this increase. Further analysis revealed that B. adolescentis possesses both genes required for GABA production and a unique CAZyme (carbohydrate-active enzyme) profile enabling it to utilize SG-Glc for growth while producing GABA, unlike other Bifidobacterium species.</p><p>Conclusions: Our findings highlight the potential of abiotic oligosaccharides to modulate the gut microbiome and enhance GABA production, offering an expanded toolbox for targeting the gut-brain axis. By understanding the specific mechanisms underlying these effects, we may develop innovative strategies for improving overall brain function with possible impacts on both mental and physiological health and well-being.	Homo sapiens	ena_host_field	GUT	sample_fields	gut: faecal, feces
PRJNA961946	Metagenome or environmental sample from feces metagenome	Fecal microbiota composition of patients at different stages	child	ena_host_field	GUT	sample_fields	gut: feces
PRJDB4525	Shotgun metagenomics of fecal bacterial consortium inhabiting healthy Asian children	Recent development in intestinal microbiology has revealed crucial functions of gut microbiota as interface between diet and health and the question has arisen how diet modulates gut microbial community. In this context, Asia is an interesting association of cohorts with their own food habit unique to each country or region. To investigate the correlation among diet, health, and gut microbiota, Asian Microbiome Project (AMP) has been established with ten countries and Phase I study was already performed by focusing on children gut microbiota, which were expected to more depend on regional food compared to adult. Their microbiota has been analyzed based on 16S rRNA gene sequencing. As a result, we have found two distinctive enterotypes, Bifidobacterium/Bacteroides (BB) enterotype and Prevotella (P) enterotype in these Asian population, as well as local differences unique to each country or region. BB-enterotype was enriched in temperate countries, such as Japan and China, while P-enterotype was frequent in tropical countries. In conjunction with dietary survey, it is suspected that these difference may be a reflection of their dietary habit. To correlate the function of their gut microbial community with diet input, we performed shotgun metagenomic sequencing of those microbial community and gained overview on consortium of functional genes, e.g., network of anabolic and catabolic pathway enriched in each food-oriented enterotype or biosynthesis of beneficial or non-benefical compounds, such as vitamins or secondary bile acids.	Homo sapiens	ena_host_field	GUT	sample_fields	gut: gut, stool
PRJNA1090271	Whole Genome Metagenomics of Human Fecal Sample: Melioidosis	The goal is to evaluate the longitudinal alterations in the gut microbiome of melioidosis patients following antibiotic treatment, in comparison to healthy individuals in India.	Homo sapiens	biome_label	GUT	sample_fields	gut: gut
PRJNA726842	gut microbiome and resistome of wild and zoo-captive macaques	Characterization of the gut microbiome and resistome of wild and zoo-captive monkeys	Macaca mulatta	ena_study_text	GUT	ena_study_text	gut: gut
PRJNA847753	The gut DNA virome of seagulls	We analysis the gut DNA virome of seagulls in southwest China	seagull	ena_host_field	GUT	sample_fields	gut: feces, gut
PRJNA852373	Alterations in antimicrobial resistant bacteria and gut microbiota in chickens and humans	The aims of study are to understand the transmission of antimicrobial resistance among organisms (chickens, food animals and humans). Furthermore, the underlying mechanisms were revealed intensively in the study.	Gallus gallus domesticus; Homo sapiens	ena_host_field	GUT	sample_fields	gut: fecal, gut
PRJNA401977	Metagenomic analysis of fecal microbiome from patients with gestational diabetes mellitus	we examined the composition and function of the gut microbiota from 75 patients with GDM and 70 healthy pregnant women in China, and further explore their possible associations with DM gut microbiome.	Homo sapiens	biome_label	GUT	sample_fields	gut: feces, gut
PRJEB79352	Impact of commercial gut health interventions on caecal metagenome and broiler performance	Maintaining gut health is a persistent and unresolved challenge in the poultry industry. Given the critical role of gut health in chicken performance and welfare, there is a pressing need to identify effective gut health intervention (GHI) strategies to ensure optimal outcomes in poultry farming. In this study, across three broiler production cycles, we compared the metagenomes and performance of broilers provided with ionophores as control against birds subjected to five different GHI combinations involving vaccination, probiotics, prebiotics, essential oils, and reduction of ionophore use. Using a binning strategy, 84 (â¥75% completeness, â¤ 5% contamination) metagenome-assembled genomes (MAGs) from 118 caecal samples were recovered and annotated for their metabolic potential. The majority of these (n = 52, 61%) had a differential response across all cohorts and are associated with the performance parameter - European Poultry Efficiency Factor (EPEF). The control group exhibited the highest EPEF, followed closely by the cohort where probiotics are used in conjunction with vaccination. The use of Probiotics B, a commercial Bacillus strain-based formulation, was determined to contribute to the superior performance of birds. GHI supplementation generally affected abundance of microbial enzymes relating to carbohydrate and protein digestion, and metabolic pathways relating to energy, nucleotide synthesis, short-chain fatty acid synthesis, and drug-transport systems. These shifts are hypothesised to differentiate performance among groups and cycles, highlighting the beneficial role of several bacteria including Rikenella microfusus and UBA7160 species. All GHIs are shown to be effective methods for gut microbial modulation, with varying influences on MAG diversity, composition and microbial functions. These metagenomic insights greatly enhance our understanding of microbiota-related metabolic pathways, enabling us to devise strategies against enteric pathogens related to poultry products and presenting new opportunities to improve overall poultry performance and health.	Gallus gallus	ena_study_text	GUT	ena_study_text	gut: caecal, gut
PRJNA1228986	LBC AA Metagenomics and gut microbiome Metagenome	LBC AA Metagenomics and gut microbiome Metagenome	Gallus gallus	ena_host_field	GUT	sample_fields	gut: gut
PRJEB21612	Alterations of the gut microbiome in hypertension	Human gut microbiota is believed to be directly or indirectly involved in cardiovascular diseases and hypertension. However, the identification and functional status of the hypertension-related gut microbe(s) have not yet been surveyed in a comprehensive manner. Here we characterized the gut microbiome in hypertension status by comparing fecal samples of 60 patients with primary hypertension and 60 gender-, age-, and body weight-matched healthy controls based on whole-metagenome shotgun sequencing.	Homo sapiens	biome_label	GUT	sample_fields	gut: gut
PRJNA1268758	Thermal manipulation impact on microbiome in chickens	This study aimed to evaluate whether thermal manipulation (TM) during embryonic development can enhance heat tolerance in broiler chickens by influencing their gut microbiota, body weight, and temperature regulation under chronic heat stress. With rising global temperatures posing significant challenges to poultry health and productivity, the research is highly relevant to improving animal welfare and performance in heat-prone environments. The findings highlight TM as a promising strategy to modulate the cecal microbiota and support growth under heat stress, offering practical implications for sustainable poultry production in a warming climate.	Gallus gallus domesticus	ena_host_field	GUT	sample_fields	gut: gut
PRJEB66719	Fecal bbu genes predict L-carnitine-mediated TMAO production	Gut microbial metabolism of L-carnitine, leading to TMAO production, offers a plausible explanation for the association between red meat consumption and cardiovascular diseases. However, the specific gut microbes and the relevant genes involved in L-carnitine-mediated TMAO production are not fully understood. In this study, we performed an integrated analysis of 292 oral carnitine challenge tests and shotgun metagenome sequencing of fecal samples. We identified that the microbial bbu gene cluster is likely the primary contributor to TMAO formation resulting from L-carnitine consumption. Furthermore, we detected novel anaerobes, such as the Oscillospiraceae bacterium Marseille-Q3528, which possess the bbu gene cluster and are significantly correlated with TMAO production from L-carnitine. We isolated these bacteria and validated their TMA/TMAO-producing capability both in vitro and in vivo. Lastly, we developed a qPCR-based method to quantify fecal bbuB and verified its correlation with TMAO levels resulting from L-carnitine. Our findings pave the way for advances in precision nutrition.	Homo sapiens	biome_label	GUT	sample_fields	gut: gut
PRJNA1214037	Gut microbiome in swine dysentery	This project involves omics sequencing for understanding the role of the microbiota in Brachyspira hyodysenteriae infection (swine dysentery). Samples were collected in different localization of the large intestine and stages of the disease in a controlled challenge. It aims at providing detailed data to understand the pathogenesis of swine dysentery in particular and add information to the daunting research in colonic inflammatory diseases.	Sus scrofa	ena_host_field	GUT	sample_fields	gut: gut
PRJNA431482	human gut metagenome Metagenome-Behcet's disease	To investigated the gut microbiome in patients with Behcet's disease	Homo sapiens	ena_host_field	GUT	sample_fields	gut: gut
PRJNA1141889	Metagenomic data into chicken microbiome	The study aims to explore and characterize the diverse microbial communities present in the chickens using advanced metagenomic sequencing techniques. The study aims to analyse genetic material to assess the potential of metagenomic sequencing in detecting hidden pathogens.	Gallus gallus	ena_host_field	UNCERTAIN	none	
PRJNA986525	2'-fucoysllactose treatment of C57BL/6 adult mice fecal metagenomics	Adult C57BL/6 mice received 2'-fucosyllactose (2'-FL), a human milk oligosaccharide (HMO), in drinking water at 1mg/mL for 7 or 28 days. Mice in the control group received only regular drinking water. Feces was collected from mice and fecal DNA extracted for shotgun sequencing to examine the effect of 2'-FL consumption on the microbiome composition.	Mus musculus	ena_host_field	GUT	sample_fields	gut: feces
PRJEB36943	Blueberry proanthocyanidins and anthocyanins improve metabolic health through a gut microbiota-dependent mechanism in diet-induced obese mice	Blueberry consumption can prevent obesity-linked metabolic diseases and it has been proposed that its polyphenol content may contribute to these effects. Polyphenols have been shown to favourably impact metabolic health, but the role of specific polyphenol classes, and whether the gut microbiota is linked to these effects remains unclear. We aimed to evaluate the impact of whole blueberry and blueberry polyphenols against the development of obesity and insulin resistance, and to determine the potential role of gut microbes in these effects by using fecal microbiota transplantation (FMT). Seventy C57BL/6 male mice were assigned to one of the following diets for 12 weeks: balanced diet (Chow), high-fat high-sucrose (HFHS) diet, or HFHS supplemented with whole blueberry powder (BB), anthocyanidin (ANT) or proanthocyanidin (PAC)-rich extracts. After 8 weeks, mice were housed in metabolic cages and an oral glucose tolerance test (oGTT) was performed. Sixty germ-free mice fed HFHS diet received FMT from one of the above groups bi-weekly for 8 weeks, followed by an oGTT. PAC-treated mice were leaner than HFHS controls although they had the same energy intake and were more physically active. This observation was reproduced in germ-free mice receiving FMT from PAC-treated mice. PAC and ANT-treated mice showed improved insulin responses during oGTT, and this finding was also reproduced in germ-free mice following FMT. These results show that blueberry PAC and ANT polyphenols can reduce diet-induced body weight and improve insulin sensitivity, and that at least part of these beneficial effects are explained by modulation of the gut microbiota.	Mus musculus	biome_label	GUT	sample_fields	gut: gut
PRJNA1023249	cultivated microbial species from anaerobic digester sludge and goat feces	Anaerobic microbial communities were cultivated from anaerobic digester sludge and goat feces. These communities were cultivated with synthetic plastic (except inoculated controls without plastic), and different antibiotic treatments were used (no antibiotics or penicillin + streptomycin). Goals included cultivating potential plastic-associating microbes as well as characterizing more microbes from anaerobic digester and goat gut environments as these locations have not been sufficiently studied.	Capra hircus	ena_host_field	GUT+OTHER	sample_fields	gut: feces; other: sludge
PRJNA1036376	faecel metagenome and cecal metagenome	faecel metagenome and cecal metagenome	Gallus gallus	ena_host_field	GUT	sample_fields	gut: cecal, gut
PRJEB41786	Healthy danish metagenomic samples	"Healthy danish metagenomic samples included in study ""Alteration of gut microbiome in patients with schizophrenia indicates links between bacterial tyrosine biosynthesis and cognitive dysfunction"" referenced under PRJEB41217 accession number."	Homo sapiens	biome_label	GUT	sample_fields	gut: gut
PRJNA902000	Longitudinal analysis of the microbiome and metabolome in the 5xfAD mouse model of Alzheimer's disease	Microbiome analysis (meta genomics) of fecal and cecal samples from 4, 8, 12, and 18 month old 5xfAD and WT B6J mice. Differences in microbiome composition with relation to genotype, sex, age, and housing were explored. This study was conducted as part of the MODEL-AD consortium.	5xFAD (B6.Cg-Tg(APPSwFlLon;PSEN1*M146L*L286V)6799Vas/Mmjax;Stock number 34848-JAX;MMRRC);5xFAD	ena_host_field	GUT	sample_fields	gut: cecum, feces
PRJNA825132	shrimp gut metagenome Metagenome	Metagenomic analysis revealed the prevalence of antibiotic resistance genes in the gut and living environment of freshwater shrimp	shrimp	ena_host_field	GUT	sample_fields	gut: faeces, feces
PRJNA779106	Effects of Compound probiotics on Growth Performance, immune function, Intestinal microflora and Blood Metabolites of Suckling Piglets	In the current work, we evaluate the effects of the compound probiotic fermentation liquid (containing Lactobacillus casei Zhang, Lactobacillus plantarum P-8, and Lactobacillus rhamnosus Probio-M9) on the health of piglets by examining some growth performance and immune functions.A second objective of this study was to identify the biomarkers of gut microbiota and blood metabolites between the probiotic and the control groups, and then to dissect the mechanisms behind the improvement of piglet growth performance. The findings of the present study would provide a wide and integrative view of reference information for improving piglet growth and development, disease resistance and immune maturity in the early stages of life, expanding the knowledge and application of probiotics-based therapy.	delivery room; piglet	ena_host_field	GUT	sample_fields	gut: feces, stool
PRJNA358755	wild and captive gut Raw sequence reads	To reveal the difference gut microbiota in the wild and captive panda	Panda; black bear; red panda	ena_host_field	GUT	sample_fields	gut: feces, gut
PRJEB41323	HoloFood Chicken Caecum Metagenome â deeply sequenced batch	Metagenomic raw reads, assemblies, and bins derived from HoloFood chicken caecum samples. Samples selected for this batch were deeply sequenced, and were randomised among trials (feed), age, and breed to overcome batch effect. The samples in this project contributed to the chicken caecum MAG catalogue (project: PRJEB55374 [ERP140263]).	Gallus gallus	ena_host_field	GUT	sample_fields	gut: caecum, gut
PRJNA678871	Dissecting microbial communities and resistomes for interconnected humans, soil, and livestock.	A debate is currently ongoing as to whether intensive livestock farms may constitute reservoirs of clinically relevant antimicrobial resistance (AMR), thus posing a threat to surrounding communities. Here, combining shotgun metagenome sequencing, machine learning (ML), and culture-based methods, we focused on a poultry farm and connected slaughterhouse in China, investigating the gut microbiome of livestock, workers and their households, and microbial communities in carcasses and soil. For both the microbiome and resistomes in this study, differences are observed across environments and hosts. However, at a finer scale, several similar clinically relevant antimicrobial resistance genes (ARGs) and similar associated mobile genetic elements were found in both human and broiler chicken samples. Next, we focused on Escherichia coli, an important indicator for the surveillance of AMR on the farm. Strains of E. coli were found intermixed between humans and chickens. We observed that several ARGs present in the chicken faecal resistome showed correlation to resistance/susceptibility profiles of E. coli isolates cultured from the same samples. Finally, by using environmental sensing these ARGs were found to be correlated to variations in environmental temperature and humidity. Our results show the importance of adopting a multi-domain and multi-scale approach when studying microbial communities and AMR in complex, interconnected environments.	Gallus gallus; Homo sapiens; Soil	ena_host_field	GUT+OTHER	sample_fields	gut: gut; other: soil
PRJNA806371	Genome-resolved characterization of structure and potential functions of the zebrafish stool microbiome	Recovery of microbial genomes from the zebrafish gut microbiome assembly	Danio rerio	ena_host_field	GUT	sample_fields	gut: gut
PRJNA972320	metagenomics of 320 goat and sheep	construct a large gene set and MAG set.	Capra hircus; Ovis aries	ena_host_field	GUT	sample_fields	gut: feces, gut
PRJNA574851	Gut microbiota and metabolites in Î±-synuclein transgenic monkey models of early stage Parkinsonâs disease	Parkinsonâs disease has become the second most serious neurodegenerative disease, including complex non-motor symptoms and movement disorders. Anxiety and cognitive impairment are typical early Parkinson's symptoms. Normal individuals and Parkinson's patients has exist difference in gut microbiota and same metabolites. But it is unclear whether gut bacteria and metabolites play a role in early Parkinson's disease. In the previous study we successfully constructed transgenic monkeys with early Parkinson's symptoms. Now we have analyzed the gut microbiota and metabolites of these monkeys. Compared with the wild monkeys, we found that there were differences in intestinal microbiota and metabolites in monkeys with early Parkinson's symptoms. Eggerthella lenta is significantly elevated in PD patients and A53T in transgenic monkeys. We filtered five differential metabolites, three of these metabolites have been reported to be associated with neurological disease or brain development, but have not been found in Parkinson so far. We also found that the gut microbiota and pathways associated with these five differential metabolites, four KOs may play a role in Parkinson's disease. Our study first described the association of intestinal bacteria, metabolites, and early Parkinson's disease. Our study also provides a reference for early screening and diagnosis of early Parkinson's disease.	Macaca mulatta	ena_host_field	GUT	sample_fields	gut: feces
PRJEB11755	The Pigâs other genome: a reference gene catalogue of the gut microbiome	Pig is a main species for livestock and biomedicine. The pig genome sequence was recently reported. To boost research, we established a catalogue of the genes of the gut microbiome based on faecal samples of 287 pigs from France, Denmark and China. More than 7.6 million non-redundant genes representing 719 metagenomic species were identified by deep metagenome sequencing, highlighting more similarities with the human than with the mouse catalogue. The pig and human catalogues share only 12.6 and 9.3 % of their genes, respectively, but 70 and 95% of their functional pathways. The pig gut microbiota is influenced by gender, age and breed. Analysis of the prevalence of antibiotics resistance genes (ARGs) reflected antibiotics supplementation in each farm system, and revealed that non-antibiotics-fed animals still harbour ARGs. The pig catalogue creates a resource for whole metagenomics-based studies, highly valuable for research in biomedicine and for sustainable knowledge-based pig farming.	Sus scrofa	biome_label	GUT	sample_fields	gut: gut, stool
PRJNA294605	Metagenomes from 11 human infant fecal samples hospitalized in the same intensive care unit	Bacteria that persist in hospitals can contribute to the establishment of the microbiome in newborns and the spread of hospital-acquired diseases. Yet we know little about microbial communities in hospitals, or about the extent to which persistent vs. recently immigrated bacterial strains establish in the gastrointestinal tracts of hospitalized individuals.</p><p>In combination with BioProject PRJNA273761 (10 infants / 55 samples) we analyzed strain-resolved genomes obtained from a total of 202 samples collected over a three-year period from 21 infants hospitalized in the same intensive care unit.</p><p>Strains were rarely shared, consistent with prior analysis of a subset of these data. Enterococcus faecalis and Staphylococcus epidermidis, common gut colonists, exhibit diversity comparable to that of NCBI reference strains, suggesting no recent common ancestor for all populations in this hospital setting. Thus, we infer multiple introduction events for these species. Despite the rarity of shared strains, strains of five species exhibiting a degree of sequence variation consistent with in situ diversification were identified in different infants hospitalized three years apart. Three were also detected in multiple infants in the same year, suggesting that these strains are unusually widely dispersed and persistent in the hospital environment. Persistent strains were not significantly different from non-persistent strains with regards to pathogenicity potential including antibiotic resistance. Notably, non-identical siblings had multiple abundant strains in common, even 30 days after birth and antibiotic administration, suggesting overlapping strain sources and/or genetic selection. Our approach can be used in order to study microbial dynamics in hospitals and provides an important step towards directing health-promoting colonization in hospitalized individuals.	Homo sapiens	ena_host_field	GUT	sample_fields	gut: fecal, gut
PRJNA298736	Cecal microbiota of BC and FRC chicken metagenome	Cecal microbiota of BC and FRC chicken metagenome	Gallus gallus	ena_host_field	GUT	sample_fields	gut: gut
PRJEB37572	Diabetes induced microbiome dysbiosis is associated with therapy resistance in Pancreatic Ductal Adenocarcinoma (PDAC)	Pancreatic cancer is the 3rd most prevalent cause of cancer related deaths in United states alone, with over 55000 patients being diagnosed in 2019 alone and nearly as many succumbing to it. Late detection, lack of effective therapy and poor understanding of pancreatic cancer systemically contributes to its poor survival statistics. Obesity and high caloric intake linked co-morbidities like type 2 diabetes (T2D) have been attributed as being risk factors for a number of cancers including pancreatic cancer. Studies on gut microbiome has shown that lifestyle factors as well as diet has a huge effect on the microbial flora of the gut. Further, modulation of gut microbiome has been seen to contribute to effects of intensive insulin therapy in mice on high fat diet. In another study, abnormal gut microbiota was reported to contribute to development of diabetes in Db/Db mice. Recent studies indicate that microbiome and microbial dysbiosis plays a role in not only the onset of disease but also in its outcome. In colorectal cancer, Fusobacterium has been reported to promote therapy resistance. Certain intra-tumoral bacteria have also been shown to elicit chemo-resistance by metabolizing anti-cancerous agents. In pancreatic cancer, studies on altered gut microbiome have been relatively recent. Microbial dysbiosis has been observed to be associated with pancreatic tumor progression. Modulation of microbiome has been shown to affect response to anti-PD1 therapy in this disease as well. However, most of the studies in pancreatic cancer and microbiome have remained focused om immune modulation. In the current study, we observed that in a T2D mouse model, the microbiome changed significantly as the hyperglycemia developed in these animals. Our results further showed that, tumors implanted in the T2D mice responded poorly to Gemcitabine/Paclitaxel (Gem/Pac) standard of care compared to those in the control group. A metabolomic reconstruction of the WGS of the gut microbiota further revealed that an enrichment of bacterial population involved in drug metabolism in the T2D group.	Mus musculus	ena_host_field	GUT	sample_fields	gut: gut
PRJNA1293880	Host-Microbe Coadaptation Enables Cellulose Digestion in Bamboo-Specialized Giant Pandas	Giant pandas (Ailuropoda melanoleuca) retain a phylogenetically carnivorous digestive system (e.g., short intestine, rapid transit time) yet exclusively consume bamboo - a fiber - rich diet requiring specialized cellulose digestion. Their gut microbiome lacks signature cellulolytic taxa typical of herbivores and demonstrates functional profiles aligning with carnivores. This paradox remains unresolved: how does the panda gut ecosystem achieve fiber decomposition without typically cellulolytic microbes? In this study, Integrated culturomics and PacBio HiFi metagenomics were applied to generate the expanded genome repository Pbac v2 (466 MAGs/genomes). Species - level enterotyping revealed three distinct clusters dominated by keystone taxa: Escherichia coli (ET - Ecoli), Streptococcus alactolyticus (ET - StrepA), and Clostridium SGBP116 (ET - Clos). Functional validation involved: (1) In vitro fiber degradation assays confirming E. coli - driven cellulose decomposition (2) Transcriptomics and untargeted metabolomics revealing O2 (original O2) - dependent upregulation of E. coli cellulases (3) Microbiome single - cell Transcriptomics (in situ) demonstrating Escherichia dominance in cellulase expression within the panda's gut. We demonstrate the contribution of Escherichia coli to fiber degradation within the giant panda gut microbiota, while establishing invaluable genomic resources - including high - quality genomes and microbial single - cell transcriptomes - for elucidating functional adaptations in this specialized symbiosis.	Ailuropoda melanoleuca	ena_study_text	GUT	ena_study_text	gut: digestive system, gut, intestine
PRJDB36334	Comparative Macrogenomics Reveal Plateau Adaptation of Gut Microbiota in Cervids (PRJCA031028)	Metagenome Gut Microbiota in Cervids	Capreolus pygargus; Cervus albirostris; Cervus nippon	ena_host_field	GUT	sample_fields	gut: feces
PRJNA699146	Effect of pectin with different molar mass	Effect of pectin with different molar mass	Homo sapiens	ena_host_field	GUT	sample_fields	gut: feces
PRJNA855286	NiangXiang pigs metagenome Raw sequence reads	This result allowed us to screen the microorganisms related to ningxiang pig metabolism.	Suidae	ena_host_field	GUT	sample_fields	gut: gut
PRJNA1293833	Multi-kingdom fecal microbiome associated with growth performance of indigenous beef calves	Gut microbiome and gut virome analysis based on deep shotgun metagenomic sequencing for cattle with differential growth performance, highlight the potential of fecal microbiome, especially viruses through interacting dynamically with their prokaryotic hosts, associated with growth rates of beef calves	Bos taurus	ena_host_field	GUT	sample_fields	gut: feces
PRJNA1298367	Lack of fibre-fermenting gut microbes in multiple sclerosis may result in prebiotic dietary fibre beta-fructan promoting inflammation and CNS damage	Some people with multiple sclerosis (PwMS) display changes in their gut microbiota and worsened symptoms following a high-fibre diet. We hypothesized that dietary fibres that are not adequately fermented by gut microbes, and that unfermented beta-fructans induce inflammation in PwMS.</p><p>Stool samples and diet data were collected from participants in the Canadian Pediatric Demyelinating Disease Network (n=17 MS, n=20 unaffected controls all <22 years). Daily fibre subtype intakes were calculated. Fecal samples were subjected to metagenomic sequencing to assess functional capacity of the microbiome and associated with fibre consumption in PwMS and unaffected persons.	Homo sapiens; Mus musculus	ena_host_field	GUT	sample_fields	gut: gut, stool
PRJEB39685	Gut Microbiomes of European Turkey and Veal Calf Herds	Shotgun metagenomics sequencing results for pooled fecal samples collected from turkey and veal calf herds in four European countries.	Bos taurus; Meleagris gallopavo	ena_host_field	GUT	sample_fields	gut: fecal, feces
PRJEB102366	Trial 2 - alternative proteins to reduce soybean inclusion in broiler diets	Effects on different types of alternative protein when fed at a 10% inclusion to broiler chickens. Caecal samples were taken at Day 10, 21 & 32.	Gallus gallus	biome_label	GUT	sample_fields	gut: gut
PRJNA1269114	IsoLoop Model	isoLoop model for human gut host-microbiota interface	Sus scrofa	ena_host_field	GUT	sample_fields	gut: gut, ileum
PRJDB16790	Generic sample from human gut metagenome	Total microbial community DNA was isolated from Japanese fecal samples at Jikei University Kashiwa Hospital and Kobe University Hospital. This study population contains abdominal aortic aneurysm (AAA) patients and controls with coronary risk factors, such as hypertension, diabetes mellitus, or dyslipidemia, but without present or history of coronary or other vascular diseases.	Homo sapiens	ena_host_field	GUT	sample_fields	gut: feces, gut
PRJNA494824	Gut metagenomic raw sequence reads of cancer patients		Homo sapiens	ena_host_field	GUT	sample_fields	gut: feces
PRJNA763692	A high-quality genome compendium of the human gut microbiome of Inner Mongolians	Metagenome-based resources have revealed the diversity and function of the human gut microbiome, but further understanding is limited by insufficient genome quality and a lack of samples from typically understudied populations. Here, we used hybrid long-read PromethION and short-read HiSeq sequencing to characterise the fecal microbiota of 60 individuals from Inner Mongolia (n=180 samples over three time points). We present Inner Mongolian Gut Genome (IMGG) catalog comprising a catalog of 802 closed and 5,927 high-quality metagenome-assembled genomes. The IMGG substantially increased resolution of genomic elements including ribosomal RNA operons (rrns), metabolic gene clusters (MGCs), prophages, and insertion sequences (IS). In particular, we report the rrn copy number for uncultured species and over 12,000 previously undescribed gut prophages and their protein-coding genes, and discloses the distribution and potential impact of IS elements across gut bacteria. Overall, these data provide a high-quality, large-scale resource for studying the human gut microbiota.	Homo sapiens	ena_host_field	GUT	sample_fields	gut: feces, gut, stool
PRJNA624223	Gut microbiome alterations and longitudinal kinetics in COVID-19 patients	We aim to provide proof evidence of fecal microbiome alterations in COVID-19 and investigated microbiome and SARS-CoV-2 kinetics in 15 diagnosed COVID-19 cases	Homo sapiens	ena_host_field	GUT	sample_fields	gut: gut, stool
PRJNA598094	Metagenomes of bacteria colonizing the gut of Apis mellifera and Apis cerana Metagenome	Metagenomic samples isolated from the Eastern and Western honey bee (Apis</p><p>mellifera and Apis cerana), to study the evolution of the bacterial communities	Apis cerana japonica; Apis mellifera	ena_host_field	GUT	sample_fields	gut: gut
PRJNA919082	Types and characteristics of shared microbiota within families of ethnic minorities in Inner Mongolia	Gut microbial diversity is often studied from the perspective of community composition, but less is known about the genetic heterogeneity within species. The human gut microbiota exhibits substantial individual variation, influenced by numerous factors. This study characterized the gut microbial composition of 25 ethnic minority families from Inner Mongolia. We found that cohabitation within the same family was a more significant determinant of variation in both macrodiversity and microdiversity than other factors, including family role, ethnicity, sex, age, and geographical region. Based on average nucleotide identity, we identified 17 bacterial strains that were shared within families. Among these, Bifidobacterium adolescentis and Holdemanella biformis demonstrated higher average abundance, while Eubacterium rectale and Clostridiales bacterium were shared more frequently and across multiple families. Annotation against the Kyoto Encyclopedia of Genes and Genomes (KEGG) database revealed that most of these shared strains possess the genetic potential for the production or biosynthesis of short-chain fatty acids (SCFAs). Concurrently, computational analysis demonstrated that the genes of shared strains showed relatively low non-synonymous to synonymous polymorphism (pN/pS) ratios. Correlation network analysis indicated that, with the exception of Clostridiales bacterium, the shared strains generally did not occupy central nodes within the microbial interaction network. This research provides valuable insights into the patterns of gut microbiota sharing within families of Inner Mongolian ethnic minorities and offers a scientific basis for developing family-scale probiotic interventions.	Homo sapiens	ena_host_field	GUT	sample_fields	gut: feces
PRJDB7378	Generic sample from human gut metagenome	Total microbial community DNA was isolated from the fecal samples of Japanese patients who underwent colonoscopy at National Cancer Research Center. The study population contains health, gastrectomy.	Homo sapiens	ena_host_field	GUT	sample_fields	gut: gut
PRJNA1091038	Fallow deer faeces metagenome	Fecal samples grouped by mycotoxin content from fallow deer were shotgun sequenced.	Dama dama	ena_host_field	GUT	sample_fields	gut: feces
PRJNA415307	Metagenomes and Metatransciptomes from C. difficile infected murine cecal content	Clostridium difficile is the most common single cause of hospital-acquired infection over the last decade in the United States. Susceptibility is primarily associated with previous exposure to antibiotics, which compromise the structure and function of the gut bacterial community. While most antibiotics have been linked, specific classes correlate more strongly with recurrent or persistent C. difficile infection. In this study, we used a murine model of infection to explore the effect of distinct antibiotic classes on sustained C. difficile colonization, as well as the impact of infection on community-level gene expression and metabolism 18 hours post-infection. Utilizing metagenome-enable metatranscriptomics, supplemented by untargeted metabolomic analysis, we found that C. difficile infection has differentially larger impacts on the metabolic activity of the microbiota across multiple antibiotics that allow for persistent colonization. These differences were enriched in pathways associated with amino acid metabolism and particularly in non-dominant species. Conversely, in clindamycin pretreatment where C. difficile is cleared within 8 days, the effect of infection on the microbiota is only detectable in community structure but not in activity. Our results suggest that C. difficile is able to restructure the nutrient-niche landscape in certain gut environments in order to promote persistent infection.	Mus musculus	ena_host_field	GUT	sample_fields	gut: cecal, gut
PRJEB6070	Potential of fecal microbiota for early stage detection of colorectal cancer	Several bacterial species have been implicated in the development of colorectal carcinoma (CRC), but CRC-associated changes of fecal microbiota and their potential for cancer screening remain to be explored. Here we used metagenomic sequencing of fecal samples to identify taxonomic markers that distinguished CRC patients from tumor-free controls in a study population of 156 participants. Accuracy of metagenomic CRC detection was similar to the standard fecal occult blood test (FOBT) and when both approaches were combined, sensitivity improved >45% relative to the FOBT while maintaining its specificity. Accuracy of metagenomic CRC detection did not differ significantly between early and late-stage cancer and could be validated in independent patient and control populations (N=335) from different countries. CRC-associated changes in the fecal microbiome at least partially reflected microbial community composition at the tumor itself, indicating that observed gene pool differences may reveal tumor-related host-microbe interactions. Indeed, we deduced a metabolic shift from fiber degradation in controls to utilization of host carbohydrates and amino acids in CRC patients accompanied by an increase of lipopolysaccharide metabolism.	Homo sapiens	ena_study_text	GUT	sample_fields	gut: stool
PRJNA825732	Anguilla anguilla gut metagenomes cleaned sequence reads	Impacts of environmental parameters on the gut microbiome of European eels	Anguilla anguilla	ena_host_field	GUT	sample_fields	gut: gut
PRJEB60740	In Vivo Adaptation of Engineered Native Bacteria (G0)	Information on the first generation of wild type (C57Bl/6, Jax) laboratory mice gavaged with either AZ20 [modified human probiotic E.coli Nissle 1917 with GFP and KmR added to the chromosome via transformation] or AZ51 [modified mouse native E.coli (~NGF1) with GFP and KmR added to the chromosome via transduction]. Colonization was monitored in each mouse everyday for 1 week and then every week until euthanized. WGS of single colony isolates (up to 24 isolates per mouse) from three main timepoints (Day 7, Month 3, Month 6) were analyzed. Additional time points (Day 3, Month 1, Month 10) from a few mice were also tracked.	Mus musculus	ena_host_field	GUT	sample_fields	gut: feces, gut
PRJDB20772	Mouse feces metabolome conventional vs germfree	Feces of sixteen mice (eight conventional, eight germfree) were investigated. All mice had the metabolome of the feces analyzed, and also the eight conventional mice had the metagenome of the feces analyzed.	Mus musculus	ena_host_field	GUT	sample_fields	gut: feces, gut
PRJNA855128	Stool Metagenome Raw sequence reads	Metagenome of gut microbiome with DR and NDR	unknown	none	GUT	sample_fields	gut: feces, stool
PRJNA374522	Seriola lalandi Genome sequencing and assembly	Intestinal content Metagenome extraction and sequencing from Seriola lalandi fish	fish	biome_label	GUT	sample_fields	gut: gut
PRJNA1280790	the microbes in sea bass pond	microbial community diversity in sea bass pond	fish	biome_label	GUT+OTHER	sample_fields	gut: gut; other: seawater, sediment
PRJNA880353	Shallow shotgun sequencing of the microbiome recapitulates 16S amplicon results and provides functional insights	A test of the ability of shallow shotgun metagenomic sequencing to characterize taxonomic and functional patterns in the fecal microbiome of a model population of feral horses (Sable Island, Canada), using a combination of amplicon, deep shotgun, and shallow shotgun metagenomic sequencing.	Equus caballus	ena_host_field	GUT	sample_fields	gut: feces
PRJNA1030990	mouse Raw sequence reads	To explore the change of microbial composition in cecal contents of mouse	mouse	ena_host_field	GUT	sample_fields	gut: cecal, gut
PRJNA1078999	Homo sapiens Raw sequence reads	Meta-virome sequencing of virus-like particles isolated from fecal samples of preterm infants within the first week of life	Homo sapiens	ena_host_field	GUT	sample_fields	gut: feces, gut
PRJNA981100	Study of feed factor in Iberian Pig Microbiome samples	In this study, we have investigated how the feeding factor influences samples of the intestinal microbiome of Iberian piglets from birth to 90 days of life. Three types of feeding in piglets were taken into account. The alpha diversity of the samples, their beta diversity and their beta dispersion were studied. The Shallow Whole Metagenomic Sequencing technique was implemented to obtain the abundances of the microbiome samples in this study.	Sus scrofa	ena_host_field	GUT	sample_fields	gut: feces, gut
PRJEB27928	Meta-analysis of fecal metagenomes reveals global microbial signatures that are specific for colorectal cancer.	Association studies have linked microbiome alterations with many human diseases. However, they have not always reported consistent results, thereby necessitating cross-study comparisons. Here, a meta-analysis of eight geographically and technically diverse fecal shotgun metagenomic studies of colorectal cancer (CRC, n = 768), which was controlled for several confounders, identified a core set of 29 species significantly enriched in CRC metagenomes (false discovery rate (FDR) < 1 Ã 10-5). CRC signatures derived from single studies maintained their accuracy in other studies. By training on multiple studies, we improved detection accuracy and disease specificity for CRC. Functional analysis of CRC metagenomes revealed enriched protein and mucin catabolism genes and depleted carbohydrate degradation genes. Moreover, we inferred elevated production of secondary bile acids from CRC metagenomes, suggesting a metabolic link between cancer-associated gut microbes and a fat- and meat-rich diet. Through extensive validations, this meta-analysis firmly establishes globally generalizable, predictive taxonomic and functional microbiome CRC signatures as a basis for future diagnostics.	Homo sapiens	biome_label	GUT	sample_fields	gut: faecal, gut
PRJNA496479	human gut metagenome Metagenome	Childhood is a formative period of behavioral and biological development, which can be modified for better or for worse, by the psychosocial environment. Not only do our own genes and the external environment influence such developmental trajectories, but the community of microbes living in, on, and around our bodiesâthe microbiomeâplays an important role as well. By surveying the gut microbiomes of a cohort of early school-aged children with a range of psychosocial environments and subclinical mental health symptoms, we demonstrated that caregiving behaviors modified the child gut microbiomeâs relationship to socioeconomic risk and child behavioral dysregulation symptoms.	Homo sapiens	ena_host_field	GUT	sample_fields	gut: gut
PRJNA589661	Environmental samples' Metagenome: Water, soil/sand, feces of local ruminants , feces of migratory birds (Qinghai Lake)	The uploaded sequencing data include metagenomes of 9 composite DNA samples extracted from various environmental samples collected around Qinghai Lake. The sample types include fresh water (FW), salt water (SW), soil /sand (SS), feces of bar-headed geese (Anser indicus, AI), feces of great cormorants (Phalacrocorax carbo, PC), feces of black-headed gulls (Larus ichthaetus, LI), feces of sheep (SH), feces of yak (Bos grunniens, BG). Two parallel faecal samples of bar-headed geese are included, which are designated as AIA and AIB, respectively.	Local ruminants: sheep; Local ruminants: yak; Migratory birds: bar-headed geese; Migratory birds: great black-headed gulls; Migratory birds: great cormorants	ena_host_field	GUT+OTHER	sample_fields	gut: faecal, feces; other: freshwater, soil, water
PRJEB18627	Intergenerational transfer of antibiotic-perturbed microbiota enhances colitis in susceptible mice	Antibiotics have long-lasting consequences on the gut microbiota with the potential to impact host physiology and health. However, little is known about the transgenerational impact of an antibiotic-perturbed microbiota. Here we demonstrated that adult pregnant female mice inoculated with a gut microbial community shaped by antibiotic exposure passed on their dysbiotic microbiota to their offspring. This dysbiotic microbiota remained distinct from controls for at least 5 months in the offspring without any continued exposure to antibiotics. By using IL-10 deficient mice, which are genetically susceptible to colitis, we showed mice that received an antibiotic-perturbed gut microbiota from their mothers had increased risk of colitis. Taken together, our findings indicate that the consequences of antibiotic exposure affecting the gut microbiota can extend to a second generation.	Mus musculus	biome_label	GUT	sample_fields	gut: gut
PRJEB76898	EHI Data Release 1	The Earth Hologenome Initiative (EHI) is a global endeavour dedicated to revisit fundamental ecological and evolutionary questions from the systemic host-microbiota perspective, through the standardised generation and analysis of joint animal genomic and associated microbial metagenomic data. The first data release of the EHI contains 968 shotgun DNA sequencing read files containing 5.2 TB of raw genomic and metagenomic data derived from 21 vertebrate species sampled across 12 countries, as well as 17,666 metagenome-assembled genomes (MAGs) reconstructed from these data. The dataset can be used to address fundamental questions about host-microbiota interactions, and become available to the research community under the EHI data usage conditions. Following the norms set in the Bermuda Principles, Fort Lauderdale agreement and Toronto International Data Release Workshop [35], the authors kindly request users to respect the rights of the many researchers who invested significant effort in collecting samples and generating data for primary research. For one year following the release of data, anyone wishing to use these data to investigate animal or microbial ecological and evolutionary questions should first contact the corresponding author. Following this communication, the EHI Management will facilitate discussions between interested users and the original researchers to ensure efforts are coordinated with the people that are already working with these data.	Calotriton asper; Canis lupus familiaris; Chalcides striatus; Geospizopsis unicolor; Lepus europaeus; Lissotriton helveticus; Natrix astreptophora; Perisoreus infaustus; Plecotus auritus; Podarcis filfolensis; Podarcis gaigeae; Podarcis liolepis; Podarcis milensis; Podarcis muralis; Podarcis pityusensis; Psittacula echo; Salamandra atra; Sciurus carolinensis; Sciurus vulgaris; Strix aluco; Trichosurus vulpecula; Zonotrichia capensis	ena_host_field	GUT+OTHER	sample_fields	gut: feces; other: indoor, oral
PRJNA1171501	Akkermansia muciniphila ameliorates imiquimod-induced skin thickening, colitis, and gut microbiota alterations	A decreased abundance of fecal Akkermansia muciniphila (Akk) has been observed in patients with psoriasis and psoriatic arthritis. The potential beneficial effect of Akk in managing psoriasis has been proposed, yet with inconsistent results and unclear mechanisms. This study aimed to examine the impact of Akk on skin and systemic inflammation, intestinal barrier integrity, and gut microbiota profiles in the psoriasis mouse model.	mouse	ena_host_field	GUT	sample_fields	gut: gut, stool
PRJEB82952	Testing of phage activity against Clostridium perfringens LMG 11264  within a complex chicken cecal microbiota in vitro	Clostridium perfringens causes foodborne illness worldwide, and 95% of human infections are linked to the consumption of contaminated meat, including chicken products. In poultry, C. perfringens may cause necrotic enteritis, and infections are associated with high mortality rates. The strains of this bacterium may harbor a repertoire of antibiotic resistance, hampering the efficient treatment of infections. In vitro screening approaches of alternative treatment options, for instance with specific phages represent a promising strategy for the selection of novel interventions to combat infections. In this study, we explored the application of a C. perfringens strain LMG 11264 specific phage #7 introduced at 104 PFU/mL for the inhibition of C. perfringens growth at 106 CFU/ml next to two antibiotics (amoxicillin  10 Âµg/ml and clindamycin at 10 Âµg/ml) within complex chicken cecal microbiota in vitro. Samples for gDNA isolation, qPCR, and metagenome sequencing were taken after 24 and 48 hours of incubation. The C. perfringens LMG 11264 proliferated within the untreated complex microbiota and reached levels of about 5 x106 and 2 x 107 genome equivalents per mL after 24 and 48 hours of incubation, respectively. The phage intervention with the Phage #7  inhibited the growth of the spiked C. perfringens significantly, the inhibitory effects were similar to those exerted by the antibiotic interventions though with lesser disturbance of the microbial diversity as reflected by the alpha and beta diversity indices. Our in vitro screening approach facilitates the screening of novel phages and treatments against C. perfringens with increased experimental flexibility and throughput and hence inherent potential also for the exploration of combination therapies for optimal health outcomes.	Gallus gallus	biome_label	GUT	sample_fields	gut: gut
PRJNA628114	mouse gut metagenome Raw sequence reads	Our previous studies have suggested that oral resveratrol (RSV) plays an important role in nephroprotective effects.The current study showed that RSV protects against the progression of diabetic nephropathy by remodeling eubiosis of gut microbiota and decreasing endotoxemia, including attenuating systemic inflammation in the intestinal environment, and lowering renal inflammation, and improved renal function	Mus musculus	ena_host_field	GUT	sample_fields	gut: feces
PRJNA658643	Gut Microbiome Sequencing Result of Arbor Acres Broilers	Gut bacterial communities of the Arbor Acres broilers in different sampling part.	Gallus gallus	ena_host_field	GUT	sample_fields	gut: feces, gut
PRJNA646934	Microbial community diversity of feces from food animals	Monitoring the pollution risk of food animal feces	pig B; pig C; pig P; pig PA; pig PE; pig PI; pig PL; pig S	ena_host_field	GUT	sample_fields	gut: feces, gut
PRJNA255875	Minipig strain:Goettingen Metagenome	Microbiota composition of Goettingen minipigs using 454 pyroseqeuncing	Sus scrofa domesticus	ena_host_field	GUT	sample_fields	gut: cecum, feces, gut
PRJNA788462	Swine Feces Metagenomes	This study aimed to characterize fecal resistome and microbiome composition from weaning-finisher pigs, that received with and without PRRSv infection and antimicrobial exposures	Sus scrofa	ena_host_field	GUT	sample_fields	gut: gut
PRJNA656000	pig gut metagenome Raw sequence reads	Evaluated the effect of ZBED6 gene-edited pigs editing on the feces microbial community by metagenomic sequencing. Feces sequencing results were divided into two groups: KO group and WT group.	Pig P	ena_host_field	GUT	sample_fields	gut: gut
PRJEB30661	TO INVESTIGATE THE MICROBIAL COMMUNITY ASSOCIATED WITH FISH GUT	HIGH-THROUGHPUT SEQUENCING BASED ANALYSIS OF MICROBIAL COMMUNITY ASSOCIATED WITH THE GUT OF THE FISH Tor putitora	fish	biome_label	GUT	sample_fields	gut: gut
PRJNA847006	gut metagenome Raw sequence reads	normal metagenomics of gut metagenome	Sus scrofa	ena_host_field	GUT	sample_fields	gut: gut
PRJNA801645	Study of the effects of a stabilizer on microbiome analysis	The aim of the study is to investigate the effects of a stabilizer on the microbiome of porcine faeces.	Sus scrofa	ena_host_field	GUT	sample_fields	gut: feces
PRJEB32790	The reduction of dextran sulfate sodium-induced colitis severity in mice exposed to cigarette smoke is accompanied by specific gene pathway and microbial shifts	Background and aimsThe impact of cigarette smoke on inflammatory bowel disease has been established by a large number of epidemiological, clinical, and pre-clinical studies. Exposure to cigarette smoke is associated with a higher risk of developing Crohnâs disease but is inversely correlated with the development, disease risks, progression, and relapse rate of ulcerative colitis. Few mechanistic studies have investigated the effect of cigarette smoke on intestinal inflammation and microbial composition.MethodsThree groups of mice were exposed to three different concentrations of cigarette smoke for a total of four weeks, including five days of dextran sulfate sodium treatment to induce colitis and a seven-day recovery period. A comprehensive and integrated comparative analysis of the global colon transcriptome and microbiome, as well as classical endpoints, was performed.ResultsCigarette smoke exposure significantly decreased the severity of induced colitis. Colon transcriptome analysis revealed that cigarette smoke downregulated specific pathways in a concentration-dependent manner, affecting both the inflammatory state and composition of the gut microbiome. Metagenomics analysis demonstrated that cigarette smoke can modulate dextran sulfate sodium-induced dysbiosis of specific bacterial genera, contributing to resolve the inflammation or accelerate recovery.	Mus musculus	biome_label	GUT	sample_fields	gut: gut
PRJEB40424	Analysis_of_porcine__human__and_humanised_gut_strata__to_identify_bacterial_species_and_molecular_determinants_of_hatching_across_Trichuris_Species	richuriasis is a disease caused by infection with Trichuris trichiura, the human whipworm. Trichuriasis has been studied in animal models, in particular the mouse and pig whipworms, T. muris and T. suis, respectively. Experiments using these models indicate a role of the host intestinal microbiota in inducing hatching of whipworm eggs. Specifically, Escherichia coli surface molecules have been shown to play a role in the hatching of T. muris. I hypothesise that the same or similar molecules found in specific conformations on defined members of the host gut microbiota trigger hatching across other Trichuris species, through both physical interaction and enzymatic activity around the polar plugs. I aim to identify parasite and host factors responsible for whipworm hatching using samples from porcine, human, and humanised mice guts to study hatching in T. muris, T. suis, and T. trichiura. I investigated the effect of different fractions of the porcine gastrointestinal tract on hatching of T. suis and T. muris different bacteria reside in the niches found along the gut so I collected mucosal scrapings and luminal contents of the duodenum, ileum, and caecum. I also investigated the effects of human colonic biopsies and human stool samples on hatching of T. trichiura and T.muris. Finally, I am evaluating whether humanised microbiota mice can be used as a tractable model for cultivating T. trichiura in the lab. Through metagenomic analysis on these murine, porcine, and human intestinal samples I plan to get an in depth understanding of the population structure across the gut, and further examine the genomes of candidate microbiota to unravel key bacterial genotypes and phenotypes resulting in the molecular determinants of hatching. This data is part of a pre-publication release. For information on the proper use of pre-publication data shared by the Wellcome Trust Sanger Institute (including details of any publication moratoria), please see http://www.sanger.ac.uk/datasharing/	Mus musculus; Homo sapiens	biome_label	GUT	sample_fields	gut: gut, rectum
PRJDB36191	Metagenomic anlysis of Af colonization (PRJCA019345)	Detecting the colonization of bacteria Af in the mouse intestine using metagenomic sequencing	Mus musculus	ena_host_field	GUT	sample_fields	gut: gut
PRJNA741822	Genome level reveals that probiotics supplementation can alleviate the clinical symptoms of patients with coronary heart disease	Recently, researchers have attempted to positively steer the development of metabolic functions through targeted administration of specific probiotics, thereby preventing and improving related cardiovascular diseases. We conducted a 6-month randomized, double-blind, placebo-controlled clinical trial. Sixty patients with coronary heart disease were randomly divided into the probiotic group (n=36 Probio-M8, statins lipid-lowering drugs and metoprolol) and placebo group (n=24 placebo, statins lipid-lowering drugs and metoprolol). After 6 months of treatment, the angina pectoris of the placebo and probiotic groups were significantly improved, and the improvement effect of patients in the probiotic group was more obvious. The in-depth metagenomic analysis showed that significantly more species-level genome bins (SGBs) of Bifidobacterium adolescentis, Bifidobacterium animalis, Bifidobacterium bifidum, and Ruminococcaceae bacterium were identified in the fecal metagenomes of the probiotic group, while the abundances of SGBs representing the species Roseburia inulinivorans and Eubacterium sp. CAG:115 decreased significantly.	Homo sapiens	ena_host_field	GUT	sample_fields	gut: feces, stool
PRJNA1389899	Metagenomic sequencing of chicken caecal contents before and after heat stress	Metagenomic sequencing of chicken caecal contents before and after heat stress	Gallus gallus	ena_host_field	GUT	sample_fields	gut: cecum, gut
PRJNA1273701	Rattus norvegicus Raw sequence reads	In this study, we collected large and small intestinal samples from 18 Sprague-Dawley rats before and after infection with Toxoplasma gondii for metagenomic sequencing.	Sprague-Dawley rats	ena_host_field	GUT	sample_fields	gut: gut
PRJEB101827	Chromosomal and mobile antimicrobial resistance genes in the chicken caecal microbiome	The One Health Poultry Hub aims to understand and mitigate the spread of antimicrobial resistance and food-borne pathogens across poultry production systems globally. This umbrella BioProject represents datasets generated by the Royal Veterinary College (RVC) node, including metagenomic, amplicon, and long-read sequencing of poultry microbiomes and related environments. The project forms part of the international One Health Poultry Hub consortium (UKRI GCRF, grant BB/S011269/1) and complements other partner datasets archived at the NCBI, including BioProject PRJNA1224230. Data generated under this umbrella will include raw sequence reads, assemblies, and annotated analyses, forming a comprehensive resource for comparative microbiome and antimicrobial-resistance research. These datasets are part of a paper that investigates chromosomally integrated and mobile antimicrobial resistance genes in the chicken caecal microbiomes from Bangladesh, India and Viet Nam. It includes Nanopore reads (fastq.gz), Illumina reads (fastq.gz) and the Ceacal MAGs (fasta/ ASM).	Gallus gallus domesticus	ena_host_field	GUT	sample_fields	gut: caecal, gut
PRJNA899060	Metagenomic sequencing of antimicrobial treatments chlortetracycline and tiamulin in weaned swine	Whole genome sequencing of feces from antibiotic treated swine for microbiome analyses	Sus scrofa domesticus	ena_host_field	GUT	sample_fields	gut: feces, gut
PRJNA825121	shrimp gut metagenome Metagenome	Metagenomic analysis revealed the prevalence of antibiotic resistance genes</p><p>in the gut and living environment of freshwater shrimp	shrimp	ena_host_field	GUT	sample_fields	gut: faeces, feces
PRJNA506751	Puffer fish gut Metagenome	Taxonomic composition and functional annotation of puffer fish gut meta genome	fish	biome_label	GUT	sample_fields	gut: gut
PRJNA1356556	broiler gut and environment metagenome	This project explores the microbial community structure and antibiotic resistance gene profiles in the gut of broiler chickens and their surrounding poultry house environments, including air and cages. Metagenomic sequencing was used to assess microbial diversity and resistome composition across host and environmental compartments. The study aims to reveal potential pathways of antibiotic resistance dissemination within intensive poultry production systems under the One Health framework.	day 0 broiler; day 1 broiler; day 14 broiler; day 28 broiler; day 3 broiler; day 42 broiler; day 7 broiler; environment	ena_host_field	GUT+OTHER	sample_fields	gut: cecum, gut; other: air, soil
PRJNA1006089	Whole metagenomics sequecing raw data of Chinese human feces	Whole metagenomics sequecing raw data of Chinese human feces	Homo sapiens	ena_study_text	GUT	sample_fields	gut: feces
PRJNA794972	Bacterial community of zebrafish intestine Metagenome Metagenome	Inveatigate the changes in bacterial community structure of zebrafish intestine after infection by Aeromonas veronii	fish	biome_label	GUT	sample_fields	gut: gut, intestine
PRJNA613834	Functional Microbial Responses to Alcohol Abstinence in Patients with Alcohol Use Disorder	Excessive alcohol consumption is associated with hepatic steatosis and dysregulation of the gut microbiota in patients with alcohol use disorder. However, how gut microbiota responds when patients stop drinking has not been well studied. In this study, we use shotgun metagenomic sequencing to elucidate the alterations in the functional capacity of gut microbiota in patients with alcohol use disorder when they stop drinking for two-weeks.	Homo sapiens	ena_host_field	GUT	sample_fields	gut: feces
PRJNA1088536	Effects of dietary zinc on the gut microbiome and resistome of the gestating cow and neonatal calf	Zinc is an essential trace element required in the diet of all species. While the effects of zinc have been studied in growing calves, little is known about the effect of zinc on the microbiota of the gestating cow or her neonatal calf. Understanding factors that shape the gut health of neonatal animals and evaluating the effect of dietary supplements in adult gestating animals is important in promoting animal health and informing feeding practices. The aims of this study were to determine the effect of dietary zinc on the microbiota and resistome of the gestating cow and calf. A secondary aim was to determine whether zinc supplementation affected colonization with Clostridioides difficile, an opportunistic pathogen that thrives when the endogenous microbiota is disrupted. Gestating cows received standard (40 ppm) or high (205 ppm) dietary zinc levels from dry off to calving. Fecal samples were collected from cows upon enrollment and at calving and from neonatal calves. Fecal samples underwent 16s rRNA sequencing and a subset also underwent shotgun metagenomic sequencing. The effect of zinc supplementation on the diversity and composition of the cow and calf microbiome and resistome and on the presence of C. difficile was assessed. Alpha and beta diversity and composition of the microbiota were significantly altered over time but not by treatment in the cows, with alpha diversity decreasing and 14 genera found at significantly higher relative abundances at calving compared to enrollment. Levels of 27 antimicrobial resistance genes significantly increased over time. Few taxa were differentially expressed at calving in treatment and control groups, including Faecalibacterium, Bacteroides, Turicibacter, and Bifidobacterium pseudologum. No effect of the dam's treatment group was observed on the diversity or composition of the neonatal calf microbiota. The calf resistome, which was relatively rich and diverse compared to the cow, was also unaffected by the dam's treatment group. The impact of high levels of dietary zinc thus appeared to be minimal, with no observed changes in alpha or beta diversity, and few changes in the relative abundance of a small number of taxa and antimicrobial resistance genes.	Bos taurus	ena_host_field	GUT	sample_fields	gut: gut
PRJNA384716	human metagenome	Infant and mother feces and breast milk metagenome	Homo sapiens	ena_host_field	GUT	sample_fields	gut: feces
PRJNA892774	Metagenome for Echinococcus multilocularis infection	Raw sequence reads of metagenome for Echinococcus multilocularis infection	Mus musculus	ena_host_field	GUT	sample_fields	gut: gut
PRJDB16312	Gut Microbiome Analysis of Japanese Patients with Multiple Chemical Sensitivity	Feces samples of 30 Japanese patients with multiple chemical sensitivity/Idiopathic Environmental Intolerance were collected. The fecal DNA samples were sequenced using the MiSeq (Illumina, Inc. San Diego, CA, USA). For microbial genome/species assignment of the metagenomic reads, 500,000 high-quality metagenomic reads per individual were mapped to reference genomes using Bowtie232 (v2.2.1). For each individual, the filter-passed MiSeq reads were assembled using MEGAHIT (v1.2.4). Prodigal (v2.6.3) was used to predict protein-coding genes (greater than or equal to 100 bp) in contigs (greater than or equal to 500 bp) and singletons (greater than or equal to 300 bp). The non-redundant genes were functionally assigned by alignments against the Kyoto Encyclopedia of Genes and Genomes (KEGG) database (release 2019-10-07) using DIAMOND (e-value less than or equal to 1.0e-5) [20] to obtain KEGG orthologies (KOs).	Homo sapiens	ena_host_field	GUT	sample_fields	gut: feces, gut
PRJNA844935	The gut microbiome in age-related sepsis	The goal of this study was to determine how age-related differences in gut metagenomes influenced the risk of sepsis in a mouse model	Mus musculus	ena_host_field	NON_GUT	sample_fields	other: blood
PRJNA563204	Metagenome of rat feces	Overuse of antibiotics can lead to serious side effects and antibiotic resistance. Moreover, antibiotic therapies can disturb the gut microbiota community, thus result in gut dysbiosis. While metagenomic sequencing, allows for a comprehensive analysis across taxa and potential genome functions. Thus, this study was given antibiotic to rats for one week to induce gut dysbiosis, followed by a two-week recovery with or without receiving probiotic. Changes in the gut microbiota were then compared between the two groups of rats .	rat	ena_host_field	GUT	sample_fields	gut: feces
PRJNA665253	16S rRNA sequencing of swine fecal microbiota during the first three weeks after weaning Raw sequence reads	16S rRNA sequencing of swine fecal microbiota during the first three weeks after weaning	Sus scrofa	ena_host_field	GUT	sample_fields	gut: feces, gut
PRJDB4176	metagenomic data from human fecal samples	Total microbial community DNA was isolated from the fecal samples of Japanese patients who underwent colonoscopy at National Cancer Research Center. The study population contains health, early and advanced cancer stages.	Homo sapiens	ena_host_field	GUT	sample_fields	gut: gut
PRJNA1332145	Antibiotic feeding reshapes the pig gut resistome through diversity loss, vertical consolidation, and ecological reorganization	Antibiotics act as dual agents in the gut microbiome, temporarily suppressing horizontal ARG transfer while promoting the vertical inheritance of resistance. This dual effect highlights the ecological entrenchment of resistance and underscores the necessity of considering both transmission mechanisms and long-term ecological impacts when developing antibiotic stewardship policies.	Sus scrofa	ena_host_field	GUT	sample_fields	gut: gut
PRJNA788958	Horse microbiome data - microbiome resilience	Test of postbiotics from Saccharomyces cerevisiae (TruEquine C, Diamond V, USA) in horses.	Equus caballus	ena_host_field	GUT	sample_fields	gut: feces, gut
PRJEB42282	Cecal microbiota transfer rescues the antibiotic-induced acceleration of type 1 diabetes and alteration of intestinal gene expression	Early-life antibiotic exposure perturbs the intestinal microbiota, alters innate intestinal immunity, and accelerates type 1 diabetes development in the NOD mouse model. Here we found that maternal cecal microbiota transfer (CMT) to NOD mice with early-life antibiotic perturbation partially rescued the induced T1D acceleration. The restoration effects on the intestinal microbiome were substantial and persistent, remediating the antibiotic-depleted diversity, relative abundance of particular taxa, and metabolic pathways. CMT also protected against perturbed cecal and serum metabolites and normalized innate and adaptive immune effectors. CMT restored patterns of ileal microRNA and histone regulation of gene expression and exon-splicing. Based on the analyses of experimental data, we propose an innate intestinal immune network involving CD44, TLR2, and Reg3-gamma, as well as their multiple microRNA and epigenetic regulators that sense intestinal signaling by the gut microbiota. This regulation affects downstream immunological tone, leading to protection against the tissue-specific T1D injury.	Mus musculus	ena_study_text	GUT	sample_fields	gut: feces
PRJEB57228	Dietary intervention of people with Parkinson's disease	Placeholder	Homo sapiens	biome_label	GUT	sample_fields	gut: gut
PRJNA937780	The composition and function of microbial communities in different gastrointestinal segments of sheep	The metagenomic sequencing were performed to explore the composition and function of microbial communities in different gastrointestinal segments of Tan sheep	Ovis aries	ena_host_field	GUT	sample_fields	gut: colon, duodenum, gut, rumen
PRJDB33192	Infands gut virome (PRJCA031650)	Infands gut virome relation with different feeding patterns	Homo sapiens	ena_host_field	GUT	sample_fields	gut: gut
PRJNA373834	Metagenomic analysis of gut microbiota in sows and piglets	We studied the intestinal microbiome in feces from sows, five days after farrowing, their piglets during suckling and two weeks after weaning, 5-day old artificially reared and formula-fed siblings, and FP infected with Clostridium difficile.	Sus scrofa	ena_host_field	GUT	sample_fields	gut: feces, gut
PRJEB47613	HoloFood Chicken Caecum+Ileum Metagenome â non-targeted metabolomics batch	Metagenomic raw reads from a subset of the HoloFood chicken caecum and ileum samples. This batch is the metagenomic counterpart of animals sampled for non-targeted metabolomics all samples come from male animals under control treatment and aged 35 days.	Gallus gallus	ena_host_field	GUT	sample_fields	gut: caecum, gut, ileum
PRJNA942468	Gut microbiome data from 500 Functional Genomics (500FG) project	As part of the 500 Functional Genomics (500FG) project, stool samples from 471 healthy adults were subjected to metagenomic shotgun sequencing (one time point per individual).</p><p>The same stool samples were sequenced again in this BioProject as the PRJNA319574. Compared with PRJNA319574, fecal DNA extraction in this BioProject carried out using QIAamp Fast DNA Stool Mini Kit (QIAGEN).	HV001_G05_0464_BDME190634659-1a_HMJH7DSXX_L1;HV001 G05 0464 BDME190634659-1a HMJH7DSXX L1; HV002_G06_0465_BDME190634660-1a_HMK73DSXX_L3;HV002 G06 0465 BDME190634660-1a HMK73DSXX L3; HV003_G07_0466_BDME190634661-1a_HMJH7DSXX_L1;HV003 G07 0466 BDME190634661-1a HMJH7DSXX L1; HV004_G08_0467_BDME190634662-1a_HMK73DSXX_L4;HV004 G08 0467 BDME190634662-1a HMK73DSXX L4; HV005_G09_0468_BDME190634663-1a_HMNCJDSXX_L2;HV005 G09 0468 BDME190634663-1a HMNCJDSXX L2; HV006_H01_0469_BDME190634664-1a_HMNCJDSXX_L2;HV006 H01 0469 BDME190634664-1a HMNCJDSXX L2; HV007_H02_0470_BDME190634665-1a_HMHM7DSXX_L2;HV007 H02 0470 BDME190634665-1a HMHM7DSXX L2; HV008_H03_0471_BDME190634666-1a_HMJH7DSXX_L1;HV008 H03 0471 BDME190634666-1a HMJH7DSXX L1; HV009_H04_0472_BDME190634667-1a_HTLNHDSXX_L2;HV009 H04 0472 BDME190634667-1a HTLNHDSXX L2; HV010_H05_0473_BDME190634668-1a_HMK73DSXX_L3;HV010 H05 0473 BDME190634668-1a HMK73DSXX L3; HV011_H06_0474_BDME190634669-1a_HMJH7DSXX_L1;HV011 H06 0474 BDME190634669-1a HMJH7DSXX L1; HV012_H07_0475_BDME190634670-1a_HMJH7DSXX_L3;HV012 H07 0475 BDME190634670-1a HMJH7DSXX L3; HV013_H08_0476_BDME190634671-1a_HMJH7DSXX_L1;HV013 H08 0476 BDME190634671-1a HMJH7DSXX L1; HV014_H09_0477_BDME190634672-1a_HMNCJDSXX_L2;HV014 H09 0477 BDME190634672-1a HMNCJDSXX L2; HV015_I01_0478_BDME190634673-1a_HTLNHDSXX_L1;HV015 I01 0478 BDME190634673-1a HTLNHDSXX L1; HV016_I02_0479_BDME190634674-1a_HTLNHDSXX_L1;HV016 I02 0479 BDME190634674-1a HTLNHDSXX L1; HV017_I03_0480_BDME190634675-1a_HMHMLDSXX_L3;HV017 I03 0480 BDME190634675-1a HMHMLDSXX L3; HV018_I04_0481_BDME190634676-1a_HMJH7DSXX_L2;HV018 I04 0481 BDME190634676-1a HMJH7DSXX L2; HV019_I05_0482_BDME190634677-1a_HMJLWDSXX_L1;HV019 I05 0482 BDME190634677-1a HMJLWDSXX L1; HV020_I06_0483_BDME190634678-1a_HMJH7DSXX_L4;HV020 I06 0483 BDME190634678-1a HMJH7DSXX L4; HV021_I07_0484_BDME190634679-1a_HMK73DSXX_L4;HV021 I07 0484 BDME190634679-1a HMK73DSXX L4; HV022_I08_0485_BDME190634680-1a_HMK73DSXX_L4;HV022 I08 0485 BDME190634680-1a HMK73DSXX L4; HV023_I09_0486_BDME190634681-1a_HMJH7DSXX_L1;HV023 I09 0486 BDME190634681-1a HMJH7DSXX L1; HV024_A01_0487_BDME190634682-1a_HMNCJDSXX_L2;HV024 A01 0487 BDME190634682-1a HMNCJDSXX L2; HV025_A02_0488_BDME190634683-1a_HMK73DSXX_L4;HV025 A02 0488 BDME190634683-1a HMK73DSXX L4; HV026_A03_0489_BDME190634684-1a_HTLYJDSXX_L4;HV026 A03 0489 BDME190634684-1a HTLYJDSXX L4; HV027_A04_0490_BDME190634685-1a_HMHMLDSXX_L3;HV027 A04 0490 BDME190634685-1a HMHMLDSXX L3; HV028_A05_0491_BDME190634686-1a_HMJH7DSXX_L2;HV028 A05 0491 BDME190634686-1a HMJH7DSXX L2; HV029_A06_0492_BDME190634687-1a_HMJLWDSXX_L4;HV029 A06 0492 BDME190634687-1a HMJLWDSXX L4; HV030_A07_0493_BDME190634688-1a_HMJH7DSXX_L2;HV030 A07 0493 BDME190634688-1a HMJH7DSXX L2; HV031_A08_0494_BDME190634689-1a_HMHM7DSXX_L3;HV031 A08 0494 BDME190634689-1a HMHM7DSXX L3; HV032_A09_0495_BDME190634690-1a_HTLYJDSXX_L3;HV032 A09 0495 BDME190634690-1a HTLYJDSXX L3; HV033_B01_0496_BDME190634691-1a_HMF2TDSXX_L4;HV033 B01 0496 BDME190634691-1a HMF2TDSXX L4; HV034_B02_0497_BDME190634692-1a_HMF2TDSXX_L4;HV034 B02 0497 BDME190634692-1a HMF2TDSXX L4; HV035_B03_0498_BDME190634693-1a_HMJH7DSXX_L1;HV035 B03 0498 BDME190634693-1a HMJH7DSXX L1; HV036_B04_0499_BDME190634694-1a_HTLNHDSXX_L1;HV036 B04 0499 BDME190634694-1a HTLNHDSXX L1; HV037_B05_0500_BDME190634695-1a_HMJH7DSXX_L1;HV037 B05 0500 BDME190634695-1a HMJH7DSXX L1; HV038_B06_0501_BDME190634696-1a_HTLNHDSXX_L2;HV038 B06 0501 BDME190634696-1a HTLNHDSXX L2; HV039_B07_0502_BDME190634697-1a_HMJH7DSXX_L1;HV039 B07 0502 BDME190634697-1a HMJH7DSXX L1; HV040_B08_0503_BDME190634698-1a_HMJH7DSXX_L1;HV040 B08 0503 BDME190634698-1a HMJH7DSXX L1; HV041_B09_0504_BDME190634699-1a_HMJH7DSXX_L2;HV041 B09 0504 BDME190634699-1a HMJH7DSXX L2; HV042_C01_0505_BDME190634700-1a_HMJH7DSXX_L1;HV042 C01 0505 BDME190634700-1a HMJH7DSXX L1; HV043_C02_0506_BDME190634701-1a_HMJH7DSXX_L1;HV043 C02 0506 BDME190634701-1a HMJH7DSXX L1; HV044_C03_0507_BDME190634702-1a_HMJH7DSXX_L1;HV044 C03 0507 BDME190634702-1a HMJH7DSXX L1; HV045_C04_0508_BDME190634703-1a_HMJH7DSXX_L2;HV045 C04 0508 BDME190634703-1a HMJH7DSXX L2; HV046_C05_0509_BDME190634704-1a_HMJH7DSXX_L2;HV046 C05 0509 BDME190634704-1a HMJH7DSXX L2; HV047_C06_0510_BDME190634705-1a_HMJH7DSXX_L1;HV047 C06 0510 BDME190634705-1a HMJH7DSXX L1; HV048_C07_0511_BDME190634706-1a_HTMC3DSXX_L3;HV048 C07 0511 BDME190634706-1a HTMC3DSXX L3; HV049_C08_0512_BDME190634707-1a_HMJLWDSXX_L1;HV049 C08 0512 BDME190634707-1a HMJLWDSXX L1; HV050_C09_0513_BDME190634708-1a_HTMC3DSXX_L3;HV050 C09 0513 BDME190634708-1a HTMC3DSXX L3; HV051_D01_0514_BDME190634709-1a_HNHY2DSXX_L4;HV051 D01 0514 BDME190634709-1a HNHY2DSXX L4; HV052_D02_0515_BDME190634710-1a_HTMC3DSXX_L3;HV052 D02 0515 BDME190634710-1a HTMC3DSXX L3; HV053_D03_0516_BDME190634711-1a_HMJH7DSXX_L1;HV053 D03 0516 BDME190634711-1a HMJH7DSXX L1; HV054_D04_0517_BDME190634712-1a_HMJH7DSXX_L2;HV054 D04 0517 BDME190634712-1a HMJH7DSXX L2; HV055_D05_0518_BDME190634713-1a_HMJH7DSXX_L2;HV055 D05 0518 BDME190634713-1a HMJH7DSXX L2; HV057_D07_0520_BDME190634715-1a_HTMC3DSXX_L3;HV057 D07 0520 BDME190634715-1a HTMC3DSXX L3; HV058_D08_0521_BDME190634716-1a_HTMC3DSXX_L3;HV058 D08 0521 BDME190634716-1a HTMC3DSXX L3; HV059_D09_0522_BDME190634717-1a_HMJH7DSXX_L2;HV059 D09 0522 BDME190634717-1a HMJH7DSXX L2; HV060_E01_0523_BDME190634718-1a_HMJH7DSXX_L2;HV060 E01 0523 BDME190634718-1a HMJH7DSXX L2; HV062_E03_0525_BDME190634720-1a_HMJH7DSXX_L1;HV062 E03 0525 BDME190634720-1a HMJH7DSXX L1; HV063_E04_0526_BDME190634721-1a_HMJH7DSXX_L1;HV063 E04 0526 BDME190634721-1a HMJH7DSXX L1; HV064_E05_0527_BDME190634722-1a_HMJH7DSXX_L1;HV064 E05 0527 BDME190634722-1a HMJH7DSXX L1; HV065_E06_0528_BDME190634723-1a_HMK73DSXX_L4;HV065 E06 0528 BDME190634723-1a HMK73DSXX L4; HV066_E07_0529_BDME190634724-1a_HMJH7DSXX_L2;HV066 E07 0529 BDME190634724-1a HMJH7DSXX L2; HV067_E08_0530_BDME190634725-1a_HMJH7DSXX_L1;HV067 E08 0530 BDME190634725-1a HMJH7DSXX L1; HV068_E09_0531_BDME190634726-1a_HTLNHDSXX_L1;HV068 E09 0531 BDME190634726-1a HTLNHDSXX L1; HV069_F01_0532_BDME190634727-1a_HMK73DSXX_L3;HV069 F01 0532 BDME190634727-1a HMK73DSXX L3; HV070_F02_0533_BDME190634728-1a_HMHMLDSXX_L1;HV070 F02 0533 BDME190634728-1a HMHMLDSXX L1; HV071_F03_0534_BDME190634729-1a_HMJH7DSXX_L2;HV071 F03 0534 BDME190634729-1a HMJH7DSXX L2; HV072_F04_0535_BDME190634730-1a_HMJH5DSXX_L1;HV072 F04 0535 BDME190634730-1a HMJH5DSXX L1; HV073_F05_0536_BDME190634731-1a_HMJH7DSXX_L1;HV073 F05 0536 BDME190634731-1a HMJH7DSXX L1; HV074_F06_0537_BDME190634732-1a_HMJH7DSXX_L4;HV074 F06 0537 BDME190634732-1a HMJH7DSXX L4; HV075_F07_0538_BDME190634733-1a_HMJH7DSXX_L1;HV075 F07 0538 BDME190634733-1a HMJH7DSXX L1; HV076_F08_0539_BDME190634734-1a_HMJH7DSXX_L2;HV076 F08 0539 BDME190634734-1a HMJH7DSXX L2; HV077_F09_0540_BDME190634735-1a_HMGLJDSXX_L2;HV077 F09 0540 BDME190634735-1a HMGLJDSXX L2; HV078_G01_0541_BDME190634736-1a_HMJH7DSXX_L1;HV078 G01 0541 BDME190634736-1a HMJH7DSXX L1; HV079_G02_0542_BDME190634737-1a_HTMF7DSXX_L1;HV079 G02 0542 BDME190634737-1a HTMF7DSXX L1; HV080_G03_0543_BDME190634738-1a_HMJH7DSXX_L1;HV080 G03 0543 BDME190634738-1a HMJH7DSXX L1; HV081_G04_0544_BDME190634739-1a_HMJH7DSXX_L2;HV081 G04 0544 BDME190634739-1a HMJH7DSXX L2; HV082_G05_0545_BDME190634740-1a_HMJH7DSXX_L1;HV082 G05 0545 BDME190634740-1a HMJH7DSXX L1; HV083_G06_0546_BDME190634741-1a_HMJH7DSXX_L2;HV083 G06 0546 BDME190634741-1a HMJH7DSXX L2; HV084_G07_0547_BDME190634742-1a_HMJH7DSXX_L2;HV084 G07 0547 BDME190634742-1a HMJH7DSXX L2; HV085_G08_0548_BDME190634743-1a_HMJH7DSXX_L2;HV085 G08 0548 BDME190634743-1a HMJH7DSXX L2; HV086_G09_0549_BDME190634744-1a_HMJH7DSXX_L2;HV086 G09 0549 BDME190634744-1a HMJH7DSXX L2; HV087_H01_0550_BDME190634745-1a_HTLHGDSXX_L3;HV087 H01 0550 BDME190634745-1a HTLHGDSXX L3; HV088_H02_0551_BDME190634746-1a_HTMF7DSXX_L1;HV088 H02 0551 BDME190634746-1a HTMF7DSXX L1; HV089_H03_0552_BDME190634747-1a_HTLNHDSXX_L1;HV089 H03 0552 BDME190634747-1a HTLNHDSXX L1; HV090_H04_0553_BDME190634748-1a_HMJH7DSXX_L1;HV090 H04 0553 BDME190634748-1a HMJH7DSXX L1; HV091_H05_0554_BDME190634749-1a_HTMF7DSXX_L1;HV091 H05 0554 BDME190634749-1a HTMF7DSXX L1; HV092_H06_0555_BDME190634750-1a_HMJH7DSXX_L2;HV092 H06 0555 BDME190634750-1a HMJH7DSXX L2; HV093_H07_0556_BDME190634751-1a_HMJH7DSXX_L1;HV093 H07 0556 BDME190634751-1a HMJH7DSXX L1; HV094_H08_0557_BDME190634752-1a_HMHM7DSXX_L2;HV094 H08 0557 BDME190634752-1a HMHM7DSXX L2; HV095_H09_0558_BDME190634753-1a_HMK73DSXX_L4;HV095 H09 0558 BDME190634753-1a HMK73DSXX L4; HV096_I01_0559_BDME190634754-1a_HMJH7DSXX_L1;HV096 I01 0559 BDME190634754-1a HMJH7DSXX L1; HV097_I02_0560_BDME190634755-1a_HMK73DSXX_L3;HV097 I02 0560 BDME190634755-1a HMK73DSXX L3; HV098_I03_0561_BDME190634756-1a_HMJH7DSXX_L1;HV098 I03 0561 BDME190634756-1a HMJH7DSXX L1; HV099_I04_0562_BDME190634757-1a_HTLNHDSXX_L1;HV099 I04 0562 BDME190634757-1a HTLNHDSXX L1; HV100_I05_0563_BDME190634758-1a_HMJH7DSXX_L1;HV100 I05 0563 BDME190634758-1a HMJH7DSXX L1; HV101_I06_0564_BDME190634759-1a_HMHMLDSXX_L2;HV101 I06 0564 BDME190634759-1a HMHMLDSXX L2; HV103_I08_0566_BDME190634761-1a_HTMC3DSXX_L3;HV103 I08 0566 BDME190634761-1a HTMC3DSXX L3; HV104_I09_0567_BDME190634762-1a_HMK73DSXX_L3;HV104 I09 0567 BDME190634762-1a HMK73DSXX L3; HV105_A01_0568_BDME190634763-1a_HMJH7DSXX_L4;HV105 A01 0568 BDME190634763-1a HMJH7DSXX L4; HV107_A03_0570_BDME190634765-1a_HMHMLDSXX_L3;HV107 A03 0570 BDME190634765-1a HMHMLDSXX L3; HV108_A04_0571_BDME190634766-1a_HMHNLDSXX_L3;HV108 A04 0571 BDME190634766-1a HMHNLDSXX L3; HV109_A05_0572_BDME190634767-1a_HMJLWDSXX_L1;HV109 A05 0572 BDME190634767-1a HMJLWDSXX L1; HV110_A06_0573_BDME190634768-1a_HMK73DSXX_L4;HV110 A06 0573 BDME190634768-1a HMK73DSXX L4; HV111_A07_0574_BDME190634769-1a_HTLHGDSXX_L2;HV111 A07 0574 BDME190634769-1a HTLHGDSXX L2; HV112_A08_0575_BDME190634770-1a_HMJH7DSXX_L4;HV112 A08 0575 BDME190634770-1a HMJH7DSXX L4; HV113_A09_0576_BDME190634771-1a_HMHNLDSXX_L3;HV113 A09 0576 BDME190634771-1a HMHNLDSXX L3; HV114_B01_0577_BDME190634772-1a_HMJH7DSXX_L1;HV114 B01 0577 BDME190634772-1a HMJH7DSXX L1; HV115_B02_0578_BDME190634773-1a_HMK73DSXX_L4;HV115 B02 0578 BDME190634773-1a HMK73DSXX L4; HV116_B03_0579_BDME190634774-1a_HTMC3DSXX_L3;HV116 B03 0579 BDME190634774-1a HTMC3DSXX L3; HV117_B04_0580_BDME190634775-1a_HMHNLDSXX_L2;HV117 B04 0580 BDME190634775-1a HMHNLDSXX L2; HV118_B05_0581_BDME190634776-1a_HMK73DSXX_L4;HV118 B05 0581 BDME190634776-1a HMK73DSXX L4; HV119_B06_0582_BDME190634777-1a_HMJH7DSXX_L1;HV119 B06 0582 BDME190634777-1a HMJH7DSXX L1; HV120_B07_0583_BDME190634778-1a_HMGLJDSXX_L2;HV120 B07 0583 BDME190634778-1a HMGLJDSXX L2; HV121_B08_0584_BDME190634779-1a_HTLNHDSXX_L1;HV121 B08 0584 BDME190634779-1a HTLNHDSXX L1; HV122_B09_0585_BDME190634780-1a_HTLHGDSXX_L2;HV122 B09 0585 BDME190634780-1a HTLHGDSXX L2; HV123_C01_0586_BDME190634781-1a_HMJH7DSXX_L4;HV123 C01 0586 BDME190634781-1a HMJH7DSXX L4; HV124_C02_0587_BDME190634782-1a_HMK73DSXX_L4;HV124 C02 0587 BDME190634782-1a HMK73DSXX L4; HV125_C03_0588_BDME190634783-1a_HTLNHDSXX_L1;HV125 C03 0588 BDME190634783-1a HTLNHDSXX L1; HV126_C04_0589_BDME190634784-1a_HMK73DSXX_L4;HV126 C04 0589 BDME190634784-1a HMK73DSXX L4; HV127_C05_0590_BDME190634785-1a_HMHM7DSXX_L2;HV127 C05 0590 BDME190634785-1a HMHM7DSXX L2; HV128_C06_0591_BDME190634786-1a_HMHNLDSXX_L3;HV128 C06 0591 BDME190634786-1a HMHNLDSXX L3; HV129_C07_0592_BDME190634787-1a_HMHNLDSXX_L3;HV129 C07 0592 BDME190634787-1a HMHNLDSXX L3; HV130_C08_0593_BDME190634788-1a_HMJH5DSXX_L4;HV130 C08 0593 BDME190634788-1a HMJH5DSXX L4; HV131_C09_0594_BDME190634789-1a_HMJH7DSXX_L1;HV131 C09 0594 BDME190634789-1a HMJH7DSXX L1; HV132_D01_0595_BDME190634790-1a_HMJH7DSXX_L4;HV132 D01 0595 BDME190634790-1a HMJH7DSXX L4; HV133_D02_0596_BDME190634791-1a_HMHMLDSXX_L3;HV133 D02 0596 BDME190634791-1a HMHMLDSXX L3; HV134_D03_0597_BDME190634792-1a_HTLHGDSXX_L3;HV134 D03 0597 BDME190634792-1a HTLHGDSXX L3; HV135_D04_0598_BDME190634793-1a_HMJH7DSXX_L4;HV135 D04 0598 BDME190634793-1a HMJH7DSXX L4; HV136_D05_0599_BDME190634794-1a_HMHNLDSXX_L3;HV136 D05 0599 BDME190634794-1a HMHNLDSXX L3; HV137_D06_0600_BDME190634795-1a_HMJH7DSXX_L4;HV137 D06 0600 BDME190634795-1a HMJH7DSXX L4; HV138_D07_0601_BDME190634796-1a_HMJH7DSXX_L4;HV138 D07 0601 BDME190634796-1a HMJH7DSXX L4; HV139_D08_0602_BDME190634797-1a_HMHMLDSXX_L2;HV139 D08 0602 BDME190634797-1a HMHMLDSXX L2; HV140_D09_0603_BDME190634798-1a_HMJF3DSXX_L4;HV140 D09 0603 BDME190634798-1a HMJF3DSXX L4; HV141_E01_0604_BDME190634799-1a_HMHMLDSXX_L2;HV141 E01 0604 BDME190634799-1a HMHMLDSXX L2; HV142_E02_0605_BDME190634800-1a_HMHNLDSXX_L3;HV142 E02 0605 BDME190634800-1a HMHNLDSXX L3; HV143_E03_0606_BDME190634801-1a_HMJ5GDSXX_L2;HV143 E03 0606 BDME190634801-1a HMJ5GDSXX L2; HV144_E04_0607_BDME190634802-1a_HMJH7DSXX_L1;HV144 E04 0607 BDME190634802-1a HMJH7DSXX L1; HV145_E05_0608_BDME190634803-1a_HTLYJDSXX_L3;HV145 E05 0608 BDME190634803-1a HTLYJDSXX L3; HV146_E06_0609_BDME190634804-1a_HMGLJDSXX_L3;HV146 E06 0609 BDME190634804-1a HMGLJDSXX L3; HV148_E08_0611_BDME190634806-1a_HMGLJDSXX_L1;HV148 E08 0611 BDME190634806-1a HMGLJDSXX L1; HV149_E09_0612_BDME190634807-1a_HMJH7DSXX_L4;HV149 E09 0612 BDME190634807-1a HMJH7DSXX L4; HV150_F01_0613_BDME190634808-1a_HMHNLDSXX_L4;HV150 F01 0613 BDME190634808-1a HMHNLDSXX L4; HV151_F02_0614_BDME190634809-1a_HMJLWDSXX_L2;HV151 F02 0614 BDME190634809-1a HMJLWDSXX L2; HV152_F03_0615_BDME190634810-1a_HMJH7DSXX_L4;HV152 F03 0615 BDME190634810-1a HMJH7DSXX L4; HV153_F04_0616_BDME190634811-1a_HMHNLDSXX_L3;HV153 F04 0616 BDME190634811-1a HMHNLDSXX L3; HV154_F05_0617_BDME190634812-1a_HMHNLDSXX_L3;HV154 F05 0617 BDME190634812-1a HMHNLDSXX L3; HV155_F06_0618_BDME190634813-1a_HMK73DSXX_L3;HV155 F06 0618 BDME190634813-1a HMK73DSXX L3; HV156_F07_0619_BDME190634814-1a_HTMC3DSXX_L4;HV156 F07 0619 BDME190634814-1a HTMC3DSXX L4; HV157_F08_0620_BDME190634815-1a_HMJLWDSXX_L1;HV157 F08 0620 BDME190634815-1a HMJLWDSXX L1; HV158_F09_0621_BDME190634816-1a_HMHNLDSXX_L2;HV158 F09 0621 BDME190634816-1a HMHNLDSXX L2; HV159_G01_0622_BDME190634817-1a_HMHNLDSXX_L3;HV159 G01 0622 BDME190634817-1a HMHNLDSXX L3; HV160_G02_0623_BDME190634818-1a_HMK73DSXX_L4;HV160 G02 0623 BDME190634818-1a HMK73DSXX L4; HV161_G03_0624_BDME190634819-1a_HTMC3DSXX_L3;HV161 G03 0624 BDME190634819-1a HTMC3DSXX L3; HV162_G04_0625_BDME190634820-1a_HMHNLDSXX_L3;HV162 G04 0625 BDME190634820-1a HMHNLDSXX L3; HV163_G05_0626_BDME190634821-1a_HMK73DSXX_L4;HV163 G05 0626 BDME190634821-1a HMK73DSXX L4; HV164_G06_0627_BDME190634822-1a_HMJF3DSXX_L4;HV164 G06 0627 BDME190634822-1a HMJF3DSXX L4; HV165_G07_0628_BDME190634823-1a_HMHNLDSXX_L3;HV165 G07 0628 BDME190634823-1a HMHNLDSXX L3; HV166_G08_0629_BDME190634824-1a_HTMC3DSXX_L3;HV166 G08 0629 BDME190634824-1a HTMC3DSXX L3; HV167_G09_0630_BDME190634825-1a_HMHNLDSXX_L3;HV167 G09 0630 BDME190634825-1a HMHNLDSXX L3; HV168_H01_0631_BDME190634826-1a_HTMC3DSXX_L3;HV168 H01 0631 BDME190634826-1a HTMC3DSXX L3; HV169_H02_0632_BDME190634827-1a_HMHNLDSXX_L2;HV169 H02 0632 BDME190634827-1a HMHNLDSXX L2; HV170_H03_0633_BDME190634828-1a_HMGLJDSXX_L2;HV170 H03 0633 BDME190634828-1a HMGLJDSXX L2; HV171_H04_0634_BDME190634829-1a_HMK73DSXX_L4;HV171 H04 0634 BDME190634829-1a HMK73DSXX L4; HV172_H05_0635_BDME190634830-1a_HTMC3DSXX_L3;HV172 H05 0635 BDME190634830-1a HTMC3DSXX L3; HV173_H06_0636_BDME190634831-1a_HMK73DSXX_L4;HV173 H06 0636 BDME190634831-1a HMK73DSXX L4; HV174_H07_0637_BDME190634832-1a_HMHNLDSXX_L3;HV174 H07 0637 BDME190634832-1a HMHNLDSXX L3; HV175_H08_0638_BDME190634833-1a_HTLNHDSXX_L1;HV175 H08 0638 BDME190634833-1a HTLNHDSXX L1; HV176_H09_0639_BDME190634834-1a_HMHNLDSXX_L4;HV176 H09 0639 BDME190634834-1a HMHNLDSXX L4; HV177_I01_0640_BDME190634835-1a_HMJH7DSXX_L1;HV177 I01 0640 BDME190634835-1a HMJH7DSXX L1; HV178_I02_0641_BDME190634836-1a_HMJH7DSXX_L1;HV178 I02 0641 BDME190634836-1a HMJH7DSXX L1; HV179_I03_0642_BDME190634837-1a_HMJH7DSXX_L4;HV179 I03 0642 BDME190634837-1a HMJH7DSXX L4; HV180_I04_0643_BDME190634838-1a_HMHMLDSXX_L1;HV180 I04 0643 BDME190634838-1a HMHMLDSXX L1; HV181_I05_0644_BDME190634839-1a_HMHNLDSXX_L4;HV181 I05 0644 BDME190634839-1a HMHNLDSXX L4; HV182_I06_0645_BDME190634840-1a_HMHMLDSXX_L2;HV182 I06 0645 BDME190634840-1a HMHMLDSXX L2; HV183_I07_0646_BDME190634841-1a_HMHM7DSXX_L2;HV183 I07 0646 BDME190634841-1a HMHM7DSXX L2; HV184_I08_0647_BDME190634842-1a_HTLHGDSXX_L3;HV184 I08 0647 BDME190634842-1a HTLHGDSXX L3; HV185_I09_0648_BDME190634843-1a_HTMC3DSXX_L3;HV185 I09 0648 BDME190634843-1a HTMC3DSXX L3; HV186_A01_0649_BDME190634844-1a_HMHNLDSXX_L2;HV186 A01 0649 BDME190634844-1a HMHNLDSXX L2; HV187_A02_0650_BDME190634845-1a_HMHNLDSXX_L4;HV187 A02 0650 BDME190634845-1a HMHNLDSXX L4; HV188_A03_0651_BDME190634846-1a_HMHNLDSXX_L3;HV188 A03 0651 BDME190634846-1a HMHNLDSXX L3; HV189_A04_0652_BDME190634847-1a_HMHNLDSXX_L3;HV189 A04 0652 BDME190634847-1a HMHNLDSXX L3; HV190_A05_0653_BDME190634848-1a_HMHNLDSXX_L3;HV190 A05 0653 BDME190634848-1a HMHNLDSXX L3; HV191_A06_0654_BDME190634849-1a_HMHM7DSXX_L2;HV191 A06 0654 BDME190634849-1a HMHM7DSXX L2; HV192_A07_0655_BDME190634850-1a_HMHM7DSXX_L3;HV192 A07 0655 BDME190634850-1a HMHM7DSXX L3; HV193_A08_0656_BDME190634851-1a_HTMC3DSXX_L3;HV193 A08 0656 BDME190634851-1a HTMC3DSXX L3; HV194_A09_0657_BDME190634852-1a_HTLNHDSXX_L4;HV194 A09 0657 BDME190634852-1a HTLNHDSXX L4; HV195_B01_0658_BDME190634853-1a_HMHMLDSXX_L2;HV195 B01 0658 BDME190634853-1a HMHMLDSXX L2; HV196_B02_0659_BDME190634854-1a_HMHNLDSXX_L3;HV196 B02 0659 BDME190634854-1a HMHNLDSXX L3; HV197_B03_0660_BDME190634855-1a_HMK73DSXX_L4;HV197 B03 0660 BDME190634855-1a HMK73DSXX L4; HV198_B04_0661_BDME190634856-1a_HN2JLDSXX_L3;HV198 B04 0661 BDME190634856-1a HN2JLDSXX L3; HV199_B05_0662_BDME190634857-1a_HTLNHDSXX_L1;HV199 B05 0662 BDME190634857-1a HTLNHDSXX L1; HV200_B06_0663_BDME190634858-1a_HTMC3DSXX_L3;HV200 B06 0663 BDME190634858-1a HTMC3DSXX L3; HV201_B07_0664_BDME190634859-1a_HN2JLDSXX_L3;HV201 B07 0664 BDME190634859-1a HN2JLDSXX L3; HV202_B08_0665_BDME190634860-1a_HN2JLDSXX_L3;HV202 B08 0665 BDME190634860-1a HN2JLDSXX L3; HV203_B09_0666_BDME190634861-1a_HN2JLDSXX_L3;HV203 B09 0666 BDME190634861-1a HN2JLDSXX L3; HV205_C02_0668_BDME190634863-1a_HN2JLDSXX_L3;HV205 C02 0668 BDME190634863-1a HN2JLDSXX L3; HV206_C03_0669_BDME190634864-1a_HMHNLDSXX_L2;HV206 C03 0669 BDME190634864-1a HMHNLDSXX L2; HV207_C04_0670_BDME190634865-1a_HMHNLDSXX_L2;HV207 C04 0670 BDME190634865-1a HMHNLDSXX L2; HV208_C05_0671_BDME190634866-1a_HN2JLDSXX_L3;HV208 C05 0671 BDME190634866-1a HN2JLDSXX L3; HV209_C06_0672_BDME190634867-1a_HMHMLDSXX_L3;HV209 C06 0672 BDME190634867-1a HMHMLDSXX L3; HV210_C07_0673_BDME190634868-1a_HTMC3DSXX_L2;HV210 C07 0673 BDME190634868-1a HTMC3DSXX L2; HV211_C08_0674_BDME190634869-1a_HNKMHDSXX_L4;HV211 C08 0674 BDME190634869-1a HNKMHDSXX L4; HV212_C09_0675_BDME190634870-1a_HMHMLDSXX_L3;HV212 C09 0675 BDME190634870-1a HMHMLDSXX L3; HV213_D01_0676_BDME190634871-1a_HTLHGDSXX_L3;HV213 D01 0676 BDME190634871-1a HTLHGDSXX L3; HV214_D02_0677_BDME190634872-1a_HMJLWDSXX_L2;HV214 D02 0677 BDME190634872-1a HMJLWDSXX L2; HV215_D03_0678_BDME190634873-1a_HMHNLDSXX_L2;HV215 D03 0678 BDME190634873-1a HMHNLDSXX L2; HV216_D04_0679_BDME190634874-1a_HMHNLDSXX_L2;HV216 D04 0679 BDME190634874-1a HMHNLDSXX L2; HV217_D05_0680_BDME190634875-1a_HTMC3DSXX_L3;HV217 D05 0680 BDME190634875-1a HTMC3DSXX L3; HV218_D06_0681_BDME190634876-1a_HTMC3DSXX_L3;HV218 D06 0681 BDME190634876-1a HTMC3DSXX L3; HV219_D07_0682_BDME190634877-1a_HTMC3DSXX_L3;HV219 D07 0682 BDME190634877-1a HTMC3DSXX L3; HV220_D08_0683_BDME190634878-1a_HMK73DSXX_L4;HV220 D08 0683 BDME190634878-1a HMK73DSXX L4; HV221_D09_0684_BDME190634879-1a_HMHM7DSXX_L1;HV221 D09 0684 BDME190634879-1a HMHM7DSXX L1; HV222_E01_0685_BDME190634880-1a_HTLHGDSXX_L2;HV222 E01 0685 BDME190634880-1a HTLHGDSXX L2; HV223_E02_0686_BDME190634881-1a_HN2JLDSXX_L3;HV223 E02 0686 BDME190634881-1a HN2JLDSXX L3; HV224_E03_0687_BDME190634882-1a_HN2JLDSXX_L3;HV224 E03 0687 BDME190634882-1a HN2JLDSXX L3; HV225_E04_0688_BDME190634883-1a_HN2JLDSXX_L3;HV225 E04 0688 BDME190634883-1a HN2JLDSXX L3; HV226_E05_0689_BDME190634884-1a_HTLHGDSXX_L3;HV226 E05 0689 BDME190634884-1a HTLHGDSXX L3; HV227_E06_0690_BDME190634885-1a_HMK73DSXX_L4;HV227 E06 0690 BDME190634885-1a HMK73DSXX L4; HV228_E07_0691_BDME190634886-1a_HTMC3DSXX_L3;HV228 E07 0691 BDME190634886-1a HTMC3DSXX L3; HV229_E08_0692_BDME190634887-1a_HTMC3DSXX_L3;HV229 E08 0692 BDME190634887-1a HTMC3DSXX L3; HV230_E09_0693_BDME190634888-1a_HMHM7DSXX_L1;HV230 E09 0693 BDME190634888-1a HMHM7DSXX L1; HV231_F01_0694_BDME190634889-1a_HTMC3DSXX_L3;HV231 F01 0694 BDME190634889-1a HTMC3DSXX L3; HV232_F02_0695_BDME190634890-1a_HTMC3DSXX_L3;HV232 F02 0695 BDME190634890-1a HTMC3DSXX L3; HV233_F03_0696_BDME190634891-1a_HN2JLDSXX_L2;HV233 F03 0696 BDME190634891-1a HN2JLDSXX L2; HV234_F04_0697_BDME190634892-1a_HN2JLDSXX_L3;HV234 F04 0697 BDME190634892-1a HN2JLDSXX L3; HV235_F05_0698_BDME190634893-1a_HTLNHDSXX_L1;HV235 F05 0698 BDME190634893-1a HTLNHDSXX L1; HV236_F06_0699_BDME190634894-1a_HMK73DSXX_L3;HV236 F06 0699 BDME190634894-1a HMK73DSXX L3; HV237_F07_0700_BDME190634895-1a_HN2JLDSXX_L3;HV237 F07 0700 BDME190634895-1a HN2JLDSXX L3; HV238_F08_0701_BDME190634896-1a_HMHNLDSXX_L2;HV238 F08 0701 BDME190634896-1a HMHNLDSXX L2; HV239_F09_0702_BDME190634897-1a_HN2JLDSXX_L2;HV239 F09 0702 BDME190634897-1a HN2JLDSXX L2; HV240_G01_0703_BDME190634898-1a_HMGLJDSXX_L1;HV240 G01 0703 BDME190634898-1a HMGLJDSXX L1; HV241_G02_0704_BDME190634899-1a_HMGLJDSXX_L2;HV241 G02 0704 BDME190634899-1a HMGLJDSXX L2; HV242_G03_0705_BDME190634900-1a_HTMC3DSXX_L3;HV242 G03 0705 BDME190634900-1a HTMC3DSXX L3; HV243_G04_0706_BDME190634901-1a_HMGLJDSXX_L3;HV243 G04 0706 BDME190634901-1a HMGLJDSXX L3; HV244_G05_0707_BDME190634902-1a_HMK73DSXX_L3;HV244 G05 0707 BDME190634902-1a HMK73DSXX L3; HV245_G06_0708_BDME190634903-1a_HMK73DSXX_L3;HV245 G06 0708 BDME190634903-1a HMK73DSXX L3; HV246_G07_0709_BDME190634904-1a_HMK73DSXX_L4;HV246 G07 0709 BDME190634904-1a HMK73DSXX L4; HV247_G08_0710_BDME190634905-1a_HTLHGDSXX_L3;HV247 G08 0710 BDME190634905-1a HTLHGDSXX L3; HV248_G09_0711_BDME190634906-1a_HMHNLDSXX_L3;HV248 G09 0711 BDME190634906-1a HMHNLDSXX L3; HV249_H01_0712_BDME190634907-1a_HMJJ3DSXX_L4;HV249 H01 0712 BDME190634907-1a HMJJ3DSXX L4; HV250_H02_0713_BDME190634908-1a_HN2JLDSXX_L3;HV250 H02 0713 BDME190634908-1a HN2JLDSXX L3; HV251_H03_0714_BDME190634909-1a_HMK73DSXX_L4;HV251 H03 0714 BDME190634909-1a HMK73DSXX L4; HV252_H04_0715_BDME190634910-1a_HN2JLDSXX_L3;HV252 H04 0715 BDME190634910-1a HN2JLDSXX L3; HV253_H05_0716_BDME190634911-1a_HMHMLDSXX_L2;HV253 H05 0716 BDME190634911-1a HMHMLDSXX L2; HV254_H06_0717_BDME190634912-1a_HN2JLDSXX_L2;HV254 H06 0717 BDME190634912-1a HN2JLDSXX L2; HV255_H07_0718_BDME190634913-1a_HMHNLDSXX_L2;HV255 H07 0718 BDME190634913-1a HMHNLDSXX L2; HV256_H08_0719_BDME190634914-1a_HMHNLDSXX_L2;HV256 H08 0719 BDME190634914-1a HMHNLDSXX L2; HV257_H09_0720_BDME190634915-1a_HMK73DSXX_L4;HV257 H09 0720 BDME190634915-1a HMK73DSXX L4; HV258_I01_0721_BDME190634916-1a_HNKMHDSXX_L4;HV258 I01 0721 BDME190634916-1a HNKMHDSXX L4; HV259_I02_0722_BDME190634917-1a_HTLHGDSXX_L3;HV259 I02 0722 BDME190634917-1a HTLHGDSXX L3; HV260_I03_0723_BDME190634918-1a_HMHMLDSXX_L3;HV260 I03 0723 BDME190634918-1a HMHMLDSXX L3; HV261_I04_0724_BDME190634919-1a_HMK73DSXX_L3;HV261 I04 0724 BDME190634919-1a HMK73DSXX L3; HV262_I05_0725_BDME190634920-1a_HMHNLDSXX_L2;HV262 I05 0725 BDME190634920-1a HMHNLDSXX L2; HV263_I06_0726_BDME190634921-1a_HMJLWDSXX_L1;HV263 I06 0726 BDME190634921-1a HMJLWDSXX L1; HV265_I08_0728_BDME190634922-1a_HN2JLDSXX_L3_1.fq.gz;HV265 I08 0728 BDME190634922-1a HN2JLDSXX L3 1.fq.gz; HV266_I09_0729_BDME190634923-1a_HTLNHDSXX_L1_1.fq.gz;HV266 I09 0729 BDME190634923-1a HTLNHDSXX L1 1.fq.gz; HV267_A01_0730_BDME190634924-1a_HTMC3DSXX_L3_1.fq.gz;HV267 A01 0730 BDME190634924-1a HTMC3DSXX L3 1.fq.gz; HV268_A02_0731_BDME190634925-1a_HMJLWDSXX_L1_1.fq.gz;HV268 A02 0731 BDME190634925-1a HMJLWDSXX L1 1.fq.gz; HV269_A03_0732_BDME190634926-1a_HMK73DSXX_L4_1.fq.gz;HV269 A03 0732 BDME190634926-1a HMK73DSXX L4 1.fq.gz; HV270_A04_0733_BDME190634927-1a_HN2JLDSXX_L3_1.fq.gz;HV270 A04 0733 BDME190634927-1a HN2JLDSXX L3 1.fq.gz; HV271_A05_0734_BDME190634928-1a_HN2JLDSXX_L3_1.fq.gz;HV271 A05 0734 BDME190634928-1a HN2JLDSXX L3 1.fq.gz; HV272_A06_0735_BDME190634929-1a_HMHNLDSXX_L2_1.fq.gz;HV272 A06 0735 BDME190634929-1a HMHNLDSXX L2 1.fq.gz; HV273_A07_0736_BDME190634930-1a_HMHM7DSXX_L2_1.fq.gz;HV273 A07 0736 BDME190634930-1a HMHM7DSXX L2 1.fq.gz; HV274_A08_0737_BDME190634931-1a_HN2JLDSXX_L3_1.fq.gz;HV274 A08 0737 BDME190634931-1a HN2JLDSXX L3 1.fq.gz; HV276_B01_0739_BDME190634932-1a_HMHM7DSXX_L3_1.fq.gz;HV276 B01 0739 BDME190634932-1a HMHM7DSXX L3 1.fq.gz; HV277_B02_0740_BDME190634933-1a_HMJLWDSXX_L1_1.fq.gz;HV277 B02 0740 BDME190634933-1a HMJLWDSXX L1 1.fq.gz; HV278_B03_0741_BDME190634934-1a_HMJ5GDSXX_L1_1.fq.gz;HV278 B03 0741 BDME190634934-1a HMJ5GDSXX L1 1.fq.gz; HV279_B04_0742_BDME190634935-1a_HN2JLDSXX_L3_1.fq.gz;HV279 B04 0742 BDME190634935-1a HN2JLDSXX L3 1.fq.gz; HV280_B05_0743_BDME190634936-1a_HMJH5DSXX_L4_1.fq.gz;HV280 B05 0743 BDME190634936-1a HMJH5DSXX L4 1.fq.gz; HV281_B06_0744_BDME190634937-1a_HMJLWDSXX_L2_1.fq.gz;HV281 B06 0744 BDME190634937-1a HMJLWDSXX L2 1.fq.gz; HV282_B07_0745_BDME190634938-1a_HN2JLDSXX_L3_1.fq.gz;HV282 B07 0745 BDME190634938-1a HN2JLDSXX L3 1.fq.gz; HV283_B08_0746_BDME190634939-1a_HN2JLDSXX_L3_1.fq.gz;HV283 B08 0746 BDME190634939-1a HN2JLDSXX L3 1.fq.gz; HV284_B09_0747_BDME190634940-1a_HN2JLDSXX_L3_1.fq.gz;HV284 B09 0747 BDME190634940-1a HN2JLDSXX L3 1.fq.gz; HV285_C01_0748_BDME190634941-1a_HMJJ3DSXX_L4_1.fq.gz;HV285 C01 0748 BDME190634941-1a HMJJ3DSXX L4 1.fq.gz; HV286_C02_0749_BDME190634942-1a_HN2JLDSXX_L3_1.fq.gz;HV286 C02 0749 BDME190634942-1a HN2JLDSXX L3 1.fq.gz; HV287_C03_0750_BDME190634943-1a_HN2JLDSXX_L3_1.fq.gz;HV287 C03 0750 BDME190634943-1a HN2JLDSXX L3 1.fq.gz; HV288_C04_0751_BDME190634944-1a_HMK73DSXX_L3_1.fq.gz;HV288 C04 0751 BDME190634944-1a HMK73DSXX L3 1.fq.gz; HV289_C05_0752_BDME190634945-1a_HTMC3DSXX_L3_1.fq.gz;HV289 C05 0752 BDME190634945-1a HTMC3DSXX L3 1.fq.gz; HV290_C06_0753_BDME190634946-1a_HN2JLDSXX_L3_1.fq.gz;HV290 C06 0753 BDME190634946-1a HN2JLDSXX L3 1.fq.gz; HV291_C07_0754_BDME190634947-1a_HN2JLDSXX_L3_1.fq.gz;HV291 C07 0754 BDME190634947-1a HN2JLDSXX L3 1.fq.gz; HV292_C08_0755_BDME190634948-1a_HN2JLDSXX_L3_1.fq.gz;HV292 C08 0755 BDME190634948-1a HN2JLDSXX L3 1.fq.gz; HV293_C09_0756_BDME190634949-1a_HN2JLDSXX_L2_1.fq.gz;HV293 C09 0756 BDME190634949-1a HN2JLDSXX L2 1.fq.gz; HV294_D01_0757_BDME190634950-1a_HN2JLDSXX_L2_1.fq.gz;HV294 D01 0757 BDME190634950-1a HN2JLDSXX L2 1.fq.gz; HV295_D02_0758_BDME190634951-1a_HMHMGDSXX_L2_1.fq.gz;HV295 D02 0758 BDME190634951-1a HMHMGDSXX L2 1.fq.gz; HV296_D03_0759_BDME190634952-1a_HN2JLDSXX_L3_1.fq.gz;HV296 D03 0759 BDME190634952-1a HN2JLDSXX L3 1.fq.gz; HV297_D04_0760_BDME190634953-1a_HMHNLDSXX_L2_1.fq.gz;HV297 D04 0760 BDME190634953-1a HMHNLDSXX L2 1.fq.gz; HV298_D05_0761_BDME190634954-1a_HMHMGDSXX_L2_1.fq.gz;HV298 D05 0761 BDME190634954-1a HMHMGDSXX L2 1.fq.gz; HV299_D06_0762_BDME190634955-1a_HMHM7DSXX_L1_1.fq.gz;HV299 D06 0762 BDME190634955-1a HMHM7DSXX L1 1.fq.gz; HV300_D07_0763_BDME190634956-1a_HMHNLDSXX_L2_1.fq.gz;HV300 D07 0763 BDME190634956-1a HMHNLDSXX L2 1.fq.gz; HV301_D08_0764_BDME190634957-1a_HMHMGDSXX_L3_1.fq.gz;HV301 D08 0764 BDME190634957-1a HMHMGDSXX L3 1.fq.gz; HV302_D09_0765_BDME190634958-1a_HTLHGDSXX_L3_1.fq.gz;HV302 D09 0765 BDME190634958-1a HTLHGDSXX L3 1.fq.gz; HV303_E01_0766_BDME190634959-1a_HMHMGDSXX_L2_1.fq.gz;HV303 E01 0766 BDME190634959-1a HMHMGDSXX L2 1.fq.gz; HV304_E02_0767_BDME190634960-1a_HN2JLDSXX_L3_1.fq.gz;HV304 E02 0767 BDME190634960-1a HN2JLDSXX L3 1.fq.gz; HV305_E03_0768_BDME190634961-1a_HN2JLDSXX_L2_1.fq.gz;HV305 E03 0768 BDME190634961-1a HN2JLDSXX L2 1.fq.gz; HV306_E04_0769_BDME190634962-1a_HMHMGDSXX_L2_1.fq.gz;HV306 E04 0769 BDME190634962-1a HMHMGDSXX L2 1.fq.gz; HV307_E05_0770_BDME190634963-1a_HTLHGDSXX_L3_1.fq.gz;HV307 E05 0770 BDME190634963-1a HTLHGDSXX L3 1.fq.gz; HV308_E06_0771_BDME190634964-1a_HN2JLDSXX_L3_1.fq.gz;HV308 E06 0771 BDME190634964-1a HN2JLDSXX L3 1.fq.gz; HV309_E07_0772_BDME190634965-1a_HTLNHDSXX_L1_1.fq.gz;HV309 E07 0772 BDME190634965-1a HTLNHDSXX L1 1.fq.gz; HV310_E08_0773_BDME190634966-1a_HTLNHDSXX_L1_1.fq.gz;HV310 E08 0773 BDME190634966-1a HTLNHDSXX L1 1.fq.gz; HV311_E09_0774_BDME190634967-1a_HTLHGDSXX_L3_1.fq.gz;HV311 E09 0774 BDME190634967-1a HTLHGDSXX L3 1.fq.gz; HV312_F01_0775_BDME190634968-1a_HN2JLDSXX_L3_1.fq.gz;HV312 F01 0775 BDME190634968-1a HN2JLDSXX L3 1.fq.gz; HV313_F02_0776_BDME190634969-1a_HN2JLDSXX_L3_1.fq.gz;HV313 F02 0776 BDME190634969-1a HN2JLDSXX L3 1.fq.gz; HV314_F03_0777_BDME190634970-1a_HN2JLDSXX_L3_1.fq.gz;HV314 F03 0777 BDME190634970-1a HN2JLDSXX L3 1.fq.gz; HV315_F04_0778_BDME190634971-1a_HN2JLDSXX_L3_1.fq.gz;HV315 F04 0778 BDME190634971-1a HN2JLDSXX L3 1.fq.gz; HV316_F05_0779_BDME190634972-1a_HMHMGDSXX_L4_1.fq.gz;HV316 F05 0779 BDME190634972-1a HMHMGDSXX L4 1.fq.gz; HV317_F06_0780_BDME190634973-1a_HN2JLDSXX_L2_1.fq.gz;HV317 F06 0780 BDME190634973-1a HN2JLDSXX L2 1.fq.gz; HV318_F07_0781_BDME190634974-1a_HN2JLDSXX_L2_1.fq.gz;HV318 F07 0781 BDME190634974-1a HN2JLDSXX L2 1.fq.gz; HV319_F08_0782_BDME190634975-1a_HN2JLDSXX_L2_1.fq.gz;HV319 F08 0782 BDME190634975-1a HN2JLDSXX L2 1.fq.gz; HV320_F09_0783_BDME190634976-1a_HMHMGDSXX_L2_1.fq.gz;HV320 F09 0783 BDME190634976-1a HMHMGDSXX L2 1.fq.gz; HV321_G01_0784_BDME190634977-1a_HNHKCDSXX_L1_1.fq.gz;HV321 G01 0784 BDME190634977-1a HNHKCDSXX L1 1.fq.gz; HV322_G02_0785_BDME190634978-1a_HN2JLDSXX_L2_1.fq.gz;HV322 G02 0785 BDME190634978-1a HN2JLDSXX L2 1.fq.gz; HV323_G03_0786_BDME190634979-1a_HTLNHDSXX_L4_1.fq.gz;HV323 G03 0786 BDME190634979-1a HTLNHDSXX L4 1.fq.gz; HV324_G04_0787_BDME190634980-1a_HMHNLDSXX_L3_1.fq.gz;HV324 G04 0787 BDME190634980-1a HMHNLDSXX L3 1.fq.gz; HV326_G06_0789_BDME190634981-1a_HMHMGDSXX_L2_1.fq.gz;HV326 G06 0789 BDME190634981-1a HMHMGDSXX L2 1.fq.gz; HV327_G07_0790_BDME190634982-1a_HN2JLDSXX_L2_1.fq.gz;HV327 G07 0790 BDME190634982-1a HN2JLDSXX L2 1.fq.gz; HV328_G08_0791_BDME190634983-1a_HMHNLDSXX_L3_1.fq.gz;HV328 G08 0791 BDME190634983-1a HMHNLDSXX L3 1.fq.gz; HV329_G09_0792_BDME190634984-1a_HN2JLDSXX_L2_1.fq.gz;HV329 G09 0792 BDME190634984-1a HN2JLDSXX L2 1.fq.gz; HV330_H01_0793_BDME190634985-1a_HN2JLDSXX_L2_1.fq.gz;HV330 H01 0793 BDME190634985-1a HN2JLDSXX L2 1.fq.gz; HV331_H02_0794_BDME190634986-1a_HTLNHDSXX_L1_1.fq.gz;HV331 H02 0794 BDME190634986-1a HTLNHDSXX L1 1.fq.gz; HV332_H03_0795_BDME190634987-1a_HMHMGDSXX_L2_1.fq.gz;HV332 H03 0795 BDME190634987-1a HMHMGDSXX L2 1.fq.gz; HV333_H04_0796_BDME190634988-1a_HTLNHDSXX_L1_1.fq.gz;HV333 H04 0796 BDME190634988-1a HTLNHDSXX L1 1.fq.gz; HV334_H05_0797_BDME190634989-1a_HMHMGDSXX_L4_1.fq.gz;HV334 H05 0797 BDME190634989-1a HMHMGDSXX L4 1.fq.gz; HV335_H06_0798_BDME190634990-1a_HTLHGDSXX_L2_1.fq.gz;HV335 H06 0798 BDME190634990-1a HTLHGDSXX L2 1.fq.gz; HV336_H07_0799_BDME190634991-1a_HMHNLDSXX_L3_1.fq.gz;HV336 H07 0799 BDME190634991-1a HMHNLDSXX L3 1.fq.gz; HV337_H08_0800_BDME190634992-1a_HMHNLDSXX_L3_1.fq.gz;HV337 H08 0800 BDME190634992-1a HMHNLDSXX L3 1.fq.gz; HV338_H09_0801_BDME190634993-1a_HTMC3DSXX_L3_1.fq.gz;HV338 H09 0801 BDME190634993-1a HTMC3DSXX L3 1.fq.gz; HV339_I01_0802_BDME190634994-1a_HMHNLDSXX_L3_1.fq.gz;HV339 I01 0802 BDME190634994-1a HMHNLDSXX L3 1.fq.gz; HV340_I02_0803_BDME190634995-1a_HN2JLDSXX_L2_1.fq.gz;HV340 I02 0803 BDME190634995-1a HN2JLDSXX L2 1.fq.gz; HV341_I03_0804_BDME190634996-1a_HTLNHDSXX_L4_1.fq.gz;HV341 I03 0804 BDME190634996-1a HTLNHDSXX L4 1.fq.gz; HV342_I04_0805_BDME190634997-1a_HMHMGDSXX_L2_1.fq.gz;HV342 I04 0805 BDME190634997-1a HMHMGDSXX L2 1.fq.gz; HV343_I05_0806_BDME190634998-1a_HN2JLDSXX_L2_1.fq.gz;HV343 I05 0806 BDME190634998-1a HN2JLDSXX L2 1.fq.gz; HV344_I06_0807_BDME190634999-1a_HN2JLDSXX_L2_1.fq.gz;HV344 I06 0807 BDME190634999-1a HN2JLDSXX L2 1.fq.gz; HV346_I08_0809_BDME190635000-1a_HN2JLDSXX_L2_1.fq.gz;HV346 I08 0809 BDME190635000-1a HN2JLDSXX L2 1.fq.gz; HV347_I09_0810_BDME190635001-1a_HMHM7DSXX_L3_1.fq.gz;HV347 I09 0810 BDME190635001-1a HMHM7DSXX L3 1.fq.gz; HV348_A01_0811_BDME190635002-1a_HN2JLDSXX_L2_1.fq.gz;HV348 A01 0811 BDME190635002-1a HN2JLDSXX L2 1.fq.gz; HV349_A02_0812_BDME190635003-1a_HN2JLDSXX_L2_1.fq.gz;HV349 A02 0812 BDME190635003-1a HN2JLDSXX L2 1.fq.gz; HV350_A03_0813_BDME190635004-1a_HTLNHDSXX_L1_1.fq.gz;HV350 A03 0813 BDME190635004-1a HTLNHDSXX L1 1.fq.gz; HV351_A04_0814_BDME190635005-1a_HN2JLDSXX_L2_1.fq.gz;HV351 A04 0814 BDME190635005-1a HN2JLDSXX L2 1.fq.gz; HV352_A05_0815_BDME190635006-1a_HN2JLDSXX_L2_1.fq.gz;HV352 A05 0815 BDME190635006-1a HN2JLDSXX L2 1.fq.gz; HV353_A06_0816_BDME190635007-1a_HN2JLDSXX_L2_1.fq.gz;HV353 A06 0816 BDME190635007-1a HN2JLDSXX L2 1.fq.gz; HV354_A07_0817_BDME190635008-1a_HN2JLDSXX_L2_1.fq.gz;HV354 A07 0817 BDME190635008-1a HN2JLDSXX L2 1.fq.gz; HV355_A08_0818_BDME190635009-1a_HTLNHDSXX_L1_1.fq.gz;HV355 A08 0818 BDME190635009-1a HTLNHDSXX L1 1.fq.gz; HV356_A09_0819_BDME190635010-1a_HMGLJDSXX_L2_1.fq.gz;HV356 A09 0819 BDME190635010-1a HMGLJDSXX L2 1.fq.gz; HV357_B01_0820_BDME190635011-1a_HMGLJDSXX_L3_1.fq.gz;HV357 B01 0820 BDME190635011-1a HMGLJDSXX L3 1.fq.gz; HV359_B03_0822_BDME190635012-1a_HTMC3DSXX_L3_1.fq.gz;HV359 B03 0822 BDME190635012-1a HTMC3DSXX L3 1.fq.gz; HV360_B04_0823_BDME190635013-1a_HMGLJDSXX_L2_1.fq.gz;HV360 B04 0823 BDME190635013-1a HMGLJDSXX L2 1.fq.gz; HV361_B05_0824_BDME190635014-1a_HTLHGDSXX_L3_1.fq.gz;HV361 B05 0824 BDME190635014-1a HTLHGDSXX L3 1.fq.gz; HV362_B06_0825_BDME190635015-1a_HMGLJDSXX_L2_1.fq.gz;HV362 B06 0825 BDME190635015-1a HMGLJDSXX L2 1.fq.gz; HV363_B07_0826_BDME190635016-1a_HMGLJDSXX_L2_1.fq.gz;HV363 B07 0826 BDME190635016-1a HMGLJDSXX L2 1.fq.gz; HV364_B08_0827_BDME190635017-1a_HMJJ3DSXX_L2_1.fq.gz;HV364 B08 0827 BDME190635017-1a HMJJ3DSXX L2 1.fq.gz; HV365_B09_0828_BDME190635018-1a_HMGLJDSXX_L3_1.fq.gz;HV365 B09 0828 BDME190635018-1a HMGLJDSXX L3 1.fq.gz; HV366_C01_0829_BDME190635019-1a_HMJY2DSXX_L3_1.fq.gz;HV366 C01 0829 BDME190635019-1a HMJY2DSXX L3 1.fq.gz; HV367_C02_0830_BDME190635020-1a_HMHM7DSXX_L1_1.fq.gz;HV367 C02 0830 BDME190635020-1a HMHM7DSXX L1 1.fq.gz; HV368_C03_0831_BDME190635021-1a_HMJLWDSXX_L1_1.fq.gz;HV368 C03 0831 BDME190635021-1a HMJLWDSXX L1 1.fq.gz; HV369_C04_0832_BDME190635022-1a_HMGLJDSXX_L2_1.fq.gz;HV369 C04 0832 BDME190635022-1a HMGLJDSXX L2 1.fq.gz; HV370_C05_0833_BDME190635023-1a_HMGLJDSXX_L2_1.fq.gz;HV370 C05 0833 BDME190635023-1a HMGLJDSXX L2 1.fq.gz; HV371_C06_0834_BDME190635024-1a_HTMC3DSXX_L3_1.fq.gz;HV371 C06 0834 BDME190635024-1a HTMC3DSXX L3 1.fq.gz; HV372_C07_0835_BDME190635025-1a_HTLNHDSXX_L1_1.fq.gz;HV372 C07 0835 BDME190635025-1a HTLNHDSXX L1 1.fq.gz; HV373_C08_0836_BDME190635026-1a_HMGLJDSXX_L2_1.fq.gz;HV373 C08 0836 BDME190635026-1a HMGLJDSXX L2 1.fq.gz; HV375_D01_0838_BDME190635027-1a_HMJJ3DSXX_L2_1.fq.gz;HV375 D01 0838 BDME190635027-1a HMJJ3DSXX L2 1.fq.gz; HV376_D02_0839_BDME190635028-1a_HMHMGDSXX_L2_1.fq.gz;HV376 D02 0839 BDME190635028-1a HMHMGDSXX L2 1.fq.gz; HV377_D03_0840_BDME190635029-1a_HTLNHDSXX_L1_1.fq.gz;HV377 D03 0840 BDME190635029-1a HTLNHDSXX L1 1.fq.gz; HV378_D04_0841_BDME190635030-1a_HMGLJDSXX_L3_1.fq.gz;HV378 D04 0841 BDME190635030-1a HMGLJDSXX L3 1.fq.gz; HV379_D05_0842_BDME190635031-1a_HMGLJDSXX_L3_1.fq.gz;HV379 D05 0842 BDME190635031-1a HMGLJDSXX L3 1.fq.gz; HV381_D07_0844_BDME190635032-1a_HTLNHDSXX_L1_1.fq.gz;HV381 D07 0844 BDME190635032-1a HTLNHDSXX L1 1.fq.gz; HV382_D08_0845_BDME190635033-1a_HMGLJDSXX_L3_1.fq.gz;HV382 D08 0845 BDME190635033-1a HMGLJDSXX L3 1.fq.gz; HV383_D09_0846_BDME190635034-1a_HMGLJDSXX_L2_1.fq.gz;HV383 D09 0846 BDME190635034-1a HMGLJDSXX L2 1.fq.gz; HV384_E01_0847_BDME190635035-1a_HMJJ3DSXX_L2_1.fq.gz;HV384 E01 0847 BDME190635035-1a HMJJ3DSXX L2 1.fq.gz; HV385_E02_0848_BDME190635036-1a_HMHMGDSXX_L4_1.fq.gz;HV385 E02 0848 BDME190635036-1a HMHMGDSXX L4 1.fq.gz; HV386_E03_0849_BDME190635037-1a_HTLNHDSXX_L1_1.fq.gz;HV386 E03 0849 BDME190635037-1a HTLNHDSXX L1 1.fq.gz; HV387_E04_0850_BDME190635038-1a_HMHMGDSXX_L2_1.fq.gz;HV387 E04 0850 BDME190635038-1a HMHMGDSXX L2 1.fq.gz; HV388_E05_0851_BDME190635039-1a_HMGLJDSXX_L3_1.fq.gz;HV388 E05 0851 BDME190635039-1a HMGLJDSXX L3 1.fq.gz; HV389_E06_0852_BDME190635040-1a_HMHMGDSXX_L4_1.fq.gz;HV389 E06 0852 BDME190635040-1a HMHMGDSXX L4 1.fq.gz; HV390_E07_0853_BDME190635041-1a_HMJJ3DSXX_L2_1.fq.gz;HV390 E07 0853 BDME190635041-1a HMJJ3DSXX L2 1.fq.gz; HV391_E08_0854_BDME190635042-1a_HMHMGDSXX_L4_1.fq.gz;HV391 E08 0854 BDME190635042-1a HMHMGDSXX L4 1.fq.gz; HV392_E09_0855_BDME190635043-1a_HMJY2DSXX_L3_1.fq.gz;HV392 E09 0855 BDME190635043-1a HMJY2DSXX L3 1.fq.gz; HV393_F01_0856_BDME190635044-1a_HMJY2DSXX_L3_1.fq.gz;HV393 F01 0856 BDME190635044-1a HMJY2DSXX L3 1.fq.gz; HV394_F02_0857_BDME190635045-1a_HMJY2DSXX_L1_1.fq.gz;HV394 F02 0857 BDME190635045-1a HMJY2DSXX L1 1.fq.gz; HV395_F03_0858_BDME190635046-1a_HMHMGDSXX_L2_1.fq.gz;HV395 F03 0858 BDME190635046-1a HMHMGDSXX L2 1.fq.gz; HV396_F04_0859_BDME190635047-1a_HTLNHDSXX_L4_1.fq.gz;HV396 F04 0859 BDME190635047-1a HTLNHDSXX L4 1.fq.gz; HV397_F05_0860_BDME190635048-1a_HMJJ3DSXX_L2_1.fq.gz;HV397 F05 0860 BDME190635048-1a HMJJ3DSXX L2 1.fq.gz; HV398_F06_0861_BDME190635049-1a_HMGLJDSXX_L3_1.fq.gz;HV398 F06 0861 BDME190635049-1a HMGLJDSXX L3 1.fq.gz; HV399_F07_0862_BDME190635050-1a_HTLHGDSXX_L3_1.fq.gz;HV399 F07 0862 BDME190635050-1a HTLHGDSXX L3 1.fq.gz; HV400_F08_0863_BDME190635051-1a_HTLHGDSXX_L3_1.fq.gz;HV400 F08 0863 BDME190635051-1a HTLHGDSXX L3 1.fq.gz; HV401_F09_0864_BDME190635052-1a_HMHMGDSXX_L2_1.fq.gz;HV401 F09 0864 BDME190635052-1a HMHMGDSXX L2 1.fq.gz; HV403_G02_0866_BDME190635053-1a_HMGLJDSXX_L3_1.fq.gz;HV403 G02 0866 BDME190635053-1a HMGLJDSXX L3 1.fq.gz; HV404_G03_0867_BDME190635054-1a_HMHMGDSXX_L4_1.fq.gz;HV404 G03 0867 BDME190635054-1a HMHMGDSXX L4 1.fq.gz; HV405_G04_0868_BDME190635055-1a_HMJY2DSXX_L3_1.fq.gz;HV405 G04 0868 BDME190635055-1a HMJY2DSXX L3 1.fq.gz; HV406_G05_0869_BDME190635056-1a_HMGLJDSXX_L2_1.fq.gz;HV406 G05 0869 BDME190635056-1a HMGLJDSXX L2 1.fq.gz; HV407_G06_0870_BDME190635057-1a_HMHMGDSXX_L2_1.fq.gz;HV407 G06 0870 BDME190635057-1a HMHMGDSXX L2 1.fq.gz; HV408_G07_0871_BDME190635058-1a_HMGLJDSXX_L2_1.fq.gz;HV408 G07 0871 BDME190635058-1a HMGLJDSXX L2 1.fq.gz; HV409_G08_0872_BDME190635059-1a_HMGLJDSXX_L2_1.fq.gz;HV409 G08 0872 BDME190635059-1a HMGLJDSXX L2 1.fq.gz; HV410_G09_0873_BDME190635060-1a_HTLNHDSXX_L1_1.fq.gz;HV410 G09 0873 BDME190635060-1a HTLNHDSXX L1 1.fq.gz; HV411_H01_0874_BDME190635061-1a_HMHMGDSXX_L4_1.fq.gz;HV411 H01 0874 BDME190635061-1a HMHMGDSXX L4 1.fq.gz; HV412_H02_0875_BDME190635062-1a_HTLNHDSXX_L1_1.fq.gz;HV412 H02 0875 BDME190635062-1a HTLNHDSXX L1 1.fq.gz; HV413_H03_0876_BDME190635063-1a_HMHMGDSXX_L4_1.fq.gz;HV413 H03 0876 BDME190635063-1a HMHMGDSXX L4 1.fq.gz; HV414_H04_0877_BDME190635064-1a_HMJJ3DSXX_L3_1.fq.gz;HV414 H04 0877 BDME190635064-1a HMJJ3DSXX L3 1.fq.gz; HV415_H05_0878_BDME190635065-1a_HMHMGDSXX_L4_1.fq.gz;HV415 H05 0878 BDME190635065-1a HMHMGDSXX L4 1.fq.gz; HV416_H06_0879_BDME190635066-1a_HTLNHDSXX_L1_1.fq.gz;HV416 H06 0879 BDME190635066-1a HTLNHDSXX L1 1.fq.gz; HV417_H07_0880_BDME190635067-1a_HMHMGDSXX_L3_1.fq.gz;HV417 H07 0880 BDME190635067-1a HMHMGDSXX L3 1.fq.gz; HV418_H08_0881_BDME190635068-1a_HTLHGDSXX_L1_1.fq.gz;HV418 H08 0881 BDME190635068-1a HTLHGDSXX L1 1.fq.gz; HV419_H09_0882_BDME190635069-1a_HTLNHDSXX_L1_1.fq.gz;HV419 H09 0882 BDME190635069-1a HTLNHDSXX L1 1.fq.gz; HV420_I01_0883_BDME190635070-1a_HTLHGDSXX_L2_1.fq.gz;HV420 I01 0883 BDME190635070-1a HTLHGDSXX L2 1.fq.gz; HV421_I02_0884_BDME190635071-1a_HMJY2DSXX_L3_1.fq.gz;HV421 I02 0884 BDME190635071-1a HMJY2DSXX L3 1.fq.gz; HV422_I03_0885_BDME190635072-1a_HMGLJDSXX_L3_1.fq.gz;HV422 I03 0885 BDME190635072-1a HMGLJDSXX L3 1.fq.gz; HV423_I04_0886_BDME190635073-1a_HMHMGDSXX_L2_1.fq.gz;HV423 I04 0886 BDME190635073-1a HMHMGDSXX L2 1.fq.gz; HV424_I05_0887_BDME190635074-1a_HMJJ3DSXX_L3_1.fq.gz;HV424 I05 0887 BDME190635074-1a HMJJ3DSXX L3 1.fq.gz; HV425_I06_0888_BDME190635075-1a_HMGLJDSXX_L2_1.fq.gz;HV425 I06 0888 BDME190635075-1a HMGLJDSXX L2 1.fq.gz; HV426_I07_0889_BDME190635076-1a_HMJY2DSXX_L3_1.fq.gz;HV426 I07 0889 BDME190635076-1a HMJY2DSXX L3 1.fq.gz; HV427_I08_0890_BDME190635077-2a_HTLNHDSXX_L2_1.fq.gz;HV427 I08 0890 BDME190635077-2a HTLNHDSXX L2 1.fq.gz; HV428_I09_0891_BDME190635078-1a_HMHMGDSXX_L2_1.fq.gz;HV428 I09 0891 BDME190635078-1a HMHMGDSXX L2 1.fq.gz; HV429_A01_0892_BDME190635079-1a_HMHMGDSXX_L2_1.fq.gz;HV429 A01 0892 BDME190635079-1a HMHMGDSXX L2 1.fq.gz; HV430_A02_0893_BDME190635080-1a_HMJYCDSXX_L3_1.fq.gz;HV430 A02 0893 BDME190635080-1a HMJYCDSXX L3 1.fq.gz; HV431_A03_0894_BDME190635081-1a_HMJLWDSXX_L1_1.fq.gz;HV431 A03 0894 BDME190635081-1a HMJLWDSXX L1 1.fq.gz; HV432_A04_0895_BDME190635082-1a_HMGLJDSXX_L2_1.fq.gz;HV432 A04 0895 BDME190635082-1a HMGLJDSXX L2 1.fq.gz; HV433_A05_0896_BDME190635083-1a_HMGLJDSXX_L3_1.fq.gz;HV433 A05 0896 BDME190635083-1a HMGLJDSXX L3 1.fq.gz; HV434_A06_0897_BDME190635084-1a_HMGLJDSXX_L2_1.fq.gz;HV434 A06 0897 BDME190635084-1a HMGLJDSXX L2 1.fq.gz; HV435_A07_0898_BDME190635085-1a_HMHMGDSXX_L3_1.fq.gz;HV435 A07 0898 BDME190635085-1a HMHMGDSXX L3 1.fq.gz; HV436_A08_0899_BDME190635086-1a_HMGLJDSXX_L2_1.fq.gz;HV436 A08 0899 BDME190635086-1a HMGLJDSXX L2 1.fq.gz; HV437_A09_0900_BDME190635087-1a_HTLNHDSXX_L1_1.fq.gz;HV437 A09 0900 BDME190635087-1a HTLNHDSXX L1 1.fq.gz; HV438_B01_0901_BDME190635088-1a_HTLNHDSXX_L1_1.fq.gz;HV438 B01 0901 BDME190635088-1a HTLNHDSXX L1 1.fq.gz; HV439_B02_0902_BDME190635089-1a_HMHMGDSXX_L2_1.fq.gz;HV439 B02 0902 BDME190635089-1a HMHMGDSXX L2 1.fq.gz; HV440_B03_0903_BDME190635090-1a_HMHMGDSXX_L2_1.fq.gz;HV440 B03 0903 BDME190635090-1a HMHMGDSXX L2 1.fq.gz; HV441_B04_0904_BDME190635091-1a_HMHMGDSXX_L2_1.fq.gz;HV441 B04 0904 BDME190635091-1a HMHMGDSXX L2 1.fq.gz; HV442_B05_0905_BDME190635092-1a_HMJY2DSXX_L1_1.fq.gz;HV442 B05 0905 BDME190635092-1a HMJY2DSXX L1 1.fq.gz; HV443_B06_0906_BDME190635093-1a_HMHMGDSXX_L3_1.fq.gz;HV443 B06 0906 BDME190635093-1a HMHMGDSXX L3 1.fq.gz; HV445_B08_0908_BDME190635094-1a_HMJJ3DSXX_L3_1.fq.gz;HV445 B08 0908 BDME190635094-1a HMJJ3DSXX L3 1.fq.gz; HV446_B09_0909_BDME190635095-1a_HMJY2DSXX_L1_1.fq.gz;HV446 B09 0909 BDME190635095-1a HMJY2DSXX L1 1.fq.gz; HV447_C01_0910_BDME190635096-1a_HMHMGDSXX_L2_1.fq.gz;HV447 C01 0910 BDME190635096-1a HMHMGDSXX L2 1.fq.gz; HV448_C02_0911_BDME190635097-1a_HMJLWDSXX_L4_1.fq.gz;HV448 C02 0911 BDME190635097-1a HMJLWDSXX L4 1.fq.gz; HV449_C03_0912_BDME190635098-1a_HMJFJDSXX_L3_1.fq.gz;HV449 C03 0912 BDME190635098-1a HMJFJDSXX L3 1.fq.gz; HV450_C04_0913_BDME190635099-1a_HMGLJDSXX_L3_1.fq.gz;HV450 C04 0913 BDME190635099-1a HMGLJDSXX L3 1.fq.gz; HV451_C05_0914_BDME190635100-1a_HTLHGDSXX_L1_1.fq.gz;HV451 C05 0914 BDME190635100-1a HTLHGDSXX L1 1.fq.gz; HV452_C06_0915_BDME190635101-1a_HMHMGDSXX_L3_1.fq.gz;HV452 C06 0915 BDME190635101-1a HMHMGDSXX L3 1.fq.gz; HV453_C07_0916_BDME190635102-1a_HMGLJDSXX_L3_1.fq.gz;HV453 C07 0916 BDME190635102-1a HMGLJDSXX L3 1.fq.gz; HV454_C08_0917_BDME190635103-1a_HMJY2DSXX_L1_1.fq.gz;HV454 C08 0917 BDME190635103-1a HMJY2DSXX L1 1.fq.gz; HV455_C09_0918_BDME190635104-1a_HTLNHDSXX_L1_1.fq.gz;HV455 C09 0918 BDME190635104-1a HTLNHDSXX L1 1.fq.gz; HV456_D01_0919_BDME190635105-1a_HMHMGDSXX_L2_1.fq.gz;HV456 D01 0919 BDME190635105-1a HMHMGDSXX L2 1.fq.gz; HV457_D02_0920_BDME190635106-1a_HMGLJDSXX_L3_1.fq.gz;HV457 D02 0920 BDME190635106-1a HMGLJDSXX L3 1.fq.gz; HV458_D03_0921_BDME190635107-1a_HMJY2DSXX_L3_1.fq.gz;HV458 D03 0921 BDME190635107-1a HMJY2DSXX L3 1.fq.gz; HV459_D04_0922_BDME190635108-1a_HMHMGDSXX_L2_1.fq.gz;HV459 D04 0922 BDME190635108-1a HMHMGDSXX L2 1.fq.gz; HV460_D05_0923_BDME190635109-1a_HMHMGDSXX_L3_1.fq.gz;HV460 D05 0923 BDME190635109-1a HMHMGDSXX L3 1.fq.gz; HV461_D06_0924_BDME190635110-1a_HMJY2DSXX_L3_1.fq.gz;HV461 D06 0924 BDME190635110-1a HMJY2DSXX L3 1.fq.gz; HV462_D07_0925_BDME190635111-1a_HMHMGDSXX_L3_1.fq.gz;HV462 D07 0925 BDME190635111-1a HMHMGDSXX L3 1.fq.gz; HV463_D08_0926_BDME190635112-1a_HTLNHDSXX_L1_1.fq.gz;HV463 D08 0926 BDME190635112-1a HTLNHDSXX L1 1.fq.gz; HV464_D09_0927_BDME190635113-1a_HTMC3DSXX_L3_1.fq.gz;HV464 D09 0927 BDME190635113-1a HTMC3DSXX L3 1.fq.gz; HV465_E01_0928_BDME190635114-1a_HTLNHDSXX_L1_1.fq.gz;HV465 E01 0928 BDME190635114-1a HTLNHDSXX L1 1.fq.gz; HV466_E02_0929_BDME190635115-1a_HMGLJDSXX_L2_1.fq.gz;HV466 E02 0929 BDME190635115-1a HMGLJDSXX L2 1.fq.gz; HV467_E03_0930_BDME190635116-1a_HMHMGDSXX_L2_1.fq.gz;HV467 E03 0930 BDME190635116-1a HMHMGDSXX L2 1.fq.gz; HV468_E04_0931_BDME190635117-1a_HMGLJDSXX_L3_1.fq.gz;HV468 E04 0931 BDME190635117-1a HMGLJDSXX L3 1.fq.gz; HV469_E05_0932_BDME190635118-1a_HMJY2DSXX_L3_1.fq.gz;HV469 E05 0932 BDME190635118-1a HMJY2DSXX L3 1.fq.gz; HV470_E06_0933_BDME190635119-1a_HTLNHDSXX_L1_1.fq.gz;HV470 E06 0933 BDME190635119-1a HTLNHDSXX L1 1.fq.gz; HV471_E07_0934_BDME190635120-1a_HMGLJDSXX_L2_1.fq.gz;HV471 E07 0934 BDME190635120-1a HMGLJDSXX L2 1.fq.gz; HV472_E08_0935_BDME190635121-1a_HMJY2DSXX_L3_1.fq.gz;HV472 E08 0935 BDME190635121-1a HMJY2DSXX L3 1.fq.gz; HV473_E09_0936_BDME190635122-1a_HMJJ3DSXX_L1_1.fq.gz;HV473 E09 0936 BDME190635122-1a HMJJ3DSXX L1 1.fq.gz; HV474_F01_0937_BDME190635123-1a_HMGLJDSXX_L2_1.fq.gz;HV474 F01 0937 BDME190635123-1a HMGLJDSXX L2 1.fq.gz; HV475_F02_0938_BDME190635124-1a_HMJYCDSXX_L1_1.fq.gz;HV475 F02 0938 BDME190635124-1a HMJYCDSXX L1 1.fq.gz; HV476_F03_0939_BDME190635125-1a_HTLNHDSXX_L1_1.fq.gz;HV476 F03 0939 BDME190635125-1a HTLNHDSXX L1 1.fq.gz; HV477_F04_0940_BDME190635126-1a_HMGLJDSXX_L2_1.fq.gz;HV477 F04 0940 BDME190635126-1a HMGLJDSXX L2 1.fq.gz; HV478_F05_0941_BDME190635127-1a_HMJY2DSXX_L1_1.fq.gz;HV478 F05 0941 BDME190635127-1a HMJY2DSXX L1 1.fq.gz; HV479_F06_0942_BDME190635128-1a_HMJY2DSXX_L3_1.fq.gz;HV479 F06 0942 BDME190635128-1a HMJY2DSXX L3 1.fq.gz; HV480_F07_0943_BDME190635129-1a_HMHMGDSXX_L3_1.fq.gz;HV480 F07 0943 BDME190635129-1a HMHMGDSXX L3 1.fq.gz; HV481_F08_0944_BDME190635130-1a_HMHMGDSXX_L2_1.fq.gz;HV481 F08 0944 BDME190635130-1a HMHMGDSXX L2 1.fq.gz; HV482_F09_0945_BDME190635131-1a_HMGLJDSXX_L2_1.fq.gz;HV482 F09 0945 BDME190635131-1a HMGLJDSXX L2 1.fq.gz; HV483_G01_0946_BDME190635132-1a_HMHMGDSXX_L3_1.fq.gz;HV483 G01 0946 BDME190635132-1a HMHMGDSXX L3 1.fq.gz; HV484_G02_0947_BDME190635133-1a_HTLHGDSXX_L1_1.fq.gz;HV484 G02 0947 BDME190635133-1a HTLHGDSXX L1 1.fq.gz; HV485_G03_0948_BDME190635134-1a_HMJY2DSXX_L3_1.fq.gz;HV485 G03 0948 BDME190635134-1a HMJY2DSXX L3 1.fq.gz; HV486_G04_0949_BDME190635135-1a_HMHMGDSXX_L2_1.fq.gz;HV486 G04 0949 BDME190635135-1a HMHMGDSXX L2 1.fq.gz; HV487_G05_0950_BDME190635136-1a_HMHMGDSXX_L2_1.fq.gz;HV487 G05 0950 BDME190635136-1a HMHMGDSXX L2 1.fq.gz; HV488_G06_0951_BDME190635137-1a_HMJY2DSXX_L1_1.fq.gz;HV488 G06 0951 BDME190635137-1a HMJY2DSXX L1 1.fq.gz; HV489_G07_0952_BDME190635138-1a_HMHMGDSXX_L2_1.fq.gz;HV489 G07 0952 BDME190635138-1a HMHMGDSXX L2 1.fq.gz; HV490_G08_0953_BDME190635139-1a_HMJYCDSXX_L1_1.fq.gz;HV490 G08 0953 BDME190635139-1a HMJYCDSXX L1 1.fq.gz; HV491_G09_0954_BDME190635140-1a_HMGLJDSXX_L2_1.fq.gz;HV491 G09 0954 BDME190635140-1a HMGLJDSXX L2 1.fq.gz; HV492_H01_0955_BDME190635141-1a_HTMC3DSXX_L3_1.fq.gz;HV492 H01 0955 BDME190635141-1a HTMC3DSXX L3 1.fq.gz; HV493_H02_0956_BDME190635142-1a_HTLHGDSXX_L2_1.fq.gz;HV493 H02 0956 BDME190635142-1a HTLHGDSXX L2 1.fq.gz; HV494_H03_0957_BDME190635143-1a_HMGLJDSXX_L2_1.fq.gz;HV494 H03 0957 BDME190635143-1a HMGLJDSXX L2 1.fq.gz; HV495_H04_0958_BDME190635144-1a_HMHMGDSXX_L2_1.fq.gz;HV495 H04 0958 BDME190635144-1a HMHMGDSXX L2 1.fq.gz; HV496_H05_0959_BDME190635145-1a_HMHMGDSXX_L2_1.fq.gz;HV496 H05 0959 BDME190635145-1a HMHMGDSXX L2 1.fq.gz; HV498_H07_0961_BDME190635147-1a_HMHMLDSXX_L1_1.fq.gz;HV498 H07 0961 BDME190635147-1a HMHMLDSXX L1 1.fq.gz; HV499_H08_0962_BDME190635148-1a_HMK73DSXX_L4_1.fq.gz;HV499 H08 0962 BDME190635148-1a HMK73DSXX L4 1.fq.gz; HV500_H09_0963_BDME190635149-1a_HMJJ3DSXX_L2_1.fq.gz;HV500 H09 0963 BDME190635149-1a HMJJ3DSXX L2 1.fq.gz; HV501_I01_0964_BDME190635150-1a_HTLYJDSXX_L4_1.fq.gz;HV501 I01 0964 BDME190635150-1a HTLYJDSXX L4 1.fq.gz; HV502_I02_0965_BDME190635151-1a_HMJJ3DSXX_L2_1.fq.gz;HV502 I02 0965 BDME190635151-1a HMJJ3DSXX L2 1.fq.gz; HV503_I03_0966_BDME190635152-1a_HMJFJDSXX_L2_1.fq.gz;HV503 I03 0966 BDME190635152-1a HMJFJDSXX L2 1.fq.gz; HV504_I04_0967_BDME190635153-1a_HTLNHDSXX_L1_1.fq.gz;HV504 I04 0967 BDME190635153-1a HTLNHDSXX L1 1.fq.gz; HV505_I05_0968_BDME190635154-1a_HMHMLDSXX_L1_1.fq.gz;HV505 I05 0968 BDME190635154-1a HMHMLDSXX L1 1.fq.gz; HV506_I06_0969_BDME190635155-1a_HMGLJDSXX_L3_1.fq.gz;HV506 I06 0969 BDME190635155-1a HMGLJDSXX L3 1.fq.gz; HV507_I07_0970_BDME190635156-1a_HTMC3DSXX_L3_1.fq.gz;HV507 I07 0970 BDME190635156-1a HTMC3DSXX L3 1.fq.gz; HV508_I08_0971_BDME190635157-1a_HMJLWDSXX_L2_1.fq.gz;HV508 I08 0971 BDME190635157-1a HMJLWDSXX L2 1.fq.gz; HV509_I09_0972_BDME190635158-1a_HMF2TDSXX_L4_1.fq.gz;HV509 I09 0972 BDME190635158-1a HMF2TDSXX L4 1.fq.gz; HV510_A01_0973_BDME190635159-1a_HMK73DSXX_L4_1.fq.gz;HV510 A01 0973 BDME190635159-1a HMK73DSXX L4 1.fq.gz; HV511_A02_0974_BDME190635160-1a_HMK73DSXX_L3_1.fq.gz;HV511 A02 0974 BDME190635160-1a HMK73DSXX L3 1.fq.gz; HV512_A03_0975_BDME190635161-1a_HMGLJDSXX_L2_1.fq.gz;HV512 A03 0975 BDME190635161-1a HMGLJDSXX L2 1.fq.gz; HV513_A04_0976_BDME190635162-1a_HMGLJDSXX_L1_1.fq.gz;HV513 A04 0976 BDME190635162-1a HMGLJDSXX L1 1.fq.gz; HV514_A05_0977_BDME190635163-1a_HTMC3DSXX_L3_1.fq.gz;HV514 A05 0977 BDME190635163-1a HTMC3DSXX L3 1.fq.gz; HV515_A06_0978_BDME190635164-1a_HMHMLDSXX_L3_1.fq.gz;HV515 A06 0978 BDME190635164-1a HMHMLDSXX L3 1.fq.gz; HV517_A08_0980_BDME190635165-1a_HTLNHDSXX_L1_1.fq.gz;HV517 A08 0980 BDME190635165-1a HTLNHDSXX L1 1.fq.gz; HV518_A09_0981_BDME190635166-1a_HTLYJDSXX_L2_1.fq.gz;HV518 A09 0981 BDME190635166-1a HTLYJDSXX L2 1.fq.gz; HV519_B01_0982_BDME190635167-1a_HTMC3DSXX_L3_1.fq.gz;HV519 B01 0982 BDME190635167-1a HTMC3DSXX L3 1.fq.gz; HV520_B02_0983_BDME190635168-1a_HTLNHDSXX_L1_1.fq.gz;HV520 B02 0983 BDME190635168-1a HTLNHDSXX L1 1.fq.gz; HV521_B03_0984_BDME190635169-1a_HTMC3DSXX_L3_1.fq.gz;HV521 B03 0984 BDME190635169-1a HTMC3DSXX L3 1.fq.gz; HV522_B04_0985_BDME190635170-1a_HMK73DSXX_L4_1.fq.gz;HV522 B04 0985 BDME190635170-1a HMK73DSXX L4 1.fq.gz; HV523_B05_0986_BDME190635171-1a_HMJY2DSXX_L1_1.fq.gz;HV523 B05 0986 BDME190635171-1a HMJY2DSXX L1 1.fq.gz; HV524_B06_0987_BDME190635172-1a_HMGLJDSXX_L2_1.fq.gz;HV524 B06 0987 BDME190635172-1a HMGLJDSXX L2 1.fq.gz; HV525_B07_0988_BDME190635173-1a_HMHM7DSXX_L1_1.fq.gz;HV525 B07 0988 BDME190635173-1a HMHM7DSXX L1 1.fq.gz; HV526_B08_0989_BDME190635174-1a_HTMC3DSXX_L3_1.fq.gz;HV526 B08 0989 BDME190635174-1a HTMC3DSXX L3 1.fq.gz; HV527_B09_0990_BDME190635175-1a_HMK73DSXX_L4_1.fq.gz;HV527 B09 0990 BDME190635175-1a HMK73DSXX L4 1.fq.gz; HV528_C01_0991_BDME190635176-1a_HMJY2DSXX_L1_1.fq.gz;HV528 C01 0991 BDME190635176-1a HMJY2DSXX L1 1.fq.gz; HV529_C02_0992_BDME190635177-1a_HTLNHDSXX_L1_1.fq.gz;HV529 C02 0992 BDME190635177-1a HTLNHDSXX L1 1.fq.gz; HV530_C03_0993_BDME190635178-1a_HTMC3DSXX_L3_1.fq.gz;HV530 C03 0993 BDME190635178-1a HTMC3DSXX L3 1.fq.gz; HV531_C04_0994_BDME190635179-1a_HMHMLDSXX_L1_1.fq.gz;HV531 C04 0994 BDME190635179-1a HMHMLDSXX L1 1.fq.gz; HV532_C05_0995_BDME190635180-1a_HMHMLDSXX_L1_1.fq.gz;HV532 C05 0995 BDME190635180-1a HMHMLDSXX L1 1.fq.gz; HV533_C06_0996_BDME190635181-1a_HMF2TDSXX_L4_1.fq.gz;HV533 C06 0996 BDME190635181-1a HMF2TDSXX L4 1.fq.gz; HV534_C07_0997_BDME190635182-1a_HMJLWDSXX_L2_1.fq.gz;HV534 C07 0997 BDME190635182-1a HMJLWDSXX L2 1.fq.gz	ena_host_field	GUT	sample_fields	gut: gut, stool
PRJNA1301039	unclassified entries unclassified sequences metagenomes Raw sequence reads	This dataset contains metagenomic data from digesta samples collected from the gastrointestinal tracts of Hyaline Brown laying hens. The dataset includes 48 samples and provides insights into the microbial composition and functional potential of the poultry gut microbiome.	Gallus gallus	ena_host_field	GUT	sample_fields	gut: gut, intestinal
PRJNA1073587	HiFi-Based Metagenomic Assembly Strategy Provides Accuracy Near Isolated Genome Resolution in MAGs Assembly	High-quality genomes of bacteria were significantly resource for exploring the diversity, function of different environments, including gut microbiome. The limitation of short reads and higher error rate of previous technologies make it difficult to get high quality genomes without isolation. Pacbio HiFi sequencing technology may overcome these limitations in genome assembly from metagenomic sequencing data. However, there is not comprehensive comparison between different sequencing technologies for metagenomic assembled genomes (MAGs). In this study, a total number of 31 high-quality MAGs assembled using Pacbio HiFi metagenomic sequencing data, including 10 complete MAGs with genomic circularity. The quality comparison of MAGs by illumina, ONT, and HiFi based methods suggesting that HiFi-based method provided higher completeness, continuity, and lower contamination than ONT and illumina based methods (p<0.05). Compared with the isolate genomes from the NCBI database, the HiFi-based MAGs were closer to the isolate genomes at both of gene and single nucleotide level (SNP) level. Further validates the assembly accuracy of these strategies by isolating and sequencing bacterial strains from the same samples. Phylogenetic and Principal Coordinates Analysis (PCoA) based on gene presence/absence affirmed that HiFi-based MAGs closely match isolated strains at the SNP and gene level. In conclusion, this study provided a benchmark for recovering MAGs, and suggesting HiFi-based MAGs could approach the completeness genomes of isolated strains. This research offers invaluable insights into the practical utility of Pacbio HiFi on the MAGs assembly and guides future endeavors requiring accurate microbial genomic information.	Ailuropoda melanoleuca	ena_host_field	GUT	sample_fields	gut: gut
PRJEB33219	Microbial changes in early pancreatic cancer progression	Pancreatic cancer is among the deadliest cancers that affects almost 54,000 patients in United States alone, with 90% of them succumbing to the disease. Lack of early detection is considered to be the foremost reason for such dismal survival rates. Our study shows that resident gut microbiota is altered at the early stages of tumorigenesis much before development of observable tumors in a spontaneous, genetically engineered mouse model for pancreatic cancer. In the current study, we analyzed the microbiome of in a genetic mouse model for PDAC (KRASG12DTP53R172HPdxCre or KPC) and age-matched controls using WGS at very early time points of tumorigenesis. During these time points, the KPC mice do not show any detectable tumors in their pancreas. Our results show that at these early time points, the histological changes in the pancreas correspond to a significant change in certain gut microbial population. Our predictive metabolomic analysis on the identified bacterial species reveal that the primary microbial metabolites involved in progression and development of PDAC tumors are involved in polyamine metabolism.	Mus musculus	biome_label	GUT	sample_fields	gut: gut
PRJNA1099794	Metagenomic data of 40 fecal layers at different laying stages	Metagenomic data of 40 faecal samples from early laying period, peak laying period and late laying period of laying hens	Gallus gallus; Hy-Ling brown laying hens	ena_host_field	GUT	sample_fields	gut: gut
PRJNA417359	A catalogue of chicken gut metagenome and the microbial responses to antibiotic and plant-derived benzylisoquinoline alkaloids	Study the chicken gut metagenome of five intestinal compartments (duodenum, jejunum, ileum, cecum and colorectum) to unveils the mechanism of feed additives (antibiotic chlortetracycline and Macleaya cordata extract) for promoting chicken growth.	Gallus gallus	ena_host_field	GUT	sample_fields	gut: cecum, duodenum, gut, ileum, jejunum
PRJEB53667	Characterization by shotgun sequencing of the caecal metagenome of broilers raised in a farm in the American Midwest.	Characterization by shotgun sequencing of the caecal metagenome of broilers raised in a farm in the American Midwest. Data was generated by DSM Nutritional Products.	Gallus gallus	biome_label	GUT	sample_fields	gut: cecal, gut, intestine
PRJNA769425	Metagenomic analysis of the gut microbiota in piglets reveals beneficial effects of probiotics on its composition, resistome, digestive function and oxidative stress responses	In this project, whole metagenome shotgun sequencing was performed to monitor and observe the efficacy of probiotic prototype fed in neonatal pigs on gut microbiota and antibiotic resistance gene (ARGs) modulation in weaned piglets.	Sus scrofa domesticus	ena_host_field	GUT	sample_fields	gut: gut
PRJNA622417	Rat fecal metagenome	Fecal metagenome of rat colon cancer model	rat	ena_host_field	GUT	sample_fields	gut: feces
PRJNA612780	Comparative fecal microbiota characterization and antimicrobial resistance pattern in human and poultry	The emergence of antimicrobial resistance microbes poses a serious threat to Pakistan. Comparative fecal microbial characterization using next-generation sequencing (NGS) enabled the understanding of microbial diversity and similarity between different species. For robust diagnostic and effective therapeutic interventions, there is a need to investigate the microbial and its resistome diversities of human and food animals using high throughput sequencing approach. In this study, fecal microbiota of human (n=13) and poultry (n=13) were examined using NGS.	Gallus gallus domesticus; Homo sapiens	ena_host_field	GUT	sample_fields	gut: feces, gut
PRJEB32644	A protein modification introduced by food processing drives growth of a human gut bacterium	Dramatic increases in processed food consumption represent a global health threat. Maillard reaction products (MRPs), which are common in processed foods, form upon heat-induced reaction of amino acids with reducing sugars and include advanced glycation end products with deleterious health effects. To examine how processed foods impact the microbiota, we fed gnotobiotic mice, colonized with 54 phylogenetically-diverse human gut bacterial strains, defined sugar-rich diets containing whey as the protein source or a matched amino acid mixture. Whey or ï¥-fructoselysine, an MRP in whey and many processed foods, selectively increases Collinsella intestinalis absolute abundance and induces Collinsella expression of genomic loci directing import and metabolism of ï¥-fructoselysine to innocuous products. This locus is repressed by glucose in C. aerofaciens, whose abundance decreases with whey, but is not repressed in C. intestinalis. Identifying gut organisms responding to and degrading potentially harmful processed food components has implications for food science, microbiome science and public health.	Mus musculus	biome_label	GUT	sample_fields	gut: cecal, colon, fecal, gut, ileum, intestinalis
PRJNA63661	Microbial composition of samples from infant gut	The microbial composition of the gut likely contributes to a wide-range of health and disease states including intestinal inflammation, atopic disease, and possibly diseases of adulthood, such as heart disease and obesity. The early establishment of the gut microflora is suspected to have a particularly profound impact protecting the gut from infectious disease and on long-term subsequent health by predisposing individuals to atopic or autoimmune disease later in life. In contrast to the large-scale efforts of the Human Microbiome Project to characterize the microbial flora of healthy adults, relatively little has been accomplished to characterize the early establishment of the microbiota in infants. <p> The administration of antibiotics to infants has the capacity to profoundly affect the early acquisition, establishment, and natural maturation of commensal microflora. Prematurity is another major factor that is thought to influence 'normal' gut microbial composition in early life. A high number of pre-term infants receive antibiotic therapy prophylactically the immediate and long-term effects of antibiotic treatment on infant and later health outcomes are unknown. We hypothesize that gestational age influences the ability to support 'normal' gut microbiota, and that antibiotic administration in the first few weeks of life can alter or delay the development of a 'normal' microbiota and may lead to adverse health outcomes. If we hope to promote the healthy establishment of early gut colonization and thereby improve health outcomes, we need to establish what 'normal' colonization looks like across gestational ages and apply this knowledge as a benchmark to understand the impact of antibiotic treatment in early postnatal life. <p> In this project, we propose to examine the microbiome in four cohorts ranging from extremely preterm to term, with birth weights appropriate for gestational age: Group 1) 23 to 27 weeks and extremely low birth weight [ELBW, <1000 grams] Group 2) 28 to 32 weeks and very low birth weight [VLBW, >1000 to <1500 grams] Group 3) 33 to 36 weeks and low birth weight [LBW, >1500 to <2500 grams] and Group 4) term (37 to 42 weeks) and normal [>2500 to <4000 gram] birth weight. The infant gut microbiome will be assessed longitudinally in study infants from the first postnatal week to 18 months of age, and will include untreated and antibiotic-treated infants.	Homo sapiens	ena_host_field	GUT	sample_fields	gut: gut, stool
PRJNA1245445	Co-occurrence patterns of bacterial communities and resistance genes: A comprehensive fecal microbiome and resistome study from multiple dairy cattle farms	Antimicrobial resistance (AMR) poses a critical public health threat, with rising multidrug resistance cases compromising treatment effectiveness. Knowledge about the resistome in dairy production systems remains limited, particularly regarding lactating cows. This study investigated the microbiome and resistome variations across the hospital, fresh, and mid-lactation pens on 18 conventional dairy farms in California and Ohio using shotgun metagenomic sequencing of pooled fecal samples. Findings from this study suggest that antimicrobial drug use may not be the primary driver of resistome composition in dairy cattle, highlighting the need to investigate other factors influencing AMR dynamics in livestock systems.	Bos taurus	ena_host_field	GUT	sample_fields	gut: fecal, gut
PRJEB101774	Metagenomes and bile acid profiles in IBD	The gut microbiota composition is closely linked to the pathogenesis of inflammatory bowel disease (IBD) and therapy response. Bile acids (BAs) are crucial for modulating intestinal immune responses, and dysbiosis can alter the intestinal BA profile. This study investigates whether dysbiosis in IBD affects metabolic pathways for microbial conversion of BAs, host BA composition and BA-induced Takeda G protein-coupled receptor 5 (TGR5) bioactivity. Here, metagenomic sequencing was performed on fecal samples from 61 IBD patients (33 CD, 28 UC) and 21 healthy controls (HC). Microbial BA pathways were analyzed within the metabolic networks. BA profiles in stool and plasma were measured by mass spectrometry, and TGR5 bioactivity was assessed.	Homo sapiens	ena_study_text	GUT	sample_fields	gut: feces
PRJEB22175	PATCH_MICROBIOME	This study addresses the role of the intestinal microbiome in susceptibilty to Salmonella Typhi and Salmonella Paratyphi A in a human challenge model. Briefly, volunteers are challenged with 10(4) S. Typhi or 10(3) S. Paratyphi Ai and monitored over a two-week period for clinical signs of typhoid fever. Approximately sixty percent of challenged volunteers develop typhoid fever. All volunteers receive antibiotic treatment. The study takes fecal samples from challenged individuals and studies microbiome composition day 0, 7, 14, 28 and 90 post challenge. This data is part of a pre-publication release. For information on the proper use of pre-publication data shared by the Wellcome Trust Sanger Institute (including details of any publication moratoria), please see http://www.sanger.ac.uk/datasharing/	Homo sapiens	ena_study_text	GUT	sample_fields	gut: feces
PRJNA1123460	Characterization and comparison of gut microbiota in patients with acute pancreatitis by metagenomics and culturomics	Acute pancreatitis (AP) is a common gastrointestinal disorder with a high mortality rate.</p><p>This study sought to identify the microbial community structure in patients with AP</p><p>using metagenomics and culturomics. Compared to healthy controls, patients with AP</p><p>exhibited a significant decrease in alpha diversity a higher abundance of unclassified</p><p>Enterococcus species (sp), Enterococcus faecium, Candida albicans, and</p><p>Enterococcus faecalis and a lower abundance of Prevotella copri, unclassified</p><p>Streptococcus sp., unclassified Lachnospiraceae sp., and Eubacterium rectale. A total</p><p>of 336 isolates from 25 genera and 44 species were obtained by sample cultivation.</p><p>The dominant species identified in patients with AP were Enterococcus faecium and</p><p>Klebsiella grimontii, whereas those in the healthy controls were Enterococcus faecium,</p><p>Shigella flexneri, and Bacteroides faecis. Our research has contributed to the</p><p>expanded understanding of the genome, diversity, and function of the intestinal</p><p>microbiota in patients with AP and provided some reference for selecting culture</p><p>medium and sample processing methods.	Homo sapiens	ena_host_field	GUT	sample_fields	gut: feces, gut, rectum
PRJNA1171181	gut metagenome	Siniperca chuatsi gut metagenome	Siniperca chuatsi	ena_host_field	GUT	sample_fields	gut: gut
PRJNA1116530	Effects of Concentrate feeding Sequence on VFA production, and Cecal microbiota of Dezhou donkeys by Metagenomic technology	Microorganisms residing in the cecum of donkeys are crucial for physiological processes, nutrient metabolism, and immune function. Feeding methods can affect the dynamic balance of animal gut microbiota, thereby affecting indicators such as volatile fatty acids. This study explores suitable feeding methods to promote actual production by changing the feeding order of concentrate. Fifteen Dezhou donkeys with similar age and weight profiles were randomly divided into three groups with the concentrate feeding sequence: fiber-to-concentrate (FC), concentrate-to-fiber (CF), and total mixed ration (TMR). The experiment spanned a duration of 82 days. The analyses conducted were primarily aimed at determining the effects of feeding on gut microbes, primarily using metagenomic sequencing techniques.	Equus asinus	ena_study_text	GUT	sample_fields	gut: intestinal
PRJDB37508	Human Gut Metagenome	Total microbial community DNA was isolated from the fecal samples of Japanese patients who underwent colonoscopy at National Cancer Research Center. The study population contains subjects diagnosed with Colorectal Cancer.	Homo sapiens	ena_host_field	GUT	sample_fields	gut: feces, gut
PRJNA1017798	Gut Microbiota Composition and Function in Plateau Pikas on the Qinghai_Tibetan Plateau	Body Weight Is Associated with Gut Microbiota Composition and Function in Plateau Pikas on the Qinghai_Tibetan Plateau	Ochotona curzoniae	ena_host_field	GUT	sample_fields	gut: feces
PRJNA597688	Siganus oramin Matagenomic sequencing	Analysis of intestinal metagenomic differences in Siganus oramin before and after feeding Enteromorpha prolifera	Siganus canaliculatus	ena_host_field	GUT	sample_fields	gut: gut, intestine
PRJNA801914	Effects of spraying Lactobacillus plantarum P-8 on growth characteristics of neonatal piglets	The purpose of this experiment was to investigate the effects of spraying Lactobacillus plantarum P-8 (L. plantarum P-8) fermentation broth in farrowing houses on the growth performance and gut microbes of neonatal piglets. neonatal piglets were randomly divided into experimental group and control group. The experimental group was sprayed with L. plantarum P-8 fermented liquid from 3 days before the expected date of sow to the 7-day age of piglets, while the control group was sprayed the same distilled water. Metagenome sequencing technology was used to combine average daily gain, immune and antioxidant results to assess changes in the gut microbiota and growth of neonatal piglets.	piglet	ena_host_field	GUT	sample_fields	gut: feces
PRJNA1428229	Shotgun metagenomic sequencing of the gut microbiome of Tetrix japonica across diverse habitats	This project investigates habitat-associated variation in the gut microbiome of the pygmy grasshopper Tetrix japonica across diverse ecosystems in China. Shotgun metagenomic sequencing was performed on gut samples collected from populations inhabiting coniferous forest, broadleaf forest, grassland, shrubland, and laboratory-reared conditions. The dataset aims to characterize taxonomic composition and functional potential of the gut microbial communities under different environmental contexts.	Tetrix japonica	ena_study_text	GUT	ena_study_text	gut: gut
PRJEB62607	zoo microbiome	Functionality of intestinal microbiota depends on diet and gut physiology how these factors contribute to the occurrence of specific microbiota activities has not been completely revealed. Microbial pdu and cbi-cob-hem clusters encode the key enzyme glycerol/diol dehydratase (PduCDE) that mediates the transformation of dietary nutrients glycerol to 1,3-propanediol and 1,2-propanediol to propionate, and enzymes for cobalamin synthesis, a co-factor and shared good of microbial communities. We aimed to investigate whether Pdu related traits of intestinal microbiota are associated with diet and gut physiology via genetic and metabolic biomarkers. We analyzed fecal samples of 55 species (n=104) from Mammalia and Aves class using a novel approach combining metagenomics with quantification of genetic biomarkers in fecal samples and metabolic biomarkers during in vitro fermentation. Microbial diversity was evaluated via phylogenetic analysis of MAGs assembled from metagenomic sequencing of animal fecal samples and discovered > 1800 novel metagenomes of unknown species . Occurence and activity of pdu/cbi-cob-hem was identified as a common feature of animal microbiota while few taxa (58/5040 metagenomic assembled genomes) harbored pdu operon. Higher amounts of 1,3-propanediol and propionate produced by hindgut-fermenting carnivores/omnivores in vitro were consistent with higher diversity and abundance of pdu/cbi-cob-hem profile in microbial communities. This trait-based study suggests gut physiology and diet direct the potential of gut microbiota to utilize glycerol/1,2-propanediol and to produce cobalamin with a higher occurrence in hindgut fermenters. Our approach combining metagenomics with phenotypic analysis enabled the prediction of a common function in animal fecal microbiota by metabolic and genetic biomarkers.	Mammalia; Aves	ena_study_text	GUT	sample_fields	gut: feces
PRJNA835973	Lactobacillus rhamnosus Probio-M9 alleviates colitis-associated tumorigenesis via modified gut microbiota and inflammation	In the progress of inflammatory bowel disease and colitis-associated carcinogenesis, intestinal bacteria play an important role in reducing inflammatory reaction and regulating tumorigenesis. Here, we first conducted a colorectal cancer model by azoxymethane (AOM)/dextran sulfate sodium (DSS), and then the curative effects of the probiotic Lactobacillus rhamnosus Probio-M9 (Probio-M9) on gastrointestinal inflammation, colitis-associated tumorigenesis and gut microbiota in AOM/DSS mice model were conducted. Probio-M9 (approximately 2 x 109 cells/day/mouse) was administered for 3 weeks. The results showed that AOM/DSS induced higher stool consistency, increased number of colon tumors, overexpression of inflammatory cytokine, increased inflammation score and CD68+ macrophage cells in the mucosal and subserosa layer of non-tumor areas. Probio-M9 ameliorated diarrhea, inflammation and tumorigenesis. Meanwhile, Probio-M9 modified the gut microbial disorder, characterized by the regulation of the normalization of the diversity and structure of the intestinal microbiota in AOM/DSS mouse models, and increase the beneficial bacteria in intestinal tract to occupy niche of pathogenic bacteria. Thus, our findings support L. rhamnosus Probio-M9 as a promising probiotic to improve the therapeutic effects for colitis-associated carcinogenesis.	rat	ena_host_field	GUT	sample_fields	gut: feces, stool
PRJDB17048	Japanese Lynch Syndrome Gut Microbiome	Total microbial community DNA was isolated from the fecal samples of Japanese patients who underwent colonoscopy at National Cancer Research Center. The study population contains subjects diagnosed with Lynch Syndrome.	Homo sapiens	ena_host_field	GUT	sample_fields	gut: gut
PRJDB15798	Novel sampling method optimized for fecal microbiota and metabolite preservation during storage	The objective was to evaluate the performance of storage at room temperature by drying feces for subsequent examination of the microbiota, microbial pathways, and the metabolome.	Homo sapiens	ena_host_field	GUT	sample_fields	gut: fecal, gut
PRJNA1090561	Microbial diversity and function in intestinal contents and environment in freshwater phase of Atlantic Salmon feeding	Microbial diversity and function in intestinal contents and environment in freshwater phase of Atlantic Salmon feeding	Salmo salar	ena_host_field	GUT+OTHER	sample_fields	gut: gut; other: freshwater
PRJEB58787	Reproducible chemostat cultures to minimize eukaryotic viruses from fecal transplant material	During the last decade it has become evident that () complex diseases such as metabolic syndrome, autoimmune diseases and colon cancer are associated with imbalances of gut microbiome (GM). This makes the GM an attractive therapeutic target for faecal microbiota transplantation (FMT). During FMT in addition to bacteria also archaea and prokaryotic as well as eukaryotic viruses are transferred. Recent studies indicate the role of bacteriophages for successful FMT. However, wider clinical application of FMT is unlikely due to donor variability and concerns of infection risks by bacteria and human viruses. To overcome these challenges, mouse cecal and human fecal material were propagated in chemostat cultures. Environmental conditions supported reproduction of bacteria, archaea, and phages, whilst multiplication of eukaryotic viruses was prevented by the absence of eukaryotic host cells. The results showed decrease of the median relative abundance of contigs of eukaryotic viruses from 0.2 % to below 0.01 %. The number of phage-assigned OTUs remained over 1000 x higher than these of eukaryotic viral OTUs after 5 volumes dilution. The corresponding bacterial virome profiles showed dilution rate dependency, a reproducibility between biological replicates, and maintained high diversity. The dominant viral taxa in mice cecal and human fecal matters were Petitvirales and Tubulavirales but the chemostat cultured phageomes contained mainly taxa from Caudoviricetes. This proof-of-concept cultivation approach may constitute the first step of developing novel therapeutic tools with low risk of infection from the donor material to target a broad spectrum of gut-related diseases.	Mus musculus; Homo sapiens	ena_study_text	GUT	sample_fields	gut: gut
PRJNA853153	"Metagenomic sequencing of gut microbiota associated with ""Metabolically-Healthy Obesity"" mice"	To determine the changes in composition and function of the intestinal microbiome in Metabolically Healthy Obesity (MHO) phenotype, we applied metagenomic sequencing, using the fecal samples of six DIO mice and six lean controls.	Mus musculus	ena_study_text	GUT	sample_fields	gut: feces
PRJEB47609	HoloFood Chicken Ileum Metagenome â deeply sequenced batch	Metagenomic raw reads, assemblies, and bins derived from HoloFood chicken ileum samples. Samples selected for this batch were deeply sequenced, and were randomised among trials (feed), age, and breed to overcome batch effect. The samples in this project contributed to the chicken ileum MAG catalogue (project: PRJEB55375 [ERP140264]).	Gallus gallus	ena_host_field	GUT	sample_fields	gut: gut, ileum
PRJNA662107	human metagenome Raw sequence reads	Oral and gut metagenomes from female subjects	Homo sapiens	ena_host_field	GUT+OTHER	sample_fields	gut: feces, stool; other: oral, saliva
PRJNA1028770	The composition of intestinal microbiome regulates depression in mice	We created a mouse model of depression model. Metagenomic sequencing was used to detect the changes of intestinal microbes in different groups of mice, and the key microbial and metabolic pathways associated with the improvement of depression and treatment groups were identified through statistical analysis. Identify key biomakers for subsequent research.	mouse	ena_host_field	GUT	sample_fields	gut: fecal, feces
PRJNA990717	soil metagenome	Soil metagenome-fumigation	Gallus gallus	biome_label	GUT	sample_fields	gut: gut
PRJNA672868	Pig metagenome	Shotgun metagenome of pig feces	Sus scrofa	ena_host_field	GUT	sample_fields	gut: fecal, gut
PRJEB47976	Alzheimer signature in intestinal microbiome: Results from the AlzBiom study.	Changes in intestinal microbiome composition have been described in animal models of Alzheimer`s disease (AD) and AD patients. Here we investigated how well taxonomic and functional intestinal microbiome data can be used to discriminate between amyloid-positive AD patients and cognitively healthy elderly controls.	Homo sapiens	ena_study_text	GUT	sample_fields	gut: stool
PRJNA327106	Raw reads of the microbiota of premature infant mouth, skin, and gut	Simultaneous longitudinal metagenomic sequencing of the mouth, skin, and gut microbiomes of two premature infants during the first month of life	Homo sapiens	ena_host_field	GUT+OTHER	sample_fields	gut: gut; other: oral, skin
PRJNA1257558	Gut metagenomic raw data of 68 Tibetan antelope Metagenome	Feces metagenome of Tibetan antelope	Pantholops hodgsonii	ena_host_field	GUT	sample_fields	gut: gut
PRJNA1282711	Swine microbiome samples treated with unprocessed and processed soybean meal	Effects of different protein sources on gut microbiome composition and relationship with performance in pigs in regular nursery and enterotoxigenic Escherichia coli (ETEC) challenged conditions	Sus scrofa domesticus	ena_host_field	GUT	sample_fields	gut: feces, gut
PRJEB50613	Long-term antimicrobial resistance monitoring by phenotypic methods and metagenomics	The Danish Integrated Antimicrobial Resistance Monitoring and Research Programme (DANMAP), established in 1995, encompasses annual estimates of antimicrobial -use (AMU) and -resistance (AMR), with isolates of indicator bacteria collected from animals at slaughter and tested for antimicrobial susceptibility. Recently, novel monitoring possibilities emerged, including metagenomics shotgun-sequencing. Here we compare the monitoring of AMR using phenotypic resistance in indicator bacteria with metagenomics, and investigate the correlation of both with AMU. The aim of this study was to assess the relevance of indicator bacteria and the future utility of metagenomics in AMR surveillance. Both measures of resistance were equally positively correlated to AMU. Metagenomics further allowed to rank abundance of different resistances and individual antimicrobial resistance genes and to identify significant cross-correlations between trends over time. We validated the long-term usefulness of indicator bacteria and also showed that metagenomics is a promising and potentially preferable option for future improved AMR surveillance.	Sus scrofa	biome_label	GUT	sample_fields	gut: faeces, gut
PRJNA987743	Ruminal and Fecal Microbiomes of Brazilian Nelore Cattle	Shotgun metagenomic data from the ruminal and fecal microbiomes of 52 Brazilian Nelore bulls fed a conventional diet or a diet based on agricultural by-products	Bos indicus	ena_host_field	GUT	sample_fields	gut: feces, gut, rumen
PRJNA1206810	Felis silvestris catus feces Raw sequence reads	The metagenome of cat feces	Felis silvestris catus	ena_study_text	GUT	sample_fields	gut: feces
PRJNA718322	Cholesterol-specific diet-microbiome-host interactions	This project aims to understand cholesterol-specific microbiome-host interactions through unveiling cholesterol-specific microbial interactors in the mammalian intestine and identifying the associated cholesterol-derivatives, finally to interrogate the biological significance driven by the above events in the host.	Mus musculus	ena_host_field	GUT	sample_fields	gut: gut
PRJNA526405	Pig microbiome	Study of pig microbiome in response to antibiotic	Porcine; Sus scrofa	ena_host_field	GUT	sample_fields	gut: caecum, colon, duodenum, gut, ileum, jejunum
PRJNA356809	the gut metagenome of ginat pandas , bears and carnivores Raw sequence reads	we investigated the structural profile and functional potential of the giant panda gut microbiome comprehensively using 16S rDNA and shotgun metagenomic sequencing of fecal samples.	Golden_Cat;Golden Cat; Himalayan_Goral;Himalayan Goral; Lynx lynx; Martes flavigula; Mustela sibirica; Otocolobus manul; Panda; Panthera pardus; Prionailurus bengalensis; Swinhoe; Viverricula indica; black_bear;black bear; tibetan_human;tibetan human; tibetan_pig;tibetan pig	ena_host_field	GUT	sample_fields	gut: gut
PRJNA1222153	Waltham Catalogue for the Canine Gut Microbiome: A complete taxonomic and functional catalogue of the canine gut microbiome through novel metagenomic based genome discovery	Background: Over a number of decades, research into canine health and wellbeing has led to substantial findings in key areas such as management of disease, growth, and aging. To date, the majority of microbiome research and databases has been focused on environmental, rodent and human samples giving biases to databases and to interpretation of other species. Given the emergence of the microbiome as a key driver of health and disease, we aimed to produce the most comprehensive catalogue of the gut microbiome of dogs giving novel insights into the functional role of the microbiome in dogs.</p><p>Results: We generated 1,031 dereplicated metagenome-assembled genomes (MAGs) from canine fecal samples collected across Europe and the USA. From these MAGs, we describe 89 novel species, 10 novel genera and 982 novel strains. This allowed us to profile an independent dataset at mapping rates of 94%, with 32.6 % of reads mapping to novel species. A comprehensive analysis of functional data uncovered 4,182 orthologous gene groups and gives a new view of carbohydrate metabolism capacity of the canine gut microbiome with the discovery of 244 carbohydrate active enzymes spread across a vast range of bacterial species. Collectively, our data demonstrates the canine microbiome is distinct, presumably having evolved to its host, diet and environment over several millennia.</p><p>Conclusions: We have generated the most complete catalogue to date of the canine gut microbiome at taxonomic and functional levels giving a resource to all researchers in the field, uncovering many novel taxa, and giving insights into the functional role of the canine microbiome to the canine host.	Canis familiaris	ena_study_text	GUT	ena_study_text	gut: fecal, gut
PRJNA723218	bovine gastrointestinal microbiome and RNA-seq data	Raw sequence reads of 120 metagenomic samples of gastrointestinal digesta from 10 regions of dairy cows and corresponding 120 transcriptome samples of the gastrointestinal mucosa.	Dairy cattle	ena_host_field	GUT	sample_fields	gut: digesta, gut
PRJNA874173	feces metagenome Raw sequence reads	normal meragenome of mouse	Alpha-synuclein transgenic c57bl/10 mice; Alpha-synuclein transgenic c57bl/11 mice; Alpha-synuclein transgenic c57bl/6 mice; Alpha-synuclein transgenic c57bl/7 mice; Alpha-synuclein transgenic c57bl/8 mice; Alpha-synuclein transgenic c57bl/9 mice; C57BL/6; C57BL/7; C57BL/8	ena_host_field	GUT	sample_fields	gut: feces
PRJNA1119043	Metagenomic analysis reveals the impact of sampling methods and digestive tract segments on the composition and function of intestinal microbiota in donkeys and cows	Here, employing approximately 300 GB of metagenomic sequencing data from 91 samples representing five (donkeys) and eight (cows) digestive tract segment with swab and fecal samples of monogastric (donkeys) and polygastric (cows) animals, we assembled 4,004,115 (cow) and 2,938,653 (donkey) microbial metagenome assembled contigs, and got 9,060,744 genes with an average size of 553bp (range 102bp ~ 10,912bp). The results demonstrated significant differences in microbial composition between the two sampling methods used. The direct swab sampling method revealed a higher abundance of Bacteroidetes in both donkeys and cows, while the fecal sampling method showed a relatively higher proportion of Firmicutes. Additionally, significant variations were observed in the microbial composition between different digestive tract segments in both animals. The microbiota in the stomach differed greatly from that in other segments especially for the donkey. Besides, both dominant and endemic microorganisms showed a clear difference in the microbial community structure between donkey and cow. In the donkey, 1,942 genera were found to have high levels of Lactobacillus, Clostridium and Prevotella, while 1,744 genera were identified in the cow. Unlike the donkey, the cow had distinct dominate genera in each of its segments, including Prevotella for the stomach, Kandleria for the small intestine and Clostridium for the cecum, colon and rectum. Functional analysis of the metagenomic data revealed disparities in the functional potential of the intestinal microbiota. The direct swab sampling method was associated with higher functional diversity, particularly in carbohydrate and lipid metabolism pathways. Conversely, fecal sampling exhibited an enrichment of genes linked to amino acid biosynthesis and transport.	Cow; Equus asinus	ena_host_field	GUT	sample_fields	gut: cecum, colon, gut, rectum, rumen
PRJNA821230	Evaluating feline rectum fecal sample collection method using mineral oil lubrication for microbiome studies	Gut microbiota is the collection of microorganisms inhabited in the host's gastrointestinal tract. The gut microbiome is involved in the etiology of many diseases. In this study, a new feline rectum fecal sample collection approach using mineral oil as lubrication to reduce pain and bleeding has been systematically evaluated in terms of microbiome composition and abundance using whole-genome shotgun metagenomic sequencing.	Felis catus	ena_host_field	GUT	sample_fields	gut: fecal, gut, rectum
PRJNA827933	feces metagenome Raw sequence reads	normal metagenome of mouse feces	mouse	ena_host_field	GUT	sample_fields	gut: feces
PRJNA772288	CHARACTERISATION OF EXTENDED-SPECTRUM BETA LACTAMASES (ESBLs) ENCODING BACTERIA FROM A RURAL COMMUNITY SETTLEMENT	This study main objective is to determine the occurrence of antibiotic resistance targeting mainly the ESBLs encoding bacteria isolated from animal faces and the environmental sources( pond water and soil) in Palapye	Domestic animals; Domestic dog; Soil; Water	ena_host_field	GUT+OTHER	sample_fields	gut: feces; other: soil, water
PRJNA983744	Mus musculus Raw sequence reads	Fecal metagenome of mice fed a Mediterranean diet and a standard diet	Mus musculus	ena_host_field	GUT	sample_fields	gut: feces
PRJNA549182	Metagenomic analysis of the impact of diet on the murine gut microbiome raw sequence reads	Metagenomic analysis of the impact of antibiotic treatment and diet on the composition of the murine gut microbiome	Mus musculus	ena_host_field	GUT	sample_fields	gut: gut
PRJNA723631	Chicken litter pre-application treatment on the abundance and transmission of antibiotic resistance genes to vegetables at harvest.	In this study, raw and composted chicken litter was applied to field plots that were cropped to radishes. The impact of treatment on manure composition and distribution of antibiotic resistance genes and bacteria on vegetables at harvest was determined.	Gallus gallus; Raphanus sativus	ena_host_field	GUT+OTHER	sample_fields	gut: feces; other: soil
PRJNA1083038	Raw sequencing reads of red deer(Cervus elaphus)	The raw sequencing reads of Metagenomics, to study on the relationship between nutrional status and gut microbes	Cervus elaphus	ena_host_field	GUT	ena_study_text	gut: gut
PRJNA902684	Metagenome level reveals the regulatory effect of probiotics to mastitis rats	This study established a rat mastitis animal model, collecting fecal samples from rats on day 0 and 30 for metagenomic sequencing, to evaluate the remission of mastitis by a breast milk-originated probiotic strain, Lacticaseibacillus rhamnosus Probio-M9, and the translocation of ingested probiotics to the mammary gland.	Rattus	ena_host_field	GUT	sample_fields	gut: feces, stool
PRJNA1110045	Colonic chyme of piglets Metagenome	Metagenomic testing of piglet colonic chyme samples to understand intestinal flora and biological function	Sus scrofa	ena_host_field	GUT	sample_fields	gut: colon, gut
PRJNA812273	Nomascus hainanus Raw sequence reads	normal metagenome of feces	Nomascus hainanus	ena_host_field	GUT	sample_fields	gut: feces
PRJNA728091	Study of microbial community from mixed cow-dung and plant sample	Metagenomic study of microbial community from mixed cow-dung and plant sample	Cow-dung	ena_host_field	GUT	sample_fields	gut: feces
PRJDB9649	Fecal microbiota transplantation alleviates diabetes peripheral neuropathy	Diabetic peripheral neuropathy (DPN) is one of the serious and long-term complications of diabetes mellitus, which has no modifiable treatment. Here we reported the results of using fecal microbiota transplantation (FMT) from the healthy donors as a therapeutic alternative for patients with DPN. Compared to the patients received placebo, the patients with FMT via mid-gut showed significant alleviation of the function of sensory and motor nerves after 12 weeks, accompanying with improvement of the gut barrier integrity and decrease of proinflammatory cytokines. The metagenomic sequencing data suggested that the gut microbiota in patients after FMT had higher capacity to produce butyrate and decreased the biosynthesis of endotoxin. Thus, our work provides the feasibility of using FMT to treatment for DPN.	Homo sapiens	ena_host_field	GUT	sample_fields	gut: gut
PRJNA626062	Fecal microbiota transplant therapy in type 2 diabetes patients.	Increasing evidence shows that alterations in the normal gut microbiome (GM) contribute to the development of type 2 diabetes (T2D) and fecal microbiota transplantation (FMT) from a healthy donor can lead to restoration of healthy gut flora for treating various diseases. However, whether FMT therapy can bring any benefits to T2D patients remains unknown. Here we conduct a perspective cohort study to evaluate clinical outcomes in 17 T2D patients following FMT.	Homo sapiens	ena_host_field	GUT	sample_fields	gut: feces
PRJNA552411	Metagenome analysis reveals presence of Antibiotic Resistant Genes in Ethiopian chicken	Poultry farming in Ethiopia is of significant importance, both economically and nutritionally. Chicken cecum microbiomes play a significant role in host digestion, absorption of nutrients, defense against pathogens, and performance. Here, we analyzed the whole genomes of cecum microbiomes of Ethiopian indigenous chickens from two distinct geographical zones: Afar (AF) district (Dulecha, 730 m above mean sea level) and Amhara (AM) district (Menz Gera Midir, 3300 m). Whole metagenome sequencing approach has been used to decipher species biodiversity, functions, pathways and antibiotic resistant genes present in cecum microbes. We found that microbial populations were mainly dominated by Bacteroidetes, Firmicutes, and Proteobacteri. We identified 2210 common genes between the two groups of chickens and observed that geographical locations had a significant impact on microbial compositions. Linear discriminant analysis effect size (LEfSe) showed that the distribution of Coprobacter, Geobacter, Cronobacter, Alloprevotella, and Dysgonomonas were biomarkers that were significantly more abundant in AF than AM. To gain insights into the physiological function of the microbial community, we decoded the genomes of the microbiomes. Analyses using KEGG, eggNOG, and CAZy databases indicated that pathways of metabolism, genetic information processing, environmental information processing, and cellular process are significantly enriched. Functional abundance was found to be associated with the nutrient absorption and microbial localization of the indigenous chickens. We have also investigated the distribution of antibiotic resistant genes in the microbiomes and found that some of the antibiotics like LSM, cephalosporin, and tetracycline were significantly more abundant in AF than AM. In conclusion the whole genome of cecum microbiomes generated in this study is a valuable resource to understand their potential functions to facilitate the adaptation of indigenous chickens to different environmental and climatic conditions.	Gallus gallus	ena_host_field	GUT	sample_fields	gut: cecum, gut
PRJNA741607	Inhibitory Effects of Lactulose on Colitis-Associated Carcinogenesis by Restoration of the Gut Microbiota in AOM/DSS Mouse Model	In this study, we investigated the effect of lactulose on gastrointestinal inflammation and inflammation-related tumorigenesis in a mouse model of colorectal cancer. Eight week old female C57BL6 NCr Slc mice received a single intraperitoneal injection of azoxymethane, followed by oral administration of sodium dextran sulfateonce every 7 days per set in 3 sets. For lactulose treatment, mice were fed lactulose for 14 weeks after AOM/DSS treatment. Stool samples collected from mice were used for metagenomic analysis. Pathological progression and gene expression in tissues extracted 21 weeks after AOM injection were evaluated. AOM/DSS treatment induced colorectal tumorigenesis, enhanced the expression of tumor necrosis factor-alpha, interleukin-6 (IL-6), and transforming growth factor beta 1, and decreased intestinal flora diversity. Lactulose administration significantly suppressed tumor development, inhibited TNF and IL-6 upregulation, recovered the diversity in intestinal flora, and induced favorable modifications in intestinal bacterial composition. Starch degradation and amino acid metabolism upregulated by AOM/DSS treatment were suppressed by lactulose. These findings suggest that lactulose suppresses inflammatory tumorigenesis caused by inflammatory cytokines, potentially by modulating the diversity of the intestinal flora.	rat	ena_host_field	GUT	sample_fields	gut: feces, stool
PRJNA984595	Characterizing the effect of in-feed antibiotics and zinc oxide removal in the taxonomic and functional microbiota traits of post-weaning pigs in commercial farms.	Post weaning diarrhoea (PWD) is a disease that causes economic problems and piglet mortality at weaning. Current restrictions limit the use of in-feed antibiotics (Ab) and therapeutic in-feed zinc oxide (ZnO) use was forbidden recently. Microbiome changes occurring at weaning comprise both a risk factor for and a consequence of PWD. In this study, shotgun metagenome sequencing was used to characterize microbiome changes at the first two weeks post weaning within three scenarios Ab ZnO and no medications on commercial farms using regularly antimicrobials in the post weaning period. The results from this study map the microbiome of piglets at weaning and will be useful to guide alternatives to antimicrobial compounds to keep or restore the microbial equilibrium at weaning.	Sus scrofa	ena_host_field	GUT	sample_fields	gut: feces, gut
PRJDB7767	Gut Microbiota dysbiosis leads to the development and progression of multiple sclerosis	We searched for specific bacterial species and gene functions involved in the pathogenesis of classical Western-type multiple sclerosis (CMS) by analyzing the gut microbial metagenomic gene sequence data of 62 relapsing-remitting CMS patients, 15 secondary progressive CMS patients, 21 atypical MS patients, 20 neuromyelitis optica spectrum disorder patients, and 55 age-matched healthy controls. We identified candidates of specific bacterial species and gene functions that are involved in the development and progression of MS.	Homo sapiens	ena_host_field	GUT	sample_fields	gut: gut
PRJEB40824	Shotgun metagenomics of total DNA isolated from intestinal content of wild and domestic animals	Our objective was to investigate and quantify the scale of the AMR phenomenon in several species of domestic and wild animals. We applied shotgun metagenomics of total DNA isolated from intestinal content of animals: turkeys, chickens, pigs, wild boars, foxes and rodents to explore the abundance of different resistance genes, and to examine bacterial and plasmid composition. We also looked at the possible diet of selected animals in the context of AMR spread.	Gallus gallus; Meleagris gallopavo; Rodentia; Sus scrofa; Vulpes vulpes	ena_host_field	GUT	sample_fields	gut: intestines
PRJNA913689	Differences in the diversity and community structure of the intestinal microbiota of commercial fishes in the central and southern East China Sea in spring and autumn	The V3-V4 region of the bacterial 16S rRNA in the intestinal contents of three commercial fish species (Larimichthys crocea, Larimichthys polyactis and Trichiurus lepturus) from the central and southern East China Sea were sequenced in an attempt to understand the intestinal microbial diversity (IMD) and community structure of the intestinal microbiota in these populations collected in spring and autumn.	Larimichthys crocea; Larimichthys polyactis; Trichiurus lepturus	ena_host_field	GUT	sample_fields	gut: gut, intestine
PRJEB51353	Human gut metagenomes of SCAPIS Uppsala and Malmo	SCAPIS is a prospective population-based study of 30,154 men and women, aged 50â65 years, living in six municipality regions in Sweden. It was designed with the main aim to improve risk prediction and understanding of cardiovascular disease, chronic pulmonary obstructive disease, and related metabolic disorders. After a pilot study in 2012, recruitment was initiated in 2014 and completed in 2018. Individuals were randomly recruited from the population register, with a participation rate of 50%. Fecal samples were obtained for 9,819 participants at SCAPIS-Uppsala and SCAPIS-Malmo. More information can be found at: https://doi.org/10.1111/joim.12384 and https://doi.org/10.1038/s41467-022-33050-0	Homo sapiens	biome_label	GUT	sample_fields	gut: gut
PRJDB17226	Functional changes in the host gut microbiota of mice by S. salivarius-produced EPS.	4-week-old C57BL/6J mice were fed high fat diet including 10% cellulose or 10% S. salivarius -produced EPS for 12 weeks.	Mus musculus	ena_host_field	GUT	sample_fields	gut: feces, gut
PRJEB52754	Interplay between antipredator behavior, parasitism, and gut microbiome in wild stickleback populations	The role of predation stress in driving behavioral and microbial-host interaction changes is recognized, but the impact of microbial composition in aquatic organisms and its relationship with stress-related behavior remains poorly understood. This study explored the relationship between antipredator behavior, parasitism, and the gut microbiome in wild stickleback fish populations from two different lakes: GaltabÃ³l, clear and spring-fed versus Ãristikla, turbid and glacial-fed. We aimed to identify potential links between these factors by analyzing behavioral responses to simulated predation, comparing microbiomes between populations with or without parasite infection, and examining potential correlations between behavior and microbiome composition. Behavioral analysis revealed differences between populations, with each exhibiting unique baseline behaviors i.e., higher activity in GaltabÃ³l fish and higher angular velocity in Ãristikla fish, and varied responses to the presence of predator i.e., increased boldness in GaltabÃ³l fish and higher activity in Ãristikla fish. The response to the predator attack was similar between fish from both populations. Parasitism influenced behavior, with parasitized fish displaying increased boldness. Microbiome analysis showed that a small proportion of its variation was explained by population, likely reflecting differences in lake environments. Only the marine genus Pseudoalteromonas abundance differed between populations. Parasitism in GaltabÃ³l fish population was linked to decreased alpha diversity in the microbiome, with an increase in specific microbial taxa, including potential pathogens, and a decrease in commensal microbes. Our findings suggest that behavior and microbiome correlations may primarily reflect environmental adaptations and parasite status rather than direct gut-brain interactions. However, some tentative evidence suggests a potential innate connection between swimming activity, stress levels, and specific microbes. The study highlights the complexity of the gut-brain axis in wild populations and suggests future research directions, including experimental manipulations to uncover causal relationships between microbiome composition and behavior. For further information, see the following preprint on ResearchSquare: https://doi.org/10.21203/rs.3.rs-5263430/v1	Gasterosteus aculeatus	ena_host_field	GUT	sample_fields	gut: gut
PRJEB24041	Selective maternal seeding and environment shape the human gut microbiome	Vertical transmission of bacteria from mother to infant at birth is assumed to initiate a life-long host-microbe symbiosis. Maternal bacteria are expected to seed the infant intestine and thus play an important role in early development. However, only tracking of strictly defined microbial strains can clarify where the intestinal bacteria come from, how long the initial colonisers persist and whether colonisation by other strains from the environment can replace existing ones. Using rare single nucleotide variants in faecal metagenomes of infants and their family members, we show strong evidence of selective and persistent transmission of maternal strain populations to the vaginally born infant, and their occasional replacement by strains from the environment, including those from family members, in later childhood. Only strains from the classes Actinobacteria and Bacteroidia, which are essential components of the infant microbiome, are transmitted from the mother and persist for at least one year. In contrast, maternal strains of Clostridia, a dominant class in the motherâs gut microbiome, are not observed in the infant. Instead, Clostridia strains are recruited from the environment early on, and fail to colonise persistently until after the first year. Caesarean-born infants showed a striking lack of maternal transmission at birth. For all children analysed, strain influx from the family environment was observed, peaking after the first year. Furthermore, even in adulthood strain sharing between family members, including spouses and siblings, is more common than between unrelated individuals. This suggests that re-colonisation occurs in adulthood. When studying families, fathers appear to be more frequently donors of novel strains to other family members than receivers. Taken together, after selective maternal seeding of the infant gut, species from the environment are recruited, with a rare but continuing strain influx over time.	Homo sapiens	ena_study_text	GUT	sample_fields	gut: gut, stool
PRJEB15341	Comparison between mouse caecal contents and faeces	Comparison between shotgun metagenomic results obtained from paired mouse caecal contents and faeces	Mus musculus	biome_label	GUT	sample_fields	gut: gut, intestinal
PRJNA1137132	Shotgun Metagenomics profiling of gut microbiome of 3xTG mouse, a mouse model of Alzheimer's Disease	In this study we performed a shotgun metagenomics sequencing on stool samples of 3xTG mice and WT mice in order to profile their gut microbiome. AD samples and WT samples were profiled at different timepoints (T0 = 3 months T1 = 6 months T2 = 12 months). Per each timepoint and each group, 6 mice were recruited.	Mus musculus	ena_host_field	GUT	sample_fields	gut: gut, stool
PRJNA974094	Vitamin D Modulation of Brain-Gut-Virome Disorder Caused by Polystyrene Nanoplastics Exposure in Zebrafish (Danio rerio)	Gut Virome Analysis	Danio rerio	ena_host_field	GUT	sample_fields	gut: gut
PRJEB18805	Mouse_gut_microbiota_transmission_study	Homozygosity for FUT2 ((1,2) fucosyltransferase) null alleles determines the lack of (1,2)fucosylated glycans in the gastrointestinal tract epithelia and secretions. 20% of people of European, Asian and African descent do not present fucose on their mucosae and secretions due to homozygosity for FUT2 null alleles and thus are called non secretors. Non secretors are more susceptible to various diseases like Crohnâs disease, ulcerative colitis and type I diabetes and gut microbiota composition seems to be involved in the onset of these non-communicable diseases. FUT2-deficent mice represent a murine model of human non secretor status. We are studying gut microbiota of wt and FUT2 ko mice composition, its transmission to the offspring and genotype-associated changes. 16s libraries from gut microbiome extracted from mouse faecal samples will be generated and sequenced on MiSeq platform. This data is part of a pre-publication release. For information on the proper use of pre-publication data shared by the Wellcome Trust Sanger Institute (including details of any publication moratoria), please see http://www.sanger.ac.uk/datasharing/ This data is part of a pre-publication release. For information on the proper use of pre-publication data shared by the Wellcome Trust Sanger Institute please see http://www.sanger.ac.uk/datasharing/	Mus musculus	ena_study_text	GUT	sample_fields	gut: gut
PRJNA825520	Perturbations in Intestinal Antibiotic-resistant Bacterial Populations in Dairy Cattle Following Intramammary Treatment With a Third-generation Cephalosporin	Background. The impact of antimicrobials used to treat and prevent diseases in livestock requires careful monitoring, particularly for those drugs considered to be critically important in human medicine. Such is the case for third-generation cephalosporins commonly used in cattle farms. Use of these drugs may select for antibiotic-resistant (AR) bacteria including extended-spectrum beta-lactamase (ESBL)-producing Enterobacteriaceae, the most economically impactful antimicrobial-resistant threat. Hence, we sought to evaluate the impact of intramammary (IMM) treatment with ceftiofur on the cattle-gut microbiome and abundance of resistant bacteria. Methods. Forty healthy dairy cows were enrolled at the end of lactation: 20 were treated with IMM ceftiofur (SpectramastDC) and a non-antibiotic internal teat sealant (bismuth subnitrate) and 20 received only bismuth subnitrate as a control. Fecal samples were collected from each cow before (day -1) and after treatment (weeks 1, 2, 3, 5, 7, and 9) for quantification of bacteria with resistance to beta-lactams as well as metagenomic next-generation sequencing (mNGS). Gram-negative and Gram-positive bacteria were quantified on MacConkey-lactose and Columbia CNA agar, respectively, and initial mNGS and bioinformatic analyses were done using CosmosID (Germantown, MD 20874) pipelines. Results. One week after dry-off, there were no differences in quantity of total or AR bacteria between cows treated with IMM ceftiofur and controls. Although there was no difference in prevalence of bacteria resistant to beta-lactams between treatment groups, 90% and 24% of samples analyzed (n = 278) had Gram-negative bacteria that were resistant to ampicillin and ceftiofur, respectively. On average, the number of Gram-negative ceftiofur-resistant bacteria increased up to 2 weeks in cows treated with antibiotic, but not significant due to high variation among animals, with 25% shedding more ceftiofur-resistant bacteria. Cows treated with IMM ceftiofur had lower microbiome richness during weeks 5 and 9, characterized by decreased abundance of Proteobacteria, Tenericutes, Verrucomicrobia, and Firmicutes and higher abundance of Bacteroidetes and Actinobacteria and greater abundance of ESBL (bla-CFXA, bla-ACI-1, and bla-CMY) and blc genes throughout the 9-week period (LDA > 3.3 P < 0.03), namely Enterobacteriaceae and commensal bacteria. Network analysis also showed persistent increase in correlations between beta-lactam resistant genes and phages, MGEs, and bacterial genera during weeks 1 and 9 post IMM ceftiofur treatment. Conclusion. This study highlights long-term effects of 2 g IMM ceftiofur given at dry off on the gut microbiome and resistome composition in dairy cattle. Despite a single IMM administration of a third-generation cephalosporin, treated cattle showed increased abundance of genes encoding ESBLs in feces, persisting for 9 weeks. Commensal bacteria were associated predominantly with carriage of ESBLs and, in lower proportion, with Enterobacteriaceae. Shedding of ESBL-Enterobacteriaceae was variable among animals in that 75% did not show increased number of ceftiofur-resistant bacteria after IMM antibiotic application. Additional research should identify associations between fecal shedding and the potential for dissemination and persistence of antibiotic resistance determinants in dairy farms.	Bos taurus	ena_host_field	GUT	sample_fields	gut: fecal, gut
PRJEB66439	HUNT One Health canine faecal metagenomes	Acute haemorrhagic diarrhoea syndrome (AHDS) in dogs is a condition of unknown aetiology. Providencia alcalifaciens is however suspected to play a role in some cases of disease as it occurred in high prevalence in an outbreak in Norway in 2019. The role of this bacterium as a constituent of the canine gut microbiota is unknown, hence this study set out to investigate its occurrence in healthy dogs through metagenomics. This project contains faecal microbiome samples obtained from Healthy dogs as part of the HUNT One Health project in Norway. LINK to HUNT_OH. These samples have been screened for the presence of sequences associated with the bacterial species P. alcalifaciens. The clean sequence data was generated by BGI Tech Solutions using the SOAPnuke software. The raw sequence data can be obtained through the HUNT One Health Project.	Blank sample;blank sample; Canis lupus familiaris	ena_host_field	GUT	sample_fields	gut: intestines
PRJEB22765	The comparison of Macaca fascicularis gut microbiota to other mammalians and its changes under type 2 diabetes condition	The Macaca fascicularis model is widely used in scientific research and drug development as its genetics is very closed to human being. Comparing its similar feeding habits with human, the characteristics of Macaca fascicularis gut microbiota and its similarities to human and other mammalians remains unknown and knowledge of the functional interplay between the gut microbiota and host physiology in Macaca fascicularis is also limited. In our study, faecal samples from 20 Macaca fascicularis individuals were applied to metagenomic sequencing to construct the first gene catalogue of Macaca fascicularis gut bacteria. Totally 1.9 million non-redundant bacterial genes were identified.	Macaca fascicularis	ena_study_text	GUT	sample_fields	gut: gut, stool
PRJNA1187897	Fecal metagenomic Binning in healthy and ketosick cows	Single spell metagenomic Binning results of feces	bovine	biome_label	GUT	sample_fields	gut: feces, gut
PRJDB38938	Multi-omics analysis reveals the molecular mechanisms of gut microbiota in Parkinson's disease (PRJCA043238)	PD is the second most common neurodegenerative disorder, marked by motor and GI symptoms. Gut microbiota dysbiosis is closely involved in PD pathogenesis. Our study shows that PD patient-derived microbiota induces PD-like symptoms in the GF mice. By leveraging a multi-omics approach including midbrain snRNA-seq, fecal metagenomics, and serum metabolomics, it suggests that gut microbiota dysbiosis may drive the metabolic alterations that compromise BBB integrity, ultimately promoting dopaminergic neurodegeneration. Notably, microbiota-derived bile acid DCA emerges as a critical contributor to disease progression.	Mus musculus	ena_host_field	GUT	sample_fields	gut: gut
PRJNA844237	: Impact of Raised Without Antibiotics Measures on Antimicrobial Resistance and Prevalence of Pathogens in Sow Barns	In this study, the emergence of AMR and abundance of pathogens were investigated in sow raised without antibiotics (RWA) barns. Over a 13-month period, fecal and nasopharynx samples were collected at 3-month intervals from sows raised in RWA barns and sows in conventional barns using antibiotics in accordance with the new regulations (non-RWA). Whole-genome sequencing (WGS) was used to determine the prevalence of AMR and the presence of pathogens in these samples. Metagenomic analyses demonstrated increased abundance of pathogenic Actinobacteria, Firmicutes and Proteobacteria in the nasopharynx microbiome of RWA sows relative to non-RWA sows. However, WGS analyses revealed that the nasal microbiome of sows raised under RWA production exhibited a significant increase in the frequency of resistance genes coding for B-lactam, MDR and tetracycline.	RWA-Fecal-Sow1-time1; RWA-Fecal-Sow1-time2; RWA-Fecal-Sow1-time3; RWA-Fecal-Sow1-time4; RWA-Fecal-Sow1-time5; RWA-Fecal-Sow2-time1; RWA-Fecal-Sow2-time2; RWA-Fecal-Sow2-time3; RWA-Fecal-Sow2-time4; RWA-Fecal-Sow2-time5; RWA-Nasal-Sow1-time1; RWA-Nasal-Sow1-time2; RWA-Nasal-Sow1-time3; RWA-Nasal-Sow1-time4; RWA-Nasal-Sow1-time5; RWA-Nasal-Sow2-time1; RWA-Nasal-Sow2-time2; RWA-Nasal-Sow2-time3; RWA-Nasal-Sow2-time4; RWA-Nasal-Sow2-time5; nRWA-Fecal-Sow1-time1; nRWA-Fecal-Sow1-time2; nRWA-Fecal-Sow1-time3; nRWA-Fecal-Sow1-time4; nRWA-Fecal-Sow1-time5; nRWA-Fecal-Sow2-time1; nRWA-Fecal-Sow2-time2; nRWA-Fecal-Sow2-time3; nRWA-Fecal-Sow2-time4; nRWA-Fecal-Sow2-time5; nRWA-Nasal-Sow1-time1; nRWA-Nasal-Sow1-time2; nRWA-Nasal-Sow1-time3; nRWA-Nasal-Sow1-time4; nRWA-Nasal-Sow1-time5; nRWA-Nasal-Sow2-time1; nRWA-Nasal-Sow2-time2; nRWA-Nasal-Sow2-time3; nRWA-Nasal-Sow2-time4; nRWA-Nasal-Sow2-time5	ena_host_field	GUT+OTHER	sample_fields	gut: fecal, gut; other: respiratory
PRJNA321058	Increased intestinal microbial diversity following fecal microbiota transplant for active Crohn's disease	This is an uncontrolled, prospective open-label study of FMT from healthy donors to subjects with active CD. A single FMT was performed via colonoscopy. Stool samples were collected prior to FMT and at two time points, four and eight weeks after FMT. Recipientsâ microbial diversity, mucosal T-cell phenotypes and clinical and inflammatory parameters were measured over 12 weeks, and safety over 26 weeks.	Homo sapiens	ena_host_field	GUT	sample_fields	gut: gut
PRJNA1391520	Integrated metagenomic and genomic analysis reveals varying roles of dietary iron and metal-based alternative growth promoters in modulating resistome in postweaning pigs	High levels of zinc oxide (ZnO) and copper sulfate are widely used as alternatives to antibiotic growth promoter in postweaning pig diet. These practices increase heavy metal excretion and raise concerns about environmental contamination and the dissemination of antimicrobial resistance (AMR). Dietary iron availability may influence the gut microbiota and pathogen virulence, but its impact on AMR is unclear. This study utilized an integrated metagenomic and genomic approach to investigate how dietary iron and metal-based growth promoters affects the fecal resistome in post-weaning pigs.	Sus scrofa	biome_label	GUT	sample_fields	gut: gut
PRJNA814825	Microbiome of reintroduced wild horses and resident Asiatic wild asses	Microbiome from eight wild horse and eight wild asses were collected from the Kalamaili Mountain Ungulate Nature Reserve	Equus hemionus hemionus; Equus przewalskii	ena_host_field	GUT	sample_fields	gut: feces, gut
PRJDB1461	Metagenome analysis of fecal microbiota from mouse which was promoted longevity, spatial learning and memory	Polyamines (PAs), such as putrescine, Spermidine, and spermine are related with cvarious bioactivity include strong anti-inflammatory function. Increasing PA concentration in intestine using probiotics Bifidobacterium animalis subsp. lactis LKM512 caused inhibition of senescence and enhancing longevity of mice. We found that Arg intake also showed increase PAs concentration especially Putrescine. Mouse intakes Arg and LKM 512 resulted inhibited systemic inflammation, prolonged longevity, promoted spatial learning and memory. Metagenome analysis of intestinal mictobiota in those mice showed that detection of PA synthesis-related gene were different significantly between control and test mice.	Mus musculus	biome_label	GUT	sample_fields	gut: fecal, gut
PRJNA376580	Metagenomes from hospital (NICU) surfaces and sinks	This data was generated to recover genomes from hospital (NICU) surfaces and sinks.	unknown	none	NON_GUT	sample_fields	other: indoor
PRJNA313232	Bacteroidales group S24-7 population genome recovery	The Bacteroidales group S24-7 is recognized as a fluctuating population within the gut however no cultured representatives exist. Population genomes recovered from multiple hosts provide an opportunity to infer the metabolism of this group and potentially aid in the development of a culturing strategy.	Guinea pig; Homo sapiens	ena_host_field	GUT	sample_fields	gut: feces
PRJNA821641	Zinc Oxide and apramycin effects in weaned pigs microbiome	Study of the changes occurring in weaned pigs' microbiome in response to Zinc Oxide and apramycin.	Sus scrofa	ena_host_field	GUT	sample_fields	gut: feces, gut
PRJNA730677	Genomic adaptations of Escherichia coli strains from patients with inflammatory bowel diseases	Comparative genomic study of E. coli from fecal metagenomes of patients with IBD, revealing lineages with different metabolic capabilites and disease-specific adaptations.	Homo sapiens	ena_host_field	GUT	sample_fields	gut: feces
PRJNA531273	Association of Flavonifractor plautii, a flavonoid degrading bacterium, with the gut microbiome of colorectal cancer patients in India	Background</p><p>Recently, dysbiosis in the human gut microbiome and the potential role of several bacterial species are recognized as important factors in Colorectal cancer (CRC), which shows a high incidence in developed countries. In contrast, India is among the countries with very low incidence of CRC and it is likely that distinct gut microbiome attributable to the differences in diets and lifestyle in the Indian population, plays a role in health and disease dynamics within this population. Thus, we performed metagenomic and metabolomic association studies on faecal samples from 30 CRC patients and 30 healthy controls from two different locations in India, to provide insights into the role of the gut microbiome (bacteriome and virome) in CRC in Indian populations, in contrast with global CRC datasets.</p><p>Results</p><p>The association of CRC with Flavonifractor plautii in Indian patients profiled herein emerged as a novel finding, since this bacterium has not previously been associated with CRC. The plausible role of F. plautii appears to be linked to the degradation of beneficial anti-carcinogenic flavonoids, which was correlated with significant associations with the enzymes and modules involved in flavonoid degradation within Indian CRC samples. Thus, we hypothesise that the degradation of beneficial flavonoids might be playing a role in cancer progression within this Indian cohort. In addition, the known associations of Bacteroides and other species with CRC, as observed in previous studies were also confirmed. We also identified 20 additional microbial taxonomic markers and 33 microbial gene markers that discriminated the Indian CRC from healthy microbiomes with high accuracy based on machine learning approaches.</p><p>Conclusion</p><p>This study reveals novel insights on the CRC-associated microbiome of a unique cohort of India, the potential role of a new bacterium in CRC, and identifies cohort-specific biomarkers, which can potentially be used in non-invasive diagnosis of CRC.	Homo sapiens	ena_host_field	GUT	sample_fields	gut: gut
PRJEB14935	Term and preterm shotgun samples	This study was approved by the University of East Anglia (UEA) Faculty of Medical and Health Sciences Ethics Committee, and sample collection was in accordance with protocols laid out by the NRES approved UEA Biorepository (Licence no: 11208). Infants were born at the Neonatal Intensive Care Unit (NICU) of the Norfolk and Norwich University Hospital (NNUH, Norwich, UK) and The Rosie Hospital (Cambridge, UK) were recruited by doctors or nurses with informed and written consent obtained from parents. Both NICUs have similar protocols for feeding, prescription of antibiotics, and antifungal drugs with the exception that NNUH administered a probiotic treatment containing Bifidobacterium bifidum and Lactobacillus acidophilus (i.e. InfloranÂ®) to their infants from birth.	Homo sapiens	ena_study_text	GUT	sample_fields	gut: faeces, feces
PRJDB16698	The effect of Regnase-1 on gut microbes	As ApcMin/+ mice with Regnase-1 (Reg1) deletion specifically in intestinal epitheluim (Reg1KO-Min) had increased expression of antimicrobial peptides compared to control ApcMin/+ mice with wild-type Reg1 (Reg1WT-Min), we explored the effect of Regnase-1 deletion on gut microbes by metagenome analysis of fecal samples from Reg1WT-Min mice and Reg1KO-Min mice.	Mus musculus	ena_host_field	GUT	sample_fields	gut: feces, gut
PRJNA988937	Metagenomic approach revealed the co-occurrence and transmission of antibiotic resistomes in aquaculture environment	Collecting samples from different environments (including fish, ponds, etc.), using metagenomic techniques revealed the coexistence and spread of antibiotic resistance groups in aquaculture environments	Gallus gallus; fish	ena_host_field	GUT+OTHER	sample_fields	gut: gut; other: freshwater, sludge
PRJNA389280	Human gut metagenome and metatranscriptome in the inflammatory bowel disease (iHMP/HMP2)	We examined the dynamics of microbiome functionality in Inflammatory bowel disease (IBD) by profiling metagenomic and metatranscriptomic sequencing of the human gut microbiome among 100 individuals sampled over a one year period. Here, we present the first results based on the functional analysis of 78 paired metagenomes/metatranscriptomes and 222 additional metagenomes.	Homo sapiens	ena_host_field	GUT	sample_fields	gut: gut
PRJEB4336	Richness of human gut microbiome correlates with metabolic markers	We are facing a global metabolic health crisis provoked by an obesity epidemic. Here we report the human gut microbial composition in a population sample of 123 non-obese and 169 obese Danish individuals. We find two groups of individuals that differ by the number of gut microbial genes and thus gut bacterial richness. They harbour known and previously unknown bacterial species at different proportions individuals with a low bacterial richness (23% of the population) are characterized by more marked overall adiposity, insulin resistance and dyslipidaemia and a more pronounced inflammatory phenotype when compared with high bacterial richness individuals. The obese individuals among the former also gain more weight over time. Only a few bacterial species are sufficient to distinguish between individuals with high and low bacterial richness, and even between lean and obese. Our classifications based on variation in the gut microbiome identify subsets of individuals in the general white adult population who may be at increased risk of progressing to adiposity-associated co-morbidities.	Homo sapiens	biome_label	GUT	sample_fields	gut: gut, stool
PRJEB23010	RLBUHT_Cdiff	Clostridium difficile is the leading cause of healthcare-associated infectious diarrhoea. C. difficile infection (CDI) is mainly associated with the disruption in gut microbiota caused by excessive use of antibiotics. To understand the dynamics of gut microbes during and after CDI, we collected human faecal samples from symptomatic patients of a single hospital and compared the microbiota compostion of symptomatic patients with the microbiota composition of different controls.	Homo sapiens	ena_study_text	GUT	sample_fields	gut: gut
PRJNA1049649	Heavy metals and microplastic pollution in marine fishes with special emphasis on their gut microbiome	Marine fishes were collected from marine environment for metagenomic study from their intestine and stomach. Fish parts like muscles, liver, intestine and stomach were also analyses for heavy metal profiling and microplastic content.	Harpadon nehereus; Johnius elongatus; Otolithoides biauritus	ena_host_field	GUT	sample_fields	gut: gut
PRJNA1112422	SUCCESSFUL ESTABLISHMENT OF AN IN VITRO GASTROINTESTINAL MODEL SHOWING MICROBIOTA MODULATION BY PREBIOTICS	This study suggested an in-house in vitro model to investigate the modulation of piglet gastrointestinal microbiota following exposure to two prebiotic treatments. The focus was on assessing bacterial diversity and antimicrobial susceptibility profiles within the microbiota.	Sus scrofa domesticus	ena_host_field	GUT	sample_fields	gut: colon, gut, ileum
PRJNA1247471	Resistome of panda	The feces were collected for metagenomic analysis with the pipeline ARGSOAP to extract ARG information	Ailuropoda melanoleuca	ena_study_text	GUT	ena_study_text	gut: feces
PRJNA657304	Shotgun Sequencing of Dog Coprolites	These dog coprolites were recovered from archaeological sites in the American Midwest, dating to approximately 1000-1200 years before present. These coprolites were shotgun-sequenced for the purpose of examining the ancient dogs' diet and gut microbiome, to compare to other archaeological analysis methods to examine diet and health of these dogs and the humans they associated with.	Canis lupus familiaris; Canis lupus familiaris - AM high protein; Canis lupus familiaris - AM low protein; Canis lupus familiaris - BR high protein; Canis lupus familiaris - BR low protein; Canis lupus familiaris - HO high protein; Canis lupus familiaris - HO low protein; Canis lupus familiaris - SH high protein; Canis lupus familiaris - SH low protein	ena_host_field	GUT+OTHER	sample_fields	gut: fecal, feces; other: soil
PRJNA1245063	16S ribosomal RNA sequencing of animal gut microbes	In this study, the antibacterial effect of Lactobacillus on intestinal Escherichia coli in poultry breeding and the optimization of intestinal microbial structure and function were studied.	Gallus gallus	ena_host_field	GUT	sample_fields	gut: gut, intestinal
PRJEB30834	Human fecal metagenomes of individuals sampled along a small-scale urbanization gradient in Cameroon	Fecal metagenomes were obtained from healthy adults along a small scale (cca 50 km) urbanization gradient in Cameroon: in an urban (Yaounde), semirural(Mbalmayo) and rural area (Ngoantet). Along with the sequencing data, a range of medical, ethnographical, medical, parasitological, sanitary and biometric data were collected in order to elucidate the factors that shape diversity and composition of fecal microbiota in lowly industrialized settings and identify changes that follow urbanization.	Homo sapiens	ena_study_text	GUT	sample_fields	gut: feces
PRJNA435487	Chicken ceacal metagenome	Metagenome of caecum of Cobb400 and Kadaknath reared together under same environmental and managemental conditions.	Gallus gallus	ena_host_field	GUT	sample_fields	gut: caecum, gut
PRJNA1175391	fecal microbe from Micropterus salmoides	Metagenomic sequencing data of fecal microbiota form Micropterus salmoides, treatment included Gracilaria lemaneiformis feeding, Asparagopsis taxiformis feeding, Sargassum hemiphyllum feeding and feeding no the macroalgal supplement	Micropterus salmoides	ena_host_field	GUT	sample_fields	gut: feces, gut
PRJNA593263	Feces metagenome	Fecal samples collected from humanized mice.	Mus musculus	ena_study_text	GUT	sample_fields	gut: feces
PRJNA1375668	gut metagenome	Samples were from Shanghai Academy of Agricultural Sciences. The sows were randomly assigned to four dietary treatment groups (n = 100 per group) as follows: low-fiber group (LF 3.73% crude fiber) low-fiber + NCG group (L+N 3.73% crude fiber + 0.05% NCG) high-fiber group (HF 7.46% crude fiber) high-fiber + NCG group (H+N 7.46% crude fiber + 0.05% NCG). Metagenomic sequencing was performed in Ileum and colon.	Sus scrofa	ena_host_field	GUT	sample_fields	gut: colon, gut, ileum
PRJNA1193062	Effects of untreated dairy manure on soil microbiome	Biological soil amendments of animal origin (BSAAO) improve the soil health of agricultural fields for plant growth. However, as natural reservoirs for bacterial foodborne pathogens, BSAAO application can introduce and support microbes of public health concern, such as pathogenic Shiga toxin-producing Escherichia coli (STEC), in agricultural soils. Shiga toxin-producing E. coli (STEC), including E. coli O157:H7, is a major etiological agent of foodborne human disease outbreaks associated with fresh produce and can be transferred to produce via contaminated agricultural soil. Given the devastating impacts of foodborne STEC outbreaks on public health and growers , it is necessary to understand the longevity of the impacts of manure application on the pathogen risk in the soil as well as better understand the ecological and environmental conditions that contribute to STEC survival in the agricultural soil environment. Using shotgun metagenomic sequencing, this project investigated the microbiome of soil with and without BSAAO, focusing on STEC and the E. coli population over time alongside changes in the soil microbiome and soil abiotic properties. Two farms in Ohio, one using an untreated dairy manure amendment and one that does not use a BSAAO, were sampled for over a year for metagenomic analysis of the soil microbiome. This work expands upon the knowledge of conditions that support STEC persistence in the produce growing environment and its longevity following amendment, leading to improved guidelines and farming practices to prevent foodborne disease.	Bos taurus	ena_study_text	GUT+OTHER	sample_fields	gut: feces; other: soil
PRJNA1082665	canine and feline gut metagenomic samples Raw sequence reads	We comprehensively profiled canine and feline gut microbiomes by incorporating stool shotgun metagenomes from 7 new study populations (n=1,909) with publicly available companion animal datasets. Human gut metagenomes were also included for comparison. Microbiomes were characterized using reference-based taxonomic and functional profiling, as well as de novo assembly yielding metagenomic assembled genomes (MAGs) clustered into species-level genome bins (SGBs). Both universally carried and host-unique SGBs were identified. Notably, we applied novel methodology to distinguish strains of these shared organisms either transferred or unique to host species, with phylogenetic patterns suggesting host-specific adaptation of microbial lineages. This corresponded with functional divergence of these lineages by host (e.g., differences in metabolic and antibiotic resistance genes) likely important to companion animal health. This study provides the largest resource to date of companion animal gut metagenomes and greatly contributes to our understanding of the 'One Health' concept of a shared microbial environment among humans and companion animals, affecting infectious diseases, immune response, and specific genetic elements.	canine; feline	ena_host_field	GUT	sample_fields	gut: gut
PRJEB89830	Lactate metabolism in bioreactor-enriched gut microbes	The project aims to ecologically and physiologically profile the conversion of D- and L-lactate in the gut microbiome. DL-lactate-consuming microbes were enriched from a human-derived gut microbiome in chemostat bioreactors at pH 7.0, T = 37C, and an SRT of 4 d. From this culture, duplicate chemostats fed with exclusively D- or L-lactate were inoculated. After maintaining steady-state for >3 SRTs, D-lactate-fed reactors were switched to L-lactate and vice-versa.	Mus musculus	biome_label	GUT	sample_fields	gut: gut
PRJEB81106	Simultaneous metagenome-informed metaproteomics of the human gut microbiome, host and dietary exposome uncover functional interactomes in health & IBD	Host-microbiome-dietary interactions play crucial roles in regulating human health, yet direct functional assessment of their interplays, cross-regulations and downstream disease impacts remains challenging. We adopted metagenome-informed metaproteomics (MIM), in both mice and humans, to simultaneously explore host, dietary, and species-level microbiome interactions across diverse scenarios, including commensal and pathogen colonization, nutritional modifications, and antibiotic-induced perturbations. Implementation of MIM in murine auto-inflammation and in human IBD characterized a âcompositional dysbiosisâ and a concomitant, species-specific âfunctional dysbiosisâ driven by suppressed commensal responses to inflammatory host signals. Microbiome transfers unraveled early-onset kinetics of these host-commensal cross-responsive patterns, while predictive analyses identified candidate fecal host-microbiome IBD biomarker protein pairs outperforming S100A8/S100A9 (calprotectin). Importantly, a simultaneous fecal nutrient assessment enabled determination of IBD-related consumption patterns, dietary treatment compliance and small-intestinal digestive aberrations. Collectively, a parallelized dietary-bacterial-host MIM assessment functionally uncovers trans-kingdom interactomes shaping gastrointestinal ecology, while offering personalized diagnostic and therapeutic insights into microbiome-associated disease.	Homo sapiens; Mus musculus	biome_label	GUT	sample_fields	gut: gut
PRJNA908260	Domestic cat stool sample	Domestic cat stool sample	domestic Feline	ena_host_field	GUT	sample_fields	gut: gut
PRJNA601162	sample of a gut microbiome metagenomic sample Metagenome	Comparison of gut micribiomes in pigs (as a physiologically relevant model of humans) on a control diet vs a diet supplemented with tomato powder. Searching for effects and changes unique to tomato consumption.	Sus scrofa domesticus	ena_host_field	GUT	sample_fields	gut: gut
PRJNA1242249	Study on the Differences in Gut Microbiota Diversity among Wild Forest Musk Deer in Hunan and Chongqing and Captive Forest Musk Deer	This study focuses on the forest musk deer, a first-class protected animal in the world, aiming to explore the differences in gut microbiota diversity among wild forest musk deer from different regions and captive forest musk deer. During the research, we collected three groups of samples, with 8 samples in each group. Two of the groups were feces from wild forest musk deer in Chongqing and Hunan respectively, and the other group was feces from captive forest musk deer. Through sequencing and analysis of these samples, we expect to reveal the unique characteristics of the gut microbiota communities of wild forest musk deer in Hunan and Chongqing, as well as the differences between them and the gut microbiota of captive forest musk deer. This research not only helps us to understand the physiological and ecological characteristics of forest musk deer more deeply, but also provides important scientific basis for the protection and health management of forest musk deer.	Moschus berezovskii	ena_host_field	GUT	sample_fields	gut: feces
PRJNA1218713	Gut microbiota (swine) shotgun sequencing	Shotgun sequencing of the gut microbiota from pigs, at different ages, infected by Brachyspira hyointestinalis.	Sus scrofa	ena_host_field	GUT	sample_fields	gut: gut
PRJNA737271	Piglet gut and in-barn manure from farms on Raised Without Antibiotics program display a reduced antimicrobial resistance but an increased prevalence of pathogens	In response to new stringent regulations in Canada on the use of antibiotics in animal production, many farms implemented practices to produce animals that are Raised Without Antibiotics (RWA) from birth to slaughter. This study aimed to assess the impact of RWA production practices on reducing the actual total on-farm use of antibiotics, occurrence of pathogens, and the prevalence of antimicrobial resistance (AMR). A 28-month longitudinal surveillance monitoring of farms that adopted the RWA program and conventional farms using antibiotics as per the new regulations (non-RWA) was conducted by collecting fecal samples from 6-week old pigs and composite ma-nure from the barn over 6 time points and applying whole genome sequencing (WGS) to assess the prevalence of AMR genes as well as the abundance of pathogens. Analysis of in-barn drug records confirmed the decreased consumption of antibiotics in RWA barns compared to non-RWA barns. WGS analyses revealed that RWA barns had reduced frequency of AMR genes in piglet feces and in barn manure. However, metagenomic analyses showed that RWA barns had significant increase in the frequency of pathogenic Firmicutes in fecal samples and pathogenic Proteobacteria in barn manure samples.	Sus scrofa	ena_host_field	GUT	sample_fields	gut: fecal, gut
PRJNA894152	Long read infant/young children fecal and environmental samples	MinION long read sequencing data (Flongle & MinION flow cells) of fecal samples from infants and young children from rural Nicaragua. Household soil/dust and chicken fecal 16S rRNA amplicon sequencing.	Gallus gallus domesticus; Homo sapiens	ena_host_field	GUT	sample_fields	gut: fecal, feces
PRJNA453374	Colorado Natural Cattle SCFP Trial	The effects of a saccharomyces cerevisiae fermentation product on liver abscess prevalence, microbiomes, and resistomes of cattle raised to produce natural branded-beef	Bos taurus	ena_host_field	UNCERTAIN	none	
PRJEB88329	Gut microbiome modulation by Veillonella ratti induces resistance to EAE pathogenesis via microbe-derived metabolites	The progression of multiple sclerosis (MS) is potentially influenced by the microbiome. Elucidating host-microbiome interactions in MS could aid in developing microbiome-based applications however, these interactions remain unclear. Here, we aimed to elucidate how human infant feces-derived Veillonella ratti MHL0042 modulates neuroinflammation and disease severity in experimental autoimmune encephalomyelitis (EAE), a murine MS model. Whole metagenomic sequencing revealed that V. ratti MHL0042 modulated the disrupted gut microbiota via microbial interactions throughout the intestinal tract. V. ratti MHL0042 administration significantly reduced central nervous system inflammation, notably decreasing CD4+IFN-Î³âº T cell populations and activated spinal cord microglia. Mechanistically, V. ratti MHL0042 depleted pldA-containing bacteria, involved in phosphatidylethanolamine metabolism, thus elevating dioleoylphosphatidylethanolamine (DOPE) levels, as determined via metabolomic analysis. Exogenous DOPE administration recapitulated the attenuation of EAE pathogenesis by suppressing microglial activation. These findings highlight the therapeutic applicability of the microbiome and underscore its future potential in human disease treatment	Mus musculus	biome_label	GUT	sample_fields	gut: gut
PRJNA944612	16S metagenomic analysis of the biogeographic changes associated with Salmonella enterica infection in swine	The aim of this study was to characterize the microbiome of various gastrointestinal locations (small intestine, large intestine, and feces) in swine using 16S sequencing following experimental infection with multiple serovars of Salmonella enterica.	Sus scrofa domesticus	ena_host_field	GUT	sample_fields	gut: gut
PRJNA878467	Functional metagenomics sequencing reveals wildlife	A total of 48 samples were taken from camels, deer, ponies, wild goats, parrots, peacocks, tigers, bears and the surrounding environments in a natural park in Maoming, Guangdong province of China.	wildlife	ena_host_field	GUT	sample_fields	gut: feces
PRJDB6620	Shotgun sequencing of mouse small intestinal contents	Accumulating evidence indicates that gut microbes play a pathogenic role in autoimmune diseases including multiple sclerosis (MS). Here, we show that two distinct signals from gut microbes coordinately activate myelin oligodendrocyte glycoprotein (MOG)-specific autoreactive T cells in the small intestine (SI). After induction of experimental autoimmune encephalomyelitis (EAE), an animal model for MS, MOG-specific CD4 T cells can be observed in the SI. Germ-free (GF) mice monocolonized with SI microbes demonstrated that a newly isolated Erysipelotrichaceae strain adheres to SI epithelial cells and enhances Th17 responses, via inducing serum amyloid A and IL-23, that were associated with an increased susceptibility to EAE. Shotgun sequencing of SI contents revealed that a Lactobacillus strain possesses potential mimicry peptides to MOG. While monocolonization of GF mice with the Lactobacillus strain did not enhance EAE development or severity, co-colonized mice with Erysipelotrichaceae and Lactobacillus strains resulted in more severe EAE.	Mus musculus	ena_host_field	GUT	sample_fields	gut: gut
PRJNA777737	the metagenome of plateau pika	analysis the function of microbe of plateau pika	Ochotona curzoniae	ena_host_field	GUT	sample_fields	gut: feces
PRJNA953833	Multi-omics data of the BXD mice cecum and feces	We generated the BXD mice cecal tissue transcriptome data, feces metatranscriptome data and metagenome data to studying how changes in the microbiome as a consequence of diet, exercise, and host genotype lead to systemic effects on whole-organism gene expression and health.	Mus musculus	ena_study_text	GUT	ena_study_text	gut: cecal, cecum, feces
PRJNA940065	Mining metagenomes reveals gut mycobiome alterations associated with metformin and type 2 diabetes mellitus	Multiple recent studies have implicated the gut mycobiome, the fungal component of the microbiome, in human disease. Considering that the role of the bacterial microbiome (bacteriome) in metabolic disease is well established, it is plausible that the mycobiome could also play an important role. Yet, recent studies of the human mycobiome have been small, their findings regarding metabolic disease have been inconsistent, and they did not account for use of oral pharmaceuticals. Oral pharmaceuticals, including the antidiabetic drug metformin, interact with gut bacteria and alter microbial metabolism with subsequent consequences for host glucose regulation. However, the potential interactions of pharmaceuticals with gut fungi remain entirely unknown. In this article we reanalyze published shotgun metagenomics from 9 studies to quantify if and to what degree there is a conserved relationship between the gut mycobiome and metabolic disease. To ensure our inferences are reproducible and statistically rigorous, our analyses model numerous sources of variation and potential confounding, including but not limited to count variation, compositional constraints, and batch effects induced by differences in study design and sample processing. Using these methods, we analyze data from over 1,000 human samples and identify consistent relationships between the gut mycobiome, type-II diabetes mellitus, and metformin treatment. Beyond humans, we perform a novel murine study to show that these relationships are reproducible across species. Overall we conclude that there is a consistent relationship between the gut mycobiome, T2D, and metformin treatment.	Mus musculus	ena_host_field	GUT	ena_study_text	gut: gut
PRJEB9357	A longitudinal study of the feline faecal microbiome identifies changes into early adulthood irrespective of sexual development	Companion animals provide an excellent model for studies of the gut microbiome because potential confounders such as diet and environment can be more readily controlled for than in humans. Additionally, domestic cats and dogs are typically neutered early in life, enabling an investigation into the potential effect of sex hormones on the microbiome. In a longitudinal study to investigate the potential effects of neutering, neutering age and gender on the gut microbiome during growth, the faeces of kittens (16 male, 14 female) were sampled at 18, 30 and 42 weeks of age. DNA was shotgun sequenced on the Illumina platform and sequence reads were annotated for taxonomy and function by comparison to a database of protein coding genes. In a statistical analysis of diversity, taxonomy and functional potential of the microbiomes, age was revealed as the only factor with significant effects on the variation observed. No significant effects were detected for gender, neutering, or age when neutered (19 or 31 weeks). At 18 weeks of age the microbiome was dominated by the genera Lactobacillus and Bifidobacterium (35% and 20% average abundance). Structural and functional diversity was significantly increased by week 30 but there was no further significant increase. At 42 weeks of age the most abundant genera were Bacteroides (16%), Prevotella (14%) and Megasphaera (8%). Significant differences in functional potential included an enrichment for genes in energy metabolism (carbon metabolism and oxidative phosphorylation) and depletion in cell motility (flagella and chemotaxis). We conclude that the feline faecal microbiome is predominantly determined by age when diet and environment are controlled for. We suggest this finding may also be informative for studies of the human microbiome, where control over such factors is usually limited.	Felis catus	ena_study_text	GUT	sample_fields	gut: faecal
PRJNA1173401	chicken cecal microbiota metagenomic analysis	Study on the metabolic process of RA by chicken cecal microbiota	Gallus gallus	ena_host_field	GUT	sample_fields	gut: gut
PRJNA1012496	Fecal metagenomic sequencing of coronary heart disease model mice	Coronary heart disease (CHD) is a common cardiovascular disease that has been identified as associated with intestinal microbiota disturbance. As an important component of the gut microbiome, the enterovirus group may play an important role in the progression of the disease. However, the relationship between enteroviruses and CHD remains unclear. Based on viral metagenomics and UPLC-MS /MS metabolomics analyses, we evaluated changes in the enteroviral group and serum metabolites in a mouse model of CHD characterized by lipid disturbance and myocardial ischemia constructed from a high-fat diet combined with ligation of the left anterior descending coronary artery.	Mus musculus	biome_label	GUT	sample_fields	gut: gut
PRJNA777422	Gut microbiome of C57/BL 6J mice.	The effects of different intervention methods on the microbiome of C57/BL 6J mice were sequenced.	Mus musculus	ena_study_text	GUT	sample_fields	gut: feces
PRJEB96078	ApoE_FXR_IHC_Air_HFD	Obstructive Sleep Apnea (OSA) is characterized by intermittent hypoxia and hypercapnia (IHC) and an independent risk factor for atherosclerosis. To study the role of bile acid receptor FXR in IHC-induced atherosclerosis, we exposed ApoE-/- x FXR-/- and ApoE-/- mice to IHC or Air for 10 weeks, fed with high fat diet (HFD). Atherosclerotic lesion data revealed that IHC-induced atherosclerosis in ApoE-/- mice was not observed in ApoE-/- FXR-/- mice, suggesting that FXR plays an important role in IHC-induced atherosclerosis. Examination of microbiome and metabolome profiles in these mice will help us better understand the underlying mechanisms.	Mus musculus	ena_host_field	GUT	sample_fields	gut: feces, gut
PRJEB39500	Baseline gut microbiome composition predicts metformin therapy short term efficacy in newly diagnosed type 2 diabetes patients	BackgroundThe study was conducted to investigate the effects of metformin treatment on the human gut microbiomeâs taxonomic and functional profile in the Latvian population, and to evaluate the correlation of these changes with the therapeutic efficacy and tolerance.MethodsIn this longitudinal observational study, stool samples for shotgun metagenomic sequencing based analysis were collected in two cohorts. The first cohort included 35 healthy nondiabetic individuals (metformin dose 2x850mg/day) at three time-points during metformin administration. The second cohort was composed of 50 newly-diagnosed type 2 diabetes patients (metformin dose â determined by an endocrinologist) at two concordant times. Patients were defined as Responders if their HbA1c levels during three months of metformin therapy had decreased by â¥12.6 mmol/mol (1%), while in Non-responders HbA1c were decreased by <12.6 mmol/mol (1%).ResultsMetformin reduced the alpha diversity of microbiota in healthy controls (p=0.02) but not in T2D patients. Reduction in the abundance of Clostridium bartlettii overlapped between both study groups, and a large number of group-specific changes in taxonomic and functional profiles was observed. We identified an increased abundance of Prevotella copri (FDR=0.01) in Non-Responders subgroup, and enrichment of Enterococcus faecium, Lactococcus lactis, Odoribacter, and Dialister at baseline in the Responders group. Various taxonomic units were associated with the observed incidence of side effects in both cohorts.ConclusionsMetformin effects are different in T2D patients and healthy individuals. Therapy induced changes in the composition of gut microbiome revealed possible mediators of observed short-term therapeutic effects. The baseline composition of the gut microbiome may influence metformin therapy efficacy and tolerance in T2D patients and could be used as a powerful prediction tool.	Homo sapiens	ena_study_text	GUT	sample_fields	gut: fecal, gut
PRJEB60080	Shotgun metagenomic data from mock communities and pig faeces samples	Generating metagenomic data from a defined mock community is crucial to perform a benchmark of emerging sequencing technologies and downstream analysis on new metagenomic analysis tools, as well as metabarcoding, assembly and binning. We report a comparison of shotgun metagenomic methods obtained on Illumina and PacBio sequencing platforms, including high and low throughput dataset. These datasets are obtained after PacBio hifi long read and Illumina short read sequencing of the mock community and on the pig faeces samples.	Sus scrofa domesticus	ena_host_field	GUT	sample_fields	gut: gut
PRJNA1187854	Metagenomic analysis of feces from healthy and ketosis-affected cows	To reveal the difference of fecal microbiome between healthy cows and ketosis-affected cows	Bostaurus	ena_host_field	GUT	sample_fields	gut: feces, gut
PRJNA385949	Longitudinal Stool Study of patients with IBD and controls	Longitudinal Stool Study of patients with IBD and controls. This project combines data from PRISM and STINKI cohorts to characterize the gut microbiome of individuals with IBD and controls over time.	Homo sapiens	biome_label	GUT	sample_fields	gut: gut, stool
PRJEB38095	Microbiota functional activity biosensors for characterizing nutrient metabolism in vivo	Methods for measuring gut microbiota biochemical activities in vivo are needed to characterize its functional states in health and disease. To illustrate one approach, an arabinan-containing polysaccharide was isolated from pea fiber, its structure defined, and forward genetic and proteomic analyses used to compare its effects, versus unfractionated pea fiber and sugar beet arabinan, on a human gut bacterial strain consortium in gnotobiotic mice. We produced âMicrobiota Functional Activity Biosensorsâ (MFABs) consisting of glycans covalently-linked to the surface of fluorescent paramagnetic microscopic glass beads. Three MFABs, each containing a unique glycan/fluorophore combination, were simultaneously orally gavaged into gnotobiotic mice, recovered from their intestines, and analyzed to directly quantify bacterial metabolism of structurally distinct arabinans in different human diet contexts. Colocalizing pea-fiber arabinan and another polysaccharide (glucomannan) on the bead surface enhanced in vivo degradation of glucomannan. MFABs represent a potentially versatile platform for developing new prebiotics and more nutritious foods.	Mus musculus	biome_label	GUT	sample_fields	gut: fecal, gut
PRJNA290380	A longitudinal analysis of the developing gut microbiome in infants from Finland, Estonia, and Russian Karelia	This is a longitudinal collection of stool samples from infants at risk for disease. Approximately 1,000 newborns were recruited to the birth cohort as part of the international DIABIMMUNE Study (http://www.diabimmune.org/) for which the consent rate was 80% in Tartu, Estonia, 59% in Espoo, Finland, and 24% in Petrozavodsk, Russia. Recruitment took place between September 2008 and May 2010 in Estonia and Finland, and between September 2008 and July 2011 in Russia. Follow-up was completed in April 2013 in Estonia and Finland, and in October 2013 in Russia. The final number of children included in the present study was 74 from each country. Inclusion criteria included positive cord blood testing for HLA DR-DQ alleles conferring increased risk for autoimmunity. The participating children were monitored prospectively for infections, use of drugs including antibiotics, and other life events.	Homo sapiens	ena_host_field	GUT	sample_fields	gut: gut
PRJNA1064611	Sao Benedito River Water and Fish Datasets	Study of fish and water metagenomes from the Sao Benedito river in Para, Brazil.	Serrasalmus rhombeus	ena_host_field	NON_GUT	sample_fields	other: freshwater
PRJEB39110	HoloFood Chicken Caecum+Ileum Metagenome	Metagenomic raw reads, assemblies, and bins derived from HoloFood chicken caecum and ileum samples. Samples selected for this batch were randomised among trials (feed), age, and breed to overcome batch effect. The caecum samples in this project contributed to the chicken caecum MAG catalogue (project: PRJEB55374 [ERP140263]), and the ileum samples contributed to the chicken ileum MAG catalogue (project: PRJEB55375 [ERP140264]).	Gallus gallus	ena_host_field	GUT	sample_fields	gut: caecum, gut, ileum
PRJNA945347	Gut metagenome Raw sequence reads	Deciphering the gut microbiome of grass carp through multi-omics approach	Ctenopharyngodon idella	ena_host_field	GUT	sample_fields	gut: gut, intestinal
PRJDB15956	Shotgun data in the gut of Parkinson's disease	This is shotgun metagenome sequencing in the gut of Parkinson's disease patients. The sample size is 73 for healthy controls and 94 for Parkinson's disease. All studies were approved by the Ethical Review Committees of the Nagoya University Graduate School of Medicine (approval #2016-0151), Iwate Medical College Hospital (H28-123), Okayama Kyokuto Hospital (approval #kyoIR-2016002), and Fukuoka Medical College (approval #2016M027). We obtained written informed consent from all PD patients and healthy controls.	Homo sapiens	ena_host_field	GUT	sample_fields	gut: gut
PRJEB90470	Rosuvastatin ameliorates obesity-associated insulin resistance in high-fat diet-fed mice by modulating the gut microbiota.	C57BL/6J male mice fed a high-fat diet were used to establish the insulin resistance (IR) mouse model. Rosuvastatin (RSV) was then administered for 8 weeks. Metagenomics and metabolomics were utilized to analyze the microbial composition and short-chain fatty acid metabolites in intestinal feces of mice.	Mus musculus	ena_study_text	GUT	ena_study_text	gut: feces, gut, intestinal
PRJNA543206	Chicken metagenome Raw sequence reads	chicken metagenome fecal samples	Gallus gallus	ena_host_field	GUT	sample_fields	gut: feces, gut
PRJEB64334	Multi-omics of host-gut microbiota interactions in healthy and parasitized farmed Atlantic salmon	Animals and their associated microbiota share long evolutionary histories. However, it is not always clear how host genotype and microbiota interact to affect phenotype. We applied a hologenomic approach to explore how host-microbiota interactions shape lifetime growth and parasite infection in farmed Atlantic salmon (Salmo salar). Multi-omics datasets were generated from the guts of 460 salmon, 82% of which were naturally infected with an intestinal cestode. A single Mycoplasma bacterial strain, MAG01, dominated the gut metagenome of large, non-parasitised fish, consistent with previous studies showing high levels of Mycoplasma in the gut microbiota of healthy salmon. While small and/or parasitised salmon also had high abundance of MAG01, we observed increased alpha diversity in these individuals, driven by increased frequency of low-abundance Vibrionaceae and other Mycoplasma species that carried known virulence genes. Colonisation by one of these cestode-associated Mycoplasma strains was associated with host individual genomic variation in long noncoding RNAs. Integrating the multi-omic datasets revealed coordinated changes in the salmon gut mRNA transcriptome and metabolome that correlated with shifts in the microbiota of smaller, parasitised fish. Our results suggest that the gut microbiota of small and/or parasitised fish is in a state of dysbiosis that partly depends on the host genotype, highlighting the value of using a hologenomic approach to incorporate the microbiota into the study of host-parasite dynamics. ENA project includes all DNA and RNA raw fastq files, and bacterial MAG fasta files. Linked raw metabolomics data are available at MetaboLights (accession MTBLS8575): https://www.ebi.ac.uk/metabolights/editor/MTBLS8575/descriptors Analysis scripts are available at the project GitHub: https://github.com/jcbrealey/Brealey_etal_salmon_multiomics Article published at mSystems (open-access): https://doi.org/10.1128/msystems.01043-23	Salmo salar	ena_host_field	GUT	sample_fields	gut: gut, intestinal
PRJNA1417531	ONT of Lysogenic Bacteria wGF 1-2 and wGF 2-18	Through ONT sequencing, the result variations of lysogenic bacteria wGF 1-2 and wGF 2-18 were further clarified.	mouse (model of Klebsiella pneumoniae infection)	paper	UNCERTAIN	none	
PRJNA779845	Gallus gallus gut metagenome Raw sequence reads	normal whole-genome de novo sequencing of chicken gut microbiome	Gallus gallus	ena_host_field	GUT	sample_fields	gut: cecum, duodenum, gut, ileum, jejunum
PRJNA843963	CAGED: CAMPYLOBACTER GENOMICS AND ENVIRONMENTAL ENTERIC DYSFUNCTION	The project seeks to understand the livestock reservoirs for Campylobacter infection. It aims to gain insight into Campylobacter species composition, genomic diversity, and its presence in livestock and how they are related to these bacteria in the gut of young children. The study addresses the following objectives,</p><p>1) Assess the prevalence, species composition, and genomic diversity of thermotolerant and non-thermotolerant Campylobacter species in young children, adults, livestock, and other reservoirs in the rural area of eastern Ethiopia</p><p>2) Determine the attribution of Campylobacter infections in young children to humans, livestock, and other reservoirs (i.e. drinking water, soil) based on the genetic population structure of Campylobacter species circulating in these reservoirs</p><p>3) Assess associations among the presence of Campylobacter species, gut microbiota, and the health status of children	Bos taurus; Capra aegagrus hircus; Gallus gallus domesticus; Homo sapiens; Ovis aries	ena_host_field	GUT	sample_fields	gut: feces, gut, stool
PRJNA734860	Stool microbiome of Hispanics in the Cameron County Hispanic Cohort	This study aimed to identify microbiome signatures and microbial functions associated with NAFLD and common co-morbidities in the Hispanic population.	Homo sapiens	ena_host_field	GUT	sample_fields	gut: gut
PRJNA290729	Characterization of the distal gut microbiota in obese patients following a weight-loss intervention using whole metagenome shotgun sequencing	To gain more insight into the interconnection between microbiota, obesity and diet, we analyzed the metagenome of 16 patients following a weight-loss program based on a very low calorie inulin-enriched formula diet. In this longitudinal study we used shotgun sequencing of stool DNA to look at taxonomic and functional changes at different phases of the program. In 2 years we sequenced fecal samples at six time points, the baseline (before intervention, = T0), after diet intervention, (3 months later: T3), after reintroduction phase (T6), and three time points at the maintenance phase i.e. month 12 (T12), month 18 (T18) and month 24 (T24). In parallel, clinical parameters were monitored in order to establish potential relationships between microbiota and obesity-associated-disease particularly hypertension, insulin resistance, fatty liver and the metabolic syndrome. Moreover we analyzed the marker potential of microbial parameters for weight loss maintenance success.	Homo sapiens	ena_host_field	GUT	sample_fields	gut: gut, stool
PRJNA630144	Martes zibellina Metagenome	Intestinal microbial genome of sable	Martes zibellina	ena_host_field	GUT	sample_fields	gut: gut
PRJNA1069876	metagenome in colon from Ningxiang piglets and DLY piglets	In this study, we analesed the different species of bacteria, fungi and archaea in Ningxiang piglet and DLY piglets. The results displayed different effects of tryptophan to different functions and advences of breeds in local pigs and commercial pigs.	Sus scrofa	biome_label	GUT	sample_fields	gut: gut
PRJNA311136	Feeding ecology study of Smalltooth sawfish using 18S rRNA high-throuput sequencing	An 18S rRNA gene sequencing technique was used to identify prey taxa in sawfish fecal samples. This analysis provided evidence that the smalltooth sawfish feeds primarily on teleost and elasmobranch fishes at all life stages, even though sawfish move from estuarine to coastal habitats during their ontogeny. The result will aid in the development of management decisions regarding these prey species and in improving long-term recovery planning for the smalltooth sawfish.	Pristis pectinata	ena_host_field	GUT	sample_fields	gut: fecal, gut
PRJNA723283	metagenomics of Linwu duck	Microbial metagenomics of Linwu duck treated with dietary ferulic acid	Anas platyrhynchos	ena_host_field	GUT	sample_fields	gut: gut
PRJNA983076	Tiermagine	Metagenomic sequencing of animal microbiomes from the same zoo	Acinonyx jubatus; Ailurus fulgens; Aldabrachelys gigantea; Aotus trivirgatus; Astrochelys radiata; Balearica regulorum gibbericeps; Bos grunniens domesticus; Bubo scandiacus; Camelus bactrianus; Canis lupus familiaris; Capra aegagrus hircus; Casuarius casuarius; Chaetophractus villosus; Chelonoides carbonaria; Cyclura cornuta; Dromaius novaehollandiae; Equus caballus; Equus quagga chapmani; Eulemur albifrons; Eulemur macaco; Eulemur rubriventer; Galidia elegans; Gallus gallus; Giraffa camelopardalis; Gorilla gorilla; Lama guanicoe; Lemur catta; Leptailurus serval; Macaca fascicularis; Macropus giganteus; Mandrillus sphinx; Microcebus murinus; Nestor notabilis; Notamacropus rufogriseus; Orycteropus afer; Ovis aries; Panthera onca; Phaecochoerus aethipicus; Rhea americana; Rousettus aegyptiacus; Saimiri boliviensis; Spheniscus humboldti; Suricata suricatta; Tapirus terrestris; Tragelaphus oryx; Varecia variegata	ena_host_field	GUT+OTHER	sample_fields	gut: feces, stool; other: oral, saliva
PRJNA741980	Comparison of viromes and microbiomes of 14 pig fecal samples	The question of the presence of phage encoded antibiotic-resistance genes was revisited here by sampling 14 pig fecal samples in various farms, and performing shotgun, deep sequencing on both total microbiota and highly purified viral fractions. The virome assemblies were sufficiently comprehensive to allow in addition the discovery of two new and prevailing viral taxa.	Sus scrofa	ena_host_field	GUT	sample_fields	gut: feces, gut
PRJNA562600	Multi-omic analysis of Clostridioides difficile infection and response to therapy in pediatric inflammatory bowel disease	Clostridioides difficile infection (CDI) is often severe in vulnerable populations such as children with inflammatory bowel disease (IBD). Here we used a multi-omic approach to analyze determinants of disease vulnerability and severity in pediatric subjects with IBD+CDI and IBD alone, and also subjects with malignancy+CDI and healthy controls. We compared C. difficile genotype assessed from 27 high-quality genome sequences gut microbiome structure interrogated by longitudinal metagenomic analysis and the joint host/microbial metabolome interrogated by longitudinal mass spectrometry. The metabolomic data showed the most consistent association with IBD+CDI severity. Molecules enriched in IBD+CDI included polyamines, taurine, primary bile acids, and human DNA. Candidate mechanisms accounting for differences include altered metabolism by the dysbiotic microbiota, induction of inflammation, and host tissue breakdown. Following antibiotic therapy, a reduction in human DNA and other host-derived compounds reported successful short-term therapy, but a lack of long-term normalization of the metabolome and microbiome documented ongoing vulnerability.	Homo sapiens	ena_host_field	GUT	sample_fields	gut: feces
PRJNA748109	Broiler chicken microbial metagenome	The goal is to sequence and assemble broiler chicken's intestine microbial metagenome. The data we show is sequenced by Pacbio.SAMN29146368,SAMN29146369,SAMN20308465,SAMN29146371,SAMN29146372 are samples from Duodenum, Jejunum, Ileum, Cecum, and Colorectum, respectively	Gallus gallus	ena_host_field	GUT	sample_fields	gut: cecum, duodenum, gut, ileum, jejunum
PRJEB103086	Gut microbiota shape humoral responses to mRNA vaccines through metabolic remodeling	Gut microbiota shape humoral responses to mRNA vaccines through metabolic remodeling	Mus musculus; Homo sapiens	biome_label	GUT	sample_fields	gut: gut
PRJNA796172	Detection of bacterial species and Antibiotic resistance genes in Pig Manure Based on metagenome sequencing	This project aims to detect bacterial species and antibiotic resistance genes in pig manure	Sus scrofa	ena_host_field	GUT	sample_fields	gut: feces
PRJEB81554	Project 3 3XTG Aim 1-Alzheimers Gut Microbiome Project	Sensory and molecular signals from the environment influence brain activity and help shape psychological or physical responses. The gastrointestinal (GI) tract represents our largest portal to the molecular world around us, and sends signals that travel to all organs of the body that impact their function, including the brain. Conduits used for gut-to-brain communication include, among others, metabolites produced in the gut that may activate the enteric nervous system (ENS) and signal via the vagus nerve, or molecules may even reach the brain through systemic circulation. However, there is remarkably little known about the cellular and molecular mechanisms that connect the gut to the brain. Further, if indeed the flow of complex signals from the gut modulates brain activity, perhaps changes due to altered environments may result in deviations from brain health. Humans share an intimate and life-long association with multitudes of resident microbial species, known as the microbiome, which represents a potentially strong environmental factor in may diseases. Gut bacteria regulate nutrition and metabolism, and orchestrate the development and function of the immune system. Intriguingly, the community structure and composition of the gut microbiome is altered in neurologic conditions such as anxiety, depression, autism spectrum disorder (ASD), schizophrenia, Parkinsonâs disease (PD) and Alzheimerâs disease (AD). Whether these changes are a consequence of disease or a contributor remain entirely unknown. Studies that distinguish correlation from causation are both challenging and unjustified in humans. Thus, we propose to study the functional contributions of the human microbiome in novel mouse models of AD to test the hypothesis that microbial signals that travel from the gut to the brain promote neuroimmune activation, pathology, and symptoms of neurodegeneration. While basic and clinical research is rapidly defining the pathophysiology of AD, the cause(s) of most cases remain unknown. Thus, even the best medicines, which are relatively ineffective or have severe side effects, only address symptoms and are not disease-modifying. We provide seminal evidence that the gut microbiome is a key contributor to the pathology of AD using mouse models, offering entirely novel perspectives into disease etiology. Unraveling gut-microbiome-brain connections holds the promise of transforming the neurosciences and revealing potentially revolutionary diagnostics and treatments for Alzheimerâs disease.	Mus musculus	ena_host_field	GUT	sample_fields	gut: feces, gut
PRJNA1123238	Standardizing methods for shotgun metagenomics of the urobiome in a canine model	Shotgun metagenomic sequencing of canine urine samples to establish methodological standards for sample volume, DNA extraction methods, bioinformatic decontamination, and proof-of-concept for genome assembly	Canis lupus familiaris; Homo sapiens	ena_host_field	NON_GUT	sample_fields	other: urine
PRJEB66438	Canine faecal metagenomes with Providencia alcalifaciens	Acute haemorrhagic diarrhoea syndrome (AHDS) in dogs is a condition of unknown aetiology. Providencia alcalifaciens is however suspected to play a role in some cases of disease as it occurred in high prevalence in an outbreak in Norway in 2019. The role of this bacterium as a constituent of the canine gut microbiota is unknown, hence this study set out to investigate its occurrence in healthy dogs through metagenomics. This project contains two types of samples. Sample type 1 consists of two samples that were culture-negative for P. alcalifaciens. These two samples were spiked with different concentrations of P. alcalifaciens before qPCR and shotgun sequencing was performed. The limit of detection of Providencia alcalifaciens was used to generate a metagenomic threshold for the analysis of other samples in this study. Sample type 2 consists of 13 samples with a known cultivation status for P. alcalifaciens. These samples were used to test the metagenomic threshold for Providencia alcalifaciens that was set with the spiked samples.	Canis lupus familiaris	ena_host_field	GUT	sample_fields	gut: intestines
PRJEB56324	Metagenomics of Multiple-Micronutrient-Deficient-Mice	Globally, ~340 million children suffer from multiple micronutrient deficiencies, accompanied by high pathogenic burden and death due to multi-drug resistant bacteria. The microbiome is a reservoir of antimicrobial resistance (AMR), however the implications of undernutrition on the resistome is unclear. Here, we used a postnatal mouse model that is deficient in multiple micronutrients (i.e., zinc, folate, iron, vitamin A, and vitamin B12 deficient) and shotgun metagenomic sequencing of fecal samples to characterize gut microbiome structure and functional potential, and the resistome. Enterobacteriaceae were enriched in micronutrient deficient mice compared to mice fed an isocaloric experimental control diet. The mycobiome and virome was also altered with multiple micronutrient deficiencies including increased fungal pathogens such as Candida dubliniensis and bacteriophages. Despite being antibiotic naÃ¯ve, micronutrient deficiency was associated with increased enrichment of genes and gene networks encoded by pathogenic bacteria that are directly or indirectly associated with intrinsic antibiotic resistance. This analysis reveals multi-kingdom alterations in the gut microbiome as a result of co-occurring multiple micronutrient deficiencies and the implications for antibiotic resistance.	Mus musculus	biome_label	GUT	sample_fields	gut: gut
PRJEB35362	Shotgun sequencing of archaelogical paleofeces and sediments	Shotgun metagenomics applied to archaeological feces (paleofeces) can bring new insights into the composition and functions of human and animal gut microbiota from the past. However, paleofeces often undergo physical distortions in archaeological sediments, making their source species difficult to identify on the basis of fecal morphology or microscopic features alone. Here we present a reproducible and scalable pipeline using both host and microbial DNA to infer the host source of fecal material. We apply this pipeline to newly sequenced archaeological specimens and show that we are able to distinguish morphologically similar human and canine paleofeces, as well as non-fecal sediments, from a range of archaeological contexts.	Homo sapiens	biome_label	GUT+OTHER	sample_fields	gut: gut; other: soil
PRJNA947914	Atlantic salmon gut microbiome	The aim was to obtain bacterial genomes from Atlantic salmon (Salmo salar) gut samples, to be used as a reference for further meta-omics studies. The study is part of the ImprovAFish (Improving aquaculture sustainability by modulating the feed-microbiome host axis in Fish) project. In commercial-scale trials, Atlantic salmon were fed with different feed additives, including a promising functional ingredient (beta-mannan) that is known to promote beneficial microbiota in livestock. Hindgut content was collected from dissected salmon at different developmental stages, in fresh- and saltwater. Metagenomic DNA was extracted from these samples (I) directly, (II) after enrichment of microbial DNA through host DNA depletion, and (III) after enrichment of microbial cells through filtration, differential centrifugation, and fluorescence-activated cell sorting.	Salmo salar	ena_host_field	GUT	sample_fields	gut: gut, hindgut
PRJDB36846	Methane-oxidizing bacteria regulate intestinal peristalsis and fat metabolism in the gut via reducing methane levels (PRJCA040467)	As one of the main components of human intestinal gas, methane has been reported to play a role in the disruption of intestinal motility, in turn related to high body index. However, the role of methane-oxidizing bacteria (methanotrophs) in mitigating methane-induced gut dysfunction remains largely unexplored. In this study, we isolated a novel gut methanotroph, Candidatus Methylocystis intestini, from human fecal samples. Using mice as a model, we found the decreasing intestinal motility and the disorder of fat metabolism when challenged with methane. We also show that Candidatus Methylocystis intestini reverses these processes.	Mus sp.	ena_host_field	GUT	sample_fields	gut: gut
PRJNA1062915	rat gut metagenome Metagenome	Colon chyme sampling of newborn rats and microbial metagenomic sequencing results 240829	Rattus norvegicus	ena_host_field	GUT	sample_fields	gut: colonic, gut
PRJDB5383	Identification of a novel bovine enterovirus possessing highly divergent amino acid sequences in capsid protein	Metagenomic analysis using Miseq was performed on feces collected in cattle. In the present study, we identified a novel Bovine enterovirus in diarrheal feces collected for that survey.	Bos taurus	ena_host_field	GUT	sample_fields	gut: feces
PRJNA932774	mouse gut bacteriome	gut microbiome of laboratory colony of mice	mouse	ena_host_field	GUT	sample_fields	gut: gut
PRJDB2695	Metgenomic analysis of human gut microbiome in patients with multiple sclerosis (MS).	13 individual of Japanese patients with multiple sclerosis. Microbial DNA was sequenced using a 454 GS FLX titanium (Roche).	Homo sapiens	biome_label	GUT	sample_fields	gut: gut
PRJNA821505	Short-term feeding of defatted bovine colostrum mitigates inflammation in the gut via changes in metabolites and microbiota in a chicken animal model	The causes of inflammation in the gut change by location according to the local digesta composition and lumen environmental conditions that further affect microbial diversity. Bovine colostrum (BC) contains a rich matrix of compounds with referenced beneficial effects in gut physiology in general but to date no comprehensive assessment of what changes in gut metabolites and bacteria might occur with consumption of BC that specifically and repeatedly could impact inflammation status in the small intestine. To this point, we employed a novel chicken animal model highly sensitive to even mild inflammatory stimuli and compared feeding a standard feed (Con) to the effects of Con supplemented with BC or nonfat dry milk (NFDM) for any changes in ileal nitro-oxidative inflammation status, efficiency of nutrient use, ileal morphology, metabolites, and the composition of the microbiota. Uniquely, the BC-supplemented diet was associated with a rapid improved efficiency of nutrient use consistent with the observed increased ileum absorptive surface. The defatted BC reduced epithelial cell tyrosine-nitrated protein (NTp, biomarker of nitrooxidative inflammatory stress) content by 37% compared to Con or NFDM. Metabolome analysis revealed that related metabolites, metabolite precursors and conjugates in a pathway group, were superior to individual molecules in predicting the extent to which BC-associated effects mitigated NTp. Anti-inflammatory/anti-NTp metabolites were significantly greater in abundance in the digesta of BC fed animals. Consistent with the present concepts of gut eubiosis, BC affected the composition and structure of the gut microbiota, particularly as regards the greater abundance of immunomodulating segmented filamentous bacteria (SFB, Candidatus Arthromitus) specific to ileal epithelial scrapings. Overall, the data suggest that BC established an anti-inflammatory environment in the ileum through increased content of defined groups of anti-inflammatory metabolites coincident with beneficial alterations in the microbiota.	Gallus gallus	ena_host_field	GUT	sample_fields	gut: gut
PRJNA436633	monkey metagenome Raw sequence reads	fecal metagenome of monkey	Rhinopithecus roxellana	ena_host_field	GUT	sample_fields	gut: feces, gut
PRJEB51815	HoloFood Salmon Trial C Gut Metagenome	Metagenomic raw reads, assemblies, and bins derived from HoloFood salmon gut samples from trial C. The samples in this project contributed to the salmon MAG catalogue (project: PRJEB55376 [ERP140265]).	Salmo salar	ena_host_field	GUT	sample_fields	gut: gut
PRJEB47458	Gut_dysbiosis_in_Cystic_Fibrosis	Metagenomic analysis of gut microbiota in cystic fibrosis patients This data is part of a pre-publication release. For information on the proper use of pre-publication data shared by the Wellcome Trust Sanger Institute (including details of any publication moratoria), please see http://www.sanger.ac.uk/datasharing/	Homo sapiens	ena_study_text	GUT	sample_fields	gut: gut
PRJNA1227608	"Global distribution of carrageenan foraging pathways reveals widespread latent traits within the genetic ""dark matter"" of ruminant intestinal microbiomes"	This study aimed to identify the adaptation of ruminant microbiomes to red seaweed M. japonica. study includes illumina sequencing of: bovine rumen and fecal metagenomes on and off M. japonica supplemented diets, non-bovine ruminant and (pseudo)ruminants fecal microbiomes enriched on seaweed polysaccharides, and bacterial isolates enriched from seaweed polysaccharides. Nanopore sequencing for select datasets was also performed.	Bovine; Giraffa camelopardalis; Mazzaella japonica; Moschidae	ena_host_field	GUT	sample_fields	gut: feces, rumen
PRJNA1224791	Chicken Gut Metagenomes	Metagenomics survey of ileal and cecal contents of broiler chickens to determine the effect of probiotic treatments on microbiome composition and pathogen load.	Gallus gallus domesticus	ena_host_field	GUT	sample_fields	gut: gut
PRJNA811727	Probio-X combined with metformin alleviates type 2 diabetes by mediating short-chain fatty acid-producing bacteria and bile acid pathways	Type 2 diabetes mellitus (T2DM) is a chronic metabolic disease. As a commonly used drug for the treatment of T2DM, metformin will gradually reduce the efficacy or cause gastrointestinal dysfunction with the prolongation of treatment time. The gut microbiota may be the target of metformin, and probiotics can target and modulate the gut microbiota. Our study suggests that probiotics and metformin can further modulate the metabolism of host bile acids or SCFAs by mediating the gut microbiota in patients with T2DM, thereby enhancing the hypoglycemic effect of metformin.	Homo sapiens	ena_host_field	GUT	sample_fields	gut: feces, stool
PRJNA783381	Ovis aries Raw sequence reads	gut microbial metagenome of sheep	sheep	ena_host_field	GUT	sample_fields	gut: gut
PRJNA1228539	Sequences of gut microbiota in Trachypithecus francoisi from different regions	We employed metagenomic technology to investigate intersite differences in the function of gut microbiota of Trachypithecus francoisi.	Trachypithecus francoisi	ena_host_field	GUT	sample_fields	gut: gut
PRJNA1110616	The gut microbiota of Larimichthys crocea (large yellow croaker) Raw sequence reads	get samples from large yellow croaker	Larimichthys crocea	ena_host_field	GUT	sample_fields	gut: gut
PRJDB17227	Correlation analysis between EPS hydrolase, glycolysis, and SCFA production in human feces.	Human fecal samples were collected from 30 healthy (18.5<BMI<30) and 30 obese (BMI>=30) subjects to examine EPS and SCFAs synthesis and glycolysis pathways.	Homo sapiens	ena_host_field	GUT	sample_fields	gut: feces, gut
PRJNA553191	Shotgun metagenomics of human gut microbiota up to extreme longevity and the increasing role of xenobiotics degradation	Longevity has been described as the result of a complex combination of variables, hailing from genetics, lifestyle and environment. In this context, the intestinal microbiome has been proposed as a possible mediator of healthy aging that preserves host-environment homeostasis by counteracting inflammaging, intestinal permeability, and deterioration of cognitive and bone health. Correlations have been previously found between age-related gut microbiota dysbioses and levels of pro-inflammatory cytokines, hospitalization, poor diet and frailty in the elderly. More recently, the longest human gut microbiota trajectory along aging has been built, by comparing the fecal bacterial taxa from healthy adults and older individuals, also including semi- supercentenarians, i.e. people aged 105 or older. However, the functional changes that occur in the gut microbiome along with age are still largely unexplored. In an attempt to provide some glimpses in this direction and advance our knowledge on whether and how the gut microbiome may support the maintenance of health in extreme aging, here we characterized the fecal microbiome of 62 individuals, with age ranging from 22 to 105 years, by shotgun metagenomics. According to our findings, aging is characterized by an increased number of genes involved in xenobiotics degradation, as well as by rearrangements in metabolic pathways related to carbohydrate, amino acid and lipid metabolism. These microbiome features are even more boosted in semi- supercentenarians, probably representing the result of a life-long adaptive response to progressive changes in diet and lifestyle.	Homo sapiens	ena_host_field	GUT	sample_fields	gut: gut
PRJNA361402	human gut metagenome Metagenome	In this study, we performed a randomized, placebo-controlled, double-blind study in newly diagnosed T2D patients on a calorie-restricted diet and showed that metformin, but not calorie restriction, had rapid effects on the composition and function of the gut microbiota.	Homo sapiens	ena_host_field	GUT	sample_fields	gut: gut
PRJNA599289	Gut microbiome of honey bees in china	metagenomic sequencing of Apis cerana and Apis mellifera colonies in China	insect	biome_label	GUT	sample_fields	gut: gut
PRJEB55607	The effect of dietary bioactive on gut microbiome diversity (DIME) â a pilot study	The DIME study consists of a randomised 2x2 cross-over human intervention where healthy participants (n = 20) are subjected to a diet high in bioactive-rich food for two weeks and a diet low in bioactive-rich food. There is a four-week washout between the two interventions.	Homo sapiens	biome_label	GUT	sample_fields	gut: gut
PRJNA909042	16s rDNA sequencing of cecum of broilers infected with Eimeria tenella	"The purpose of this study was to investigate the effect of natural medicine ""Shiyingzi Powder"" on cecal microorganisms of broilers infected with Eimeria tenella. This project involves blank group (uninfected coccidia, no drugs), model group (only infected coccidia, no drugs), ""Shiyingzi Powder"" low, middle high dose group, osthole group and positive drug group."	Gallus gallus	biome_label	GUT	sample_fields	gut: gut
PRJNA1067975	Clostridioides difficile infection	A comprehensive shotgun metagenomic sequencing	Homo sapiens	ena_study_text	UNCERTAIN	none	
PRJNA1065277	Delivery mode and maternal gestational diabetes are important factors in shaping the neonatal initial gut microbiota	Our study highlights the important influence of maternal factors, especially the mode of delivery, on the microbial structure of the neonatal gut compared to geography. We hypothesize that key species such as Phocaeicola vulgatus are influenced by the mode of delivery, interact with specific bacteriophages, or produce different metabolic effects. These changes may have implications for the development and functional integrity of the gut in later infancy. However, we focused solely on newborns, and to explore the long-term impacts under various factors, a larger and more extended cohort would be necessary. Despite these limitations, our findings contribute to a better understanding of the early gut microbiome's composition and function, shedding light on infant growth and development processes and their interactions with maternal microbes. This knowledge holds promising implications for the prevention and intervention of childhood diseases.	Homo sapiens	ena_host_field	GUT	sample_fields	gut: feces, stool
PRJEB74482	Effects of mouse-to-mouse fecal microbiota transplantation on vascular function with age and diet	Transplantation of fecal microbiota from young mice into old mice improved endothelium-dependent dilation to acetylcholine (P = 0.05) and reduced aortic stiffness (P = 0.005), whereas transplanting old microbiota into young mice had the opposite effect. Collectively, these findings implicate the gut microbiome as a contributor to vascular dysfunction with aging, possibly via activation of proinflammatory pathways.	Mus musculus	ena_host_field	GUT	sample_fields	gut: feces, gut
PRJNA999451	caecum raw sequence reads	Normal Metagenomic sequencing of Pig	Sus scrofa	ena_study_text	GUT	ena_study_text	gut: caecum
PRJNA1095217	Viral diversity of wild birds	Metagenome sequencing of VLP enriched (0.8um filtration and nuclease treatment) samples and pools of samples of wild aquatic birds	Anas crecca; Aythia ferina	ena_host_field	GUT	sample_fields	gut: feces
PRJEB84467	The interrelationship between Phosphorus utilization and metagenome in two contrasting high-yielding laying hen strains	Phosphorus (P) is an important nutrient in poultry nutrition. Organic P stored as phytates in plants is hard to be utilized by non-ruminant animals because of the lack of endogenous phytase enzymes. Accordingly, mineral phosphate or phytase enzymes are supplemented in poultry feed. However, mineral phosphate will be exhausted in the next 100 years. Thus, it is crucial to identify possibilities for improving the P utilization (PU) by poultry and sustainability in the use of P in the diet. Microorganisms present in the gastrointestinal tract (GIT) of layers are involved in the degradation of phytate and phosphorus utilization and are influenced by the host genetics. Therefore, this study aims to characterize the GIT microbiome of two high-yielding laying hens Lohmann Brown-Classic (LB) and Lohmann LSL-Classic (LSL). In Analysis 1, we identified the strain effect on the composition of gut microbiota in low-P-fed laying hens. The results showed that the structure of ileal microbiota in LB hens was different from that in LSL hens, such as Turicibacter sp. TJ11, Turicibacter bilis, and Turicibacter sp. H121, were significant abundant in LB hens. Those species were positively correlated with BW and had moderately positive correlation with the concentration of plasma P. In Analysis 2, we addressed the strain and P effect on the ileal microbiota of hens. The results revealed that diet (normal-P or low-P supply) affected only qualitative aspect of microbiota of LB and LSL hens and strain affected both qualitative and quantitative aspects of microbiota of LB and LSL hens. The abundance of the species Ligilactobacillus animalis, Lactiplantibacillus plantarum, and Loigolactobacillus backii was relatively higher in LSL groups and the abundance of the species Ligilactobacillus salivarius, Ligilactobacillus agilis, Turicibacter sp. TJ11, and Turicibacter sp. H121 was significantly higher in LB groups. These fours species were positively correlated with BW. In the future, we will describe the functionality of the ileum microbiome and reveal the different functional signals related to PU and other efficiency traits in LB and LSL hens. Further, mixed linear models will be utilized to estimate microbiabilities and to determine if the ileal microbiota drives the variation in PU.	Gallus gallus	biome_label	GUT	sample_fields	gut: gut
PRJNA815745	Compound probiotics relieved constipation, immunitygut microbiome, and blood metabolites of sows in lategestation and lactation	This experiment was conducted to investigate the effects of compound probiotics on constipation, immunity,gut microbes and blood metabolism products of sows during pregnancy and lactation by adding compound probiotics in drinking water	Sow	ena_host_field	GUT	sample_fields	gut: feces, stool
PRJNA1078419	Shotgun metagenomic sequencing of Ath-HMDP mice	Study gut microbiome in Ath-HMDP mice.	Mus musculus	ena_host_field	GUT	sample_fields	gut: gut
PRJEB73330	Kidney-gut-brain cross talk in longterm IRI	Introduction: Although epidemiological studies suggest that long-term survivors of AKI have an increased risk of dementia, underlying mechanisms remain uncertain. Based on well-known brain-gut crosstalk and also on recently introduced kidney-gut crosstalk, we hypothesized that gut dysbiosis and altered gut microenvironments might contribute to the long-term development of dementia in AKI. Methods: We performed a 1-year study in mice model of kidney ischemia/reperfusion injury (IRI) and determined the long-term brain, gut, and kidney outcomes. Cognitive dysfunction and structural brain damage, as well as long-term changes in gut microenvironments including microbiota were determined. For causal relationship, we also tested the effect of gut microbiota transfer either by fecal microbiota transplantation (FMT) or cohousing on brain as well as on kidneys. Results: One year after kidney IRI, mice showed cognitive dysfunction compared to age matched sham control. Transcriptosome of hippocampus demonstrated more than 120 differentially regulated genes including those involved in angiogenesis/immune and inflammatory response. We also found structural brain injury including neuroinflammation, oxidative stress as well as accumulation of hyperphosphorylated tau proteins, suggesting the development of Alzheimer like dementia long after AKI. Gut microbiota structure 1-year after kidney IRI was also clearly distinguished from that of age matched sham control and the gut dysbiosis was associated with decreased level of short chain fatty acids and Th17 polarization. Both cohousing and FMT partially restored the gut microenvironments and this also led to not only decreased kidney fibrosis but also improved cognitive function as well as neuroinflammation and tauopathy. Conclusion: This is the first animal study showed that AKI can lead to Alzheimer like neurodegeneration. Persistent gut dysbiosis and aberrant mucosal immune response are thought to contribute to the development of dementia long after AKI. Our data provide new insights into âkidney-gut-brainâ axis in the field of AKI and suggest that gut might be a new therapeutic target for the prevention of long-term adverse outcomes in AKI patients.	Mus musculus	biome_label	GUT	sample_fields	gut: gut
PRJNA1261602	The gut metagenome of experimental autoimmune uveitis mice	This study aims to investigate the effect of PD-L1 knockout on gut microbiota in an experimental autoimmune uveitis (EAU) model. EAU was induced via immunization with interphotoreceptor retinoid-binding protein peptide 651-670 (IRBP651-670) in either wild-type or PD-L1 knockout C57BL/6J female mice. Sham adjuvant was administered to WT or PD-L1 KO mice as healthy controls. The characteristics of gut microbiota were analyzed using metagenomic sequencing.	Mus musculus	ena_study_text	GUT	ena_study_text	gut: gut
PRJNA991623	DCA-induced changes in the fecal microbial metagenome of mice	DCA-induced changes in the fecal microbial metagenome of mice	Mus musculus	ena_study_text	GUT	sample_fields	gut: feces
PRJNA778431	gut microbiota of swine Genome sequencing and assembly	Effects of a traditional Chinese medicine formula containing the Coix seed and lotus seed on the intestinal morphology and microbiota of local piglets	swine	ena_host_field	GUT	sample_fields	gut: feces
PRJNA1063537	bacillus methylotrophicus as a novel probiotic strain for aquaculture.	evaluations of Bacillus methylotrophicus MT for and its effects on gut microbiota grass carp .	fish	biome_label	GUT	sample_fields	gut: gut
PRJNA983093	Bifidobacterium lactis Probio-M8 treated and prevented acute RTI via regulating gut microbiota and metabolites.	The results showed that Probio-M8 treatment although slightly changed the gut microbial structure of the patients, it significantly changed the composition, In-depth metagenomic analysis showed that, at 4-week post-discharge, significantly more species-level genome bins (SGBs) of Bifidobacterium animalis, Corynebacterium pyruviciproducens, Clostridium sp. CAG:58 were increased significantly, while the abundant of Escherichia coli, Streptococcus parasanguinis, Schaalia odontolytica decreased significantly in probiotic group (P<0.05). Furthermore, significantly more microbial bioactive metabolites (e.g., glutamate, N.acetylspermidine, pyridoxamine and alpha-muricholate) but less stearoylethanolamide was detected in the probiotic group than placebo group during/after intervention (P<0.05). Interestingly, we found the relative abundance of Escherichia coli was negatively with IL-10 (r=-0.22, P=0.0022), whereas positively with influenza score (r=0.26, P=0.00024). In addition, alpha-muricholate was negatively with fu-like symptoms and pharyngeal and nasal symptoms score (r=-0.2, P=0.0051 r=-0.2, P=0.0056, respectively). Collectively, our results suggested that administering Probio-M8 may regulate the host inflammatory response by regulating the balance of intestinal microorganisms, bioactive metabolites, and related pathways and bring health-promoting effects to patients with RTIs.	Homo sapiens	ena_host_field	GUT	sample_fields	gut: feces, stool
PRJNA1190643	Effects of Klebsiella pneumoniae Infection on the Gut Microbiota	Klebsiella pneumoniae is a type of bacteria known to cause infections in humans. This study explores how Klebsiella pneumoniae infection disrupts the delicate balance of gut bacteria.	Mus musculus	ena_host_field	GUT	sample_fields	gut: fecal
PRJEB33500	Mediterranean diet intervention in overweight and obese subjects leads to multiple beneficial shifts in gut microbiome and metabolome independently from energy intake	ObjectivesEpidemiological studies show that Mediterranean diet (MD) has multiple benefits in the prevention of different types of disease. Consequences of a MD intervention on the overall metabolic and microbiome responses in subjects at risk of metabolic diseases are still underinvestigated. We aimed at unvealing the effects of a personalized isocaloric MD intervention in overweight and obese subjects with unhealthy dietary habits and lifestyle.DesignEighty-two healthy overweight and obese subjects with habitual low intake of fruit and vegetables and sedentary lifestyle participated in a parallel 8 week-randomized controlled trial. Forty-three participants received a MD, tailored to their habitual energy intakes, and 39 maintained their habitual diets. Blood, urine and faecal samples along with dietary information and anthropometric measures were collected over the study period to monitor dietary changes, several metabolic parameters and the gut microbiome.ResultsMD subjects significantly increased their adherence to MD. Daily intakes of vegetal food products, providing dietary fiber, vegetable proteins and polyunsaturated fatty acids, dramatically increased while foods of animal origin were reduced. Adherence was confirmed by diet-driven metabolome shifts including reductions of plasma and urinary levels of carnitine, and led to reduction of total plasma cholesterol, total and secondary faecal bile acids. Gut microbiome also changed, for which variations of gene richness and inflammation were found anticorrelated and for which levels of fibre degrading Faecalibacterium prausnitzii increased, escorted by microbial functions linked to butyrate metabolism. Moreover, consistent links were highlighted among urolithin production, bile acids degradation and insulin sensitivity with specific microbial species and dietary patterns.ConclusionMD drives multiple shifts in gut microbiome and metabolome independently from energy intake.	Homo sapiens	biome_label	GUT	sample_fields	gut: gut
PRJNA691798	Fecal samples of Listeria monocytogenes infected mice metagenomes Metagenome	A geriatric murine model of listeriosis as a human surrogate of listeriosis was used to study the effect of aging and L. monocytogenes infection.	Mus musculus	ena_host_field	GUT	sample_fields	gut: gut, stool
PRJNA1208715	Porcine Shotgun Metagenomics	The dataset pertains to the fecal shotgun metagenomics of a porcine model subjected to social stress	Sus scrofa	ena_host_field	GUT	sample_fields	gut: gut
PRJEB25514	A cross-sectional study of compositional and functional profiles of gut microbiota in Sardinian centenarians	Abstract Sardinia, Italy, has a high prevalence of residents who live over 100 years. The reasons for longevity in this isolated region is currently unknown. Gut microbiota may hold a clue. To explore the role gut microbiota may play in healthy aging and longevity, we used metagenomic sequencing to determine the compositional and functional differences in gut microbiota associated with populations of different ages in Sardinia. Our data revealed that the gut microbiota of both young and elderly Sardinians shared similar taxonomic and functional profiles. A different pattern was found in centenarians. Within the centenarian group, the gut microbiota was correlated with the Functional Independence Measurement of the host. Centenarians had a higher diversity of core microbiota species and microbial genes compared with that in the young and elderly. We found that the gut microbiota in Sardinian centenarians displayed a rearranged taxonomic pattern when compared with these of the young and elderly, featured by depletion of Faecalibacterium prausnitzii and Eubacterium rectale, and enriched for Methanobrevibacter smithii and Bifidobacterium adolescentis. Moreover, functional analysis revealed the microbiota in centenarians had high capacity for central metabolism, especially glycolysis and fermentation to Short-Chain Fatty Acids (SCFAs), although the gut microbiota in centenarians was low in degradation of carbohydrates including fibers and galactose. The gut microbiota has been proposed as a promising determinant for human health. Centenarians as a model for extreme aging may help to understand the correlation of gut microbiota with healthy aging and longevity. Here we confirmed that centenarians had microbiota elements usually associated with benefits to health. Our finding of a high capacity of glycolysis and related SCFAs production represented a healthy microbiome and environment that is regarded as beneficial for host gut epithelium. The low abundance of pathways involved in carbohydrate degradation was also found in the gut microbiota of Sardinian centenarians and is often associated with poor gut health. Overall, our study here represents an expansion of previous research investigating the age-related changes in gut microbiota. Furthermore, our study provides a new prospective for potential targets for gut microbiota intervention directed at limiting gut inflammation and pathology and enhancing a healthy gut barrier.	Homo sapiens	ena_study_text	GUT	sample_fields	gut: gut
PRJNA828385	Sus scrofa Genome sequencing and assembly	normal metagenomics of pig colonic digesta	Sus scrofa	ena_host_field	GUT	sample_fields	gut: colonic, digesta, gut
PRJEB29127	A causal role of the gut microbiome in schizophrenia	The gut-brain axis has been enthusiastically discussed in recent years. Gut bacteria are known to promote serotonin biosynthesis from colonic enterochromaffin cells1. Germ-free mice are also known to have impaired blood-brain barrier, which could be rescued by short-chain fatty acids2. However, there has been little evidence from human studies, not to mention a study that combined human cohorts with animal models. Here we provide metagenomic shotgun sequencing data for a typical psychiatric disease, schizophrenia, for which tens of thousands of samples have been characterized in genome-association studies (GWAS). Metagenome-wide association studies (MWAS) identified bacteria that differ between patients and controls, which was partially recapitulated in mice transplanted with the human faeces. We show that the schizophrenic gut microbiome was causally responsible for core symptoms such as psychomotor hyperactivity and impaired learning and memory, whereas non-specific symptoms such as anxiety were lost in the mice model. Our findings pave the road for better diagnosis as well as mechanistic understandings of this devastating disease.	Homo sapiens; Mus musculus	ena_study_text	GUT	sample_fields	gut: feces
PRJEB37062	Quantifying gut microbiome variationâs effect on interpersonal differences in drug metabolism	In this study shotgun metagenomic and targeted metabolomic was used to investigate drug metabolism potential of complex gut communities deriving from human/non human hosts.	Homo sapiens; Oryctolagus cuniculus; rat; Mus musculus; Sus scrofa	biome_label	GUT	sample_fields	gut: gut
PRJEB46550	HoloFood Chicken Caecum Metagenome â extreme sizes batch	Metagenomic raw reads from selected HoloFood chicken caecum samples. Samples within this batch come from animals with weights at the extremes of the distribution curve. Samples selected for this batch were randomised among trials (feed), age, and breed to overcome batch effect.	Gallus gallus	ena_host_field	GUT	sample_fields	gut: caecum, gut
PRJNA809514	Shorgun metagenomics of T2DM human gut microbes treated with GLP-1 drug	GLP-1 improves endothelial cell function indicators in middle-aged and elderly diabetic patients, which may be related to its alteration of the population numbers of gut microbiota.We conduct this project.	Homo sapiens	ena_study_text	GUT	sample_fields	gut: feces, gut
PRJNA1127265	Social isolation induces sex-specific differences in behaviour and gut microbiota composition in stress-sensitive rats	Social isolation (SI) is an established rat model of chronic stress. We applied this to the stress-sensitive Wistar Kyoto (WKY) strain to explore brain-to-gut interactions associated with mood. Whether SI stress-induced behavioural changes are sex-specific or if they affect the microbiome in WKY is unknown. We hypothesised individually housed (IH) animals would be more anxious than pair housed (PH), with sex differences. Male and female rats were either IH or PH from 70-112 days old and behaviour was assessed in modified open field (OFTmod), elevated plus maze (EPM) and novel object recognition (NOR) tests. Caecal content DNA was analysed by shotgun metagenome sequencing postmortem.	Rattus norvegicus	ena_host_field	GUT	sample_fields	gut: gut
PRJDB1800	Metgenomic analysis of human gut microbiome in patients with multiple sclerosis (MS).	13 individual of Japanese patients with multiple sclerosis. Microbial DNA was sequenced using a 454 GS FLX titanium (Roche).	Homo sapiens	biome_label	GUT	sample_fields	gut: gut
PRJNA1136229	Breaking the Cycle: A Yeast Mannan-Rich Fraction beneficially modulates the antimicrobial resistome associated with Layer hen cecal microbiomes under commercial conditions	This study examined the effect of mannan-rich fraction supplementation on layer hen (Gallus gallus subsp. domesticus) productivity.	Gallus gallus subsp Domesticus	ena_host_field	GUT	sample_fields	gut: cecum, gut
PRJNA691978	time-series freshwater dialysis bag mesocosm metagenomes	freshwater mesocosm were spiked separately with cow, pig, or human feces and monitored overtime with metagenomics. Metagenomes were also sequenced from the fecal material used as inocula.	Bos taurus; Homo sapiens; Sus scrofa	ena_host_field	GUT+OTHER	sample_fields	gut: fecal, feces, gut; other: freshwater, wastewater, water
PRJEB86012	Exploring the relationship between GBA1 host genotype and gut microbiome in the 1 GBA1L444P/WT mouse model: Implications for Parkinson disease pathogenesis	Heterozygous GBA1 variants are the most common genetic risk factor for Parkinsonâs disease (PD), though their penetrance is incomplete. GBA1 dysfunction has been linked to gastrointestinal disturbances and microbiome alterations in preclinical models. Emerging evidence suggests that the microbiota-gut-brain axis may contribute to PD pathogenesis. However, whether GBA1 heterozygosity influences gut microbiome composition remains unclear. Fecal samples from GBA1L444P/WT and GBA1WT/WT mice at 3 and 6 months of age were analyzed using shotgun metagenomic sequencing to assess microbial diversity and composition. No significant differences in Î±- or Î²-diversity were detected between genotypes at either time point. Overall, the gut microbiome composition and functional potential exhibited minimal variation between GBA1L444P/WT and GBA1 WT/WT mice over time. Heterozygosity for the GBA1 L444P variant does not appear to influence gut microbiome structure or composition in this mouse model. Future research exploring the impact of additional genetic or environmental factors on gut physiology and microbiome composition may help explain the incomplete penetrance of GBA1 variants in PD.	Mus musculus	biome_label	GUT	sample_fields	gut: gut
PRJNA1067849	gut microbiota of IUGR pig Metagenome	gut microbiota of IUGR pig Metagenome	Sus scrofa	ena_host_field	GUT	sample_fields	gut: feces, gut
PRJNA1353630	Macaca thibetana gut microbiome sequencing	This project characterizes the multi-domain gut microbiome of Tibetan macaques (Macaca thibetana), an endemic primate in China, through metagenomic sequencing. Covering three habitat types (wild, semi-provisioned, captive), we systematically investigate:</p><p>(1) Four-domain composition and diversity gradients across bacteria, fungi, viruses, and protists</p><p>(2) Environmental adaptation of microbial functional modules</p><p>(3) Habitat-specific distribution patterns of antibiotic resistance genes (ARGs)</p><p>Core findings reveal impacts of habitat fragmentation on primate gut ecosystems, establishing resources for wildlife conservation and zoonosis control.	Macaca thibetana	ena_study_text	GUT	ena_study_text	gut: gut
PRJDB11394	Metagenomic sequencing analysis of duck fecal samples	The objective of this project is to investigate diets and microbiomes of ducks (Anas sp.) by conducting whole metagenomic sequencing of their fecal samples collected in the Izumi plain, Japan.	Anas sp.	ena_host_field	GUT	sample_fields	gut: fecal, feces
PRJDB14457	Gut microbiota of healthy Japanese adult	16S rDNA amplicon sequence of gut microbiota of healthy Japanese adult living in Atsugi, Kanagawa, Japan.	Homo sapiens	ena_host_field	GUT	sample_fields	gut: feces, gut
PRJNA722129	The possible mechanism of Probio-M8 to relieve the symptoms of asthma patients	As a chronic disease, asthma is a consequence of dysregulated host-microbe interactivity in the context of lung inflammation. Intervene of gut microbiota using immunomodulatory probiotics, alone or synergize with other treatments, are potential strategies for the enhance curative effect for asthma. Here, we conducted a randomized, double-blind, and placebo-controlled human trial that 55 asthma patients were divided into the probiotic (n=29) and control (n=26) groups, receiving the routine regimen with or without probiotics for 3 months, respectively. Collectively, our results suggested that the specific probiotic synergize with conventional therapy to improve the clinical efficacy in asthma therapy by probiotic-modified bacteriome, bacteriophage, gut microbial metabolic potential and host immune, which also highlight the regulating the gut-lung axis in is a crucial link in asthma therapy.	Homo sapiens	ena_host_field	GUT	sample_fields	gut: feces, stool
PRJEB38174	Shotgun metagenomic sequencing data of the MetaChick project	340 chicken caecal metagenomes collected in French farms were subjected to deep shotgun metagenomic sequencing. Data was generated by the Genoscope (French National Sequencing Centre) using the Illumina HiSeq 4000 sequencing platform.	Gallus gallus	biome_label	GUT	sample_fields	gut: gut
PRJEB104707	Gut microbiome dysbiosis in IBS patients and healthy controls	This study contains shotgun metagenomic sequencing data from fecal samples of individuals with Irritable Bowel Syndrome (IBS) and healthy controls. The dataset aims to characterize taxonomic and functional differences in the gut microbiome associated with IBS and its subtypes.	Homo sapiens	ena_study_text	GUT	sample_fields	gut: fecal, gut
PRJNA940650	chicken gut metagenome	Effect of Lacticaseibacillus chiayensis AACE3 on intestinal microorganisms in chicken	Gallus gallus	biome_label	GUT	sample_fields	gut: gut
PRJNA637365	Dysbiosis in metabolic genes of the gut microbiomes of patients with a Pouch	"Pouchitis develops in former patients with UC after total proctocolectomy and ileal pouch anal anastomosis (""pouch surgery""), and is characterized by inflammation of the previously normal small intestine comprising the pouch. The extent to which microbial dysbiosis in pouchitis resembles that of CD or UC has not been investigated in depth and the pathogenesis of pouchitis largely remains unknown.</p><p>Here we analyzed the shotgun metagenomes of patients with a pouch, IBD and healthy subjects with the following aims: 1) To identify microbial signatures (species and functional genes) that might be common to disease phenotypes and thus to place patients with a pouch in the context of ""primary"" IBD. 2) To examine several key bacterial functions that may underlie the pathogenesis of pouchitis."	Homo sapiens	ena_host_field	GUT	sample_fields	gut: feces
PRJNA778925	pullum stercoris stercus ovium Frumentum stipulae Raw sequence reads	Paired-end sequencing of compost samples	unknown	none	GUT	sample_fields	gut: feces
PRJEB12669	Gut microbiota of 10 pairs of Chinese infant twins	Early colonization of intestinal microflora in the human gut is a complex process. It remains unclear when intestinal microflora colonization occurs and how it proceeds. we recruited 10 healthy pairs of twins, including five monozygotic(MZ) and five dizygotic(DZ) twin pairs,who ranged in age from 0 to 6 years old.We performed shotgun metagenomic sequencing on 20 samples and generated averaged data output of 2G per sample.	unknown	none	GUT	sample_fields	gut: gut
PRJEB68161	Dispersion of antimicrobial resistant bacteria in pig farms and in the surrounding environment	Background Antimicrobial resistance has been identified as a major threat to global health. The pig food chain is considered an important source of antimicrobial resistance genes (ARGs). However, there is still a lack of knowledge focusing on the spread dispersion of ARGs from in pig production units to thesystem, including the external environment. Results In the present study, we longitudinally followed two one swine farmsfarm located in Italy from the weaning phase to the slaughterhouse to comprehensively assess the diversity of ARGs, their diffusion, and the bacteria associated with them. We obtained shotgun metagenomic sequences from 294 samples, including pig feces, farm environment, soil around the farm, wastewater, and slaughterhouse environment. We identified a total of 530 species-level genome bins (SGBs), which allowed us to assess the dispersion of microorganisms and their associated ARGs in the farm system. Specifically, wWe identified 309 SGBs being shared able to spread frombetween the the animals gut microbiome, the internal and external farm environments to the soil surrounding the farms. Specifically, these SGBs were characterized by a diverse and complex resistome, with ARGs active against 18 different classes of antibiotic compounds, well matching antibiotic use in the pig food chain in Europe. Conclusions Collectively, our results highlight the urgency to implement more effective countermeasures to limit the spread dispersion of ARGs from in the pig food systems and the relevance of metagenomics-based approaches to monitor the spread of ARGs for the safety of the farm working environment and the surrounding ecosystems. This work was carried out in the context of the âControlling Microbiomes Circulations for Better Food Systemsâ (CIRCLES) project, which was funded by the European Union's Horizon 2020 research and innovation program under grant agreement no. 818290.	Sus scrofa	biome_label	GUT+OTHER	sample_fields	gut: feces, gut; other: air, indoor, soil, wastewater, water
PRJEB10338	The rumen microbial metagenome associated with high methane production in cattle	Background: Methane represents 16% of total anthropogenic greenhouse gas emissions. It has been estimated that ruminant livestock produce ca. 29% of this methane. As individual animals produce consistently different quantities of methane, understanding the basis for these differences may lead to new opportunities for mitigating ruminal methane emissions. Metagenomics is a powerful new tool for understanding the composition and function of complex microbial communities. Here we have applied metagenomics to the rumen microbial community to identify differences in the microbiota and metagenome that lead to high- and low-methane-emitting cattle phenotypes. Results: Four pairs of beef cattle were selected for extreme high and low methane emissions from 72 animals, matched for breed (Aberdeen-Angus or Limousin cross) and diet (high or medium concentrate). High emitters produced 1.88Ã more methane per kg DM intake than low emitters. Deep sequencing produced on average 11.3 Gb per sample. 16S rRNA gene abundances indicated that archaea, predominantly Methanobrevibacter, were 2.5Ã more numerous (P = 0.026) in high emitters, whereas among bacteria Proteobacteria, predominantly Succinivibrionaceae, were 4-fold less abundant (2.7 vs. 11.2% P = 0.002). KEGG analysis revealed that archaeal genes leading directly or indirectly to methane production were 2.7-fold more abundant in high emitters. Genes less abundant in high emitters included acetate kinase, electron transport complex proteins RnfC and RnfD and glucose-6-phosphate isomerase. Sequence data were assembled de novo and over 1.5 million proteins were annotated on the subsequent metagenome scaffolds. Less than half of the predicted genes matched matched a domain within Pfam. Amongst 2774 identified proteins of the 20 KEGG orthologues that correlated with methane emissions, only 16 showed 100% identity with a publicly available protein sequence. Conclusions: The abundance of archaeal genes in ruminal digesta correlated strongly with differing methane emissions from individual animals, a finding useful for genetic screening purposes. Lower emissions were accompanied by higher Succinovibrionaceae abundance and changes in acetate and hydrogen production leading to less methanogenesis, as similarly postulated for Australian macropods. Large numbers of predicted protein sequences differed between high- and low-methane-emitting cattle. Ninety-nine % were unknown, indicating a fertile area for future exploitation.	Bos taurus	ena_study_text	GUT	ena_study_text	gut: digesta, rumen, ruminal
PRJEB66261	Transmission of antimicrobial resistance in the gut microbiome of sub-social cockroaches: the importance of interaction between antibiotic exposed and non-exposed populations	Antimicrobial resistance (AMR) is a major global health concern, further complicated by its spread via the microbiome bacterial members. While mathematical models discuss AMR transmission through the symbiotic microbiome, experimental studies are scarce. Herein, we used the gregarious and microbiome-rich cockroach Pycnoscelus surinamensis as an in vivo animal model for AMR transmission investigations. We explored whether the effect of antimicrobial treatment is detectable with metagenomic sequencing, and whether AMR genes can be spread and established in unchallenged (not treated with antibiotics) individuals following contact with treated donors, and under various frequencies of interaction. Gut and soil substrate microbiomes were investigated by metagenomic sequencing for bacterial community composition and resistome profiling. We found that tetracycline treatment altered the treated gut microbiome by decreasing bacterial diversity and increasing the abundance of tetracycline resistance genes. Untreated cockroaches that interacted with treated donors also had elevated tetracycline resistance. The levels of resistance differed depending on the magnitude and frequency of donor transfer. Additionally, treated donors showed signs of microbiome recovery due to their interaction with the untreated ones. Similar patterns were also recorded in the soil substrate microbiomes. Our results shed light on how interacting microbiomes facilitate AMR gene transmission to previously unchallenged hosts, and this dynamic is influenced by the interaction frequencies, using an in vivo model to validate theoretical AMR transmission models.	Pycnoscelus surinamensis	ena_host_field	GUT	ena_study_text	gut: gut
PRJEB6456	Dynamics and Stabilization of the Human Gut Microbiome during the First Year of Life	The gastrointestinal tracts of mammalians are sterile in utero and colonized by microorganisms immediately after delivery. The subsequent development of the infant gut microbiota involves a complex succession of microbes, driven by factors such as gestational age, mode of delivery, antibiotic use, hygiene, geographical zone and type of feeding.	Homo sapiens	biome_label	GUT	sample_fields	gut: gut, stool
PRJDB13214	The characteristics of gut microbiome in COVID-19 patients	We aim to investigate the characteristics of gut microbiome in COVID-19 patients in Japan by performing the metagenomic analysis.	Homo sapiens	ena_host_field	GUT	sample_fields	gut: gut
PRJDB38851	The gut RNA viromes in wild Rooks (Corvus frugilegus), Red-billed choughs (Pyrrhocorax pyrrhocorax), and Daurian jackdaws (Corvus dauuricus) (PRJCA042798)	Metagenomic sequencing based methods targeting RNA of virus-like particles enriched from the feces were used in this study to characterize the gut RNA viromes of wild Rooks (Corvus frugilegus), Red-billed choughs (Pyrrhocorax pyrrhocorax), and Daurian jackdaws (Corvus dauuricus).	Corvus dauuricus; Corvus frugilegus; Pyrrhocorax pyrrhocorax	ena_host_field	GUT	sample_fields	gut: feces
PRJDB39249	Gut Microbiota Was Reshaped in beta-thalassemia Monkeys via the Blood-Gut Axis and Contributed to Gastrointestinal Symptoms (PRJCA039278)	Patients with anemia caused by hemoglobin Î² (HBB) gene mutations, such as Î²- thalassemia, are often present with gastrointestinal symptoms, the underlying mechanisms remain incompletely understood. In this study, we utilized gene editing to create HBB-mutant cynomolgus monkeys and employed metagenomic and metabolomic analyses to investigate the differences in gut microbiome characteristics between HBB gene-edited cynomolgus monkeys and wild-type (WT) cynomolgus monkeys. Ultra performance liquid chromatography-mass spectrometry (UPLC-MS) analysis revealed significant differences in the metabolite profiles between WT and the HBB mutants, particularly in the amino acid and lipid metabolism pathways. Metagenomic analysis demonstrated significant differences in the abundance of Lactobacillus and Bacteroides genera between the two groups, with the HBB mutants exhibiting a lower microbial diversity. Further functional analysis indicated that gene knockout significantly altered several key metabolic pathways, including amino acid and energy metabolism. These integrated findings suggest that HBB mutants potentially affect host metabolism and immune responses by modulating interactions between the gut microbiota and its metabolites. This study, for the first time, demonstrates in non-human primates that Î²- thalassemia can influence gastrointestinal health by altering the homeostasis of the gut microbiota, and offers valuable references for understanding the potential mechanisms underlying Î²-thalassemia symptoms, highlighting the impact of host genetic variations on gut microbiome regulation.	Macaca fascicularis	ena_study_text	GUT	sample_fields	gut: feces
PRJNA486795	Modification of gut microbiota-bile acid-intestinal FXR signaling leads to the clinical benefits of metformin	Metagenomic data of gut microbiota in T2D diabetes patients before and after three-day metformin treatment	Homo sapiens	ena_host_field	GUT	sample_fields	gut: gut
PRJEB74702	SYK mice	Microbiota of SYK mice	Mus musculus	ena_host_field	GUT	sample_fields	gut: feces, gut
PRJDB19991	Human Gut Metagenome	Total microbial community DNA was isolated from the fecal samples of Japanese patients who underwent colonoscopy at National Cancer Research Center. The study population contains subjects diagnosed with Colorectal Cancer.	Homo sapiens	ena_host_field	GUT	sample_fields	gut: feces, gut
PRJDB38848	The gut DNA viromes in wild Rooks (Corvus frugilegus), Red-billed choughs (Pyrrhocorax pyrrhocorax), and Daurian jackdaws (Corvus dauuricus) (PRJCA042774)	Metagenomic sequencing based methods targeting DNA of virus-like particles enriched from the feces were used in this study to characterize the gut DNA viromes of wild Rooks (Corvus frugilegus), Red-billed choughs (Pyrrhocorax pyrrhocorax), and Daurian jackdaws (Corvus dauuricus).	Corvus dauuricus; Corvus frugilegus; Pyrrhocorax pyrrhocorax	ena_host_field	GUT	sample_fields	gut: feces
PRJNA685168	Multi-omics suggest diverse mechanisms for response to biologic therapies in IBD	The intestinal microbiome is a key determinant of response to biologic therapy in inflammatory bowel disease. We conducted a prospective study, profiling baseline stool and blood samples, in patients with moderate-to-severe Crohn's disease or ulcerative colitis initiating anti-TNF, anti-IL12/23 (grouped as anti-cytokine therapy), or anti-intergrin therapy. Patients were assessed at 14 weeks for clinical remission and 52 weeks for clinical and endoscopic remission. Baseline microbial richness was a key feature indicating preferential response to anti-cytokine therapy. Increase diversity of baseline samples could be attributed to increased abundance of microbial specific competent in the 7-alpha/beta-dehydroxylation of primary to secondary bile acids. Paired serum metabolomic analysis reaffirmed the readouts of microbial-derived secondary bile acids. Serum signatures of immune-proteins reflective of microbial diversity identify a subset of patients who were more likely to achieve remission with anti-cytokine therapy. Twenty seven unique serum immune-proteins profiles associated with remission in this study were unique to specific therapeutic classes. The multi -omic profiles identified from this study could aid physicians to determine a. priori the therapeutic class most likely to benefit patients, as well as potentially serve as novel targets for newer therapies to treat IBD.	Homo sapiens	ena_host_field	GUT	ena_study_text	gut: intestinal, stool
PRJNA1050657	Feces of Larus ridibundus Centrifuge sediment of freshwater Raw sequence reads	Potential pathogenic bacteria communities and their antibiotic resistance from the feces of Larus ridibundus overwintering in Kunming	Chroicocephalus ridibundus	ena_host_field	GUT+OTHER	sample_fields	gut: feces; other: freshwater, sediment, water
PRJNA947193	Host-Diet-Gut Microbiome Interactions Influence Human Energy Balance: a Randomized Clinical Trial	Quantify microbial contribution to host energy balance. Processed sequence files.	Homo sapiens	ena_host_field	GUT	sample_fields	gut: fecal, feces
PRJNA661076	Feces metagenome Metagenome	Determination of pathogens associated with diarrhoea in the fecal sample collected from the cattle suffering from diarrhoea infection	Bos taurus	ena_host_field	GUT	sample_fields	gut: faecal, fecal, feces
PRJNA1061085	Sus scrofa Assembly	Microbiota of pig cecum	Duzang pigs	ena_host_field	GUT	sample_fields	gut: caecum
PRJNA793776	Homo sapiens Raw sequence reads	The microbial community diversities of gut from patients with Crohn's Disease and healthy controls	Homo sapiens	ena_study_text	GUT	sample_fields	gut: gut
PRJNA528960	Metagenomic sequencing of stool Metagenome	Metagenomic sequencing of stool samples	Homo sapiens	ena_host_field	GUT	sample_fields	gut: feces, stool
PRJNA482836	Gut microbiome from Piaractus mesopotamicus Metagenome	Influence of florfenicol, a broad-spectrum fluorine derivative of chloramphenicol, which is one of the most frequently used antibiotic in aquaculture, on the composition, function and distribution of ARGs and MGEs in the gut microbiome of Piaractus mesopotamicus,	Piaractus mesopotamicus	ena_host_field	GUT	sample_fields	gut: gut
PRJNA1014131	Captive breeding Pangolin gut virus	Enterovirus can affect the body health. Accordingly for the pangolins, fecal virome may also affect the gut microbe and the health. Therefore, a new method is provided to improve the health of cultured pangolins. Virus metagenomic sequencing, also known as Virome, is a new discipline that has emerged based on the theory of metagenomics and combined with existing virus molecular biology detection technologies. In recent years, the application of high-throughput sequencing technology has accelerated the pace of virus metagenomics in exploring new viruses. Based on the hypothesis that fecal virome of pangolins associated with health status, this study uses macro virus to analyze the structure of viruses carried in the intestines of pangolins, aiming to provide favorable references for the impact of viruses on the health of pangolins.	Manis javanica; Manis pentadactyla	ena_host_field	GUT	sample_fields	gut: feces
PRJNA1161368	Metagenomic data of cows during the transition period	The objective of this project was to investigate the succession of rumen and fecal microbiome in dairy cows during the transition period	Bostaurus	ena_host_field	GUT	sample_fields	gut: feces, gut, rumen
PRJNA1084102	gut metagenome Raw sequence reads	metagenome sequencing of feces	Mus musculus	ena_host_field	GUT	sample_fields	gut: gut
PRJEB57911	Infant metagemone data	This study include 58 metagenome data from the newborn infants.	Homo sapiens	biome_label	GUT	sample_fields	gut: gut
PRJEB81356	Metagenomic insights into the faecal microbiota of roe deer in Western Pomerania	Background As an integral part of the global wellbeing, the health of wild animals should be regarded just as important as that of humans and livestock. The investigation of wildlife health, however, is limited by the availability of samples. In an attempt to implement a method with little invasiveness and broad areas of application, shotgun-metagenomics were utilised to investigate the faecal microbiome and its antimicrobial resistance genes (AMRG) in roe deer. These genes can facilitate antimicrobial resistances (AMR) in bacteria and are therefore of increasing importance in global health. Accordingly, the abundance in potential vectors like wildlife needs to be assessed. The samples were additionally investigated for ESBL-E. coli, an antibiotic resistant pathogen of global concern, via cultivation. Twenty-seven hunt-harvested animals in Western Pomerania were sampled. Results This study is the first to our knowledge to describe the faecal microbiome of the European roe deer (Capreolus capreolus), providing insights into the bacterial and archaeal composition. Among the animals, the microbiome was mostly similar and showed a comparable composition to what has been reported in related species. The normalised abundance of AMR genes was found to be 0.035 on average, which is similar to other investigations on wild ruminants. Selective cultivation found no ESBL-E. coli in the animals. Conclusion The prevalence of AMRG in roe deer of Western Pomerania was found to be in line with previous results. The use of shotgun metagenomics allowed for the simultaneous investigation of composition and AMR genes in the faecal microbiome of roe deer. This study is the first to describe the prokaryotic assemblage in the faeces of roe deer and some differences to the microbiomes published on other cervids were discussed.	Capreolus capreolus	ena_host_field	GUT	ena_study_text	gut: faecal, faeces
PRJNA635116	The gut microbiome of traditional human populations and sympatric nonhuman primates reflects parallel functional adaptations in response to analogous ecological gradients	Traditional human communities have shown more microbiome similarities with nonhuman primates in comparison to industrialized populations. In this study, we have profiled the fecal metagenomes of BaAka hunter-gatherers and Bantu agriculturalists from Central Africa and compared with the sympatric gorillas across seasons of variable dietary intake to understand this functional convergence.	Gorilla; Human	ena_host_field	GUT	sample_fields	gut: feces, gut
PRJNA1029302	Herbivorous fish gut metagenome sequencing and assembly	The gut microbiota of the marine herbivorous fish Kyphosus sydneyanus are thought to play an important role in host nutrition by supplying short-chain fatty acids (SCFA) through fermentation of dietary macroalgae. In this study, we assembled metagenome-assembled genomes (MAGs) from ten fish to determine the contribution of different bacterial taxonomic groups to degradation of seaweed carbohydrates along the gut.	Kyphosus sydneyanus	ena_host_field	GUT	sample_fields	gut: gut
PRJEB49262	Depression and Fatigue in IBD	Extraintestinal symptoms are common in inflammatory bowel diseases (IBD) and include depression and fatigue. These are highly prevalent especially in active disease, potentially due to inflammation-mediated changes in the microbiota-gut-brain-axis. The aim of this study was to investigate associations between structural and functional microbiota characteristics and severity of fatigue and depressive symptoms in patients with active IBD. We included clinical data of 62 prospectively enrolled patients with IBD in an active disease state. Patients supplied stool samples and completed questionnaires regarding depression and fatigue symptoms. Based on taxonomical and functional metagenomic annotations of faecal gut microbiota, we investigated associations between bacterial genera/functional (KEGG-)modules and symptom severity of self-reported fatigue and depression by means of a bayesian triple association approach. Triple associations with moderate to strong evidence were found for 3 genera (Odoribacter, Anaerotruncus and Alistipes) and 3 functional modules (pectin-, glycosaminoglycan- and central carbohydrate metabolism) with regard to depression, and for 4 genera (Intestinimonas, Anaerotruncus, Eubacterium and Clostridiales g.i.s) and 2 functional modules implicating amino acid and central carbohydrate metabolism with regard to fatigue. This study provides first evidence of a triple association between microbiota composition, function and extraintestinal symptoms in active IBD. Depression and fatigue were associated with lower abundances of short chain fatty acid-producers and distinct pathways implicating glycan-, carbohydrate and amino acid metabolism. Our results suggest that microbiota-directed therapeutic approaches may reduce fatigue and depression in IBD and should be investigated in future research.	Homo sapiens	ena_host_field	GUT	sample_fields	gut: fecal, gut
PRJDB37496	Gut microbiome of 50 Japanese adults	This project investigates the relationship between gut microbiome and fatigue in the context of healthy. Fecal samples were collected from healthy Japanese adults and fatigue assessment were conducted in the same time. Using whole genome sequencing, we characterized taxonomic and functional characteristics in the gut microbiome.	Homo sapiens	ena_host_field	GUT	sample_fields	gut: gut
PRJNA489090	Human infant gut metagenome, infant shotgun sequencing	Because hospitalized preterm infants are vulnerable to infection, they receive frequent and often prolonged exposures to antibiotic therapy. It is not known if the demonstrated short-term effects of antibiotics on the preterm infant gut microbiota and resistome persist after discharge from neonatal intensive care units. Here, we use complementary metagenomic and culture based techniques to interrogate the gut microbiota and resistome of antibiotic-exposed preterm infants both during, and after, hospitalization, and compare these readouts to antibiotic-naÃ¯ve healthy infants sampled synchronously. We find an enriched gastrointestinal antibiotic resistome, prolonged carriage of multidrug resistant Enterobacteriaceae, and distinct antibiotic-driven patterns of microbiota and resistome assembly in extremely preterm infants who received early life antibiotics. Our results demonstrate persistent collateral damage of early life antibiotic treatment and hospitalization in preterm infants and highlight the need for alternative strategies for infection management in highly vulnerable neonatal populations.	Homo sapiens	ena_host_field	GUT	sample_fields	gut: gut
PRJNA1023964	Wastewater and river metagenomes	Wastewater influent and effluent samples, as well as river and fish gut samples collected from upstream wastewater treatment plant outfall, at the outfall, downstream the outfall	Aplodinotus grunniens; Carpiodes carpio; Carpiodes cyprinus; Cyprinus carpio; Dorosoma cepedianum; Ictalurus punctatus; Ictiobus bubalus; Micropterus dolomieu; Morone chrysops; Morone saxatilis x M. chrysops; Moxostoma erythrurum; Moxostoma macrolepidotum; Sander canadensis x S. vitreus	ena_host_field	GUT+OTHER	sample_fields	gut: gut; other: freshwater, wastewater
PRJNA1061804	Heat-stressed chicken cecal microbiota	This project aims to characterize the effect of heat stress on the microbiota and neurochemical concentrations in chickens.	Gallus gallus domesticus	ena_host_field	GUT	sample_fields	gut: ceca, gut
PRJEB32834	Microbiome_based_prediction_of_vaccine_response_in_elderly_patients	The worldâs population is aging, with dramatic rises predicted in the coming decades, thus a healthy aged population is a major public health priority. However, the immune system declines with increasing age leading to increased susceptibility to infectious diseases, and suboptimal responses to vaccines, although this area remains poorly researched and the mechanisms are not understood. This project investigates the effects of DTP and influenza vaccination on the immune systems and compares the immune responses and vaccine efficacy between middle aged (30 â 50) and older (>70) participants. This project has applied state-of-the-art immunological methods to investigate the immune response to these two vaccines to determine how they modulate the immune system in the elderly and how they interact. In addition to immunological measurements, 64 faecal samples have been collected prior to vaccine delivery and 6-weeks post vaccination. Sample have been stored and DNA extracted according to the standardised processes and will enable investigation of the microbiome. This data is part of a pre-publication release. For information on the proper use of pre-publication data shared by the Wellcome Trust Sanger Institute (including details of any publication moratoria), please see http://www.sanger.ac.uk/datasharing/	Homo sapiens	ena_study_text	GUT	sample_fields	gut: feces
PRJNA352475	Mother-infant microbiome vertical transmission	The study investigates the potential transmission of the human microbiome members from mothers to infants using shotgun metagenomics. We targeted 25 mother/infant pairs, considering multiple bodysides (stool, tongue dorsum, vagina and skin).	Homo sapiens	ena_host_field	GUT+OTHER	sample_fields	gut: gut, stool; other: skin, tongue, vaginal
PRJNA755866	Viruses in Bats	Detection of viruses in bats in Russia	Bat; Myotis brandtii; Myotis dasycneme; Myotis daubentonii; Nyctalus noctula; Pippistrellus nathusii	ena_host_field	GUT	sample_fields	gut: feces
PRJNA715601	COPSAC corhot study of infant gut microbiome	Investigating infant gut microbial composition and gut microbial function	Homo sapiens	ena_host_field	GUT	ena_study_text	gut: gut
PRJNA650228	Development of standard protocols for shotgun metagenomics analyses of human fecal microbiota (raw sequencing reads)	To accelerate translation of research on the human microbiome, it is necessary to reduce methodological variations in shotgun metagenomics analysis that compromise comparability and reproducibility across studies. We performed a two-phase study to establish validated protocols for metagenomic analysis of human fecal microbiota.	Homo sapiens; multiple	ena_host_field	GUT	sample_fields	gut: fecal, feces, gut
PRJNA849401	The gut microbiome of seagulls	We analysis the gut microbiome of seagulls in souwest China.	seagull	ena_host_field	GUT	sample_fields	gut: feces, gut
PRJEB103317	Shotgun metagenomic and transcriptomic profiling of a rodent model of renal ischemia reperfusion injury preconditioned with fasting mimicking, sulfur amino acid restricted, or calorie-restricted diets to investigate how diet-induced changes in gut microbiota relate to kidney protection.	Background On the one hand, dietary interventions are known for their pivotal role in regulating diversity, composition as well as function of the gut microbiome. On the other hand, dietary interventions show an immense potential in preventing kidney injury from various damaging stimuli in rodents and recent findings, in turn, highlight a central role of gut microbiota in kidney health and disease. Methods Three protective dietary regimens - a fasting mimicking diet, a diet depleted in sulfur containing amino acids and caloric restriction - were examined in parallel in a rodent model of ischemia-reperfusion injury. To delineate the diet-induced effect on gut microbiota in response to ischemic kidney damage we used comparative shotgun metagenomics for taxonomic as well functional profiling. We further examined the renal metabolic response using comparative transcriptomics to unravel the interplay between gut microbiota and kidney protection. Results Beneficial dietary preconditioning strategies changed the composition of gut microbiota in an IRI-dependent manner. Using ternary plots to investigate the role of dietary interventions over time before and after ischemic insult, we detected a central role of Lachnospiraceae that commonly expended in response to renal IRI in dietary-preconditioned mice. Further functional profiling of gut microbiota in our model revealed an increase in bacterial derived short chained fatty acids in diet-induced kidney protection. Comparative bulk transcriptomics in our model, in turn, pointed towards the metabolic use of these bacterial derived short-chained fatty acids in kidneys of protected mice.	Rodentia	ena_study_text	GUT	sample_fields	gut: gut
PRJDB17221	Horizontal gene transfer shapes pathogenic bacteria in multiple sclerosis_fecal metagenome	Novaseq reads derived from fecal samples of 29 Japanese healthy participants, 62 patients with relapsing-remitting multiple sclerosis, and 15 patients with secondary progressive multiple sclerosis are deposited. Sequel II HiFi reads derived from fecal samples of 2 patients with relapsing-remitting multiple sclerosis, and 1 patient with secondary progressive multiple sclerosis are also deposited.	Homo sapiens	ena_host_field	GUT	sample_fields	gut: feces, gut
PRJEB64278	Marmoset Diet Change - ACP Resident Project	8 pairs of marmosets in the J1 breeding facility (UCSD ACP) that underwent a diet change from biscuits to gel diet.	Callithrix jacchus	ena_host_field	GUT	sample_fields	gut: feces
PRJNA407583	gut metagenome Raw sequence reads	Investigating the functional potential of the animal gut microbiome	giant panda (Ailuropoda melanoleuca)	paper	GUT	sample_fields	gut: gut
PRJNA529943	gut metagenome Metagenome	whole metagenome of feces samples from yaks	yak	ena_host_field	GUT	sample_fields	gut: gut
PRJEB28161	TNBS mice metagenomics	15 TNBS mice metagenomics samples	Mus musculus	ena_study_text	GUT	sample_fields	gut: feces
PRJNA616396	gut metagenome	High fat diet mouse fecal metagenome	gut	ena_host_field	GUT	sample_fields	gut: gut
PRJDB18316	Association between polygenic risk score for prostate cancer and the gut microbiota	Shotgun sequencing for metagenomic analysis was employed to comprehensively identify taxa and pathways in the gut microbiota.	Homo sapiens	ena_host_field	GUT	sample_fields	gut: gut
PRJNA1011201	Protocol for on-site nanopore sequencing of chicken fecal samples	A protocol for on-site DNA extraction and nanopore library preparation from fecal samples was developed, and compared to current methods for metagenomic sequencing. Samples were spiked with the Zymo Research D6331 and D6320 mock communities (https://zymoresearch.eu/collections/zymobiomics-microbial-community-standards). Various combinations of extraction methods and library preparation chemistries were used.	Gallus gallus domesticus	ena_host_field	GUT	sample_fields	gut: gut
PRJEB65885	Comparison of short and long read metagenomic assembly on mice faecal samples	Shotgun metagenomics enables the reconstruction of complex microbial communities at a high level of detail. Such an approach can be conducted using both short-read and long-read sequencing data, as well as a combination of both. To assess the pros and cons of these different approaches, we used 22 faecal DNA extracts collected weekly for 11 weeks from two respective lab mice to study seven performance metrics over four combinations of sequencing depth and technology: i) 20 Gbp of Illumina short-read data, ii) 40 Gbp of short-read data, iii) 20 Gbp of PacBio HiFi long-read data, and iv) 40 Gbp of hybrid (20 Gbp of short-read + 20 Gbp of long-read) data. No strategy was best for all metrics, but instead, each one excelled across different metrics. The long-read approach yielded the best assembly statistics, with the highest N50 and lowest number of contigs. The 40 Gbp short-read approach yielded the highest number of refined bins. Finally, the hybrid approach yielded the longest assemblies, and the highest mapping rate to the bacterial genomes. Our results suggest that while long-read sequencing significantly improves the quality of reconstructed bacterial genomes, it is more expensive and requires deeper sequencing than short-read approaches to recover a comparable amount of reconstructed genomes. The most optimal strategy is study-specific, and depends on how researchers assess the tradeoff between the quantity and quality of recovered genomes.	Mus musculus	biome_label	GUT	sample_fields	gut: gut
PRJEB34982	Postnatal gut immunity and microbiota development is minimally affected by prenatal inflammation in preterm pigs	Chorioamnionitis (CA), resulting from intra-amniotic inflammation, is a frequent cause of preterm birth and exposes the immature intestine to bacterial toxins and/or inflammatory mediators before birth via fetal swallowing. This may affect intestinal immune development, interacting with the effects of enteral feeding and gut microbiota colonization just after birth. Using preterm pigs as model for preterm infants, we hypothesized that prenatal exposure to gram-negative endotoxin influences postnatal bacterial colonization and gut immune development. Pig fetuses were given intra-amniotic lipopolysaccharide (LPS) 3 d before preterm delivery by cesarean section, and were compared with litter-mate controls (CON) at birth and after 5 d of formula feeding and spontaneous bacterial colonization. Amniotic fluid was collected for analysis of leukocyte counts and cytokines, and the distal small intestine was analyzed for endotoxin level, morphology and immune cell counts. Intestinal gene expression and microbiota were analyzed by transcriptomics and metagenomics, respectively. At birth, LPS-exposed pigs showed higher intestinal endotoxin, neutrophil/macrophage density and shorter villi. About 1.0% of intestinal genes were affected at birth and DMBT1, a regulator of mucosal immune defense, was identified as the hub gene in the co-expression network. Genes related to innate immune response (TLR2, LBP, CD14, C3, SFTPD), neutrophil chemotaxis (C5AR1, CSF3R, CCL5) and antigen processing (MHC II, CD4) were also affected and expression levels correlated with intestinal neutrophil/macrophage density and amniotic fluid cytokine levels. On day 5, LPS and CON pigs showed similar necrotizing enterocolitis (NEC) lesions, endotoxin levels, morphology, immune cell counts, gene expressions and microbiota (except for difference in some low-abundant species). Our results show that CA markedly affects intestinal genes at preterm birth, including genes related to immune cell infiltration. However, a few days later, following the physiological adaptations to preterm birth, CA had limited effects on intestinal structure, function, gene expression, bacterial colonization and NEC sensitivity. We conclude that short-term, prenatal intra-amniotic inflammation is unlikely to exert marked effects on intestinal immune development in preterm neonates beyond the immediate neonatal period.	Sus scrofa	ena_study_text	GUT	sample_fields	gut: intestinal
PRJNA734100	studies of metagenome sequencing on swine manure and soil	Metagenome sequencing	swine	ena_host_field	GUT+OTHER	sample_fields	gut: feces; other: soil
PRJDB37067	The Impact of Captivity on the Antibiotic Resistome of Wildlife (PRJCA041365)	This study aims to investigate the occurrence characteristics of the antibiotic resistome in wildlife and the impact of human captivity levels on their resistome.	Capra hircus; Kobus leche; Naemorhedus goral; Ovis ammon	ena_host_field	GUT	sample_fields	gut: feces
PRJEB55534	Metagenomic signatures in the European NAFLD registry metacohort cases	Non-alcoholic fatty liver disease (NAFLD) is the most common chronic liver disease in developed countries, and its prevalence continues to rise in association with the global obesity and diabetes pandemic. While liver biopsy is recognized as the diagnostic standard, it is assumed that this condition is underdiagnosed and that there is a need for new non-invasive methods of NAFLD diagnosis. Murine studies with fecal transfer experiment suggest that the gut microbiota plays a role in NAFLD development. Moreover, with the emergence of next generation sequencing technologies, the microbiome hypothesis opens the door to use gut microbial signatures to diagnose NAFLD. We have analyzed the metagenomes of a cohort of 173 liver-biopsied patients (20 controls, 22 NAFLD, and 131 NASH) derived from the European NAFLD Registry. 16 microbial species are associated with different grades of the NAFLD spectrum, 5 with NAFLD, 6 with fibrosis, and 5 with both phenotypes. Among them, the abundance of species from the genus Alistipes, Oscillibacter were particularly modified. Functional exploration revealed a reduction in the number of microbial genes associated with amino acid degradation pathways, sugar catabolism, and the production of butyrate in the NAFLD progression grades. Finally, applying a recently developed machine learning approach (Predomics), we revealed that some microbial signatures provide predictive potential (AUROC values from 0.76 to 0.86), paving the way for the development of non-invasive tool using microbial signatures for NASH diagnosis.	Homo sapiens	biome_label	GUT	sample_fields	gut: gut
PRJNA645191	Parity is associated with maternal gut microbiome composition during pregnancy and offspring microbiome composition in pigs	Shotgun metagenomic sequencing of fecal samples collected from 18 pregnant sows at days 37 (beginning) and 114 (immediately pre-farrowing) of pregnancy reveal that parity is associated with changes in the porcine gut microbiome at the end, and not the beginning, of pregnancy. Shotgun metagenomic sequencing of fecal swabs from 3 offspring from each mother 10 days after birth reveals that maternal parity is associated with the early infant gut microbiome composition.	Sus scrofa domesticus	ena_host_field	GUT	sample_fields	gut: gut
PRJNA823519	Detection of acquired antibiotic resistance genes in domestic pig and common carp gastrointestinal samples by metagenomic methods in Hungary	The aim of this project is the detection of acquired antibiotic resistance genes (ARGs) by metagenomic methods in domestic pig (Sus scrofa) and common carp (Cyprinus carpio) gastrointestinal samples	Cyprinus carpio; Sus scrofa	ena_host_field	GUT	sample_fields	gut: duodenum, feces, gut, ileum, intestine, jejunum
PRJNA1119029	Additional short-read sequencing of isolate cultures of hCom2 strains	As part of strain verification efforts, we performed short-read shotgun sequencing on a number of isolate cultures of bacterial strains belonging to the hCom2 community	Homo sapiens	ena_host_field	GUT	sample_fields	gut: intestinalis, intestini, intestinimonas
PRJDB6640	Kopi Luwak of Civet cat (Paradoxurus hermaphroditus) feces microbiome	Civet cat is known to make exclusive coffee, which called kopi luwak (Indonesian words for coffee and palm civet). However, we have not yet known what kind of factor making such a luxual value of kopi luwak. Recent metabolomics study revealed that kopi luwak metabolite is defferent from original coffee beans and the other coffee beans. The most important process is that coffee beans eaten by civet cat and corrected these beans from civet cat feces. In this study, we considered civet cat gut microbiome can affect to fermentation of kopi luwak to make some kind of metabolite, and we revealed civet cat feces microbiome using 16S rRNA analysis. Moreover, to compare civet cat feces and other animals (i.e. dog, monkey), we downloaded 14 vertebrate's fecal 16S analysis data. As a result, we can observe Gluconobacter and Citorobacter are specifically unique genus in the civet cat feces. In addition, Gluconobacter and Citorobacter have uniquely metabolic enzymatic gene from other major animal genus. These special microbiome pathways are may related to making special coffee kopi luwak.	Paradoxurus hermaphroditus	ena_host_field	GUT	sample_fields	gut: feces
PRJEB22062	As part of the EFFORT project, we sampled feces from pig and poultry livestock in nine European countries (BE, BG, DK, FR, ES, GE, NL, PL, SP). More than 9000 animals were sampled, across 181 pig and 178 poultry herds to generate herd-level composite fecal samples. Using shotgun metagenomics, we have quantified and characterized the antimicrobial resistance gene pools (resistomes) in Europeâs two most intensively raised livestock species.	Antimicrobial resistance (AMR) in bacteria and associated morbidity and mortality is increasing. Use of antimicrobials for livestock selects for AMR that can subsequently be transferred to the human reservoir. This flow of AMR between reservoirs demands surveillance in livestock as well as in humans. As part of the EFFORT project (http://www.effort-against-amr.eu/), we have quantified and characterized the acquired resistance gene pools (resistomes) of 181 pig and 178 poultry farms from nine European countries, generating more than 5,000 Gigabases of DNA sequence, using shotgun metagenomics. The pig and poultry resistomes were very different in abundance and composition. There was a significant country effect on the resistomes, more so in pigs than poultry. We found higher AMR loads in pigs, while poultry resistomes were more diverse. We detected several newly described, critical AMR genes, including mcr-1 and optrA, which differed both between host species and countries. We found that the total AMR level, was associated with the overall country-specific antimicrobial usage in livestock and that countries with comparable usage patterns have similar resistomes.	Sus scrofa; poultry	ena_study_text	GUT	ena_study_text	gut: fecal, feces
PRJEB86260	3D'omics: Histomonas challenge chicken trial	To be added	Meleagris gallopavo	ena_host_field	GUT	sample_fields	gut: caecum, gut
PRJNA491522	Gut Microbial Responses to Salmonella enterica Typhimurium and Candida albicans	"The gut microbiota confers resistance to pathogens of the intestinal ecosystem, yet the dynamics of pathogen-microbiome interactions and the metabolites involved in this process remain largely unknown. Here, we use gnotobiotic mice infected with the virulent pathogen Salmonella enterica Typhimurium or the opportunistic pathogen Candida albicans with metagenomics to identify changes in the community during infection. To isolate the role of the microbiota in response to pathogens, we compared mice monocolonized with the pathogen, uninfected mice ""humanized"" with a synthetic human microbiome, or infected humanized mice."	Mus musculus	ena_host_field	GUT	sample_fields	gut: feces, gut
PRJEB32890	The integrated mouse gut metagenome catalog (iMGMC), comprising 4.6 million unique genes and 660 high-quality metagenome-assembled genomes (MAGs)  linked to reconstructed full-length 16S rRNA gene sequences	The vast complexity of host-associated microbial ecosystems requires generation of host-specific reference catalogs to survey the functions and diversity of these communities. We generated  a comprehensive resource, the integrated mouse gut metagenome catalog (iMGMC), comprising 4.6 million unique genes and 660 high-quality metagenome-assembled genomes (MAGs)  linked to reconstructed full-length 16S rRNA gene sequences . iMGMC enables unprecedented coverage and taxonomic resolution, i.e. more than 89% of the identified taxa are not represented in any other databases  (<95% ANI match). The tool (github.com/tillrobin/iMGMC) allowed characterizing the diversity and functions of prevalent and previously unknown microbial community members along the gastrointestinal tract. Moreover, we show that integration of MAGs and 16S rRNA gene data allows a more accurate prediction of functional profiles of communities than based on 16S rRNA amplicons alone. Accompyaning to iMGMC we assembled 871 samples and obtained 20,927 MAGs representing 1296 gut bacteria. Integrated gene catalogs such as iMGMC together with MAG collections enhance the resolution of numerous existing and future sequencing-based studies.	Mus musculus	biome_label	GUT	sample_fields	gut: gut
PRJNA688310	Wide distribution of alternatively coded Lak megaphages in animal microbiomes	The reconstruction of Lak megaphage genomes from animal microbiomes	Equus caballus; Sus scrofa; Sus scrofa domesticus	ena_host_field	GUT	sample_fields	gut: faeces, gut, stool
PRJNA278393	Metagenome sequencing of the Hadza hunter-gatherer gut microbiota.	By human microbiome sequencing we can better understand how host evolutionary and ontogenetic history is reflected in the microbial function. However, there has been no information on the gut metagenome configuration in hunter-gatherer populations, posing a gap in our knowledge of gut microbiota (GM)-host mutualism arising from a lifestyle that describes over 90% of human evolutionary history. Here, we present the first metagenomic analysis of GM from Hadza hunter-gatherers of Tanzania, showing a unique enrichment in metabolic pathways that align with the dietary and environmental factors characteristic of their foraging lifestyle. We found that the Hadza GM is adapted for broad spectrum carbohydrate metabolism, reflecting the complex polysaccharides in their diet. Furthermore, the Hadza GM is equipped for branched-chain amino acid degradation and aromatic amino acid biosynthesis. Resistome functionality demonstrates the existence of antibiotic resistance genes in a population with little to no antibiotic exposure, indicating the ubiquitous presence of environmentally derived resistances. Our results demonstrate how the functional specificity of the GM correlates with environment and lifestyle, and how complexity from the exogenous environment is matched by endogenous homeostasis. The Hadza gut metagenome structure allows to appreciate the co-adaptive functional role of the GM in complementing the human physiology, providing a better understanding of the versatility of human life and subsistence.	Homo sapiens	ena_host_field	GUT	sample_fields	gut: gut
PRJDB16036	Functional characteristics of gut microbiomes among Papua New Guinea highlanders believed to be adapted to a low-protein diet	Human gut microbiomes from Papua New Guinea (PNG) highlanders believed to be adapted to a low-protein diet. feces were stored in RNAlater solution at room temperature and the bacterial DNA was isolated using the enzymatic lysis method using lysozyme and achromopeptidase. Metagenomic library was prepared by Ion Xpress Plus Fragment Library Kit and sequenced in the Ion PGM platform.	Homo sapiens	ena_host_field	GUT	sample_fields	gut: feces, gut
PRJEB56669	Gut ecological networks reveal associations between bacteria, exercise and clinical profile in non-alcoholic fatty liver disease patients	Gut ecological networks reveal associations between bacteria, exercise and clinical profile in non-alcoholic fatty liver disease patients	Homo sapiens	biome_label	GUT	sample_fields	gut: gut
PRJNA1121382	SARS-CoV-2 differentially alters gut microbiota's composition and metabolism in young-adult and aged hamsters	Aging is a key contributor to SARS-CoV-2 morbidity and mortality in humans. An impaired or dysregulated immune response together with a dysbiotic gut microbiota may contribute to this phenotype. In this study, we used young (2-month-old) and aged (22-month-old) golden hamsters infected with SARS-CoV-2. We compared lung pathology and transcriptional responses, systemic metabolites and whole-genome shotgun metagenomic changes after infection at two time points namely day 7, the peak of disease severity and day 22, a time point corresponding to the resolution phase of infection. Our data reveal age-dependent changes in the compositional structure and metabolomics activity of the gut microbiota.	Mesocricetus auratus	ena_host_field	GUT	sample_fields	gut: cecal, gut
PRJNA821272	Lacticaseibacillus rhamnosus M9 inhibits the growth of breast tumors in mice by regulating gut microbiota, immunity and blood metabolites	A total of 36 mice were randomized into three groups (n=12 per group), namely, 1) Con group (without tumor xenograft) p 2) Mol group (tumor xenograft group), and 3) Pro group (tumor xenograft with oral gavage of probiotics). Probiotics was administered to mice from probiotic group by daily oral gavage with 4x10^9 CFU/day Probio-M9 for 7 days prior to tumor inoculation, and the two nonprobiotic recipient groups were given an equal amount of normal saline. Tumor transplantation was conducted at day 7. After tumor transplantation (day 7), the probiotic group continue received the Probio-M9, while the control and the tumor xenograft groups were administered equal volume of sterilized saline daily by oral gavage. Tumor size was measured by vernier calipers at days 23, 25, 27, 29, 31 and 33. Mouse feces,serum, and tumor tissue were sampled at day 33.	Mice	ena_host_field	GUT	sample_fields	gut: feces, stool
PRJEB88878	This project aims to characterise the effects of a high-fat diet and fructo-oligosaccharides on the gut microbiota throughout the gastrointestinal tract of mice.	This project aims to characterise the effects of a high-fat diet and fructo-oligosaccharides on the gut microbiota throughout the gastrointestinal tract of mice. Mice were fed either a chow diet or a high fat diet containing 60% energy from lipids for 15 weeks. Half of the mice fed a high fat diet were supplemented with 10 % weight/vol fructo-oligosacchrides (FOS, Orafti P95) in drinking water. DNA from jejunal, ileal and ceacal luminal content as well as from feces was extracted using a modified version of Godon et al protocol. Samples were sequenced using long-read Nanopore technology.	Mus musculus	ena_host_field	GUT	sample_fields	gut: cecal, feces, gut, ileal, jejunal
PRJEB81717	Adult baboon fecal samples from the Amboseli ecosystem in Kenya	Fecal samples collected from 27 adult baboons during the dry season in September 2014 (n=15) and the wet season between April and May 2014 (n=12). The baboons sampled in this study were studied by the Amboseli Baboon Research Project (ABRP) in the Amboseli ecosystem in Kenya.	Papio cynocephalus and P. anubis	ena_host_field	GUT	sample_fields	gut: gut, stool
PRJDB9922	Mice fecal lipidomics in antibiotics treatment	Mice fecal lipidomics in antibiotics treatment of 2 weeks. Antibiotics treatment included Amp. high, amp. low, Ctrl, Met. high, Met. low, Neo. high, Neo. low, Van. high, Van. low and Abx.	Mus musculus	ena_host_field	GUT	sample_fields	gut: gut
PRJEB26564	Interspecies competition impacts targeted manipulation of human gut bacteria by fiber-derived glycans	Development of microbiota-directed foods (MDFs) that selectively increase the abundance of beneficial human gut microbes, and their expressed functions, requires knowledge of both the bioactive components of MDFs and the mechanisms underlying microbe-microbe interactions. Here, gnotobiotic mice were colonized with a defined consortium of human-gut-derived bacterial strains and fed different combinations of 34 food-grade fibers added to a representative low-fiber diet consumed in the USA. Bioactive carbohydrates in fiber preparations targeting particular Bacteroides species were identified using community-wide quantitative proteomic analyses of bacterial gene expression coupled with forward genetic screens. Deliberate manipulation of community membership combined with administration of retrievable artificial food particles, consisting of paramagnetic microscopic beads coated with dietary polysaccharides, disclosed the contributions of targeted species to fiber degradation. Our approach, including the use of bead-based biosensors, defines nutrient harvesting strategies that underlie, as well as alleviate, competition between Bacteroides and control the selectivity of MDF components.	Mus musculus	biome_label	GUT	sample_fields	gut: gut
PRJEB73981	Metabolic modeling reveals the aging-associated decline of host-microbiome metabolic interactions in mice	Aging is the predominant cause of morbidity and mortality in industrialized countries. The specific molecular mechanisms that drive aging are poorly understood, especially the contribution of the microbiota in these processes. Here, we combined multi-omics with metabolic modeling in mice to comprehensively characterize hostâmicrobiome interactions and how they are affected by aging. Our findings reveal a complex dependency of host metabolism on microbial functions, including previously known as well as novel interactions. We observed a pronounced reduction in metabolic activity within the aging microbiome, which we attribute to reduced beneficial interactions in the microbial community and a reduction in its metabolic output. These microbial changes coincided with a corresponding downregulation of key host pathways predicted by our model to be dependent on the microbiome that are crucial for maintaining intestinal barrier function, cellular replication, and homeostasis. Our results elucidate microbiomeâhost interactions that potentially influence host aging processes, focusing on microbial nucleotide metabolism as a pivotal factor in aging dynamics. These pathways could serve as future targets for the development of microbiome-based therapies against aging.	Mus musculus	biome_label	GUT	sample_fields	gut: gut
PRJNA943611	Comparative Metagenomic Analysis of Bacteriophages in Common Gnotobiotic Mouse Models	Phages play a key role as drivers for microbial community structure and function. On one hand, they control the abundance of bacterial taxa and contribute to the stability of microbial communities after a disturbance event (killing the winner) and on the other hand, they are important vectors for horizontal gene transfer and adaptation of microbiota to shifts in the environment. The link between bacterial diversity and the diversity of phages in the human gut however is not well studied, We propose that reduced bacteria diversity is associated with a reduction of lytic and prophages diversity, therefore also limiting the potential for horizontal gene transfer between bacteria.	Mus musculus	ena_host_field	GUT	sample_fields	gut: gut
PRJNA982563	Daily occupational exposure in swine farm alters human skin microbiota and antibiotic resistome	We collected skin and environmental samples to explore the impact of daily occupational exposure in swine farms on human skin microbiomes.	Dust; Homo sapiens; Sus scrofa	ena_host_field	GUT+OTHER	sample_fields	gut: feces; other: dust, nasal, skin
PRJNA656141	feces metagenome Raw sequence reads	Metagenomics as a tool for identification and molecular genetic characterization of new potentially dangerous viruses	Atelerix albiventris	ena_host_field	GUT	sample_fields	gut: feces
PRJNA1400761	Metagenomic analysis of koi carp, cultivated carp and wild carp samples in Henan	This specific study undertakes a detailed analysis of antibiotic resistance genes in the intestinal samples of carp, with the aim of offering valuable perspectives on the impact of antibiotic resistance in the domain of ornamental aquaculture. The results showed that the resistance genes in the intestines of cultivated fish are likely to transfer to the surrounding water through mechanisms such as defecation and feeding. By exploring this aspect, it is anticipated that a more comprehensive comprehension can be achieved regarding the complex dynamics and implications of antibiotic resistance in this particular area of fish farming.	fish	biome_label	GUT+OTHER	sample_fields	gut: feces, gut; other: water
PRJNA1415237	Characterization of Bacillus licheniformis from elephants and its therapeutic potential in colorectal cancer mouse models	This study integrates metagenomic sequencing, whole-genome sequencing (WGS), and transcriptomics to investigate the gut microbiota of Asian elephants (Elephas maximus) and the therapeutic potential of a derived bacterial isolate. We performed metagenomic sequencing on fecal samples from 15 elephants to profile the gut microbiome. From these samples, we isolated a novel strain of Bacillus licheniformis and characterized it using WGS. Finally, we evaluated the therapeutic efficacy of this isolate in MC38 colorectal cancer (CRC) mouse models. RNA-seq analysis was performed on subcutaneous tumor tissues from mice treated with B. licheniformis versus PBS controls to identify differentially expressed genes and underlying molecular mechanisms associated with tumor suppression.	Elephas maximus; Mus musculus	ena_study_text	GUT	ena_study_text	gut: fecal, gut
PRJNA903810	Origin of the piglet gut microbiome using strain-resolved longitudinal metagenomics	The piglet gut microbiome has been linked to numerous aspects of swine health and productivity. However, little is known about the factors that contribute to the initial colonization of the neonatal gut. The goal of this study is to use shotgun metagenomics sequencing to analyze piglet fecal samples collected in the three weeks following birth, along with sow fecal samples and environmental samples, to identify potential sources of early life microbial colonization in pigs.	Sus scrofa domesticus	ena_host_field	GUT+OTHER	sample_fields	gut: gut; other: surface, vaginal
PRJEB15371	The gut microbiome in Crohn's disease and modulation by exclusive enteral nutrition	AbstractBackgroundInflammatory bowel diseases (IBD), with Crohnâs disease (CD) being one of the primary types, have been extensively studied for genetic and gut microbial factors leading to its epidemic in the modern world. However, limited information using metagenomic shotgun-sequencing to pinpoint the gut microbial species and functions involved. Exclusive enteral nutrition (EEN) is a nutritional therapy used for disease-modifying treatment of CD, but its impact on the gut microbiome remains unclear. ResultsWe collected 123 stool samples from 49 CD patients, 14 of whom were resampled after 2 weeks of EEN, and 56 subjects with no disease. Metagenomic shotgun sequencing and analyses confirmed a decreased diversity in the gut microbiota of CD patients, and identified microbial species and potential functions altered in CD, most notably an increased ratio of hexa- to penta-acylated lipopolysaccharide (LPS). Some co-abundance gene groups (CAGs) including Parabacteroides distasonis, Bacteroides intestinalis, Ruminococcus sp. showed strong correlation with clinical indicators such as hs.CRP, Prealbumin, platelets and BMI. The entire cohort could be divided into three types according to their species composition, with Type A largely consisting of healthy controls and Type C containing exclusively CD or after EEN samples. Although compositional changes were generally mild after 2 weeks of EEN, remodeling of the gut microbial network could be observed.ConclusionsOur metagenomic dataset unlock the gut microbiome in CD for functional investigations. Microbiome-based stratification of CD patients before EEN might help optimize the therapy for wider applications.	Homo sapiens	biome_label	GUT	sample_fields	gut: gut, stool
PRJNA841806	Characterization of microbiome and resistome from poultry farm and abattoir	Comprehensive characterization of microbiome genomes is necessary for understanding antibiotic resistance in the livestock microbiome as well as their related environment. In the poultry production environment, antimicrobial administration is widespread and that can cause accumulating AMR. We conducted large-scale sampling across 10 poultry farms and 4 connected abattoirs spanning 3 different geographic regions in China, to investigate microbiomes and resistomes in different microbial communities: chicken, farm environment, carcasses, and abattoir environment, with a longitudinal surveillance study from farm to abattoir through the whole production cycle.	Environment; Gallus gallus	ena_host_field	GUT+OTHER	sample_fields	gut: feces; other: soil, wastewater
PRJEB33577	Comparison of extraction methods for recovering ancient microbial DNA from paleofeces	Paleofeces is a rich source of biological information including host-associated microorganisms. These unique materials are of increasing interest to researchers studying the evolution of the gut microbiome of humans and other species through metagenomic methods, however the effects of various extraction methods on the recovery and complexity of metagenomic DNA from paleofeces is underexplored. In this study we compare five different extraction methods for recovering DNA from paleofeces, including methods commonly employed in either ancient DNA research or modern metagenomics studies. The extraction methods were tested on three different paleofeces samples, which were each run in duplicate. The DNA extracts were converted into double-index Illumina sequencing libraries and paired-end sequencing was performed on the Illumina HiSeq 2000 platform with a read length of 100 bp.	Homo sapiens	ena_study_text	GUT	sample_fields	gut: gut
PRJEB21624	Metagenomic sequencing of the rumen of Scottish cattle.	Metagenomic sequencing of 42 cattle, from 4 breeds and crosses thereof, divergent for both feed-conversion-ratio and methane emissions. Formed the basis of: Stewart RD, Auffret MD, Warr A, Wiser AH, Press MO, Langford KW, Liachko I, Snelling TJ, Dewhurst RJ, Walker AW, Roehe R, Watson M. Assembly of 913 microbial genomes from metagenomic sequencing of the cow rumen. Nat Commun. 9(1):870. doi: 10.1038/s41467-018-03317-6.	Bos taurus	ena_study_text	GUT	ena_study_text	gut: rumen
PRJEB41787	Healthy danish metagenomic samples from Danish study of Functional Disorders	"Healthy danish metagenomic samples from Danish study of Functional Disorders included in study ""Alteration of gut microbiome in patients with schizophrenia indicates links between bacterial tyrosine biosynthesis and cognitive dysfunction"" referenced under PRJEB41217 accession number."	Homo sapiens	biome_label	GUT	sample_fields	gut: gut
PRJNA786358	Intestinal microbiota sequencing of perinatal dairy cows	Explore postperinatal intestinal microbes	Bos taurus	ena_host_field	GUT	sample_fields	gut: gut
PRJEB72433	Stool and oropharyngeal swabs metagenome raw sequence reads	This study performed shotgun metagenomic sequencing on stool and oropharyngeal samples obtained from patients presenting with uncomplicated UTI to primary care and receiving ciprofloxacin treatment. Duration of treatment was different across the patients and categorized as short (less or equal to 7 days) or long ( more than 7 days). Control subjects not undergoing antibiotic treatment were also included.	Homo sapiens	biome_label	GUT+OTHER	sample_fields	gut: gut; other: oral
PRJNA769968	Probiotic consumption relieved Parkinson's disease via modulating the gut microbiota and neuroactive compounds	Parkinson's disease has been improved to association with gastrointestinal symptoms and gut microbiota disorders, probiotics is considered as a technique for GI symptoms, while the regulative effect of probiotics on Parkinson's disease is limited. The supplementary treatment of Probio-M8 on Parkinson has been investigation.	Homo sapiens	ena_host_field	GUT	sample_fields	gut: feces, stool
PRJNA1390420	Probiotic Fermentation Transforms a Food-Homologous Herbal Formulation into a Bioactive Postbiotic That Remodels the Gut Microbiota and Alleviates Kidney-Yang Deficiency	This study aimed to develop a food-compatible formulation based on medicinefood homology principles and to determine whether probiotic cofermentation could enhance its bio-ac-tivity through gut microbiota modulation	Mus musculus	ena_host_field	GUT	sample_fields	gut: feces, gut
PRJEB46212	Shotgun analysis of dairy livestock agroecosystem	Quality Control of sequenced samples was performed by FASTQC software, and trimming by TrimGalore. Trimmed reads were the input for SqueezeMeta pipeline in sequential mode with a minimum identity of 60 percent using 16 threads and an amount of RAM of 64 Gb. Resistome risk score determination, defined as potential for ARGs to be associated with MGE-genes and mobilize to pathogens was calculated. Resistome risk was performed from the assembled contigs using MetaCompare pipeline. Before being used as input for Metacompare, sequences were preprocessed using MEGAHIT for the contig assembly step and Prodigal for gene prediction. The predicted ARGs were analyzed with BLASTX (E-value < 1E-10, Identity > 60% and Minimum alignment length > amino acids) against CARD and MGE-genes against ACLAME. We obtained three types of contigs that contain ARGs, ARG and MGE-like sequences and ARG, MGE and human pathogen-like sequences based on the co-occurrence of ARGs â© MGE-like â© pathogen-like sequences.	dairy livestock	ena_study_text	GUT+OTHER	sample_fields	gut: feces; other: soil
PRJEB31266	Metagenomic sequencing of the rumen of 240 cattle from Scotland	Ruminants provide essential nutrition for billions of people worldwide. The rumen is a specialised stomach adapted to the breakdown of plant-derived complex polysaccharides, and collectively the rumen microbiota encode the thousands of enzymes responsible. Here we present a comprehensive analysis of over 6.5 terabytes of Illumina and Nanopore sequence data, including assembly of 4941 metagenome-assembled genomes, and several single-contig, whole-chromosome assemblies of novel rumen bacteria. We also present the largest dataset of predicted proteins from the rumen, and provide rich annotation against public datasets. Together these data will form an essential part of future studies of rumen microbiome structure and function.	Bos taurus	ena_host_field	GUT	sample_fields	gut: gut, rumen
PRJNA271618	Baboon feces Metagenome	Raw metagenomic sequencing reads collected from samples from 48 adult baboons in two social groups during July - August 2012.	Papio cynocephalus	ena_host_field	GUT	sample_fields	gut: gut
PRJNA1192041	Changes of intestinal microbiome and its relationship with painful diabetic neuropathy in rats	Objective: To analyze the gut bacterial microbiome in rats with painful diabetic neuropathy (PDN) compared to normal rats.This study demonstrates that the gut bacterial microbiome of rats with PDN differs from that of control rats. The findings may contribute to the development of new therapeutic approaches for diabetic patients and those with diabetic peripheral neuropathy.	rat	ena_host_field	GUT	sample_fields	gut: feces
PRJNA1332038	Gut Microbiota of Babolna TetraSL chickens	Impact of Plant-Based Antibiotic Alternative Supplemented Feed on the Gut Microbiota of Babolna TetraSL Chickens Experimentally Infected with Salmonella enterica and Escherichia coli	Gallus gallus	ena_host_field	GUT	sample_fields	gut: gut
PRJEB15296	Structure and function of the fecal microbiota in diarrhoeic neonatal piglets	A comprehensive sequencing evaluation of the fecal microbial composition and functional perturbation in the diarrhea condition of suckling piglets.	Sus scrofa	ena_study_text	GUT	sample_fields	gut: fecal, feces
PRJNA946412	Diet effects on cat faecal microbiome composition	Impact of kibble or canned diet on cat faecal microbiome	Felis catus	ena_host_field	GUT	sample_fields	gut: feces
PRJNA1393111	Channel catfish fish gut content	intestinal content of channel catfish (Ictalurus punctatus) fingerlings	Ictalurus punctatus	ena_host_field	GUT	sample_fields	gut: gut, intestinal
PRJNA434147	Delta Smelt gut content study	The goal of this project is to investigate prey items of an endangered fish species, Delta Smelt Hypomesus transpacificus	Hypomesus transpacificus	ena_host_field	GUT	sample_fields	gut: gut
PRJNA488302	16S and ITS region of pig gut bacteria	16S and ITS region of pig gut bacteria	Sus scrofa	ena_host_field	GUT	sample_fields	gut: gut
PRJNA471402	PIG GUT RESISTOME	In this project, whole metagenome shotgun sequencing was employed to monitor the effect of an antibiotic feed additive (oxytetracycline) at a therapeutic level on the dynamics of gut microbiota composition and resistome in post-weaned piglets over a 21 day period .	Sus scrofa domesticus	ena_host_field	GUT	sample_fields	gut: gut
PRJEB4370	A gnotobiotic mouse model of phage-bacterial host dynamics in the human gut	The microbial diversity, interpersonal variation and dynamism of the human gut microbiota make the task of identifying the factors that define community configurations, both structural and functional, extremely challenging. Bacterial viruses (phage) are the most abundant biological group on Earth and are more genetically diverse than their bacterial prey/hosts. To characterize their role as agents shaping gut community structure, adult germ-free mice were colonized with a consortium of 15 sequenced human bacterial symbionts, 13 of which harbored one or more predicted prophage in their genomes. One member, Bacteroides cellulosilyticus WH2, was represented by a library of isogenic transposon mutants covering 90% of its genes. Once assembled, the community was subjected to a staged phage attack with a pool of live or heat-killed virus-like particles (VLPs) purified from the fecal microbiota of five healthy humans. Shotgun sequencing of DNA from the input pooled human VLP preparation plus shotgun sequencing of gut microbiota samples, and purified fecal VLPs, from the gnotobiotic mice revealed a reproducible non-simultaneous pattern of attack extending over a 25 day period and involving five phage, none described previously. This system allowed us to (i) correlate increases in abundances of specific phage present in the input VLP preparation with reductions in the representation of particular bacterial hosts, (ii) provide evidence that phage resistance occurred because of ecological or epigenetic factors, (ii) track the origin of each of the five phages among the five human donors plus the extent of their genome variation between and within recipient mice, and (iv) establish the dramatic in vivo fitness advantage that a locus within a B. cellulosilyticus prophage confers upon its host bacterium. Together, these results provide a defined community-wide view of phage-bacterial host dynamics in the gut ecosystem.	Mus musculus	ena_host_field	GUT	sample_fields	gut: fecal, gut
PRJNA688069	S. enterica Intracloacal challenge chicken cecum microbiome Raw sequence reads	Characterizing Antimicrobial Resistance in Poultry Production Environments	Gallus gallus	ena_host_field	GUT	sample_fields	gut: gut
PRJNA1070846	Fecal metagenomic sequecing	Fecal metagenomic sequencing of four groups of rats including normal, DSS-induced, DSS-induced followed by viable B. infantis B8762 administration, and DSS-induced followed by heat-killed B. infantis B8762 administration groups was performed to investigate the effects of viable B. infantis B8762 and viable B. infantis B8762 on the gut mictobiota structure of DSS-induced IBD rats.	rats	ena_host_field	GUT	sample_fields	gut: feces
PRJEB1220	A method for identifying metagenomic species and variable genetic elements by exhaustive co-abundance binning	The microbial diversity of environments like the human gut extends far beyond what is covered by reference genomes. Here we present a method for exhaustive and unsupervised co-abundance gene binning across a series of highly complex metagenomic samples. As the method does not rely on previously sequenced reference genomes it allows for discovery of new species, viruses and clonal heterogeneity. We demonstrate the method on human gut microbiome data and identify 7,381 co-abundance gene groups (CAGs) ranging in size from 3 to 6,319 genes. The CAGs represent a wide variety of biological entities including microbial genomes, phages and clonal differences. We name the 741 largest of these metagenomic species (MGS), because they correspond to microbial species. In addition, we establish microbial host affiliations by dependency-associations for many small CAGs. Longitudinal sampling in the same individuals indicates that some of these dependency-associations are important for the persistence of their microbial host	Homo sapiens	biome_label	GUT	sample_fields	gut: gut, stool
PRJEB83251	C. cuniculi diarrhea in NSG mice	In late 2020, the high-barrier mouse facility at Stanford University experienced an outbreak of diarrhea in adult mice and acute deaths in mid-lactation females. Affected mouse strains were immunodeficient, carrying either the SCID (Prkdcscid) or RAGnull mutations and the IL2rgnull mutation (predominantly NSG mice). The diarrhea was transmissible to naÃ¯ve NSG mice via gavage of intestinal homogenates from diarrheic mice or by co-housing, suggesting an infectious agent. Conventional diagnostics failed to identify an etiology. An in-depth metagenomic analysis of DNA samples from diarrheic and control fecal samples identified Clostridium cuniculi and an enterotoxin as candidate factors underlying the diarrheal outbreak. We hypothesized that the presence of C. cuniculi and its enterotoxin in fecal samples could serve as biomarkers for the infectious diarrhea. Real-time quantitative PCR (qPCR) diagnostic assays using selective specific primers for C. cuniculi were generated. We analyzed 37 fecal samples from NSG or NSG-related mice with clinical signs of infectious diarrhea without a known cause, 111 fecal samples from healthy NSG mice, and 28 fecal samples from NSG or NSG-related mice with diarrhea due to other known causes. C. cuniculi and its enterotoxin were identified only in feces from mice with infectious diarrhea of unknown etiology. Healthy NSG mice, NSG mice with diarrhea due to other known causes, and non-NSG strains with diarrhea were negative for C. cuniculi by qPCR assays. All positive samples contained both C. cuniculi and its enterotoxin. Healthy NSG mice co-housed with NSG mice with infectious diarrhea or housed on their soiled bedding resulted in experimental mice expressing C. cuniculi and enterotoxin DNA markers within 24 hours . This study suggests that infectious diarrhea is mediated, at least in part, by the transmission of C. cuniculi and its enterotoxin. The novel qPCR assays for C. cuniculi and its enterotoxin are effective diagnostic tools for detection and prevention of the spread of infectious diarrhea in NSG mice.	Mus musculus	ena_host_field	GUT	sample_fields	gut: feces, gut
PRJEB23147	Human_colon_16S	Cutting-edge transcriptional and bioinformatics approaches will be implemented to assess immune cells at three sites along the healthy adult human colon. Sections will be taken from four sites of the GI tract- caecum, transverse colon, sigmoid colon and oesophagus. These samples will be collected from cadaveric donors by the Cambridge Biorepository of Translational Medicine (CBTM) that are representative of healthy tissues since the donors are screened for infections and disease prior to their consideration for donation. Furthermore, medical history of these donors will be available, providing unique accessory information. The sampling technique will involve incision into the wall of the colon. The mucosa will then be pull through this incision and approximately 2cm x 2cm section of the full thickness of mucosa sampled. The majority of immune cells reside in the lamina propria of the mucosa (Figure 2). Some tissue will be frozen and the remaining digested for single-cell RNA sequencing of immune cells and stromal cells. A swab of the mucosa and the luminal chyme (where appropriate) will also be collected by microbiology culture swabs (in culture gels) and with swabs in PBS. With the help from Professor Trevor Lawley, the diversity of the microbiome will be determined by 16S rRNA sequencing. From these results, changes in diversity of the microbiota and whether this correspond with changes in immune cell heterogeneity will be investigated. If I find major differences in the immune cells or bacteria at these sites than I will ask for more samples to be collect from the next individual.	Homo sapiens	ena_study_text	GUT	sample_fields	gut: gut
PRJNA527177	Analysis of a 15 th century faecal specimen from Bushman Rock Shelter, South Africa	Following the recovery of a desiccated faecal specimen from Bushman Rock Shelter (BRS) in Limpopo Province (South Africa), we applied a multi-proxy analytical protocol to the sample. Our results indicate that the IM of the Iron Age (c. AD 1460) Bantu-speaking individual exhibits features characteristic of a mixed forager-agro-</p><p>pastoralist diet. Our analyses elucidates the ways in which modern human IMs have responded to recent dietary changes, prescription medications and environmental pollutants, providing insight into recent human IM evolution.	Human intestine; Sediment	ena_host_field	GUT+OTHER	sample_fields	gut: faeces; other: sediment
PRJDB20360	JACCRO GC-18	This is an observational/translational study to evaluate clinical outcomes of nivolumab and to discover novel immune-related biomarkers (gut microbiome, genetic polymorphism, gene expression and metabolome in plasma) in gastric cancer, using fecal and blood samples at two points before and after treatment.	Homo sapiens	ena_host_field	GUT	sample_fields	gut: feces, gut
PRJNA807368	Dissecting the effect of berberine on the intestinal microbiome in the weaned piglets by metagenomic sequencing	This study aimed to investigate the microbial structure and function in the rectum of weaned piglets with berberine supplementation.	Sus scrofa domesticus	ena_host_field	GUT	sample_fields	gut: colon, gut
PRJNA1227156	broiler chicken microbiota Raw sequence reads	The focus of this project was to characterize plasmidome and resistome in the fecal droppings of chickens.	Gallus gallus	ena_host_field	GUT	sample_fields	gut: gut
PRJEB66211	RNAseq data from the Maple project in Mice	RNAseq data generated for the Maple project in mice	Mus musculus	biome_label	GUT	sample_fields	gut: gut
PRJEB2778	Mutualism between gut microbiota and the host as revealed in a comparative study of breast-fed versus formula-fed infants.	Ongoing efforts are directed at understanding the mutualism between the gut microbiota and the host in breast-fed versus formula-fed infants. Due to the lack of tissue biopsies, no investigators have performed a global transcriptional analysis of the developing intestine in healthy infants. As a result, the crosstalk between the microbiome and the host transcriptome in the developing mucosal-commensal environment has not been determined. In this study, we examined the host intestinal mRNA gene expression and microbial DNA profiles in full term 3 month-old infants exclusively formula fed (FF n=6) or breast fed (BF n=6) from birth to 3 months. Host mRNA microarray measurements were performed on intact sloughed epithelial cells in stool samples collected at 3 months. Microbial composition from the same stool samples was assessed by metagenomic pyrosequencing. Both host mRNA expression and bacterial microbiome phylogenetic profiles provided strong feature sets that classified the two groups of babies (FF and BF). To determine the relationship between epithelial cell gene expression and the bacterial colony profiles, the host transcriptome and functionally profiled microbiome data were analyzed in a multivariate manner. From a functional perspective, analysis of the gut microbiota's metagenome revealed that virulence characteristics differed between the FF and BF babies. Using canonical correlation analysis, evidence of multivariate structure relating eleven host immunity/mucosal defense-related genes and microbiome virulence characteristics was observed. These results, for the first time, provide insight into the integrated responses of the host and microbiome to dietary substrates in the early neonatal period.	Homo sapiens	biome_label	GUT	sample_fields	gut: gut
PRJNA1184454	Decomposing gut microbiome of diarrhea calves from multiple farms in Inner Mongolia using 16S and metagenomics.	Background: Neonatal Calf Diarrhea (NCD) is a critical disease contributing to neonatal mortality in calves, with its pathogenesis remaining to be fully understood.</p><p>Results: Our study was conducted in Inner Mongolia, a key region for cattle farming in China, aiming to provide a comprehensive overview of the epidemiology and treatment of calf diarrhea in this locale. No significant correlation was found between the incidence of diarrhea and sampling points or medication. Diarrhea cases were stratified into five severity levels based on fecal characteristics, with L1 representing the least severe, closest to normal stool consistency, and L5 indicating the most severe diarrhea. To elucidate the pathogenesis of NCD, we performed 16S rRNA and metagenomic sequencing analyses across the four categorized levels. Microbial diversity analyses revealed distinct variations in the microbial communities among the different severity levels. Employing binning and LEfSe methodologies, we identified a bacterial pathogen from the family f_Streptococcaceae and a viral agent, Escherichia phage VpaE1_ev108, both of which showed significant associations with disease progression. Gene function enrichment analysis uncovered a broad spectrum of antibiotic resistance genes, even in farms without direct antibiotic treatment, underscoring the pervasive presence of drug resistance. Phage therapy, with its potential to reduce biological contamination and resistance on farms, holds significant promise for future applications.</p><p>Conclusions: this study conducted a regional analysis of incidence and treatment of NCD across 12 farms in the Inner Mongolia Autonomous Region, China. Concurrently, potential pathogenic bacteria associated with NCD were identified via 16S rRNA and metagenomic sequencing analyses: Streptococcus. Furthermore, we assembled multiple relatively complete binned bacterial and viral genomic datasets. These datasets provide a rich resource for researchers, offering valuable insights into the complex etiology of NCD.	calves	ena_host_field	GUT	ena_study_text	gut: fecal, gut, stool
PRJEB89232	This project aims to characterise the effects of a low-fat and a medium-fat diet on the gut metabolome and the microbiota throughout the gastrointestinal tract of Iberian pigs.	This project aims to characterise the effects of a low-fat and a medium fat diet on the gut metabolome and the gut microbiota throughout the gastrointestinal tract of male and female iberian pigs. Pigs were fed either a low-fat diet (3% w/w) or a medium-fat diet (12 % w/w) for 12 weeks. DNA from duodenojejunal, jejunal (middle), ileal (distal) and proximal colon content as well as from feces was extracted using a modified version of NucleoMag DNA Microbiome kit (Macherey-Nagel, Vertrieb GmbH & Co.Kg). The sequencing of the samples was performed on a NovaSeq 6000 sequencer by Szaomics company (Istanbul, Turkey).	Sus scrofa domesticus	ena_host_field	GUT	sample_fields	gut: colon, duodenum, feces, gut, ileum, intestine, jejunum
PRJNA872265	A collection of metagenome-assembled genomes from the giant pandas gut microbiome	We constructed 610 medium-quality or higher bins (genome drafts or MAGs) from above 323 shotgun metagenomic sequencing data and five pooled ONT data of giant panda gut using a hybrid assembly strategy. A total number of non-redundant gut microbial genome draft sets of giant pandas comprised with 408 nonredundant MAGs were obtained.	Ailuropoda melanoleuca	ena_host_field	GUT	sample_fields	gut: feces
PRJEB26585	Antibiotic-induced acceleration of Type 1 diabetes alters intestinal innate pathway maturation	The early-life intestinal microbiota plays a key role in shaping host immune system development. We found that a single early-life antibiotic course (1PAT) accelerated Type 1 diabetes (T1D) development in male NOD mice. The single course had strong and persistent effects on the intestinal microbiome, selecting for a highly metabolically active metagenome, with altered hepatic and serum metabolites. The exposure led to differential ileal and hepatic histone modification, and perturbed ileal gene expression, strongly affecting the normal maturational pattern. Earliest effects involved specific genes in innate immune pathways, with later effects on adaptive immunity. Microbiome analysis revealed four potential T1D-protective taxa and four T1D-accelerating taxa, and a network linking specific microbial taxa to differences in ileal gene expression was identified. This simplified animal model has improved understanding of the mechanisms by which early-life gut microbiome perturbations alter host intestinal responses, contributing to T1D.	Mus musculus	biome_label	GUT	sample_fields	gut: gut
PRJEB15095	A DSS colitis mouse model was used to assess the microbial metabolic landscape during inflammation.	A total of 24 C57BL6 mice were used for this analysis. Six mice received dextran sodium sulfate (DSS) (3%) in their drinking water ab libitum. In addition to DSS treatment 6 mice were given sodium tungstate (0.2%) or sodium tungstate plus DSS in their drinking water ab libitum. A control group was included where 6 mice were given untreated water. All animals received their treatments for a total of 9 days.	Mus musculus	biome_label	GUT	sample_fields	gut: cecal, cecum, gut
PRJNA400119	pig gut metagenome Metagenome	Metagenomic Analysis of Colonic Microbiome of Landrace Finishing Pigs with High and Low Feed Efficiency	Sus scrofa	ena_host_field	GUT	sample_fields	gut: colonic, digesta, gut
PRJEB102289	Effects of PPAP on Broiler Microbiome	Effects of varying levels of Porcine Processed Animal Protein on the broiler microbiome: samples were taken at different time points (Day 10, 21 & 32).	Gallus gallus	biome_label	GUT	sample_fields	gut: gut
PRJEB55812	Metagenomic shotgun sequencing of Exhaust Air Dust	Metagenomic next-generation sequencing analysis was performed on nucleic acids isolated from EAD filters collecting air from: (1) cages with mice housed in a non-pathogen free facility (2) cages with clean chow and bedding from the same facility (3) cages housing mice from a specific-pathogen free (SPF) facility. mNGS results revealed correspondence between microbiome composition from fecal pellets and filter, including pathogenic bacteria, intestinal protozoa, nematoda and eukaryotic parasites present in the colony. All filters revealed also the presence of plant microbiome due to dust derived from chow and bedding. Surprisingly, however, control filter exhibited the presence of mouse pathogens, despite the absence of mice, suggesting that contaminated connecting pipes could be responsible for this unexpected result. Conversely, the filter from SPF colony revealed the absence of pathogens.	Mus musculus	biome_label	GUT	ena_study_text	gut: fecal, intestinal
PRJNA1008639	Microbial Diversity in High Temperature Daqu	Analysis of microbial diversity in high temperature daqu in two enterprises of Maotai town by pure culture and ultra-high deep metagenomic sequencing technology	mouse_1;mouse 1; mouse_3;mouse 3; mouse_5;mouse 5; mouse_7;mouse 7; mouse_9;mouse 9	ena_host_field	GUT	sample_fields	gut: feces, intestine
PRJEB77276	BeHo mouse study		Mus musculus	ena_host_field	GUT	sample_fields	gut: gut
PRJNA1002411	Impact of intramuscular ceftiofur treatment on the gut microbiome and resistome of dairy cattle	Third-generation cephalosporins such as ceftiofur, are classified as critically important antibiotics because pathogens with resistance to these drugs contribute to high mortality rates and can be readily transmitted between individuals. Furthermore, these antibiotics are frequently administered in animals, emphasizing the crucial role they play in both human and veterinary medicine. Because metritis is a common condition requiring antibiotic treatment in dairy cattle, we sought to investigate the impact of intramuscular ceftiofur treatment on the abundance of resistant bacteria and resistance genes in the fecal microbiome. Twelve cows with metritis (cases) were enrolled and treated with ceftiofur for comparison to 12 matched untreated cows (controls). Fecal samples were collected from both groups prior to ceftiofur treatment of the cases and weekly for up to four weeks. The quantity of Gram-negative bacteria with resistance to ceftiofur, ampicillin, and tetracycline was determined using MacConkey lactose agar, while metagenomic next-generation sequencing was used to characterize the microbiome and resistome. Importantly, the treated cases had persistently higher levels of Gram-negative bacteria with resistance to ceftiofur but not to ampicillin or tetracycline. Persistently higher levels of genes encoding extended-spectrum beta-lactamase (ESBL) production were also observed in the treated cows from weeks 1-4. blaCMY-4, blaACI-1, cfxA5, and cfxA6 were the most abundant genes detected. Although no substantial changes in microbiota diversity were observed, some taxa differed in abundance post-treatment. Moreover, the abundance and diversity of plasmids and virulence genes were lower one week after treatment. Bacteroidetes and Escherichia coli were identified as the main bacterial hosts of ESBL genes, while an analysis of beta-lactamase-carrying contigs revealed the co-localization of ESBLs with plasmid and transposase genes, indicating their potential involvement in the horizontal transfer of these resistance genes. Together, these findings demonstrate the persistent effects of ceftiofur treatment on the abundance of resistant bacterial populations and ESBL genes in dairy cattle over a short time frame. Implementing strategies to limit the use of ceftiofur and other critically important antibiotics can be vital for preserving the efficacy of these antibiotics and safeguarding public and animal health.	Bos taurus	ena_host_field	GUT	sample_fields	gut: feces, gut
PRJDB18854	Gut microbiota of healthy Japanese adult	Shotgun metagenomic sequence of gut microbiota of healthy Japanese adult living in Chuo, Yamanashi, Japan.	Homo sapiens	ena_host_field	GUT	sample_fields	gut: feces, gut
PRJNA293625	fish Raw sequence reads	to elucidate the globefish intestinal microbiome	globefish	ena_host_field	GUT	sample_fields	gut: foregut, gut, hindgut
PRJNA1069780	metagenome from chicken feces	metagenome from chicken feces	Gallus gallus	ena_host_field	GUT	sample_fields	gut: feces, gut
PRJEB59350	deep shotgun DNA sequencing of 136 patientâs fecal samples (Parkinson vs Control)	This study includes deep shotgun DNA sequencing of 136 patientâs fecal samples (68 Parkinson vs 68 Control).	Homo sapiens	ena_study_text	GUT	sample_fields	gut: gut
PRJNA845803	Cattle virome metagenomics	Fecal virome	Grainfed Angus; Grassfed Angus	ena_host_field	GUT	sample_fields	gut: gut
PRJDB35189	Family Cohort Study Reveals Significant Fluctuations in Functional Microbiota in CRC (PRJCA038885)	This study examined the differences in gut flora between colorectal cancer (CRC) patients and their healthy partners. The study collected faecal samples from 41 CRC patients and 47 healthy partners for macro-genomic sequencing and bioinformatics analysis. The results of the study indicated that the intestinal flora of CRC patients had a significant increase in harmful bacteria and a decrease in beneficial bacteria. Specifically, bacteria associated with inflammation and cancer, such as Fusobacterium nucleatum and Bilophila wadsworthia, were found to be significantly more abundant in the gut flora of CRC patients, whereas bacteria with anti-inflammatory and metabolic functions, such as Phocaeicola and Roseburia intestinalis, were more abundant. Furthermore, the gut flora of healthy partners exhibited increased carbohydrate degradation, while the gut flora of CRC patients demonstrated enhanced amino acid metabolism. Subsequent association analyses indicated that a significantly higher proportion of strains within the CRC group exhibited a positive association with KEGG pathways that promote inflammation and activate cancer pathways. In contrast, strains within the healthy group demonstrated a positive association with pathways related to antimicrobial substance synthesis, lipid metabolism, amino acid metabolism and energy production. The findings of this study indicate that, despite the fact that patients suffering from CRC and healthy family members inhabit similar dietary and living environments, the presence of CRC significantly alters the composition and function of the intestinal flora, resulting in an increase in the abundance of harmful and cancer-promoting organisms, and a concomitant decrease in the abundance of beneficial bacteria. These findings provide new potential biomarkers and targets for intervention in the diagnosis and treatment of CRC.	Homo sapiens	ena_host_field	GUT	sample_fields	gut: gut
PRJEB90218	MPRINT - Mouse Maternal Antibiotics Transfer	Investigating effects of antibiotics exposure transplacentally, via breast milk, or by direct treatment	Mus musculus	ena_host_field	GUT	sample_fields	gut: feces, gut
PRJNA1232341	Piglet fecal microbial 16S rRNA sequencing data	16S rRNA sequencing data of fecal microorganisms of piglets at different ages and under different feeding methods (12d, 37d / sow milk, milk replacer). See the article for details.	Sus	ena_host_field	GUT	sample_fields	gut: colonic, gut
PRJEB86259	3D'omics: Histomonas challenge turkey trial	To be added	Gallus gallus	ena_host_field	GUT	sample_fields	gut: caecum, gut
PRJNA1119053	Generational study of hCom2 inoculated mouse	Metagenomic shotgun sequencing data of fecal samples from mice inoculated with hCom2 defined community. Data collected over 5 generations.	Mus musculus	ena_host_field	GUT	sample_fields	gut: stool
PRJEB106128	High-fat Diet Murine Fecal Metagenomics Dataset	Here, we present a longitudinal metagenomic dataset characterizing the impact of seven distinct high-fat diets on the murine gut microbiome over the course of one year. Shotgun metagenomic sequencing was performed on fecal samples collected at multiple timepoints, including baseline, during sustained high-fat feeding, and following dietary reversal to a low-fat control diet after four and nine months. This design enables the evaluation of both acute and long-term effects of dietary fat composition on microbiome structure and functional potential, as well as the persistence or reversibility of diet-induced microbiome changes. The study is integrated with complementary host- and metabolite-level measurements, providing a resource for investigating interactions between diet, the gut microbiome, and host physiology across time and dietary contexts.	Mus musculus	ena_study_text	GUT	sample_fields	gut: fecal, feces, gut
PRJNA1060484	Bacterial community of Misgurnus anguillicaudatus intestine Metagenome Metagenome	To inveatigate the changes in bacterial community structure of intestine after fecal microbiota transfer	fish	biome_label	GUT	sample_fields	gut: gut, intestinal, intestine
PRJNA640717	metagenomic sequencing in pork production chain	to learn the distribution of microbial diversity, antibiotic resistant genes, mobile genetic elements and virulence factors through the pork production chain	not applicable-XM19C1; not applicable-XM19E1; not applicable-XM19F1; not applicable-XM19F2; not applicable-XM19F7; not applicable-XM19M1; not applicable-XM19M2; not applicable-XM19M3; not applicable-XM19M4; not applicable-XM19W1	ena_host_field	GUT	sample_fields	gut: feces
PRJNA473126	Infant Diet and Maternal Gestational Weight Gain Influence Functional Maturation of the Infant Gut Microbiome	This is a short-read-sequence based longitudinal analysis of gut microbiome development in healthy twins 0-8 months of age in St Louis, Missouri.	Homo sapiens	ena_host_field	GUT	sample_fields	gut: gut
PRJNA692830	Whole genome metagenomic analysis of the gut microbiome in HIV-1 infected individuals on antiretroviral therapy	Gut microbiome plays a significant role in HIV-1 immunopathogenesis as well as in HIV-1-associated complications. Previous studies have mostly been based on 16S rRNA gene amplicon sequencing, which is limited in taxonomic resolution at bacterial genus level at best, and inferred functionality. In this study, we performed Shotgun metagenome sequencing in HIV-1 infected individuals on antiretroviral therapy.	Homo sapiens	ena_host_field	GUT	sample_fields	gut: feces
PRJEB9403	BAMBI__Baby_Associated_MicroBiota_of_the_Intestine_	Study to characterise the microbiota of preterm infants over time These data are part of a pre-publication release. For information on the proper use of pre-publication data shared by the Wellcome Trust Sanger Institute (including details of any publication moratoria), please see http://www.sanger.ac.uk/datasharing/	Homo sapiens	ena_study_text	GUT+OTHER	sample_fields	gut: feces, gut; other: sediment
PRJNA598414	Metagenomics uncover antibiotic resistance genes in pig and chicken Raw sequence reads	Metagenomics of antibiotic resistance genes	Sus scrofa; Gallus gallus	ena_study_text	GUT	sample_fields	gut: feces
PRJNA1036300	gut metagenome	Cecal and colonic feces of mice were collected from the Experimental Animal Facility of Central South University (Changsha, China).	mouse	ena_host_field	GUT	sample_fields	gut: feces
PRJNA656314	Environmental concentrations of antibiotics alter the zebrafish gut microbiome structure and potential functions	Gut microbiome samples from the control and antibiotic exposed zebrafish	Danio rerio	ena_host_field	GUT	sample_fields	gut: gut, stool
PRJNA494387	Beyond the tip of the iceberg: illuminating bacterial dark matter through a combination of metagenomics and culturomic approaches	Bacterial isolation through shotgun metagenomics data	Bos javanicus; Callimico goeldii; Cebuella pygmaea	ena_host_field	GUT	sample_fields	gut: fecal, feces
PRJEB58106	Study of the microbiome in relation to cognitive traits	Subjects with and without obesity were studied through a panel of different cognitive tests and gut microbiome composition and functionality. A total of >100 subjects were recruited for cognitive tests and microbiota analysis. Faecal samples were collected from those subjects. For all samples, the metagenomic taxonomic and gene shot-gun analysis of the microbiota was carried out by a metagenomic approach, using a shotgun sequencing with the Illumina NextSeq with 150 bp x2 chemistry.	Homo sapiens	biome_label	GUT	sample_fields	gut: gut
PRJNA1164203	Metagenomic sequencing of cynomolgus macaque stool	Intestinal lumen and faecal samples were collected from captive cynomolgus macaques aged 4-20 years. Intestinal content was obtained post-mortem from six regions (duodenum, jejunum, ileum, caecum, proximal colon, and distal colon). The samples were sequenced using Illumina metagenomic shotgun sequencing	Macaca fascicularis	ena_host_field	GUT	ena_study_text	gut: caecum, colon, duodenum, faecal, ileum, intestinal, jejunum, stool
PRJNA772888	Metagenomic analysis of environmental feces	Metagenomic comparison of microbiome in environmental feces of the Eurasian otter (Lutra lutra) and leopard cat (Prionailurus bengalensis) in Korea	Lutra lutra; Prionailurus bengalensis	ena_host_field	GUT	sample_fields	gut: feces
PRJEB6997	Gut and Oral Microbiome Dysbiosis in Rheumatoid Arthritis	Bacterial infection has long been implicated with rheumatoid arthritis (RA), but a systematic analysis of the probiotic and pathogenic microbiome in RA has been lacking. It is not clear whether and how the gut or oral microbial community is compositionally and functionally altered in RA, and whether and how the microbiota at different body sites overlap. Here we perform whole-genome shotgun sequencing for fecal, dental and salivary samples from a large cohort of RA patients, analyze metagenomic linkage groups to construct an RA classifier.	Homo sapiens	biome_label	GUT+OTHER	sample_fields	gut: gut, stool; other: oral
PRJDB6165	Aggregatibacter actinomycetemcomitans, gut microbiota in mice eating high fat diet	we examined the relationship between periodontal bacterial infection and clinical/biochemical parameters in 52 NAFLD patients. Anti-Aggregatibacter actinomycetemcomitans (Aa) antibody titers correlated positively with visceral fat, fasting plasma insulin, and HOMA-IR and negatively with the L/S ratio. C57BL/6J mice (8-weeks-old) were given Aa or saline (control) for 6 weeks, and were fed either normal chow (NCAa, NCco) or high-fat diet (HFAa and HFco).	Mus musculus	biome_label	GUT	sample_fields	gut: fecal, gut
PRJEB58777	Overcoming donor variability and risks associated with fecal microbiota transplants through bacteriophage-mediated treatments	Background: Fecal microbiota transplantation (FMT) and fecal virome transplantation (FVT, sterile filtrated donor feces) have been effective in treating recurrent Clostridioides difficile infections, possibly through bacteriophage-mediated modulation of the gut microbiome. However, challenges like donor variability, costly screening, coupled with concerns over pathogen transfer (incl. eukaryotic viruses) with FMT or FVT hinders their wider clinical application in treating less acute diseases. Methods: To overcome these challenges, we developed methods to broaden FVT's clinical application while maintaining efficacy and increasing safety. Specifically, we employed the following approaches: 1) Chemostat-fermentation to reproduce the bacteriophage FVT donor component and remove eukaryotic viruses (FVT-ChP), 2) solvent-detergent treatment to inactivate enveloped viruses (FVT-SDT), and 3) pyronin-Y treatment to inhibit RNA-virus replication (FVT-PyT). We assessed the efficacy of these processed FVTs in a C. difficile infection mouse model and compared them with untreated FVT (FVT-UnT), FMT, and saline. Results: FVT-SDT, FVT-UnT, and FVT-ChP reduced the incidence of mice reaching the humane endpoint (0/8, 2/7, and 3/8, respectively) compared to the FMT, FVT-PyT, and saline control (5/8, 7/8, and 5/7, respectively) and significantly reduced the load of colonizing C. difficile cells and toxin A/B levels. There was a potential elimination of C. difficile colonization, with 7 out of 8 mice treated with FVT-SDT testing negative with qPCR. In contrast, all other treatments exhibited the continued presence of C. difficile. Moreover, the results were supported by changes in the gut microbiome profiles, cecal cytokine levels and histopathological findings. Assessment of viral engraftment following FMT/FVT treatment and host-phage correlations analysis suggested that transfer of phages likely were an important contributing factor associated with treatment efficacy. Conclusions: This proof-of-concept study show that specific modifications to FVT hold promise in addressing challenges related to donor variability and infection risks. Two strategies lead to treatments significantly limiting C. difficile colonization in mice, with solvent/detergent treatment and chemostat-propagation emerging as promising approaches.	Mus musculus	ena_study_text	GUT	sample_fields	gut: gut
PRJNA631724	Metagenomic analysis of mosquito excreta for environmental virome sampling	Traditional testing for arboviruses in mosquitoes requires a priori knowledge and choosing appropriate assays for their detection. Mosquitoes can potentially provide a lot of additional information, including other unexpected or unknown arboviruses, and their own genetic material. Moreover, mosquitoes in effect act as environmental samplers, taking blood from the hosts they feed upon. These blood samples could potentially be infected with other pathogens that are not necessarily mosquito-transmitted. The goal of this study was to evaluate the application of metagenomic analysis of mosquito excreta for virus detection and virus discovery.	Mosquito	ena_study_text	GUT	sample_fields	gut: feces
PRJNA376566	preterm infant gut metagenomes (S2_2013 and NIHY2_2012 cohorts)	The data was generated to characterize colonization patterns in the preterm infant gut.	Homo sapiens	ena_host_field	GUT	sample_fields	gut: fecal, gut
PRJNA786887	Effect of dietary protein on the fecal microbiome in cats	Fecal microbiome in cats	Felis catus	ena_study_text	GUT	ena_study_text	gut: fecal
PRJNA813004	gut metagenome	Xinjiang brown cattle, Angus cattle, Gut microbiota	Angus cattle; Xinjiang brown cattle	ena_host_field	GUT	sample_fields	gut: feces
PRJNA1055599	Effects of Supplementing Growing-Finishing Crossbred Pigs with Glycerin, Vitamin C and Niacinamide on gut microbiota	Effects of Supplementing Growing-Finishing Crossbred Pigs with Glycerin, Vitamin C and Niacinamide on gut microbiota	Sus scrofa	ena_study_text	GUT	sample_fields	gut: feces
PRJEB39955	The dynamic changes of gut microbiota during the perinatal period in sows	The dynamic changes of gut microbiota during the perinatal period in sows	Sus scrofa	biome_label	GUT	sample_fields	gut: gut
PRJNA946383	Microbial community diversity and structure in the cecum of laying hens with and without mannan-rich fraction supplementation	Microbial community diversity and structure in the cecum of laying hens with and without mannan-rich fraction supplementation	Gallus gallus	ena_host_field	GUT	sample_fields	gut: gut
PRJNA339914	Vertical Transmission Pilot	This is a pilot study whose aim is to assess the feasibility of strain-level tracking of microbiome members shared by mothers and their children.	Homo sapiens	ena_host_field	GUT	sample_fields	gut: gut
PRJEB77081	Role of Bile Salt Hydrolase (BSH) Overexpression in Polycystic Ovary Syndrome (PCOS) - LET COHORT 3	OBJECTIVE: This study investigates the mechanistic role of gut microbial bile acid modifications on the metabolic and reproductive features of Polycystic Ovary Syndrome (PCOS). MATERIALS AND METHODS: We compared two PCOS-like mouse models using (1) 5 week daily oral gavage of letrozole (LET), and (2) 90 day subcutaneous release of dihydrotestosterone (DHT). We introduced a stably colonized engineered native bacteria (ENB) that overexpresses bile salt hydrolase (BSH) using a single oral gavage, thus facilitating bile acid deconjugation in the gut and changing the luminal bile acid pool, verified by targeted metabolomics. We analyzed the estrous cycle through vaginal cytology, and collected serum and reproductive tissues to measure hormone levels and evaluate ovarian histology. We assessed metabolic phenotype through an insulin tolerance test, EchoMRI body compositional analysis, and fasted and fed levels of insulin, glucose, and incretins. Stool was collected for 16S and untargeted metabolomics, and liver for RNA-seq. RESULTS: Both DHT and LET mouse models mimic the metabolic and reproductive features of PCOS, including insulin resistance, hyperglycemia, anovulation, cystic follicles, and hyperandrogenism. Increased adiposity was observed in the DHT model but not in the LET model, presenting both lean and obese models of PCOS. Introduction of BSH-expressing ENB restored insulin sensitivity and blood glucose levels in the LET mice without significant change in adiposity. BSH-treated LET mice also had decreased ovary weights and a decrease in serum luteinizing hormone (LH) levels with no change in follicle-stimulating hormone (FSH) levels. Stool metabolomics and 16S analyses are ongoing to characterize differences between conditions in each model at the level of the gut. CONCLUSIONS: Taken together, these results suggest that microbiome modulation of bile acids plays a key role in the pathogenesis of PCOS. Comparison of lean and obese models of PCOS provide clues about the role of adiposity in altered insulin signaling and other manifestations of the syndrome. Additionally, differential modulation of LH and FSH implicate non-hypothalamic modulation by bile acid signaling, perhaps at the site of the ovaries or liver. IMPACT STATEMENT: Despite affecting 10-15% of reproductive age women, PCOS is not well understood and often ineffectively treated. Common interventions like weight loss can be unattainable, or an infeasible solution, particularly for those with insulin resistance independent of obesity. This study illustrates the potential of the gut microbiome as a diagnostic tool and/or therapeutic target for PCOS, and reveals novel crosstalk between the microbiome, gut, and HPG axis.	Mus musculus	ena_host_field	GUT	sample_fields	gut: feces, gut
PRJNA1215014	Piglet colon digesta sample, microbial 16S rRNA sequencing raw data	Piglet colon digesta sample, raw data of microbial 16S rRNA V4 region sequencing	Sus	ena_host_field	GUT	sample_fields	gut: colonic, gut
PRJNA974554	feces metagenome Genome sequencing	human feces 16s rDNA	Homo sapiens	ena_host_field	GUT	sample_fields	gut: feces
PRJNA1039141	Pig metagenomic sequencing	Metagenomic sequencing for Pigs	Sus scrofa	ena_host_field	GUT	sample_fields	gut: feces, gut
PRJEB105017	Metagenomic analyses of laboratory gnotobiotic mice	Gnotobiotic animal models have become valuable tools to assess the role of microbiota on host health and disease development. Hygienic monitoring of germ-free and defined colonized mouse colonies is an extraordinary challenge. Here, we compared the metagenome data output of gnotobiotic mice associated with distinct microbial communities.	Mus musculus	biome_label	GUT	sample_fields	gut: cecal, feces, gut
PRJEB1690	This is a metagenomic study to investigate the microbial community and metabolic functions of Korean twin pairs.	This is a metagenomic study to investigate the microbial community and metabolic functions of Korean twin pairs. Fecal samples from 10 twin pairs were collected once and those of 8 pairs were collected twice with an average interval between sampling of about 2 years. Whole genome shotgun (WGS) sequencing was performed in a total of 36 fecal samples.	Homo sapiens	ena_study_text	GUT	sample_fields	gut: gut
PRJNA1454930	Gut meta genome	In this experiment, 10 healthy Hezuo pigs aged 75 days were selected and raised at Shengyuan Breeding Farmers' Professional Cooperative in Niao Township, Diebu County, Gansu Province under a semi-grazing system.After the pigs defecated, fresh fecal samples from the inner part of the feces were quickly collected.	Sus scrofa	ena_host_field	GUT	sample_fields	gut: gut
PRJNA704780	Gut microbiome - Chicken Abdominal Fat Deposition	Specific Microbial Taxa and Functional Capacity Contribute to Chicken Abdominal Fat Deposition	Gallus gallus	ena_host_field	GUT	sample_fields	gut: caecal, gut
PRJNA1147314	Clearing the air on pollutant disruptions of the gut-brain axis: Developmental exposure to Benzo[a]pyrene disturbs zebrafish behavior and the gut microbiome in adults and subsequent generations	Developmental exposure to benzo[a]pyrene (BaP), a ubiquitous environmental pollutant, has been linked to various toxic effects, including neurodegenerative disorders and, most recently, multigenerational behavioral impairment. While the specific mechanisms driving BaP neurotoxicity are not fully understood, recent work highlights two important determinants of developmental BaP neurotoxicity: (1) the aryl hydrocarbon receptor (AHR), which is responsible for inducing host metabolism of BaP, and (2) the gut microbiome, which may interact with BaP to affect its metabolism, or be perturbed directly by BaP to yield disruptions to the gut-brain axis. To explore the role of AHR, the gut microbiome, and their interaction on BaP-induced neurotoxicity, we utilized the zebrafish model. We sought to determine (1) how exposure to BaP and developmental expression of AHR2, a key gene in the zebrafish AHR pathway, link to adult zebrafish behavior, (2) how these same variables associated with the structure and function of the adult zebrafish gut metagenome, and (3) whether these associations were multigenerational. This finding revealed a reticulated axis of association between BaP exposure, developmental AHR2 expression, the zebrafish gut metagenome, and behavior. Our results also indicate that AHR2 is a key mediator of how BaP elicits neurotoxicity and microbiome dysbiosis. Additionally, this axis of association manifests inter- and transgenerationally, suggesting that exposure to BaP may yield dysbiotic and neurodevelopmental impacts on subsequent generations. These findings demonstrate the power of utilizing the zebrafish model to study pollutant-metagenome interactions and elucidate the role of specific host genes in the neurotoxicity and dysbiosis.	Danio rerio	ena_host_field	GUT	sample_fields	gut: gut, stool
PRJNA736861	Different source of pectin	The gut microbes changes effected by different source of pectin	Homo sapiens	ena_host_field	GUT	sample_fields	gut: feces
PRJEB26512	Identifying determinants of bacterial fitness in a model of human gut microbial succession	Human gut microbiota development has been associated with healthy growth but understanding the determinants of community assembly and composition is a formidable challenge. We cultured bacteria from serially-collected fecal samples from a healthy infant 34 sequenced strains containing 103,102 genes were divided into two consortia representing earlier and later stages in community assembly during the first 6 postnatal months. The two consortia were introduced alone (singly), or sequentially in different order, or simultaneously into young germ-free mice fed human infant formula. The pattern of fitness of bacterial strains observed across the different colonization conditions indicated that later phase strains substantially out-compete earlier phase strains, although four early phase members persist. Persistence was not determined by order of introduction, suggesting that priority effects are not prominent in this model. To characterize succession in the context of the metabolic potential of consortium members, we performed in silico reconstructions of metabolic pathways involved in utilization of mono-, di- and oligosaccharides, and amino acid and B-vitamin biosynthesis, then quantified the fitness (abundance) of strains in serially-collected fecal samples, their transcriptional responses to different histories of colonization. Applying feature-reduction methods disclosed a set of metabolic pathways whose presence and/or expression correlates with strain fitness and that enable early stage colonizers to survive during introduction of later colonizers. In principle, the approach described can be used to study various ecological processes that govern gut community assembly and to facilitate development of microbiota-directed therapeutics.	Mus musculus	biome_label	GUT+OTHER	sample_fields	gut: cecal, fecal, gut, intestinalis, intestinibacter; other: salivarius, vaginalis
PRJEB83610	The impact of environmental pollution on the gut microbiome of Tanzanian goats	Background: The impact of environmental pollution reaching and affecting the gut microbiome is rising. Pollution from vehicle emissions can release compounds harmful to both animal and environmental health, particularly in understudied sites. Result: Here, we have investigated the potential effect of environmental pollution on the gut microbiome of Tanzanian goats grazing near a heavily trafficked road compared to goats living in a more rural setting. We identified 1,468 MAGs (of which 768 were novel species) and created a genomic database to which 52% of the bacterial community could be assigned. We find significant differences in the composition of the bacterial communities and resistomes between rural and road exposed goats, but not a major difference in AMR abundance. Genes involved in pollutant biodegradation were significantly more abundant in the microbiome of goats grazing along the road. This includes genes involved in degradation of naphthalene and toluene (both present in motor vehicle exhaust), as well as the detoxification enzyme, glutathione S-transferase. Conclusion: These findings suggest living near a heavily trafficked road selects for xenobiotic degrading function within the goat gut microbiome, which might aid the host in detoxification of these compounds.	Capra	ena_host_field	GUT	sample_fields	gut: faeces
PRJNA255936	Fermentation sample pig feces Metagenome	In vitro fermentation of pig feces to study nutritional treatments	Sus scrofa	ena_host_field	GUT	sample_fields	gut: gut
PRJNA630862	Pig gut microbiome and its relationship with host weight	This dataset is composed of ten samples collected from pigs weighing 30kg and 90kg, respectively.	Sus scrofa	ena_host_field	GUT	sample_fields	gut: gut
PRJNA643301	porcine virome	Samples of fecal matter from piglets with and without diarrhea were taken in the nursing farms, then followed at the nursery farms and twice in their fattening farms, at the beginning and at the end. The objective of the study was to sequence the virome of these pigs and characterize the viruses from piglets with and without diarrhea and from each of the 4 life stages.	Sus scrofa domesticus	ena_host_field	GUT	sample_fields	gut: feces, gut
PRJNA1254096	Metagenomic sequencing on the gut microbiota of Three Indigenous Fish Species from the Kizil River, Xinjiang	Gut microbiota of three indigenous fishes (Schizothorax biddulphi, Diptychus maculates Steindachner, Triplophysa yarkandensis) in Xinjiang Kizil River was investigated by metagenomics to understand and compare theirs taxonomic composition and functional capabilities.	Diptychus maculatus; Schizothorax biddulphi; Triplophysa yarkandensis	ena_host_field	GUT	sample_fields	gut: gut
PRJEB59119	Quantitative PCR versus metagenomics	The widespread occurrence of clinically relevant antibiotic resistance within humans, animals and environment continuum considered in the One Health approach, motivates the development of sensitive and accurate detection and quantification methods. Metagenomics and quantitative PCR (qPCR) are amongst the most used approaches, and often employed for distinct purposes. In this study, we aimed to evaluate and compare the performance of metagenomics and qPCR analyses to screen antibiotic resistance genes in animal faecal, wastewater and water samples. Water and wastewater samples were from hospital effluent, from two treatment plants at different treatment stages, and from the receiving river up- and downstream the discharge point. The animal faecal samples were from varying mixture of pig and chicken faeces. Antibiotic resistance gene coverage, sensitivity, and usefulness of the quantitative information produced were analysed and discussed. While both methods were able to distinguish the distinct resistome profiles and detect the gradient stepwise mixture of pig and chicken faeces, qPCR presented higher sensitivity for the detection of a number of antibiotic resistance genes in water/wastewater. In addition, qPCR had higher accuracy when predicted and observed antibiotic resistance gene quantification values were compared. Metagenomics analyses, while less sensitive, were able to provide a markedly higher coverage of antibiotic resistance genes compared to qPCR in all samples. The results highlight the complementarity of both methods and show the importance of the selecting the best method according to the study purpose.	Sus scrofa; Gallus gallus	ena_study_text	GUT+OTHER	sample_fields	gut: feces; other: wastewater
PRJNA787952	Raw_metagenomic_sequencing_for_Pediatrics_Gut_Decontamination_NCT02641236	A Randomized Phase 2 Study to examine the impact of gut decontamination (GD) with oral vancomycin-polymyxin B on the intestinal microbiome composition in pediatric patients undergoing allogeneic hematopoietic cell transplant (allo-HCT). Exploratory aims look at clinical outcomes including acute graft-versus-host disease (aGVHD) and the risk of bloodstream infections (BSI).	Homo sapiens	ena_host_field	GUT+OTHER	sample_fields	gut: gut; other: blood
PRJEB26596	Investigating short- and long-term genome evolution of commensal bacteria using the Oligo-MM community	The functionality of the mammalian intestinal ecosystem is influenced by various host and external factors, affecting the composition, gene expression and evolution of the microbial community over time. In particular, bacterial genome evolution is mostly driven by small additive mutations and horizontal gene transfer (HGT), events which are normally selected for in the course of environmental changes.We have previously established a defined consortium of 12 cultivable murine isolates (Oligo-MM) in a gnotobiotic mouse model to study the role of the gut microbiota and its association with diseases. We now aim to use this model for investigating short- and long-term genome evolution of commensal bacteria, and for delineating microbiota-associated functions and metabolic potential in their natural host.	Mus musculus	ena_study_text	GUT	sample_fields	gut: gut
PRJEB97391	Gut microbiome repopulation through SCFA cross-feeding shapes community dynamics and alleviates IL-22âmediated colitis	Gut microbiome repopulation through SCFA cross-feeding shapes community dynamics and alleviates IL-22âmediated colitis	Mus musculus	biome_label	GUT	sample_fields	gut: fecal, gut
PRJNA1055184	Prokaryotic microbial communities of the Ileal digesta of Gallus gallus domesticus	Ileal samples from hens across 2 housing system at 2 ages.	Gallus gallus	ena_host_field	GUT	sample_fields	gut: digesta, gut, ileal
PRJNA1050241	Effect of diet on chicken cecal microbiome	This study investigated the microbiome of chicken cecal contents after receiving five different diets. Samples were collected on 28 or 42 days of the diet treatment.	Gallus gallus	ena_host_field	GUT	sample_fields	gut: gut
PRJDB36916	Gut metagenomic data for sepsis patients (PRJCA040720)	This study contains gut metagenomic data for sepsis patients.	Homo sapiens	ena_host_field	GUT	sample_fields	gut: gut
PRJNA590977	gut metagenome Genome sequencing and assembly	Shotgun metagenome of horse feces	Equus ferus caballus	ena_host_field	GUT	sample_fields	gut: feces, gut
PRJNA1205011	gut microbial community	cold-water fish gut microbial community	fish	ena_host_field	GUT	sample_fields	gut: gut
PRJNA760651	Exploring the possible link between the gut microbiome and fat deposition in pigs	Lipid accumulation and high oxidative stress has become a serious health and economic problem in pig production. Fatness traits are very important in pig production since they are closely related to meat quality. Gut microbiome is generally recognized as a factor in fat deposition. However, the linkage of gut microbiota with fat accumulation in pigs remains elusive. To investigate the association among gut microbiome, lipogenic characteristics, and oxidative stress in Jinhua pigs, we selected 5 high-fat pigs and 5 low-fat pigs from 60 250-day-old Jinhua pigs in the present study and collected colon contents for metagenomic analysis, serum samples for the oxidative stress assay, and liver and abdominal fat tissues for RT-qPCR analysis.Collectively, this study would give a deep insight into how gut microbiome influence fat deposition in Jinhua pigs and would give a hint for improving growth performance and fatness traits by manipulating gut microbiome.	Jinhua pig	ena_host_field	GUT	sample_fields	gut: gut, intestinal
PRJNA991276	pig gut metagenome Raw sequence reads	normal metagenomic sequencing of pig feces	Sus scrofa	ena_host_field	GUT	sample_fields	gut: feces, gut
PRJNA948893	Acrossocheilus fasciatus Transcriptome or Gene expression	In this experiment, two treatment groups were set up, namely control group (ordinary water quality) and copper exposure group (0.04mg/L). After 8 weeks of feeding, gene expression in the transcriptomes was measured	Acrossocheilus fasciatus	ena_host_field	GUT	sample_fields	gut: gut, intestine_1, intestine_2, intestine_3, intestine_4, intestine_5, intestine_6
PRJNA1092431	Murine gut microbiome and propionic acid	The aim of this study was to elucidate the effects of propionic acid (PPA) on the gut microbiome of progeny mice. Mice were an untreated diet or one containing PPA at levels similar to those used in industry. Fecal pellets were collected at 5 months of age and microbial composition was assessed.	Mus musculus	ena_host_field	GUT	sample_fields	gut: gut, stool
PRJNA1063657	Intestinal metagenomic data of migratory birds	Metagenomic sequencing of relict gulls, Anatidae and environmental samples	Larus relictus; Anatidae	ena_study_text	GUT	ena_study_text	gut: intestinal
PRJDB14208	Relationship between Ureaplasma in gastric fluid of neonates with respiratory distress and chorioamnionitis	For neonates hospitalized to the neonatal intensive care unit, respiratory distress is common. Infectious disorder may causes the disease although pathogens in are often unable to be diagnosed. Neonates with respiratory distress were prospectively recruited. Microbial DNA in plasma and gastric fluid samples were analyzed using next-generation sequencing (NGS). The human genome sequences were excluded from all FastQ. Thirty plasma and 25 gastric fluid samples from 30 neonates were analyzed. Eight cases of chorioamnionitis were pathologically diagnosed. Putative pathogens were not detected in all plasma samples. The neonates were divided into three groups based on the characteristics of the gastric fluid, and the rate of chorioamnionitis was significantly higher in the group in which Ureaplasma was indicator genus. In neonates with respiratory distress, gastric fluid was more useful as a sample than plasma. Early detection of intra-amniotic infections due to Ureaplasma using gastric fluid may influence the treatment strategy for neonates with respiratory distress.	Homo sapiens	ena_host_field	GUT+OTHER	sample_fields	gut: gut; other: blood, plasma
PRJEB55462	Hong Kong Travelers gut microbiota shotgun metagenomic sequence	306 shotgun metagenomic sequences from fecal samples of travelers. Samples were collected at 4 different timepoints, including before travel (T0), after travel (T1), during the first COVID19 pandemic wave in Hong Kong (T2) and the fifth pandemic wave (T3).	Homo sapiens	biome_label	GUT	sample_fields	gut: gut
PRJNA694380	Metagenomics of antimicrobial and heavy metal resistance in the cecal microbiome of fattening pigs raised without antibiotics	The comparative study of microbial profile, AMR genes, and MRGs from cecal contents obtained from fattening pigs raised with and without antibiotics.	Sus scrofa domesticus	ena_host_field	GUT	sample_fields	gut: cecum, gut
PRJNA908720	canine metagenome Genome sequencing	For viral metagenomic analysis,from 2020 to 2021, 780 fecal samples of healthy dogs, 170 fecal samples of diseased dogs were collected from Yuzhu Tibetan Autonomous Prefecture of Qinghai Province, China and 840 fecal samples of healthy dogs and 180 fecal samples of diseased dogs were collected from Gulo Tibetan Autonomous Prefecture of Qinghai Province, China, for a total of 1970 samples. Samples were randomized faccording to region and level of health.The fecal samples were individually homogenized with a mortar and pestle, resuspended in 1 mL DPBS, and then frozen and thawed rapidly three times on dry-ice. The supernatants were then collected after centrifugation (10 min, 15,000 g). Supernatants were filtered through a 0.45-mm filter (Millipore) to remove eukaryotic- and bacterial cell-sized particles, and 200 uL of supernatant from each pool was then subjected to a mixture of nuclease enzymes to reduce the concentration of free (non-viral encapsidated) nucleic acids. Remaining total nucleic acid was then isolated using QIAamp MinElute Virus Spin Kit according to manufacturer's protocol. One hundred and ninety-seven libraries were then constructed using Nextera XT DNA Sample Preparation Kit (Illumina) and sequenced using the NovaSeq 6000 Illumina platform with 250 bases paired ends with dual barcoding for each pool.	Canine	ena_host_field	GUT	sample_fields	gut: feces
PRJNA347599	manure metagenome Raw sequence reads	We analyzed the antibiotic effects on gut microbiota in broiler chickens over a full-treatment course of chlortetracycline at two doses (low dose and therapeutic dose) using metagenome-wide analysis.	Gallus gallus	ena_host_field	GUT	sample_fields	gut: gut
PRJNA447857	Cuatro Cienegas viral metagenome	In this study, we tested whether the large biodiversity and geographic structure of CCB is reflected in its virome. CCB is an extraordinarily biodiverse oasis in the Chihuahuan desert, where a previous virome study suggested that viruses had followed the marine ancestry of the marine bacteria and as a result of their long isolation, became endemic to the site. In this study, which includes a larger sequencing coverage and water samples from other sites within the valley, we confirmed the virus large biodiversity and uniqueness, as well as the strong biogeographical diversification of the CCB. In addition, we also analyzed fish intestinal contents, finding that each fish species eat different preys and, as a result, they present different viral compositions even if they coexist in the same pond. These facts highlight the high and novel virus diversity of CCB and its âlost worldâ status.	Fish; Hemichromis guttatus Fish	ena_host_field	GUT	sample_fields	gut: gut
PRJEB50568	Pediatric gut resistome	Pediatric gut resistome in periurban and rural comunities near Quito, Ecuador	Homo sapiens	ena_study_text	GUT	sample_fields	gut: gut
PRJEB37731	Effects of the menstrual cycle and hormonal contraceptives on the human microbiome	Oral, vaginal, rectal and fecal samples from 160 healthy young women under different contraceptive regimens over the course of a full menstrual cycle. * Rectal swabs: one per woman, in the menstrual phase * Saliva samples: 3 per woman (menstrual, follicular, luteal) * Fecal samples: 3 per woman (menstrual, follicular, luteal) * Vaginal samples: 3 per woman (menstrual, follicular, luteal) * Vaginal samples: 39 amplicon samples over a 6 week period, 15 women * Vaginal samples: 28 shotgun samples over a 4 week period, 49 women	Homo sapiens	biome_label	GUT+OTHER	sample_fields	gut: feces, gut, rectum; other: mouth, oral, vagina, vaginal
PRJEB46806	Gut microbiota linked with reduced fear of humans in Red Junglefowl has implications for early domestication	Domestication of animals can lead to profound phenotypic modifications within short evolutionary time periods, and for many species behavioural selection is likely at the forefront of this process. Animal studies have strongly implicated that the gut microbiome plays a major role in host behaviour and cognition through the microbiome-gut-brain axis. Consequently, we hypothesise that host gut microbiota may be one of the earliest phenotypes to change as wild animals are domesticated. Here, we examine the gut microbiome community in two selected lines of red junglefowl (the ancestors of domestic chickens), that were selected for either high or low fear of humans up to eight generations. Microbiota profiles revealed taxonomic differences in gut bacteria known to produce neuroactive compounds between the two selection lines. Gut-brain module analysis by means of genome-resolved metagenomics identified enrichment in the microbial synthesis and degradation potential of metabolites associated with fear extinction and reduced anxiety-like behaviours in low fear fowls. In contrast, high fear fowls were enriched in gut-brain modules from the butyrate and glutamate pathways, metabolites associated with fear conditioning. Overall, our results identified differences in the composition and functional potential of the gut microbiota across selection lines that might provide insights into the mechanistic explanations of the domestication process.	Gallus gallus	ena_study_text	GUT	sample_fields	gut: gut
PRJNA1298833	Effects and microbiota changes following oral lyophilized fecal microbiota transplantation capsules in canine with chronic enteropathy: A case report	The utilization of FMT in the management of canine chronic diarrhea was subjected to a comprehensive evaluation that encompassed clinical, laboratory, and macro-genomic analyses.	Canis lupus familiaris	ena_host_field	GUT	sample_fields	gut: feces
PRJDB10829	Generic sample from human gut metagenome	Total microbial community DNA was isolated from the fecal samples of Japanese patients who underwent colonoscopy at National Cancer Research Center. The study population contains CRC and postoperative patients.	Homo sapiens	ena_host_field	GUT	sample_fields	gut: gut
PRJNA559605	Gut microbiome of Panthera (P. pardus, P. tigris, P. leo)	The gut metagenomic composition of Panthera species of Indian origin was characterized by sequencing of the metagenome on Illumina NextSeq 500 platform. For bacteria, V3 hypervariable region of 16S rRNA gene was amplified and sequenced. For fungi, ITS-1 region was amplified and sequenced. The complete bacterial and viral metagenomic DNA was also sequenced.	Indian leopard; Panthera leo; Panthera tigris tigris	ena_host_field	GUT	sample_fields	gut: feces, gut
PRJDB2552	Metgenomic analysis of human gut microbiome in patients with multiple sclerosis (MS).	13 individual of Japanese patients with multiple sclerosis. Microbial DNA was sequenced using a 454 GS FLX titanium (Roche).	Homo sapiens	biome_label	GUT	sample_fields	gut: gut
PRJNA1116578	Gut microbiome profiling of Alzheimer's disease	Comprehensive characterize the landscape of gut microbiome of Alzheimer's disease	Mice	ena_host_field	GUT	sample_fields	gut: feces, gut
PRJEB81553	Project 3 5XFAD Aim 1-Alzheimers Gut Microbiome Project	Sensory and molecular signals from the environment influence brain activity and help shape psychological or physical responses. The gastrointestinal (GI) tract represents our largest portal to the molecular world around us, and sends signals that travel to all organs of the body that impact their function, including the brain. Conduits used for gut-to-brain communication include, among others, metabolites produced in the gut that may activate the enteric nervous system (ENS) and signal via the vagus nerve, or molecules may even reach the brain through systemic circulation. However, there is remarkably little known about the cellular and molecular mechanisms that connect the gut to the brain. Further, if indeed the flow of complex signals from the gut modulates brain activity, perhaps changes due to altered environments may result in deviations from brain health. Humans share an intimate and life-long association with multitudes of resident microbial species, known as the microbiome, which represents a potentially strong environmental factor in may diseases. Gut bacteria regulate nutrition and metabolism, and orchestrate the development and function of the immune system. Intriguingly, the community structure and composition of the gut microbiome is altered in neurologic conditions such as anxiety, depression, autism spectrum disorder (ASD), schizophrenia, Parkinsonâs disease (PD) and Alzheimerâs disease (AD). Whether these changes are a consequence of disease or a contributor remain entirely unknown. Studies that distinguish correlation from causation are both challenging and unjustified in humans. Thus, we propose to study the functional contributions of the human microbiome in novel mouse models of AD to test the hypothesis that microbial signals that travel from the gut to the brain promote neuroimmune activation, pathology, and symptoms of neurodegeneration. While basic and clinical research is rapidly defining the pathophysiology of AD, the cause(s) of most cases remain unknown. Thus, even the best medicines, which are relatively ineffective or have severe side effects, only address symptoms and are not disease-modifying. We provide seminal evidence that the gut microbiome is a key contributor to the pathology of AD using mouse models, offering entirely novel perspectives into disease etiology. Unraveling gut-microbiome-brain connections holds the promise of transforming the neurosciences and revealing potentially revolutionary diagnostics and treatments for Alzheimerâs disease.	Mus musculus;Mus musculus castaneus	ena_host_field	GUT	sample_fields	gut: feces, gut
PRJNA1026631	Female Urogenital & Rectal Microbiomes of Individuals with UTI Symptoms Metagenome	This study is aimed at identifying the microbes in urogenital samples as well as a rectal swab of females with UTI symptoms.	Homo sapiens	ena_host_field	GUT+OTHER	sample_fields	gut: feces, rectal; other: urine
PRJNA290684	bacteria Raw sequence reads	Bacteria involved in swine health and microbial degradation of swine feces in the piggery bedding	Sus scrofa	biome_label	GUT	sample_fields	gut: gut
PRJEB20308	Similarity of the dog and human gut microbiomes in gene content and response to diet	Gut microbes influence their hosts, modulating the link between diet and obesity. Here we study the relationship between the gut metagenomes of dogs, humans, mice, and pigs. By building a gene catalog (containing 1,247,405 genes) we show that the dog microbiome is closer to the human microbiome than the pig or mice microbiomes in gene content. We further demonstrate the similarity of the dog microbiome to the human one with a randomized trial of two diets (high-protein/low-carbohydrate vs. lower-protein/higher-carbohydrate). Diet has a large, reproducible, effect on the microbiome, independent of dog breed or sex. Diet responses were in agreement with those observed in previous human studies, leading to the conclusion that findings in dogs may be predictive of human microbiome results. In particular, a novel finding is that overweight or obese dogs experience larger compositional shifts than lean dogs in response to a high protein diet.	Canis lupus familiaris	ena_host_field	GUT	sample_fields	gut: gut
PRJDB18359	Gut microbiota of dietary intervention study	Shotgun metagenomic sequence of gut microbiota of dietary intervention study UMIN000047018: a study on the factors affecting the variation of energy balance focusing on the digestion and absorption rate.	Homo sapiens	ena_host_field	GUT	sample_fields	gut: feces, gut
PRJEB38343	The microbiome of deep-sea fish reveals new microbial species and a sparsity of antibiotic resistance genes	Adaptation to life in the deep-sea can be dramatic, with fish displaying behaviors and appearances unlike those seen in any other aquatic habitat. However, the extent of which adaptations may have developed at a microbial scale is not as clear. Shotgun metagenomic sequencing of the intestinal microbiome of 32 species of deep-sea fish from across the Atlantic Ocean revealed that many of the associated microbes differ extensively from those previously identified in reference databases. 111 individual metagenome-assembled genomes (MAGs) were constructed representing individual microbial species from the microbiomes of these fish, many of which are potentially novel bacterial taxa and provide a window into the microbial diversity in this underexplored environment. These MAGs also demonstrate how these microbes have adapted to deep-sea life by encoding a greater capacity for several cellular processes such as protein folding and DNA replication that can be inhibited by high pressure. Another intriguing feature was the almost complete lack of genes responsible for acquired resistance to known antibiotics in many of the samples. This highlights that deep-sea fish microbiomes may represent one of few animal-associated microbiomes with little influence from human activity. The ability of the microbes in these samples to bioluminesce is lower than expected given predictions that this trait has an important role in their life cycle at these depths. The study highlights the uniqueness, complexity and adaptation of microbial communities living in one of the largest and harshest environments on Earth.	fish	biome_label	GUT+OTHER	sample_fields	gut: gut; other: seawater, water
PRJNA1148165	Gut metagenomic samples of IBD patients	This dataset comprises metagenomic sequencing data from fecal samples of patients with Inflammatory Bowel Disease (IBD).	Homo sapiens	ena_host_field	GUT	sample_fields	gut: gut
PRJDB36826	Metagenomic data of the gut microbiota in healthy young individuals (PRJCA040384)	This project encompasses metagenomic sequencing data derived from fecal samples of healthy individuals aged 20 - 25 years. The data underwent rigorous quality control. Post-quality control, the sequencing reads were aligned to the host genome to remove those that matched the host genome. Subsequently, taxonomic classification was performed using a customized Kraken2 microbial database.	Homo sapiens	ena_host_field	GUT	sample_fields	gut: gut
PRJNA1264679	pig_cecum_content_metagenome Raw sequence reads	This project includes raw metagenomic sequence data obtained from pig cecal content. The study aims to characterize microbial communities and functional pathways in the hindgut.	Sus scrofa	ena_host_field	GUT	sample_fields	gut: cecum, gut
PRJNA874500	Broiler chicken gut ileum mucosa/lumen microbiota reads	Broiler Chicken's ileum microbiota DNA, sequenced by Illumina, aimed to find the difference between Mucosa and Lumen microbiota, and the difference before/after MCE intake (did not used in article). Sample name description: N/M stands for control group/MCE intake group (only used N group in article),01~06 stands for sample serial number, Lu/Mu stands for lumen/mucosa microbiota. Not all sequenced data were used in our article.	Gallus gallus	ena_host_field	GUT	sample_fields	gut: gut, ileum
PRJNA1049198	Metagenomic next-generation sequencing (mNGS) of the chicken ileum and cecum	Exploring the impact of probiotic Enterococcus strain carrying multiple Antibiotic Resistance Genes (ARGs) on the intestinal Microbiota and Resistome in Chickens.	Gallus gallus	ena_host_field	GUT	sample_fields	gut: cecal, gut, ileal
PRJNA544874	Microbiome analysis of mice in association with graft-vs-host disease	The study was designed to determine what effect cohousing mice before and/or after hematopoietic stem cell transplant had on their susceptibility to GVHD. Three alternative experimental scenarios were used: cohousing pre- and post-transplant, pre-transplant only and post-transplant only. Faecal samples were collected pre- and post-cohousing and pre- and post-transplant. Metegenomic sequencing was used to assess bacterial community composition at each time point.	Mus musculus	ena_host_field	GUT	sample_fields	gut: feces
PRJDB34615	koala gut metagenomic data (PRJCA036472)	82 fecal samples from captive koalas	Phascolarctos cinereus	ena_host_field	GUT	sample_fields	gut: gut
PRJNA356225	human gut metagenome Metagenome	This study presented the bacterial diversity of human stool sample from the Vogt-Koyanagi-Harada disease patients in Chinese population	Homo sapiens	ena_host_field	GUT	sample_fields	gut: gut
PRJDB13194	Predation on juvenile chum salmon Oncorhynchus keta by chub mackerel Scomber japonicus and spotted mackerel Scomber australasicus in Miyako Bay, Iwate prefecture, Japan	Mackerels have become to appear earlier in the coastal area of Iwate Prefecture, Sanriku region in recent years, resulting in overlap with the release period of hatchery-bred juvenile chum salmon into wild. Mackerels were suspected to prey on the juvenile chum salmon during their coastal residence. We investigated the predation of mackerels on juvenile chum salmon by angling in Miyako Bay, Iwate Prefecture, during the spring season.	fish	biome_label	GUT	sample_fields	gut: gut
PRJNA862908	Human gut metagenome during and after enteric infection Metagenome	This study sought to characterize the human gut metagenome during enteric infection and after recovery.	Homo sapiens	ena_host_field	GUT	sample_fields	gut: gut
PRJNA433811	shotgun metagenome sequencing salmo salar gut microbiota	Factors affecting the establishment of an adult-like gut microbiota in marine environments remain largely unknown. In terrestrial animals, however, it is well established that the juvenile environment has a major impact on the gut microbiota later in life. Atlantic Salmon is an anadromous fish important in aquaculture with a juvenile freshwater stage, and an adult seawater stage. For wild salmon, there are major dietary changes with respect to availability of long-chain polyunsaturated fatty acids (LC-PUFA), with LC-PUFA being limited in freshwater. The aim of our work was therefore to determine the effect of a juvenile diet high LC-PUFA, as compared to diet low in LC-PUFA on the transition to an adult like gut microbiota for Atlantic Salmon.	Salmo salar	ena_host_field	GUT	sample_fields	gut: gut
PRJDB38615	A study on the function of the gut microbiome in giant pandas (PRJCA039066)	A study on the function of the gut microbiome in giant pandas.	Ailuropoda melanoleuca	ena_study_text	GUT	sample_fields	gut: feces
PRJEB7759	A Catalogue of the Mouse Gut Metagenome	The importance of the gut microbiota for regulation of whole body metabolism, energy homeostasis, development of the immune system and even complex behavioural traits is well documented. The acquisition of comprehensive gene catalogues of the human gut metagenome using ânext generation sequencingâ has immensely advanced our insight into the complex metagenome-host genome interaction and the connection between common human diseases and the gut microbiota. Causal links are difficult to establish in humans, and therefore, mice still serve as important models for functional studies. We used HiSeq2000-based whole metagenome sequencing to establish a catalogue of 2.6 million non-redundant microbial genes from faecal samples of 184 mice representing different strains, fed different diets, obtained from different providers, and kept in different housing laboratories to secure high diversity and representation. Similar to the human gut microbiome, more than 99% of the genes in the catalogue were bacterial, suggesting that the mouse microbiota overall comprises between 800 and 900 bacterial species. A core mouse gut microbiome was defined at the genus level comprising 60 genera, 25 of which were shared with the core genera in the human gut microbiome. Although the mouse gut microbiome was functionally similar to its human counterpart, sharing 79.9% of its KEGG orthologous groups, only 4.0% of the mouse gut microbial genes were shared with those identified in human gut microbiome, emphasising the need for a specific mouse catalogue. We observed marked differences regarding provider, housing laboratory, strains, gender and feed, emphasizing the need for carefully controlled experimental conditions and caution comparing data from different laboratories. As we have accounted for these factors in creating the catalogue, it provides a useful reference for future studies, including studies using short reads for comprehensive analyses of the mouse gut microbiome.	Mus musculus	biome_label	GUT	sample_fields	gut: gut, stool
PRJNA888429	Diversity and Potential Function of Pig Gut DNA Viruses	Here, there are 3,584 viral operational taxonomic units (vOTUs) longer than 5 kb identified by virus-enriched metagenome sequencing from 25 pig fecal samples. Only a small minority of vOTUs (11.16%) can be classified at the family level, and ~50% of the</p><p>genes could be annotated, supporting the concept of pig gut as reservoirs of substantial</p><p>undescribed viral genetic diversity. The composition of pig gut virome in the six regions may be related to geography. There are only 20 virus clusters (VCs) shared among pig gut virome in six regions of Shanxi Province. These viruses rarely carry antibiotic resistance genes (ARGs). At the same time, they possess abundant auxiliary metabolic genes (AMGs) potentially involved in carbon, sulfur metabolism and cofactor biosynthesis, etc. This study has revealed the unique characteristics and potential function of pig gut DNA virome and established a foundation for the recognition of the viral roles in gut environment.	Sus scrofa	ena_host_field	GUT	sample_fields	gut: gut
PRJNA906124	Feline Gut Microbiome whole genome shotgun sequence reads	Dietary enrichment of resistant starches or fibers differentially alter the feline fecal microbiome and metabolite profile	Felis catus	ena_host_field	GUT	sample_fields	gut: gut
PRJNA831632	Gut phageome in wild skywalker hoolock gibbons	viral metagenomes and total metagenomes	Hoolock tianxing	ena_host_field	GUT	sample_fields	gut: feces, gut
PRJNA1226362	Analysis of intestinal flora in commonly used SPF mice on metagenomic sequencing	The effects of feeding environment and strains on intestinal microflora of SPF mice were analyzed by metagenomic analysis	SPF mice BALB/c; SPF mice C57	ena_host_field	GUT	sample_fields	gut: gut, intestinal
PRJEB11519	The intestinal eukaryotic virome in healthy and diarrhoeic neonatal piglets	The current study presents comparative metagenomic data analysis of intestinal samples from 19 healthy and 50 diarrhoeic piglets from 10 herds in Sweden.	Sus scrofa	biome_label	GUT	sample_fields	gut: gut
PRJNA1102860	Shallow shotgun metagenomic sequencing of the Sable Island horse gut microbiome	Shotgun metagenomic characterization of the Sable Island feral horse fecal microbiome for the purpose of survival and quantitative genetic analyses.	Equus caballus; negative control; positive control	ena_host_field	GUT	sample_fields	gut: feces
PRJNA422434	A metagenome-wide association study of gut microbiota in type 2 diabetes.	Assessment and characterization of gut microbiota has become a major research area in human disease, including type 2 diabetes, the most prevalent endocrine disease worldwide. To carry out analysis on gut microbial content in patients with type 2 diabetes, we developed a protocol for a metagenome-wide association study (MGWAS) and undertook a two-stage MGWAS based on deep shotgun sequencing of the gut microbial DNA from 345 Chinese individuals. We identified and validated approximately 60,000 type-2-diabetes-associated markers and established the concept of a metagenomic linkage group, enabling taxonomic species-level analyses. MGWAS analysis showed that patients with type 2 diabetes were characterized by a moderate degree of gut microbial dysbiosis, a decrease in the abundance of some universal butyrate-producing bacteria and an increase in various opportunistic pathogens, as well as an enrichment of other microbial functions conferring sulphate reduction and oxidative stress resistance. An analysis of 23 additional individuals demonstrated that these gut microbial markers might be useful for classifying type 2 diabetes.	Homo sapiens	biome_label	GUT	sample_fields	gut: gut
PRJNA848403	The gut RNA virome of seagulls	We analysis the gut RNA virome of seagulls in souwest China.	seagull	ena_host_field	GUT	sample_fields	gut: feces, gut
PRJNA1193782	Metegenomic of the pig	Metegenomic for the pig	Sus scrofa	ena_host_field	GUT	sample_fields	gut: gut, intestinal
PRJNA1320939	Data-driven enterosignatures link gut microbiome reorganization to heat stress responses in lactating sows	Background: Heat stress (HS) can disrupt the gut microbiome, yet most livestock studies rely on taxonomic summaries that overlook the ecological structure of microbial communities. Enterosignatures (ES) as latent, co-occurring microbial assemblages learned from metagenomic data, offer a framework to capture these dynamics but have scarcely been applied in livestock HS research. Methods: Shotgun metagenomes were obtained from 25 lactating sows, belonging to two genetic lines (TOL, n = 13 SEN, n = 12), which were divergently selected based on genomic breeding values (GEBVs) for heat tolerance, and exposed to HS conditions. Results were decomposed using non-negative matrix factorization (NMF), yielding 8 taxonomic (T-ES) and 5 functional (F-ES) subcommunities. Functional profiles (based on KEGG Orthology, KOs) were mapped to metagenome-assembled genomes (MAGs) to integrate metabolic attributes within each ES. Results: Temporal shifts dominated T-ES variation, with limited genetic-line effects. T-ES 1 (p = 5.42 x 10^-4, Cohen's d = 0.723) and T-ES 7 (p = 0.007, Cohen's d = 0.303) showed increases from day 4 to day 14. Despite modest overall genetic line effects, TOL animals progressively transitioned toward phylogenetically diverse and balanced communities, whereas SEN animals shifted toward imbalanced states characterized by enrichment of taxa with pathobiont potential or single-taxon dominance. Other T-ES displayed small to moderate effects, and T-ES 8 showed a potentially noteworthy genetic line-specific effect size at late lactation (Cohen's d = 0.960 95% CI: -1.80 to -0.10), though omnibus tests were non-significant (p = 0.757), and the wide confidence interval underscores substantial uncertainty at this sample size. No F-ES reached statistical significance (p > 0.05) moderate effect sizes (up to d = 0.638) suggest possible functional restructuring warranting investigation in larger cohorts. Conclusion: This work presents the first use of ES to track microbiome responses to HS in lactating sows. ES revealed latent taxonomic and functional subcommunities with clear temporal reorganization, offering insights not detectable with standard clustering or diversity metrics. Although genetic-line effects were modest, several ES showed biologically relevant shifts, supporting ES as a hypothesis-generating exploratory framework for linking microbial ecology to physiological adaptation under HS conditions, while warranting validation in larger, controlled trials.	Sus scrofa	ena_study_text	GUT	ena_study_text	gut: gut
PRJEB14847	International Human Microbiome Standards	A detailed understanding of human-microbe symbiosis requires a precise characterization of human-associated microorganisms, the human microbiome. To progress towards this ambitious goal it is of utmost importance that the data generated in each of many large projects involved in human metagenome research be optimally comparable. The International Human Microbiome Standards (IHMS) project coordinated the development of standard operating procedures designed to optimize data quality and comparability in the human microbiome field. Overall, IHMS focused on all key aspects of from human sample identification, collection and processing to DNA sequence generation and analysis. We herein outline IHMS contribution concerning sample identification, collection and processing. Consideration was given to the requirement for high throughput treatment of large sample sets. A suite of sample collection procedures were compared allowing the management of different conditions and delivery-time for appropriately identified samples. The 8 partners of IHMS and 15 contributors across 12 different countries further participated in a study designed to identify the critical features and optimal protocols for DNA preparation. Contributors were offered to treat aliquots of two fecal samples using their own lab procedures. Stringent selection criteria were applied for DNA yield and quality. Full metagenomic sequencing and analysis allowed to assess the recovery of diversity and specific bacterial taxa. An initial subset of 3 satisfactory protocols was selected and analysed with respect to sequencing and data analysis standards. A final set of 14 SOPs, covering all stages of the process, have been produced. It must be kept in mind that the specific area of nucleic acids preparation does see constant evolutions and improvements, such that IHMS protocols may not be regarded as optimal in the long run. Yet they will highlight critically key feature, may serve as benchmark and help move towards automation. Supported by the European Commission under the 7th Framework Programme, IHMS Project organizes public access to downloadable SOPs and enables exchanges between users and providers of the standards For mode details, see : http://www.microbiome-standards.org/	Homo sapiens	ena_study_text	GUT	sample_fields	gut: gut
PRJNA761967	chicken gut microbiome/resistome	Cecal microbiome and resistome of broiler chickens receiving a synbiotic supplementation and/or enrofloxacin	Gallus gallus domesticus	ena_host_field	GUT	sample_fields	gut: cecum
PRJNA383926	Gallus gallus Metagenome	In this study, we used metagenomics to analyze the distribution of bacterial species and functions in the ileum microbiota of chicken fed the blends of essential oils (BEOs) (25% thymol and 25% carvacol) and challenged with C. perfringes. We also explored the mechanism of BEOs productsâ effect on the pathogenicity of C. perfringes.	broiler	ena_host_field	GUT	sample_fields	gut: gut
PRJNA371649	Pig gut metagenome Raw sequence reads	Pig get microbiota samples for ResCap validation test	Sus scrofa	ena_host_field	GUT	sample_fields	gut: feces, gut
PRJNA354235	Human gut metagenome and metatranscriptome raw sequence reads.	We conducted metagenomic and metatranscriptomic sequencing of the human gut microbiome among 308 participants enrolled in a subcohort of men nested within the Health Professionals Follow-up Study. Using a previously validated self-sampling stool collection method (PMID24843156), participants provided up to four stool samples â one set of samples collected approximately 48 hours apart followed by a second set approximately 6 months later. DNA extracted from 929 stool samples and RNA extracted from 378 stool samples was reverse-transcribed to cDNA and sequenced using the Illumina HiSeq platform. Raw data were filtered to remove low quality and human reads. Metagenomic and metatranscriptomic read data were then profiled for functional and taxonomic composition using the HUMAnN2 and MetaPhlAn2 platforms respectively.	Homo sapiens	ena_host_field	GUT	sample_fields	gut: gut
PRJNA666163	Chicken Cecal Metagenome Sequencing	Chicken cecal metagenome sequencing to study the impacts of bacitracin and berry pomaces feeding in broiler chicken vaccinated or not against coccidiosis	Gallus gallus	ena_host_field	GUT	sample_fields	gut: gut
PRJNA804100	Freshwater mussels and host fish gut microbe community composition	This study examined the effects of a mixture of agricultural contaminants commonly found in agricultural watersheds on the gut microbiome and physiology of both the freshwater mussel Lampsilis cardium, and L. cardium host fish Micropterus salmoides.	Control; Lampsilis cardium; Micropterus salmoides	ena_host_field	GUT	sample_fields	gut: gut
PRJEB32631	Early_life_microbiota_colonisation	Study to investigate how early microbe exposure and the developing immune system influence subsequent health and developmental outcomes. This data is part of a pre-publication release. For information on the proper use of pre-publication data shared by the Wellcome Trust Sanger Institute (including details of any publication moratoria), please see http://www.sanger.ac.uk/datasharing/	unknown	none	GUT	sample_fields	gut: gut
PRJNA861020	Cat and dog faecal microbiome comparison	Comparison of cat and dog faecal microbiome under different diets	Canis lupus familiaris; Felis catus	ena_host_field	GUT	sample_fields	gut: feces
PRJEB41102	Analysis of human fecal metagenomes from adults and infants, to investigate strain persistance, dispersal and purifying selection of bacterial strains.	Some gut bacteria remain associated with their human host for years while others are rapidly displaced. To understand strain persistence and dispersal, we analysed gut bacteria from longitudinally-collected adult and infant faecal samples from 5,278 metagenomes we constructed 130,862 strain-resolved metagenomic species (sMGS), representing the 440 most prevalent gut commensals. Universally there was high strain persistence (mean annual survival rate: 95%). Bacterial persistence was greater in adults than infants, and strongly correlated to the colonisation of proximal hosts. Occasionally persistence was associated to even wider geographic neighbourhoods, typically at a regional scale (< 150 km radius). While vertical (parent-child) and horizontal (parent-parent) strain sharing was common among all phyla, highly persistent taxa were preferentially vertically shared. Bifidobacterium, Methanobrevibacter and Sutterella had the strongest family associations. Sporulation capacity and oxidative tolerance were negatively correlated with persistence, although the ability to sporulate increased family colonisation rate. Strain persistence correlated with fewer genetic bottlenecks and higher rates of purifying selection, indicating a decreased mutational burden.This data suggests that Firmicutes, often sporulation competent, have the most dynamic strain exchange and loss pattern, with less geographic restrictions, while Bacteroidota, like Prevotella and Bacteroides, have a key role in the gut colonization, as they are characterized by restricted dispersal, high family sharing and vertical transmission, and a higher resilience to strain exchanges during life and especially in the infant microbiome. We define here such species as âtenaciousâ commensals, which possess all the hallmarks of highly adapted species.	Homo sapiens	biome_label	GUT	sample_fields	gut: gut
PRJNA515074	Metagenomic sequencing of the Cecal Microbiome of Mus musculus Metagenome	Metagenomic analysis of the response of the murine cecal microbiota to antibiotics. In this study, we explored the impact of various dietary supplements on the response of this community to broad-spectrum antibiotic therapy.	Mus musculus	ena_host_field	GUT	sample_fields	gut: gut
PRJNA902117	Seven-day-old commercial chicken gut microbiome (shotgun metagenomic sequencing reads) raw sequence reads	Sequence reads generated from shotgun metagenomic sequencing. Samples collected from the ceca of 7-day-old commercial broiler chickens.	Gallus gallus	ena_host_field	GUT	sample_fields	gut: ceca, gut
PRJNA812583	Strain-level metagenomics reveal microbial transfer from donor to infant after fecal microbiota transplantation of pregnant patient	We aim to assess if fecal microbiota transplantation (FMT) during pregnancy is effective and safe. Furthermore, we aim to track the strain transmission from the donor, to the mother, and further to the infant.	Homo sapiens	ena_host_field	GUT	sample_fields	gut: feces
PRJEB1786	Gut metagenome in European women with normal, impaired and diabetic glucose control	Gut metagenome in European women with normal, impaired and diabetic glucose control	Homo sapiens	biome_label	GUT	ena_study_text	gut: gut
PRJNA1092107	Advancing source tracking: systematic review and source-specific genome database curation of fecally shed prokaryotes	"Fecal slurry metagenomes for ""Advancing source tracking: systematic review and source-specific genome database curation of fecally shed prokaryotes""."	Bos taurus; Canis lupus; Capra hircus; Felis catus; Gallus gallus; Sus scrofa; septage; wastewater	ena_host_field	GUT+OTHER	sample_fields	gut: feces; other: wastewater
PRJNA1072233	fecal metagenome of pigs	fecal metagenome of growing pigs	Sus scrofa	ena_study_text	GUT	sample_fields	gut: feces
PRJNA1000214	Metagenome of Areca catechu chickens	To investigate the effects of adding areca nut extract to feed on the growth performance and metabolic activity of Wenchang chickens, a total of 450 chickens with similar growth performance were selected for the experiment. They were randomly divided into five groups, with six replicates per group and 15 chickens per replicate. The control group (CCK) was fed a basal diet, the four experimental groups were fed a basal diet with different supplements: 0.3 g/kg areca nut extract (CNT1), 0.5 g/kg areca nut extract (CNT2), 0.8 g/kg areca nut extract (CNT3), and 1.2 g/kg areca nut extract (CNT4). The experiment lasted for 35 days. Analysis of the intestinal microbiota using metagenomic sequencing. The results shown the addition of 1.2 g/kg areca nut extract to feed can improve the growth performance of Wenchang chickens, accelerate metabolic activity and energy utilization, and enhance antioxidant and anti-inflammatory capacities.	Wenchang Chicken	ena_host_field	GUT	sample_fields	gut: gut
PRJDB36502	Whole-metagenome shotgun sequencing of pig gut microbiota (PRJCA038760)	We conducted high-resolution shotgun metagenomic sequencing to comprehensively characterize the gut microbial ecosystem in response to porcine deltacoronavirus (PDCoV) infection.	Sus scrofa	ena_host_field	GUT	sample_fields	gut: gut
PRJNA673918	Shorgun metagenomics of T2DM human gut microbes associated with FMT	Shorgun metagenomics of T2DM human gut microbes associated with FMT	Homo sapiens	ena_host_field	GUT	sample_fields	gut: feces, gut
PRJNA1070856	pig gut metagenome	To explore the difference in the microbiota among the two breed	Sus scrofa	ena_host_field	GUT	sample_fields	gut: gut
PRJNA750156	Diversity of ARGs in swine farm	The diversity of ARGs in swine manure, farm workers, and receiving environment	Sus scrofa	ena_study_text	GUT+OTHER	sample_fields	gut: feces; other: sludge, soil
PRJNA757176	Sus scrofa Metagenome	The differences of jejunal microorganisms among four pig species were studied by metagenomic sequencing	Sus scrofa	ena_host_field	GUT	sample_fields	gut: gut
PRJNA756556	Fiber Mixture for a Balanced Gut Microbiota and Human Health in Parkinson's Disease	In this study, we proposed to combine dietary fibers that target specific beneficial bacterial groups in the large intestine and distinct metabolites, such as acetate, butyrate and propionate, to compose a mixture with high tolerability and benefits to human colonic and systemic health.	Homo sapiens	ena_host_field	GUT	sample_fields	gut: feces
PRJNA1030894	the association between Gut Microbiota function and host phenotype of plateau pika	Temporal and spatial variations in body mass and thermogenic capacity associated with alterations in the gut microbiota and host transcriptome in mammalian herbivores	Ochotona curzoniae	ena_host_field	GUT	sample_fields	gut: feces
PRJEB63613	Growth and survival of foodborne pathogens in meat and meat analogue using traditional microbiology and metagenomic sequencing	Meat and meat analogues play a significant role in meeting global nutritional needs. However, their inherent characteristics create favorable conditions for the transmission of pathogenic bacteria, posing potential risks to public health. This study aimed to simulate real food processing conditions by preparing sterile juices from minced chicken, pig, beef, as well as pea-based and soy-based minced meat. The survival and growth of foodborne pathogens: Escherichia coli HEHA16, Listeria monocytogenes, Salmonella Typhimurium, Cronobacter sakazakii, and a cocktail of these bacteria in these matrices, were tested. Traditional microbiology and next-generation sequencing of those metagenomes were employed to analyze the pathogen variability, abundance and survival after incubation period. Our findings showed that all our meat and meat analogue juices provided favorable conditions for the growth and proliferation of the studied bacteria, with the exception of E. coli HEHA16, that did not survive well in the chicken matrix. On the contrary, meat analogue were potential niches for C. sakazakii and L. monocytogenes survival. These results indicate that plant-based meats could serve as vectors for the transmission of certain foodborne pathogens, using two accurate detection methods, warranting further investigation to better understand and characterise their safety implications.	Sus scrofa; Gallus gallus; bovine	biome_label	GUT+OTHER	sample_fields	gut: gut; other: soil
PRJEB24006	Neonatal gut-microbiome-derived 12,13 DiHOME impedes tolerance and predicts childhood atopy and asthma	Neonates at heightened risk of childhood atopy and asthma are characterized by inter-kingdom perturbation of their gut microbiota and metabolic dysfunction that includes fecal enrichment of the linoleic acid metabolite, 12,13 DiHOME1. Treatment of human dendritic cells (DCs) with this oxylipin decreased IL-10, altered expression of peroxisome-proliferator-activated-receptor-Î³ (PPARÎ³)-regulated genes, and decreased regulatory T cell (Tregs) frequency ex vivo. Mice treated with 12,13 DiHOME and subjected to a model of airway allergic sensitization had exacerbated pulmonary inflammation and decreased lung Tregs. Fecal metagenomic sequencing from neonates who developed atopy and/or asthma revealed a significant increase in bacterial epoxide hydrolase (EH) genes. Three of these bacterial EHs can produce 12,13 DiHOME in vitro. The abundance of fecal oxylipins and bacterial EH genes in neonatal stool can be combined with known early-life risk factors to predict neonatal risk of atopy at age two and asthma at age four.	Homo sapiens	biome_label	GUT	sample_fields	gut: gut, stool
PRJNA721235	Global study of microbial diversity on volcano rabbit feces	Microbiome and their role in plant fiber and secondary metabolites degradation	Romerolagus diazi	ena_host_field	GUT	sample_fields	gut: feces
PRJDB38518	Human gut virome (PRJCA034040)	Human gut virome relation with ASD and healthy children	Homo sapiens	ena_host_field	GUT	sample_fields	gut: gut
PRJNA532626	Gut microbiome differences between wild and captive black rhinoceros â implications for rhino health	Here, we focus on the black rhinoceros as captive animals suffer from a number of potentially dietary related health effects. We compared gut microbiomes of wild and captive black rhinos to test for differences in taxonomic diversity (alpha and beta) and in functional diversity of the microbiota.	Diceros bicornis	ena_study_text	GUT	ena_study_text	gut: gut
PRJEB22491	_Mouse_gut_microbiota_resilience_study	FUT2-deficent mice represent the murine model of human non secretor status. Homozygosity for FUT2 (a(1,2)fucosyltransferase) null alleles determines the lack of a(1,2)fucosylated glycans in the gastrointestinal tract epithelia and secretions. 20% of people of European, Asian and African descent do not present fucose on their mucosae and secretions due to homozygosity for FUT2 null alleles and thus are called non secretors.Non secretors are more susceptible to various diseases like Crohnâs disease, ulcerative colitis and type I diabetes and gut microbiota composition seems to be possibly associated with the onset of these non-communicable diseases. We are studying the composition of gut microbiota from WT and FUT2-KO mice before and after intestinal insults to understand if inflammation or infections can modify non secretor microbiota and determine a lower bacterial resilience and delayed microbial community re-establishment in KO subjects. 16s libraries from gut microbiome DNA extracted from mouse faecal samples will be generated and sequenced on MiSeq platform. 1) This data is part of a pre-publication release. For information on the proper use of pre-publication data shared by the Wellcome Trust Sanger Institute please see http://www.sanger.ac.uk/datasharing/	Mus musculus	ena_study_text	GUT	sample_fields	gut: gut
PRJNA397041	chicken gut microorganism Metagenome	compare the difference of metagenome of chicken with different thick ileum	Gallus gallus	ena_host_field	GUT	sample_fields	gut: digesta, gut
PRJNA575543	Metagenomic characterization of intestinal regions in pigs with contrasting feed efficiency	The microbiome of content in the ileum, cecum, and colon with different FE performance individuals.	Sus scrofa	ena_host_field	GUT	sample_fields	gut: cecum, colon, gut, ileum
PRJNA1307965	Fecal samples from Balb/c mice Metagenome	This dataset contains metagenomic sequencing data of fecal samples from Balb/c mice involved in a study investigating the therapeutic effects of triptolide (TP) on LPS-induced acute lung injury (ALI). The study aimed to explore TP's regulatory mechanisms on gut microbiota, bile acid metabolism, and the gut-lung axis in ALI. The mice were divided into three groups: Control group (intranasal instillation of PBS), LPS-induced ALI group (intranasal administration of LPS), and TP intervention group (LPS instillation followed by intraperitoneal injection of TP). The metagenomic data here reflects the compositional and functional changes of gut microbiota in each group, which serves as a key basis for analyzing the interaction between gut microbiota, serum metabolites, and pulmonary bile acid levels, and further clarifying TP's therapeutic mechanism in ALI.	Mus musculus	ena_host_field	GUT	ena_study_text	gut: fecal, gut
PRJNA1163371	Structural and functional characterization of a porcine intestinal microbial ecosystem developed in vitro	This study is a comparison of the gut microbiome of juvenile pigs compared to the in vitro microbiome developed using fecal inoculum from the same pigs. Regional comparisons are made between the proximal and distal colons and the reactor communities representing those regions.	Sus scrofa	ena_host_field	GUT	sample_fields	gut: gut
PRJNA1205074	rattus norvegicus_DJB_NAFLD_sequence reads	Duodenal-jejunal bypass ameliorates MASLD in rats by regulating gut microbiota and bile acid metabolism through FXR pathways	Rattus norvegicus	ena_study_text	GUT	ena_study_text	gut: duodenal, gut, jejunal
PRJDB18384	Gut microbiota of healthy Japanese adult	Shotgun metagenomic sequence of gut microbiota of healthy Japanese adult living in Shinjuku, Tokyo, Japan.	Homo sapiens	ena_host_field	GUT	sample_fields	gut: feces, gut
PRJNA848116	metagenomic sequencing of duck feces and environment	Comprehensive analysis of the distribution and shift of the ARGs and their host bacterica in duck farms and sourrounding environment	duck	ena_study_text	GUT+OTHER	sample_fields	gut: feces; other: freshwater, soil
PRJNA694773	Inhibitory effects of breast milk-derived Lactobacillus rhamnosus Probio-M9 on colitis-associated carcinogenesis by restoration of the gut microbiota in a mouse model	Metagenome sequences	mouse	ena_host_field	GUT	sample_fields	gut: feces
PRJNA741606	Rumen content metagenome of goat kids	Rumen content metagenome of goat kids	Capra hircus	ena_host_field	GUT	sample_fields	gut: gut
PRJNA1377454	Research on the Regulation of Gut Microbiota Homeostasis and Immune Function in Asthmatic Mice by Huanglong Zhixiao Formula	Abstract</p><p>Background: Asthma affects approximately 334 million people worldwide. Accumulating evidence indicates that gut dysbiosis exacerbates airway inflammation through the gutlung axis. In the present study, using an OVA-induced murine model of asthma, we investigated whether Huanglong Zhixiao Formula (HLZXF) restores gut lung homeostasis by reshaping the gut microbiota and enhancing intestinal barrier function, thereby attenuating pulmonary pathological changes.</p><p>Methods: Female BALB/c mice were randomly assigned to three groups (n=15 per group): Control (C), Asthma Model (MX), and HLZXF-treated (ZG) groups. Asthma was induced by OVA sensitization and challenge over a 6-week period. The ZG group received daily oral gavage of HLZXF, 1 hour prior to each OVA challenge. Fecal samples were collected for metagenomic sequencing. Lung and intestinal tissues were excised for HE and IHC staining of tight junction proteins, including Claudin, Occludin, and ZO-1. Alpha and beta diversity analyses were conducted to evaluate the composition and structure of the gut microbiota.</p><p>Results: We analyzed the structure of the gut microbiota, detected the expression levels of intestinal barrier-related proteins, and assessed inflammatory injury in the lungs and intestines. Results demonstrated that HLZXF significantly ameliorated gut microbiota dysbiosis in asthmatic mice, as evidenced by the significant enrichment of Heminiphilus faecis and Paramuribaculum intestinale. Additionally, certain fungal taxa, such as Piromyces finnis and Rhizopus arrhizus, were significantly enriched in the ZG group. HLZXF also significantly upregulated the expression levels of the tight junction proteins Claudin, Occludin, and ZO-1 in intestinal tissues, thereby promoting the repair of the intestinal mucosal barrier. Furthermore, HLZXF significantly attenuated inflammatory cell infiltration and tissue injury in the lungs and intestines, alleviated alveolar septal thickening, and enhanced the integrity of the intestinal mucosal barrier.</p><p>Conclusion: This study elucidates the potential therapeutic mechanisms of HLZXF in the treatment of asthma from the perspective of gut microbiota and intestinal barrier function. It highlights that HLZXF can attenuate pulmonary inflammation by regulating the balance of gut microbiota and enhancing intestinal barrier function.	Mus musculus	ena_host_field	GUT	sample_fields	gut: feces
PRJDB36775	Metagenome for CKD (HS study) (PRJCA040203)	Metagenome samples of HS study for Gut microbial ammonia metabolism contributes to the pathogenesis of chronic kidney disease	Homo sapiens	ena_host_field	GUT	sample_fields	gut: gut
PRJEB42464	Gut Microbiomes of European Farm Rainbow Trout	Shotgun metagenomics sequencing results for intestinal samples collected from rainbow trout farms in three European countries.	Oncorhynchus mykiss	ena_host_field	GUT	sample_fields	gut: feces, intestine
PRJNA951204	Pig gut metagenome Raw sequence reads	Gut contents of pigs inhabited tropics.	Sus scrofa	ena_host_field	GUT	sample_fields	gut: gut
PRJNA744219	Metagenomic analysis revealed significant changes in cattle rectum microbiome and antimicrobial resistome under fescue toxicosis	Whole-genome shotgun metagenomic sequencing of cattle rectum microbiota before and after consumption of endophyte-infected tall fescue seeds	Bos taurus	ena_host_field	GUT	sample_fields	gut: gut, rectum
PRJEB29373	Metagenomics wide association studies on multi-autoimmune diseases.( F16HTSNCWLJ1153-F16FTSNCWLJ0140)	"Public descriptionï¼ Ankylosing spondylitis (AS) is a common autoimmune disease. Due to the early pathogenesis and long duration, patients suffer from morning stiffness, low back pain, chest pain, alternating hip pain and other symptoms. And the disability rate is high, which seriously affects the quality of life. According to statistics, the prevalence of ankylosing spondylitis in China is about 0.3%, mostly young men. On average, patients need to stop working after fifteen or six years of illness. After 20 years of illness, more than 85% of patients lose the ability to live independently and become so-called ""puppet people."" In response to key scientific issues, these datas is devoted to the use a metagenomic wide association studies to explore new key biomarkers and therapeutic targets of AS from intestinal micro-organisms, so as to improve early diagnosis, accurate prediction and classification, and improve prognosis.And combine with other datas which already published of autoimmune disease,we identified conflicts and contradicts points of RA ,AS ,behcet disease and T1D."	Homo sapiens	ena_study_text	GUT	sample_fields	gut: feces, stool
PRJNA338370	chicken gut metagenome Raw sequence reads	Our study investigated the effect of Lactobacillus (L.) plantarum P-8 on the gut microbiome of chickens co-administered with lincomycin. Principal coordinate analysis showed that L. plantarum P-8 treatment shifted the faecal bacterial structure apparently	broiler chickens	ena_host_field	GUT	sample_fields	gut: gut
PRJNA1206727	Resistome study from patient samples	This study aims to better understand and characterize the resistome from rectal samples of patients in the western region of Santa Catarina state (Brazil).	Homo sapiens	ena_host_field	GUT	sample_fields	gut: gut
PRJNA1010706	Gut microbiome and resistome characterization of pigs treated with commonly used post-weaning diarrhea treatments	For the swine industry, the post-weaning period is critical and for many years, antimicrobials have been the most effective strategy to control and treat post-weaning related infections. In this study, 210 piglets were transferred from a farm with recurrent cases of PWD to an experimental farm and divided into six treatment groups: trimethoprim/sulfamethoxazole, colistin, oral commercial vaccine, gentamicin, control with water acidification, and untreated control. An extra group remained at the farm of origin following the implemented amoxicillin routine treatment. Fecal samples were collected from pigs at four different sampling times: before weaning-treatment, and two days, two weeks, and four weeks post-treatment. A total of 280 samples were selected, considering ten animals per group and sampling time, and shotgun metagenomics was performed for group comparison and longitudinal analyses.	Sus scrofa	ena_host_field	GUT	sample_fields	gut: feces, gut
PRJNA769748	yangchengcong96@emails.imau.ed.cn	our data supported that consuming M8-fermented milk effectively mitigateed ALD and maintain gut homeostasis by restoring a healthy fecal microbiota and enhancing potential liver protective gut metabolites.	mouse	ena_host_field	GUT	sample_fields	gut: feces
PRJNA714611	Metagenome Raw sequence reads	WGS metagenome of farmed atlantic salmon isolated from the pyloric caecum	fish	biome_label	GUT	sample_fields	gut: caecum, digestive tract, gut
PRJNA722684	Research on diversity of gut microbes	The microbial community diversities of gut from moose gut	Alces?alces	ena_host_field	GUT	sample_fields	gut: feces
PRJNA1039992	Chicken metagenomic sequencing	Metagenomic sequencing for Chickens	Gallus gallus	ena_host_field	GUT	sample_fields	gut: feces, gut
PRJNA291299	Caecal microbiome metagenome of laying hens	To evaluate the effects of feeding prebiotic, probiotic and synbiotic on the functional potential of caecal microbiome	Hen	ena_host_field	GUT	sample_fields	gut: caecal, gut
PRJNA849257	The study on the effect of phenobarbital on the gut microbiome and behavior in canine epilepsy	To study the effect of phenobarbital on behavior and on the composition and function of gastrointestinal microbiota as well as their association to phenobarbital response in dogs with idiopathic epilepsy.	Canis lupus familiaris	ena_host_field	GUT	sample_fields	gut: feces, gut
PRJNA782533	Metagenomic study of the gut microbiome associated with autism spectrum disorders and their potential change after Microbiota Transfer Therapy	shotgun metagenomics of children with autism	Homo sapiens	ena_study_text	GUT	sample_fields	gut: feces
PRJNA493817	Horse fecal Metagenome	Effect of sequencing coverage reduction on species identification in complex biological matrix	Equus caballus	ena_study_text	GUT	sample_fields	gut: feces, gut
PRJNA818062	the gut microbiome metagenomic of Tibetan subjects	Metagenomic analysis reveals the gut microbiome of Tibetan subjects with coronary heart disease	Homo sapiens	ena_host_field	GUT	sample_fields	gut: feces
PRJNA492361	Smalltooth Sawfish feeding ecology study	Prey identification of Smalltooth Sawfish using Illumina sequencing.	Pristis pectinata	ena_host_field	GUT	sample_fields	gut: gut
PRJEB86258	3D'omics: Salmonella challenge chicken trial	To be added	Gallus gallus	ena_host_field	GUT	sample_fields	gut: caecum, colon, gut, ileum
PRJDB14449	16S rRNA Gene Amplicon Sequencing of Gut Microbiota in Chimaera phantasma of Deep-Sea Fish in Suruga Bay, Japan.	DNA was purified from the mixture using the QIAamp Fast DNA Stool Mini Kit. PCR was performed using the KOD FX Neo, and 1st PCR primers (16S rRNA gene V3-V4 regions). Next, index PCR was performed using the ExTaq HS, and Index primers. The PCR products were quantified using Synergy LX and QuantiFluor dsDNA System. Paired-end sequencing of the PCR products was performed using MiSeq. The sequencing data were analyzed using the QIIME 2 pipeline.	Chimaeridae	ena_host_field	GUT	sample_fields	gut: gut
PRJNA1269239	Gut metagenome of duck Raw sequence reads	To investigate the gut microbial community at both taxonomy and function levels, and to link the microbiome to phenotypes.	Duck	ena_host_field	GUT	sample_fields	gut: cecum, gut, ileum
PRJNA1260157	Metagenomic sequencing of mouse intestinal flora	To investigate the changes of intestinal flora after Echinococcus multilocularis infection	Mus musculus	ena_host_field	GUT	sample_fields	gut: gut
PRJNA898082	Alterations in gut microbiota correlate with hematological injuries induced by radiation in beagles	Here, using single whole-body exposure to 60Co-gamma ray radiation at the sublethal dose of 2.5 Gy, we developed a beagle model of acute radiation syndrome (ARS), and further monitored the longitudinal changes of gut microbiome for 45 days.	beagle	ena_host_field	GUT	sample_fields	gut: gut
PRJNA1138893	The aim of this study was to analyze the differences in gut microbiota, metabolites, and metabolic pathways between healthy individuals and patients with colorectal cancer	We conducted metagenomic and untargeted metabolomic sequencing analyses of fecal samples collected from patients with CRC (n=26) and healthy controls (n=20) and observed an elevated abundance of potentially pathogenic bacteria such as Escherichia, Fusobacterium, Klebsiella, Lachnoclostridium, Lachnoclostridium, Shigella and Enterococcus alongside reduced abundance of probiotic bacteria including Lactococcus, Lachnospira and Eubacterium in patients with CRC. Metabolites and metabolic pathways related to glycolysis, methane generation, beneficial amino acid degradation, and linoleic acid degradation were significantly elevated in CRC patients compared with healthy controls. Notably, differential analysis identified N-methylserotonin as one of the most significantly differentially expressed metabolites between the two group, and no previous studies have reported the relevance of this metabolite to tumors. Furthermore, N-methylserotonin levels exhibited a significant positive correlation with the abundance of probiotic bacteria such as Lachnospira, as well as with the degree of tumor differentiation, suggesting its potential as a non-invasive biomarker for CRC diagnosis.	Homo sapiens	ena_host_field	GUT	sample_fields	gut: gut
PRJNA1232403	Phage diversity mirrors bacterial strain diversity in the honey bee gut microbiota	Bacteriophages (phages) play a crucial role in shaping bacterial communities, yet the relationship between phage and bacterial diversity remains poorly understood, particularly in animal-associated microbiomes. Here, we reconstructed the phage-bacteria interaction network in the gut microbiota of 49 honey bees by leveraging CRISPR spacer matches and genome homology. The resulting interaction network displayed a highly modular structure with nested phage-bacteria interaction within each module. Viral and bacterial alpha and beta diversity were correlated, particularly at the bacterial strain level and when explicitly considering the interaction network in diversity analysis. Overall, our results suggest that the most relevant approach to study phage-bacteria diversity patterns should rely on strain-level resolution and the explicit use of the interaction network. This offer an explanation as to why previous studies have failed to detect phage-bacteria diversity correlations. Finally, we call for further studies building up on these correlation patterns to probe the underlying mechanisms by integrating both bottom-up and top-down regulatory mechanisms in microbiome assembly.	Apis mellifera	ena_host_field	GUT	sample_fields	gut: gut, hindgut
PRJEB51122	Stop codon recoding in bacteriophages	Bacteriophages (phages) are obligate parasites that canonically rely on bacterial translation machinery to produce their proteins. However, some bacteriophages use alternative genetic codes with reassigned stop codons, which should be incompatible with their host translation systems. Here, we show that stop codon recoding has evolved in diverse clades of bacteriophages that infect standard code bacteria in the human and animal gut microbiome. Phages use recoded stop codons to encode late-expressed structural and lysis genes, and we demonstrate that lysis-related genes are biased towards use of recoded stop codons. We infer that recoded stop codons may function as a regulatory mechanism to prevent premature production of critical late state proteins. Stop codon recoding has evolved many times, often in closely related lineages, indicating that genetic code is plastic in bacteriophages and adaptive recoding can occur over very short evolutionary timescales.	primate; Sus scrofa; Homo sapiens; Equus caballus	biome_label	GUT	sample_fields	gut: feces, gut
PRJNA1158959	Global wild boar gut microbiomes	This study aims to investigate wild boar gut microbiomes through metagenomic profiling of fecal samples collected from four countries.	Sus scrofa; Sus scrofa cristatus; Sus scrofa leucomystax; Sus scrofa vittatus	ena_host_field	GUT	sample_fields	gut: gut
PRJEB31650	Metagenomic assessment of the effect of sample processing on different microbiomes	Based on 4 samples processed differently (Pig feces 1 & 2 (P1 & P2) Sewage 1 & 2 (S1 & S2)), storage conditions (Time 0h, 16h, 64h Temperature (-80C, -20C, 5C, 22C)), sequencing platform (FTX=Freeze thawing, HX=Nextflex Hiseq, LTSX=Kappa Hiseq, NX1NS=Nextera Nextseq, NX2NS=Nextera Nextseq, NFNS=Nextflex Nextseq). Sample names containing HHKTMBBXX are resequenced samples. Sample names containing MC are spiked with a mock community. Sample names containing EC, ECPBS and pureMC, are negative DNA extraction controls, negative controls containing PBS and postive controls of the mock community used to spike with, respectively. The a, b and c are indicators of replicate number.	Sus scrofa	ena_host_field	GUT+OTHER	sample_fields	gut: feces, gut; other: wastewater
PRJNA397886	Development of Inflammatory Bowel Disease is Linked to a Longitudinal Restructuring of the Gut Metagenome in Mice	The gut microbiome is linked to inflammatory bowel disease (IBD) severity and altered in late stage disease. However, it is unclear how gut microbial communities change over the course of IBD development, especially in regards to function. To investigate microbiome mediated disease mechanisms and discover early biomarkers of IBD, we conducted a longitudinal metagenomic investigation in a mouse model where dampened TGF-Î² signaling in T cells leads to peripheral immune activation, weight loss, and severe colitis. IBD development is associated with abnormal gut microbiome temporal dynamics, including dampened acquisition of functional diversity and significant differences in abundance trajectories for KEGG modules such as glycosaminoglycan degradation, cellular chemotaxis, and type III and IV secretion systems. Most differences between sick and control mice emerge with disease symptoms. However, lipooligosaccharide transporter abundance diverges prior to immune activation, indicating that it could be a pre-disease indicator or microbiome-mediated disease mechanism. Taxonomic structure of the gut microbiome also significantly changes in association with IBD development, and the abundance of particular taxa, including several species of Bacteroides, correlate with immune activation. These discoveries were enabled by our use of generalized linear mixed effects models to test for differences in longitudinal profiles between healthy and diseased mice while accounting for the distributions of taxon and gene counts in metagenomic data. These findings demonstrate the utility of longitudinal metagenomics for the discovery of potential mechanisms through which the gut microbiome becomes altered in IBD.	Mus musculus	ena_host_field	GUT	sample_fields	gut: gut, stool
PRJNA1219188	Copper-induced microbiota shifts in piglets	Copper sulphate is used as a feed additive in the pig industry since EU-wide ban on the use of antibiotics as growth promoters. Four-week-old piglets (n=60) were separated into two groups and fed on diet with high (therapeutic) or low (nutritional) levels of copper sulphate. Faecal samples were collected immediately prior to and on day 7 and 14 following placing piglets on low or high copper diet.	Sus scrofa domestica	ena_host_field	GUT	sample_fields	gut: feces, gut
PRJDB32644	CRC gut microbe (PRJCA029983)	The gut microbiota influences the development and progression of colorectal cancer. Previous studies have identified that Lactobacillus johnsonii can slow down the development of colorectal cancer. This study aims to investigate the mechanisms by which Lactobacillus johnsonii mitigates the onset and progression of colorectal cancer.	Mus musculus	ena_host_field	GUT	sample_fields	gut: feces
PRJNA273761	Metagenomes from human infant fecal samples with and without necrotizing enterocolitis	Premature infants are highly vulnerable to aberrant gastrointestinal tract colonization, a process that may lead to diseases like necrotizing enterocolitis. This study compares microbial communities of 10 co-hospitalized infants, five of which had a diagnosis of necrotizing enterocolitis. Surprisingly, while potentially pathogenic bacteria of the same species colonized many infants, a genome-resolved analysis revealed that strains colonizing each baby were typically distinct. In particular, no strain was common to all infants that developed necrotizing enterocolitis. The paucity of shared gut colonizers suggests the existence of significant barriers to spread of bacteria among infants. Importantly, we demonstrate that strain-resolved comprehensive community analysis can be accomplished on potentially medically-relevant time scales.	Homo sapiens	ena_host_field	GUT	sample_fields	gut: fecal, gut
PRJNA945365			Micropterus salmoides	ena_host_field	GUT	sample_fields	gut: gut, intestinal
PRJNA1204506	Impact of ARGs on poultry gut metagenome	Poultry farms, characterized by intensive antibiotic use and densely populated environments, are critical hotspots for the emergence and spread of antibiotic resistance genes (ARGs). Despite extensive research on ARG transmission, the specific roles of plasmids and phages in shaping resistance within poultry fecal microbiota remain insufficiently understood. This study investigates the contributions of plasmid- and phage-associated ARGs to antibiotic resistance dynamics in poultry gut microbiome.	Gallus gallus	ena_host_field	GUT	sample_fields	gut: feces, gut
PRJDB38794	Metagenomic sequencing of Apis cerana before and after infection with CSBV (PRJCA042469)	The changes of intestinal flora before and after CSBV infection in Apis cerana cerana by metagenomic sequencing.	Apis cerana	ena_host_field	GUT	sample_fields	gut: gut
PRJEB28237	Culture-enriched human gut microbiomes reveal core and accessory resistance genes	In this study, we used culture enrichment of stools to reveal lower abundance bacteria by high-throughput sequencing. We sequenced fecal bacteria growing under four culture conditions from 24 individuals, before and after use of antibiotics (day 0 and day 7). Overall, 187 species of bacteria had an assembly size greater than 1 million nucleotides, 67 species achieved it only under culture conditions and 22 only in culture-independent fecal microbiomes.The four culture conditions are : (i) MCDA maximum enrichment broth anaerobic culture (MEB-ANA)(ii) MCDA maximum enrichment broth aerobic culture (air enriched with 5% CO2) (MEB-CO2), (iii) MCDA anaerobic culture in presence of 32Âµg/ml cefoxitin (FOX-ANA)(iv) MCDA aerobic (with 5% CO2) culture in presence of 32Âµg/ml cefoxitin (FOX-CO2)	Homo sapiens	ena_study_text	GUT	sample_fields	gut: gut
PRJEB86255	3D'omics: Adenovirus challenge poultry trial	To be added	Gallus gallus	ena_host_field	GUT	sample_fields	gut: caecum, gut
PRJEB66224	The role of microplastic on ecosystem functioning - a focus on antibiotic resistance spread in input for agricultural purposes	The misuse and overuse of antibiotics for medical, but also non medical purposes, has resulted in a substantial increase in the rates of antibiotics release into the environment, and hence the growth of drug resistance in bacterial strains, with an impact on both the environment and human health. Microplastic pollution may be a major stressor on the environment, causing relevant ecological implications. Previous research have shown that synthetic polymer particles (diameter < 5mm) can be found worldwide, from the arctic sea ice, to the waters of mountain lakes, to agricultural soils representing new submerged surfaces for microrganisms colonization, pollutant dispersal, nutrient cycling, but mostly biofilm formation. More over, on this microparticles, Horizontal Gene Transfer (HGT) between different bacteria is enhanced, favouring the transfer of pathogenicity and antibiotic resistance in the environment. Agricultural practices like irrigation and amendment are considered to be significant microplastic transportation pathways and antibiotic resistance. However, still little is know about the microbiological activity involved. In this context, I propose an inclusive study with a multidisciplinary approach to solve this gap highlighting the role of microplastics/antibiotics in the spread of antibiotic resistant bacteria (ARB) and antibiotic resistance genes (ARG), in relation to agricultural practices, natural environments, food webs and human health. In particular, I will set-up microcosms with three products intended for agricultural purposes: Irrigation water and its suspended solids compost manure. These samples will be collected both from a warm climate area (Foggia, South Italy) and from a colder one (Val Venosta, North Italy Tromso, Norway). Then, microplastics and antibiotics will be added, and the microcosms will be incubated at different temperatures according to the area. The project will last two months to understand the temporal variation of microbial community composition, metabolism and overall functionality, mostly related to the resistances and the evironmental services promoted by microorganisms. The study will highlight possible differences due to the sample type in correlation with the environmental conditions.	unknown	none	GUT+OTHER	sample_fields	gut: feces; other: sediment, soil
PRJNA389749	Caecal Metagenome of Pigs	Metagenomic Analysis of Cecal Microbiome of Landrace Finishing Pigs with High and Low Feed Efficiency	Sus scrofa	ena_host_field	GUT	sample_fields	gut: caecal, digesta, gut
PRJNA524980	In situ biogas upgrading by H2 addition with metagenomic technology	In situ biogas upgrading by H2 addition under mesophilic condition	Sus scrofa	ena_host_field	GUT	sample_fields	gut: gut
PRJDB31830	Study on the association between the diet and the gut microbiota of bharals (PRJCA027325)	To explore the relationship between dietary differences and differences in gut microbiota of bharals in different regions	Pseudois nayaur	ena_host_field	GUT	sample_fields	gut: gut
PRJNA301903	Metagenomic sequencing of preterm infant gut microbiota raw sequence reads	Dysbiotic colonization of the preterm infant gut microbiota may have lifelong effects on host health. The normal progression of colonization of preterm infants is a patterned, yet chaotic, process, and thought to be chiefly driven by host factors. While preterm infants almost universally receive early and often repeated and/or prolonged intravenous antibiotic therapy, it remains unclear if and how specific antibiotics alter the developmental progression of the gut microbiota in this population. By analyzing 401 fecal samples from 84 longitudinally-sampled preterm infants, we demonstrate that meropenem, cefotaxime, and ticarcillin-clavulanate significantly reduce species richness during their administration, and significantly enrich or deplete specific bacterial species and antibiotic resistance (AR) genes. In contrast, vancomycin and gentamicin, the antibiotics most commonly administered to preterm infants, have non-uniform effects on species richness. We show this response is predictable with 85% accuracy based on the relative abundance of only two bacterial species and two AR genes before treatment. To more fully investigate the role of the gut-associated resistome in response to specific antibiotics, we performed functional metagenomic selections for resistance to 16 clinically relevant antibiotics from a set of 21 preterm infantsâ gut microbiota. Of the 794 AR genes identified, 79% had not previously been classified as providing any resistance phenotype. Combined with deep shotgun sequencing of all 401 fecal samples, we find that multidrug resistant Escherichia, Klebsiella, and Enterobacter species, which are commonly associated with nosocomial infections, dominate the preterm infant gut microbiota. We show that AR genes that are enriched following specific antibiotic treatments are generally unique to the specific treatment and highly correlated (p<0.001) with the abundance of a single species. The most notable exception includes ticarcillin-clavulanate and ampicillin, both of which enrich a large number of overlapping AR genes, and are highly correlated with Klebsiella pneumoniae species in the preterm infant gut microbiota. In addition to AR genes relevant to specific antibiotics likely providing a protective function, we show that all antibiotic treatments also result in widespread collateral microbiome impact through enrichment of AR genes with no known direct activity against the specific antibiotic treatment.	Homo sapiens	ena_host_field	GUT	sample_fields	gut: gut, stool
PRJNA991262	Chiecken environment	chicken feedlot environmental sample	Gallus gallus	biome_label	GUT	sample_fields	gut: gut
PRJDB38277	Characteristics of intestinal bacteria in long-lived elderly (PRJCA019954)	This project aims to explore the characteristics of bacterial structure and function in long-lived individuals, as well as the correlation of between bacteria and clinical indicators, in order to discover intestinal bacteria and functional pathways closely related to longevity and healthy ageing.	Homo sapiens	ena_host_field	GUT	sample_fields	gut: gut
PRJEB71372	Evaluation of the safety and efficacy of fecal microbiota transplantations in bottlenose dolphins (Tursiops truncatus) using metagenomic sequencing	Gastrointestinal disease is a leading cause of morbidity in bottlenose dolphins (Tursiops truncatus) under managed care. Fecal microbiota transplantation (FMT) holds promise as a therapeutic tool to restore gut microbiota without antibiotic use. This prospective clinical study aimed to develop a screening protocol for FMT donors to ensure safety, determine an effective FMT administration protocol for managed dolphins, and evaluate the FMTâs efficacy in four recipient dolphins. Comprehensive health monitoring was performed on donor and recipient dolphins. Fecal samples were collected before, during, and after FMT therapy. Screening of donor and recipient fecal samples was accomplished by in-house and reference lab diagnostic tests. Shotgun metagenomics was used for sequencing. Following FMT treatment, all four recipient communities experienced engraftment of novel microbial species from donor communities. Engraftment coincided with resolution of clinical signs and a sustained increase in alpha diversity. The donor screening protocol proved to be safe in this study and no adverse effects were observed in four recipient dolphins. Treatment coincided with improvement in clinical signs. FMT holds promise in dolphin medicine as a therapeutic tool to restore healthy gut microbiota without antibiotic use.	Tursiops truncatus	ena_host_field	GUT	sample_fields	gut: feces
PRJEB27498	Closely related Photobacterium strains comprise the majority of bacteria in the gut of migrating Atlantic cod (Gadus morhua)	The population of Atlantic cod (Gadus morhua), also known as Northeast Arctic cod, migrating Atlantic cod or simply âskreiâ, lives mainly in the Barents Sea and Svalbard waters, and migrates in annual cycles to the Norwegian coast in order to spawn eggs during late winter. It is the worldâs largest population of Atlantic cod, and the population is distinct from the Norwegian coastal cod (or âfjordâ cod). Despite the biological, economic and cultural importance of migrating Atlantic cod, current knowledge on the associated microbiota is very limited. Using shotgun metagenomics and metaproteomics approaches, we present here the gut microbiota, metagenome-assembled genomes (MAGs) of the most abundant bacterial species, DNA-based functional profile, and the metaproteome of Atlantic cod specimens caught at a spawning area in open ocean outside of TromsÃ¸, Norway. Our analyses identified 268 bacterial families in DNA isolated from feces of six individual migrating Atlantic cod. The most abundant family was Vibrionaceae (52% 83% if unclassified reads are excluded), with Photobacterium (genus) representing the vast majority. The recovery of metagenome-assembled genomes provided further details, and suggests that several closely related Photobacterium strains from the P. phosphoreum clade are most abundant. A genomic-based functional profiling showed that the most abundant functional subsystems are âCarbohydratesâ, âAmino Acids and Derivativesâ, âProtein Metabolismâ, âCofactors, Vitamins, Prosthetic, Groups, Pigmentsâ and âDNA Metabolismâ, which is in agreement with other studies of gut microbiomes of marine organisms. Finally, the MS-based metaproteomic dataset revealed that the functional category âProtein Metabolismâ is highly overrepresented (3Ã) when compared to the genome-based functional profile, which shows that ribosomal proteins are rich in the bacterial cytosol. We present here the first study of bacterial diversity of the gut of migrating Atlantic cod using shotgun sequencing and metagenome-assembled genomes (MAGs). The most abundant bacteria belong to the Photobacterium genus (Vibrionaceae family). We also constructed functional profiles of the gut microbiome. These may be used in future studies as a platform for mining of commercially interesting cold-active enzymes.	Gadus morhua	ena_host_field	GUT	sample_fields	gut: feces, gut
PRJNA861716	gut microbiome in polluted settlements	gut microbiome of adult subjects living in high-polluted areas	Homo sapiens	ena_host_field	GUT	sample_fields	gut: gut
PRJEB62783	Synchronized response of CD4+ T cells to short-term dietary changes leads to windows of mucosal and systemic immune depression	Healthy volunteers were offered one defined fiber-rich diet (FRD) and one defined fiber-poor diet (FPD), both consumed for 5 consecutive days. Stool samples were collected at the end of each dietary switch (i.e. end of fiber-rich, FRD and fiber-poor diet, FPD phases). Shotgun metagenomics and fecal microbiota transfer (FMT) into germ-free (GF) mice were performed.	Mus musculus; Homo sapiens	biome_label	GUT	sample_fields	gut: gut
PRJEB4391	Deep Illumina-based shotgun sequencing reveals dietary effects on the structure and function of the faecal microbiome of growing kittens	Despite being obligate carnivores, cats are fed a wide range of dietary macronutrients within commercial diets. Little is known regarding the feline gastrointestinal microbiome and how it is impacted by diet. Using 16S RNA analysis, changes in diet (protein:carbohydrate ratio) do affect fecal microbiota of growing kittens. However, to investigate potential functional differences deep Illumina shotgun sequencing is required and a study of microbial structure and function in these animals is reported here. This is the largest and most comprehensive analysis of the feline gastrointestinal microbiome to date. It provides an overview of the taxa and gene functions present and how they are impacted by the dietary protein: carbohydrate ratio. The more diverse structure of the high-protein diet might reflect a more specialized microbiome. As anticipated, our permutation approach reduced the number of pathways to a more manageable set. The reduced data set identified six pathways readily interpretable to the study design.	Felis catus	ena_study_text	GUT	ena_study_text	gut: faecal, fecal, gastrointestinal
PRJEB86262	3D'omics: protein efficiency pig trial	To be added	Sus scrofa	ena_host_field	GUT	sample_fields	gut: caecum, gut
PRJEB31009	Probiotic Plant Fermentation Extracts Intervention Causes Weight Loss in Obese Patients by Increasing Microbiota-associated Metabolites that Boost Thermogenesis	We carried out an intervention study on six obesity patients using a traditional PFE for 4 weeks. Significant weight losses were observed on all subjects after intervention. Fecal microbial metagenomic sequencing and metabolomics profiling were performed before and after the intervention, by which we identified several coordinated changes on the gut microbial community and metabolites probably responsible for the cause of weight loss	Homo sapiens	ena_study_text	GUT	sample_fields	gut: gut
PRJEB22973	A catalog of the Sprague-Dawley (SD) rat gut metagenome	As no gene set of the gut microbiome had been previously established for SD rat, here we describe the BGISEQ-500-based metagenomic sequencing, assembly and characterization of 5.3 million non-redundant microbial genes, derived from 651.2 Gb of single-end sequence and 611 Gb of paired-end sequence, from ninety-eight fecal samples were collected from 7 individual groups at 2 different time points (Day 0 and Day 30). Maybe it limits coverage of global microbiome diversity of Rat, but it is a first gene catalogue of Rat of strain Sprague-Dawley which is a good animal model for arthritis research	Rattus norvegicus	ena_study_text	GUT	sample_fields	gut: gut, stool
PRJEB13870	Hypertension is one of the most prevalent cardiovascular diseases worldwide. Recent findings have identified a link between gut microbiota and blood pressure, yet the contributions of gut microbes and bacterial metabolites towards hypertension remain largely uncharacterized. We carried out metagenomic and metabonomics analyses, in combination with faecal microbiota transplantation, and elucidate that dysbiosis of gut microbiome triggers the pathogenesis of hypertension through altering the metabolic effects.	Hypertension is one of the most prevalent cardiovascular diseases worldwide. Recent findings have identified a link between gut microbiota and blood pressure, yet the contributions of gut microbes and bacterial metabolites towards hypertension remain largely uncharacterized. We carried out metagenomic and metabonomics analyses, in combination with faecal microbiota transplantation, and elucidate that dysbiosis of gut microbiome triggers the pathogenesis of hypertension through altering the metabolic effects. Notably, we demonstrate similar discrepancy of microbial compositional and functional features in pre-hypertension and hypertension when compared with the controls, highlighting varied intestinal microbiota in prehypertensive populations. The impairment of host metabolism in pre-hypertension and hypertension was identified to be closely linked with dysbiotic gut microbiome. The hypertensive phenotype was transferrable from hypertension patients to germ-free mice by faecal transplant. Overall, our results explicate a novel role for aberrant gut microbiota as key contributor to the pathogenesis of hypertension, and emphasize the significance of early intervention for pre-hypertension.	Homo sapiens; Mus musculus	ena_study_text	GUT	sample_fields	gut: gut
PRJEB10878	Metagenomic analysis of fecal microbiome as a tool towards targeted non-invasive biomarkers for colorectal cancer	We performed a metagenome-wide association study on fecal samples from 74 CRC patients and 54 controls from China and validated the results in 16 patients and 24 controls from Denmark. We further validated the biomarkers in two published cohorts from France and Austria. Finally, we employed targeted quantitative PCR (qPCR) assays to evaluate the diagnostic potential of selected biomarkers in an independent Chinese cohort of 47 patients and 109 controls.	Homo sapiens	biome_label	GUT	sample_fields	gut: gut, stool
PRJNA825133	Gallus gallus Metagenome	Resistomes and bacterial microbiomes in poultry farms	Gallus gallus; misssing	ena_host_field	GUT+OTHER	sample_fields	gut: feces; other: dust
PRJNA1141435	Microbiome and resistome from yellow perch gut living in different lakes under anthropogenic pressure	This study aimed to analyze the gut microbiome and resistome (antimicrobial resistance gene profile) of yellow perch from two types of lakes under different levels of anthropogenic pressure: wastewater effluent-impacted lakes and undeveloped lakes. Yellow perch were sampled from five lakes in Minnesota, USA. DNA and RNA from these samples were extracted and sequenced for analysis.	Perca flavescens	ena_host_field	GUT	sample_fields	gut: gut, intestinal
PRJEB81804	Host depletion in pig and human colon samples	Host DNA depletion is a critical tool for accessing the microbiomes of samples that have a small amount of microbial DNA contained in a high host background. Of critical practical importance is the ability to identify microbial DNA sequences in frozen tissue specimens. Here, we compare four existing commercial methods and two newly introduced methods involving chromatin immunoprecipitation (ChIP) on frozen human and pig intestinal biopsies. We find that all methods that rely on differential lysis of host and microbial cells introduce substantial biases as assessed by 16S rRNA gene amplicon profiling. However, ChIP enables 10-fold enrichment of microbial DNA while introducing less bias, sufficient to make assessment possible against background, in both pigs and humans. We recommend ChIP in situations where host depletion is important but where minimizing taxonomic bias is essential, and the MolYsis or Zymo kit for situations where host depletion level is more important than taxonomic bias.	Homo sapiens; Sus scrofa	ena_host_field	GUT	sample_fields	gut: colon, gut, rectum
PRJNA667194	Sus scrofa Metagenome	In this study, using viral metagenomics method, we identified one novel PAstV4 from pig fecal samples collected in Anhui province, China. Further, the complete genome was obtained and analysis for genetic evolution and recombination.	Sus scrofa	biome_label	GUT	sample_fields	gut: feces, gut
PRJNA375762	Chicken cecum metagenome	Chicken cecum contents were collected followed by DNA extraction and shotgun sequencing.	Gallus gallus	ena_host_field	GUT	sample_fields	gut: gut
PRJNA738684	Branched-chain sugar of pectin	gut microbe changes effected by different branched-chain sugar of pectin	Homo sapiens	ena_host_field	GUT	sample_fields	gut: feces
PRJNA1025260	Disruption of the Intestinal Clock drives Dysbiosis and Impaired Barrier Function in Colorectal Cancer	The circadian clock governs organismal physiology and homeostasis, and lifestyle factors may contribute to the misalignment of biological rhythms. In particular, timing of food intake and dietary content are robust entrainment cues that regulate circadian rhythms, especially in peripheral tissues. Also, diet and timing of feeding impact the rhythmic composition of the gut microbiome. Therefore, defining how circadian misalignment impacts the gut microbiome is imperative in the context of diseases impacting the intestinal epithelium. In particular, we and others have shown that disruption of the circadian clock drives the progression of colorectal cancer (CRC). However, how the intestinal clock impinges on the microbiome to potentially accelerate CRC pathogenesis is unknown. We utilize an Apc-driven mouse model of CRC where we disrupt the circadian clock in the intestine to investigate the effect on the microbiota and intestinal homeostasis. We identify changes to tight junction gene expression and intestinal permeability upon clock disruption alone that is further exacerbated when combined with a tumor-prone mouse model. Using metagenomics sequencing, we find clock associated changes to bacterial genera including Bacteroides, Parabacteroides and Helicobacter. When clock disruption is combined with cancer development, we find dysregulation of many more genera including Fusobacterium, Paramuribaculum and Megasphaera in addition to Bacteroides. Finally, we identify microbial pathways altered in clock disruption and cancer including upregulation of amino and fatty acid metabolism, and reduced mucus metabolism. Altogether, our findings suggests that clock disruption mediated changes to intestinal permeability and microbiota composition may contribute to CRC pathogenesis.	Mus musculus	ena_study_text	GUT	ena_study_text	gut: gut, intestinal, intestine
PRJEB23561	A catalog of microbial genes from the bovine rumen reveals the determinants of herbivory	The rumen microbiome is responsible for the unique nature of ruminants. A thorough knowledge of the genetic potential of rumen symbiotic microbes is therefore crucial for the sustainability of ruminant production systems. Using deep metagenome sequencing we identified 13,825,880 non-redundant prokaryote genes from the bovine rumen and constructed 324 high quality metagenomic species. These metagenomic species were prevalent in the rumen of 77 cattle fed various diets whereas known rumen microbial genomes were less abundant. Compared to human, pig and mouse gut metagenome catalogs, the rumen is richer in functions and microbial species associated to the degradation of lignocellulosic material and production of methane. Genes coding for enzymes that deconstruct lignocellulosic substrates showed a particularly high richness that is otherwise impossible to infer from available genomes or shallow metagenomics sequencing. These data bring new insights on functions, enzymes and microbes of the rumen, critical to understand phenotypes and biological processes.	bovine	biome_label	GUT	sample_fields	gut: rumen
PRJNA312222	Genome reconstructions from human gut metagenomes	We aim to reconstruct genomes from metagenomic sequences based on multiple sequencing strategies, for characterization of organisms present in the human gut environment.	Homo sapiens	ena_host_field	GUT	sample_fields	gut: gut
PRJNA1302757	The Effect of Co-housing with Males on the Female Gut Microbiome in Field Cricket Teleogryllus occipitalis (Orthoptera: Gryllidae)	Encountering males reprograms female insect behavior and physiology in ways that enhance reproductive success. Cohousing with males may also remodel the female gut microbiome, a community that supports digestion, nutrient uptake, immunity, mate choice, and fecundity. Such microbiome shifts could, in turn, influence female behavior and physiology, mediating the effects of male presence. Most earlier studies, however, have relied on 16S rRNA amplicon sequencing or qPCR. These methods give only coarse taxonomic resolution and scant functional detail, so the molecular basis of male-induced microbiome reorganization remains unclear. To close this gap, we used whole-genome shotgun metagenomics to study the field cricket Teleogryllus occipitalis, measuring changes in microbial diversity and functional gene composition when females were cohoused with males.	Teleogryllus occipitalis	ena_study_text	GUT	sample_fields	gut: gut
PRJNA1253095	METAGENOMIC INVESTIGATION OF INSECTIVOROUS SYNANTHROPIC BATS INTESTINAL MICROBIOTA	Bats serve as important ecological reservoirs for diverse microbial communities, including viruses with zoonotic potential and antibiotic-resistance genes. This study presents a metagenomic analysis of the intestinal microbiota of two insectivorous bat species, Nyctalus noctula and Vespertilio murinus, collected from the Rostov Bat Rehabilitation Center in Southern Russia. Using whole metagenome shotgun sequencing, we investigated the taxonomic composition, functional profiles, and resistome features of the bat gut microbiota. Taxonomic profiling revealed an unexpectedly high abundance of densoviruses, particularly sequences closely related to Parus major densovirus, across multiple samples. Metagenome-assembled densovirus genomes exhibited high genomic similarity but also structural variations, including gene inversions and duplications. Phylogenomic analysis showed these sequences formed a distinct clade with densoviruses previously found in mealworms, suggesting a dietary origin, and with strains isolated from birds and shown to infect vertebrate cells, raising the possibility of bats serving as potential hosts. Functional annotation revealed microbial pathways involved in cell wall biosynthesis, energy metabolism, and biofilm formation. Antibiotic resistance screening identified numerous resistance genes, including efflux pumps and beta-lactamases, while virulence factor analysis revealed conserved iron acquisition and stress response genes across samples. These findings highlight the ecological complexity of bat-associated microbiota and viromes, suggesting that synanthropic bats may contribute not only to the circulation but also to the emergence of insect-targeting viruses, antimicrobial resistance, and potentially novel viral interactions within urban environments that warrant further investigation.	Nyctalus noctula; Vespertilio murinus	ena_host_field	GUT	sample_fields	gut: feces, gut
PRJNA894343	Comparing the microbiome of post-weaning pigs in farms using, or not using, in-feed zinc oxide and antibiotics.	Post-weaning diarrhea (PWD) is a multifactorial disease that affects piglets at weaning, leading to productive and economic losses. Its control includes the use of in-feed prophylactic antibiotics and therapeutic zinc oxide (ZnO), treatments that, since the 26th of June 2022, are no longer available in the European Union due to antimicrobial resistance spreading and environmental risk of soil pollution associated to the use of both products. This study uses shotgun metagenomic sequencing to investigate the environmental and faecal microbiome on 10 farms using (Treated) or not using (ZnO-free) in-feed antibiotics and ZnO during the first 14 days post-weaning (dpw).	Sus scrofa	ena_host_field	GUT	sample_fields	gut: feces, gut
PRJEB14312	Sheep faecal microbiota	In this study, faecal 16S rDNA (V4) profile, metagenome and metaproteome were analyzed from five lactating Sarda sheep coming from the same flock, free-grazing and with no evidence of clinical symptoms. DNA sequences were obtained using an Illumina HiScan instrumentation.	Ovis aries	ena_study_text	GUT	ena_study_text	gut: faecal
PRJNA717669	Rat Tissue Metagenomic Shotgun Sequencing Samples from St. Kitts	Metagenomic shotgun sequences for kidney, spleen, and lung samples collected from two rat species, Rattus rattus (R28) and Rattus norvegicus (R22, R26, and R27)	Rattus norvegicus; Rattus rattus	ena_host_field	NON_GUT	sample_fields	other: kidney, lung, spleen
PRJEB73511	A 15-day biodiversity intervention with horses in a farm system leads to acquisition of health-promoting features in the gut microbiome of 10 urban Italian children	In order to evaluate the possibility to shape the human gut microbiome (GM) through the interaction with natural ecosystems, we explored the impact of a 15-day biodiversity intervention with horses on the GM of 10 urban-living Italian children. The children GM was metagenomically assessed before and after 10hr/day daily interaction with horses in an educational farm. The horsesâ skin, oral, and fecal microbiomes were similarly assessed as well. We found that the interaction with horses facilitates the acquisition of health promoting features in the children GM, such as a higher diversity, an enhanced production of butyrate and the increase of several health-promoting species, generally considered as next-generation probiotics. Amongst these, the butyrate producers Facecalibacterium prausnitzii and F. ducaniae and a species belonging to the anti-inflammatory Christensenellales. Moreover, the interaction with horses were also associating with the increase of GM components exerting important roles in the bioconversion of dietary plant polyphenols to health promoting and protective metabolites, as Eggerthella lenta, Gordonibacter pamelae and G. urolithifacens. Supporting the microbiological safety of the interaction process, we did not observe any increases pathogenic features in the children GM following the interaction with horses. Overall, our pilot study provides insights into the existence of possible health-promoting variations in the GM from urban-living children thanks to the interactions with horses. This lays the foundations to explore the full extent of the beneficial interaction process occurring between the human GM and the natural microbiomes. This work was carried out in the context of the âControlling Microbiomes Circulations for Better Food Systemsâ (CIRCLES) project, which was funded by the European Union's Horizon 2020 research and innovation program under grant agreement no. 818290.	Homo sapiens; Equus caballus	biome_label	GUT	sample_fields	gut: gut
PRJNA475948	Gut microbiome of two Argentinean termite species	Gut microbiome of two Argentinean termite species	Cortaritermes fulviceps; Nasutitermes aquilinus	ena_host_field	GUT	sample_fields	gut: gut
PRJNA609596	Molecular toxicity study on glyphosate, MON 52276 and mixture of pesticides administered with drinking water ad libitum, to adult female sprague-dawley rats, for 90 days	There is intense debate as to whether glyphosate can interfere with aromatic amino acid biosynthesis in microorganisms inhabiting the gastrointestinal tract, which could potentially lead to negative health outcomes. We have addressed this major gap in glyphosate toxicology by using a multi-omics strategy combining shotgun metagenomics and metabolomics. We tested whether glyphosate (0.5, 50, 175 mg/kg bw/day), or its representative EU commercial herbicide formulation MON 52276 at the same glyphosate equivalent doses, has an effect on the rat gut microbiome in a 90-day subchronic toxicity test. We also tested a mixture of six pesticide active ingredients frequently detected in EU food (azoxystrobin, boscalid, chlorpyrifos, glyphosate, imidacloprid and thiabendazole) at their regulatory permitted acceptable daily intake	Rattus norvegicus	ena_host_field	GUT	sample_fields	gut: caecum, gut
PRJNA1010388	Short-chain fatty acid and anti-IL17 treatment in imiquimod-treated mice: A metagenome association analysis	We examined the effect of SCFA supplements on gut microbiota and systemic inflammation using the imiquimod-treated C57BL/6 mice. We conducted a metagenome-wide association study of IMQ-mice with SCFA supplements or IL-17 antagonists using whole-genome shotgun sequencing. The study was performed following the pipelines of phylogenetic analysis, functional gene analysis, and pathway analysis.	Mus musculus	ena_host_field	GUT	ena_study_text	gut: gut
PRJNA744378	Metagenome of Chagas disease vector	The study was conducted to elucidate the changes occurring in the microbiome of the Chagas disease vector Rhodnius prolixus after exposure to Trypanosoma cruzi, the aetiological agent of Chagas disease, and T. rangeli, a non-pathogenic relative.	Rhodnius prolixus	ena_host_field	UNCERTAIN	none	
PRJNA1066198	Metagenomic sequencing of bumble bee gut microbiotas through diapause	We performed metagenomic sequencing of bumble bee (Bombus impatiens) queen gut microbiotas before, during, and after diapause to assess changes in taxonomic community structure and metabolic potential. Additionally, we exposed some queens to glyphosate upon emergence from diapause to determine if pesticide exposure affected post-diapause gut microbiota recovery.	Bombus impatiens	ena_host_field	GUT	sample_fields	gut: gut
PRJNA671703	Metagenomic sequencing from dairy farm samples	Metagenomic sequencing from fresh manure, manure pits, and field soil samples collected on dairy farms.	cattle	ena_study_text	NON_GUT	sample_fields	other: soil
PRJNA1184324	feces metagenome	Mice had 20g stool before dissection	mouse	ena_host_field	GUT	sample_fields	gut: feces
PRJNA541820	C57BL/6 Metagenome	A Metagenome Study of AP1 Knockout Mice	C57BL/6	ena_host_field	GUT	sample_fields	gut: feces, gut
PRJNA479518	bird metagenome Metagenome	Vultures have adapted the remarkable ability to feed on carcasses that may contain microorganisms that would be pathogenic to most other animals. We generated shotgun DNA sequencing datasets of the facial and gut microbiomes from the black and turkey vultures.	vulture	ena_host_field	GUT	sample_fields	gut: gut
PRJNA1067415	Diadromus collaris Raw sequence reads	normal metagenome of Diadromus collaris gut microbe	Cotesia vestalis	ena_host_field	GUT	ena_study_text	gut: gut
PRJNA1086397	Combined Ciprofloxacin and Neulasta therapy on gut microbiota post-irradiation in mice	Treatments that currently exist in the strategic national stockpile for acute radiation syndrome (ARS) focus on the hematopoietic subsyndrome, with no treatments on gastrointestinal (GI)-ARS. While the gut microbiota helps maintain host homeostasis by mediating GI epithelial and mucosal integrity, radiation exposure can alter gut commensal microbiota which may leave the host susceptible to opportunistic pathogens and serious sequelae such as sepsis. To mitigate the effects of hematopoietic ARS irradiation, currently approved treatments exist in the form of colony stimulating factors and antibiotics: however, there are few studies examining how these therapeutics affect GI-ARS and the gut microbiota. The aim of our study was to examine the longitudinal effects of Neulasta and/or ciprofloxacin treatment on the gut microbiota after exposure to 9.5 Gy 60Co gamma-radiation in mice. The gut microbiota of vehicle and drug-treated mice exposed to sham or gamma-radiation was characterized by shallow shotgun sequencing on days 2, 4, 9, and 15 post-irradiation.	Mus musculus	ena_host_field	GUT	sample_fields	gut: fecal, gut
PRJNA932553	Oral microbiome in periodontitis	Systematic Analysis of Site-Specific Biosynthetic Gene Clusters (BGCs) of Oral Microbiome in Periodontitis	Homo sapiens	ena_host_field	NON_GUT	sample_fields	other: oral
PRJDB20286	shotgun metagenomic sequence of the gut microbiome of Locusta migratoria	Raw sequences of the hindgut of Locusta migratoria was obtained from the short read metagenomic sequencing. Feces samples were collected from 3 different types (wildtype individuals gathered from Kisegawa area, laboratory-reared solitary type individuals, and laboratory-reared gregarious individuals) of Locusta migratoria individuals to investigate the microbiome of the hindgut of L. migratoria.	Locusta migratoria	ena_host_field	GUT	sample_fields	gut: gut, hindgut
PRJNA953147	The gut metabolite 3-hydroxyphenylacetic acid ameliorates the aging-related spermatogenic dysfunction in mice	Age-related fertility decline is a prevalent concern globally. Male reproductive system aging is mainly characterized by a decrease in sexual hormones levels, sperm quality and fertility. While it is known that intestinal physiology changes with age and that microbiota is shaped by physiology,the underlying molecular mechanism is still largely unexplored. Here, we utilized fecal microbiota transplantation (FMT) to exchange the fecal microbiota between young and old mice. In order to identify differences in gut microbiota composition and metabolic regulation during aging, we conducted cecal shotgun metagenomics of young and old mice, and analyzed the cecal, plasma and testicular metabolomics of FMT mice. Our results demonstrate that FMT from young to old mice alleviated aging-associated spermatogenic dysfunction through an unexpected mechanism mediated by a gut bacteria-derived metabolite, 3-hydroxyphenylacetic acid (3-HPAA). Administration of 3-HPAA treatment resulted in a significant improvement of spermatogenesis in old mice. RNA sequencing analysis, qRT-PCR and Western blot from testis tissues revealed that 3-HPAA induced GPX4 expression to restrain ferroptosis and restore spermatogenesis, which was confirmed by induction of ferroptosis and inhibition of GPX4 expression in vitro. Our results demonstrate the microbiome-derived metabolite, such as 3-HPAA, can facilitate spermatogenesis in old mice through a ferroptosis-mediated mechanism.	Mus musculus	ena_study_text	GUT	sample_fields	gut: gut
PRJEB81709	Gut microbiome of Seychelles warblers	Studies on wild animals, mostly undertaken using 16S metabarcoding, have yielded ambigous evidence regarding changes in the gut microbiome (GM) with age and senescence. Furthermore, variation in GM function has rarely been studied in such wild populations, despite GM metabolic characteristics potentially being associated with host senescent declines. Here, we used seven years of longitudinal sampling and shotgun metagenomic sequencing to investigate taxonomic and functional changes in the GM of Seychelles warblers (Acrocephalus sechellensis) with age and senescence. Our results suggest that taxonomic GM species richness declines with age and in the terminal year, with this terminal decline occurring consistently across all ages. Taxonomic and functional GM composition also shifted with host age. However, all the changes we identified occurred linearly with adult age, with little evidence of accelerated change in late life or during their terminal year. Therefore, the results suggest changes that changes in the GM with age are not linked to senescence. Interestingly, we found an increase in the abundance of a group of transposase genes with age, which may accumulate passively or due to increased transposition induced as a result of stressors that arise with age. These findings reveal taxonomic and functional GM changes with age in a wild vertebrate and provide a blueprint for future wild functional GM studies linked to age and senescence.	Acrocephalus sechellensis	ena_study_text	GUT	sample_fields	gut: gut
PRJNA753312	Mastitis microbiomes of cow and mouse Metagenome	In the present study, we evaluated the effect of bovine fecal and milk microbiota transplantations on the onset of mastitis in pregnant mice as a model. We collected fecal and milk samples from both CM and healthy (H) cows, and transplanted the microbiotas of these samples into recipient mice. We then investigated the changes in gut and mammary (milk and tissues) microbiota in response to transplantations by conducting high-throughput whole metagenome sequencing (WMS) followed by metataxonomic and metabolomic analyses of samples from both cows and mice.	Bos taurus; Mus musculus	ena_host_field	GUT+OTHER	sample_fields	gut: feces, gut; other: milk
PRJEB88012	Investigating microbial population structure and function in the chicken caeca and large intestine over time using metagenomics	Abstract Objectives Although taxonomic variations in chicken gut microbiota have been previously documented, their functional capacity remain poorly understood. To gain a better understanding, we incorporated whole genome shotgun metagenomics to analyse microbial communities of two different organs: the caeca and the large intestine. Results Using 24 samples obtained from the caeca and the large intestine of commercial chickens, we assembled Metagenome-Assembled Genomes (MAGs) and characterise their functional profiles. Afterwards, using 8 samples, we integrated this sequencing data with chicken performance metadata body weight (BW), weight gain, feed intake (FI), feed conversion ratio (FCR) and age. MAGs belonging to specific families were found to be positively associated with changes in performance parameters. Functional analyses suggest changes in nutrient geochemical cycles including hydrogen generation within the carbon-cycle. Furthermore, 108 CAZymes were identified for MAGs belonging to two major families â glycoside hydrolase (GH) and polysaccharide lyase (PL), which are important for breakdown of dietary carbohydrates and fibres. A total of 13 polysaccharide lyases were identified functioning on day 20 with enzymes were specific to organs. Overall, our results provide a deeper understanding of microbial-mediated metabolism concerning key performance parameters in chicken production.	Gallus gallus	ena_study_text	GUT	ena_study_text	gut: caeca, gut, intestine
PRJNA1234694	Gut microbiome of the agricultural pest Diaprepes abbreviatus	This study sequenced the gut microbiome of the agricultural pest Diaprepes abbreviatus. Nine samples corresponding to various regions of the gut of males and females were collected and sequenced using shotgun metagenomics.	Diaprepres abbreviatus	ena_host_field	GUT	ena_study_text	gut: gut
PRJEB52043	Uncharacterized bacterial species in the mouse microbiome are quantified with a novel pipeline and shown to be the responsible for most diet induced perturbation	The adoption of mouse models to study the role of the microbiome for host health is invaluable, although shotgun metagenomic analysis can profile only a very limited fraction of the microbiome diversity in mice compared to that in humans. We evaluated the ability of a recent metagenomic profiling method called MetaPhlAn 4 which includes 22,718 MAGs from mouse in its reference database. We combined a newly sequenced cohort of 97 mouse microbiome samples with public mouse studies (N=622 samples) and tested the potential of MetaPhlAn 4 to improve the identification of diet-related changes in the host microbiome via a meta-analysis approach. We found multiple, strong, and reproducible diet-related microbial taxonomic biomarkers in the mouse microbiome, largely increasing those identifiable by other available methods (~2.5 times more species than MetaPhlAn 3). The strongest drivers of the diet-induced changes in the mouse microbiome were mostly uncharacterized taxa without isolate sequencing or taxonomic assignment, confirming that the newly profiled microbes may add substantial information to current metagenomic analyses.	Mus musculus	biome_label	GUT	sample_fields	gut: gut
PRJNA1006316	Canadian Bee Microbiome Response to Stressors Metagenome Sequencing	Metagenomic sequencing of Canadian bee colonies that have been exposed to the following stressors in cages Amitraz, Clothiadin, Formic Acid, boscalid, Fludioxonil, pyrimethanil, fluoropyram, pyraclostrobin, chlorantraniliprole, spinetoram, spriotetramat, flupyradifurone, sulfoxaflor, glyphosate, metconazole, IAPV, nosema, oxalic Acid, oxytetracycline, thiamethoxam, and varroa.</p><p>Controls are separate for each treatment with the exception of the following which share controls.</p><p>- Group A: boscalid + fludioxonil + pyrimethanil</p><p>- Group B: fluopyram + pyraclostrobin</p><p>- Group C: chlorantraniliprole + spinetoram + spirotetramat</p><p>- Group D: flupyradifurone + sulfoxaflor</p><p>- Group E: glyphosate + metconazole	Apis mellifera	ena_host_field	GUT	sample_fields	gut: gut
PRJNA1161616	freshwater mesocosm metagenomes	Freshwater spike-in mesocosms containing various fecal or synthetic community spike-ins.	unknown	none	NON_GUT	sample_fields	other: freshwater
PRJNA924548	Cattle metagenome	Stools of calves	Bovine	ena_host_field	GUT	sample_fields	gut: gut
PRJNA944265	RCJ attenuates colon inflammation, oxidative stress, and apoptosis in DSS induced colitis model via SCFAs	This study explores the effect of red cabbage juice (RCJ) on DSS induced colitis mice and the effect of RCJ on microbiome composition and function.	Mouse	ena_host_field	GUT	sample_fields	gut: fecal, gut
PRJNA1297587	Shotgun metagenomics profiling of the gut microbiota of the adult citrus root weevil Diaprepes abbreviatus	The goal was to characterize the gut microbiota of adult Diaprepes abbreviatus, an agricultural pest of major concern in citrus-growing regions. Using shotgun metagenomic sequencing, we analyzed the bacterial communities present in dissected gut tissues of wild-caught female and male insects collected from a lemon tree farm in Florida and Puerto Rico.	Citrus x aurantiifolia; Diaprepes abbreviatus	ena_host_field	GUT	sample_fields	gut: gut
PRJNA297579	Gymnogyps californianus microbiome raw sequence reads	Detrimental impacts of human activity on biodiversity and ecosystem health have been measured in a variety of ways, yet we are still in dire need of more directly informative signatures which can be used not only to follow broad trends, but to rapidly inform return on investments in mitigative efforts.We present data evaluating the suitability of genomic sequencing of California condor microbiomes to provide indicators of both condor and ecosystem health. Both 16S ribosomal DNA (rDNA) and shotgun metagenomic DNA sequences were acquired. Numerous species have been previously observed to be associated with birds and microbiomes. These species include opportunistic pathogens and their near-neighbors, probiotics, and environmental microbes. Detailed classification of shotgun DNA sequence data with the Sequedex analysis package provided both phylogenetic and functional profiles of all samples. Phylogenetic classification using reads from phylogenetic marker genes was consistent with (but more specific than) analysis based on 16S data. Classification of samples based on the profile of SEED subsystems indicated three distinct types of samples: fecal, mature cloacal, and immature cloacal. Statistical analysis of the determinants of sample classification indicated niche determinants in metabolism, short-chain fatty acid production, virulence, and stress response pathways. This analysis was further supported by the recovery of protein sequence of niche-specific proteins. Our work provides strong support of the hypothesis that metagenomic sequencing of condor microbiomes can inform us on diet, infections, toxicity, and several types of stress.	Gymnogyps californianus	ena_host_field	GUT	sample_fields	gut: gut
PRJNA509211	Metagenomic shotgun sequencing of lower termite gut communities	This study applies metagenomic shotgun sequencing in a multispecies framework of lower termites to gain insight into the contribution of eukaryote and bacterial microbes to host adaptation. Our study design employs a selection of host species that span different ecologies, reared under identical conditions, to tease apart the relative contribution of acclimation vs. adaptive differences.	Cryptotermes domesticus; Cryptotermes secundus; Prorhinotermes simplex; Reticulitermes flavipes; Reticulitermes grassei	ena_host_field	GUT	sample_fields	gut: gut
PRJNA271123	Nea Apollonia natural hot spring Metagenome	â¢ Endospore formers were under-detected by profile analysis of sporulation genes in metagenomes. â¢ Endospore formers were absent even from those habitats known to harbor them. â¢ A tailored DNA extraction method improved detection in amplicon sequencing â¢ Ameliorated DNA extraction did not improve shotgun classification. â¢ Endospore-formers represent an undetectable community fraction by metagenomic approaches.	unknown	none	UNCERTAIN	none	
PRJNA750644	Raw sequence reads from gut microbiota of two wolf spider	Diversity, function and comparative analysis of gut microbiota of two wolf spider species Pardosa agraria and Pardosa laura	Pardosa agraria; Pardosa laura	ena_host_field	GUT	ena_study_text	gut: gut
PRJNA641765	Trace amine producing bacteria are widespread in the human skin microbiota	Analysis of skin microbiome	Homo sapiens	ena_host_field	NON_GUT	sample_fields	other: skin
PRJEB48382	Hi-C metagenomics study on faecal microbiomes from 5-5 British low- and high-antimicrobial use pig farms	Traditional and Hi-C metagenomics sequencing libraries from 100 pig faecal samples collected on 10 different British pig farms (10 samples from each). The study included low- and high-antimicrobial use farms (also known as organic and traditional pig farms). Hi-C sequencing libraries are pooled by using 5 samples, so the final study provides 120 sequencing libraries (150bp paired-end) including 100 traditional metagenomics libraries (one for each samples) and 20 Hi-C metagenomics libraries (2 for each farms pooling 5-5 samples).	Sus scrofa	ena_study_text	GUT	ena_study_text	gut: faecal
PRJNA966790	ASD mouse stool sample Raw sequence reads	ASD mouse stool sample Raw sequence reads	Mus musculus	ena_host_field	GUT	sample_fields	gut: feces, gut
PRJEB59225	The microbiota of the outer gut mucus layer of the migrating Northeast Atlantic cod (Gadus morhua) as determined by shotgun DNA sequencing	The microbiota of the outer gut mucus layer of the migrating Northeast Atlantic cod (Gadus morhua) as determined by shotgun DNA sequencing	Gadus morhua	ena_study_text	GUT	sample_fields	gut: intestinal
PRJNA730805	Integrative Analysis of the Western Diet-Induced Metabolic Phenotype and Microbiota Changes	This project was an investigation of fecal microbiome samples of mice on chow and high-fat western diet over 12 weeks.	Mus musculus	ena_host_field	GUT	sample_fields	gut: gut
PRJNA738608	Global Canine Shotgun Microbiomes	This study sampled fecal microbiomes from dogs in Laos, India, South Africa, and the US for shotgun sequencing, to produce both taxonomic and functional comparisons and better understand fecal microbiome diversity in canines.	Canis lupus familiaris	ena_host_field	GUT	sample_fields	gut: feces, gut
PRJNA758898	feline metagenome sequencing	Whole-genome shotgun metagenomic assembly from fecal samples of eight normal and eight obese cats.	Felis catus	ena_host_field	GUT	sample_fields	gut: fecal, gut, rectum
PRJNA1098026	Role of early life microbiome perturbance in behavior and responses to stress	Emerging evidence suggest that perinatal exposure to antibiotics (Abx) of both, mother or newborn may affect long term health by disrupting the normal neonatal gut colonization known to influence gut maturation, immune, brain and metabolic development. Little is known about sex-dependent differences in microbial composition in weanling mice.	Mus musculus	ena_host_field	GUT	sample_fields	gut: gut, stool
PRJNA751718	Metagenome of the gut flora of Vespa mandarinia	Comparative metagenomics of the gut microbiota in the larva and adult of Vespa mandarinia	Vespa mandarinia	ena_host_field	GUT	sample_fields	gut: gut
PRJNA1067380	Cotesia vestalis Raw sequence reads	normal metagenome of Cotesia vestalis gut microbe	Cotesia vestalis	ena_host_field	GUT	ena_study_text	gut: gut
PRJNA843079	IL-10 KO Fecal Microbiome	This project consists 51 Shotgun metagenomes of 51 IL10 KO Jax stock #002251/ C57BL/6J genetic background mice taken at 6 months of age. Mice are broken into groups of inheriting antibiotic derived dysbiosis and are broken further into groups receiving an oral fecal microbiota transplantation, a gavage of PBS, no gavage, and control not receiving antibiotic dysbiosis.	Mus musculus	ena_host_field	GUT	sample_fields	gut: feces, gut
PRJNA389470	Mus musculus Raw sequence reads	Assess efficacy of fecal microbiota transplantation in correcting chemotherapy and antibiotics induced dysbiosis.	Mus musculus	ena_host_field	GUT	sample_fields	gut: gut
PRJNA1119051	Fathi Camel Microbiome Project (FCMP)	Deep metagenomic sequencing of Arabian Dromedary camels of Saudi Arabia reveals associations with diet and lifestyle via machine learning. Pilot N = 55 camels, Tabuk region	Camelus dromedarius	ena_host_field	GUT	sample_fields	gut: gut, stool
PRJEB57214	Longitudinal gut microbiome in BDL mice model	We induced cholestasis in mice by bile duct ligation (BDL), mirroring the phenotype of a bile duct obstruction, to understand how gut microbiota alterations caused by an impaired flow of bile acid to the gut contribute to the pathogenesis and progression of liver disease. We performed longitudinal stool, heart, and liver sampling using mice receiving BDL and controls receiving sham operation (ShamOP). Shotgun metagenomics profiling using fecal samples taken before and on day 1, day 3, and day 7 after surgery was performed, and the cytokines and clinical chemistry profiles from heart blood, as well as the liver bile acids profile, were also evaluated.	Mus musculus	ena_study_text	GUT	sample_fields	gut: faeces
PRJNA1052069	Gut microbiome of mice treated with various antibiotics	Rationally designed antibiotic combinations targeting major bacterial groups were used to elucidate their individual contribution in modulating alloimmune responses. Antibiotics groups are Gentamicin,Kanamycin,Colistin (GKC), Vancomycin (V), Metronidazole (M), VM, and VMGKC	Mus musculus	ena_host_field	GUT	sample_fields	gut: gut
PRJEB40767	Shotgun metagenomics sequences of gut microbiome from obese rats treated with a panel of weight loss drugs	Obesity, metabolic disease and some psychiatric conditions are associated with changes to fecal microbiomes but precisely which bacterial species and specific genes contribute to good health requires deep shotgun sequencing.Using shotgun metagenomics, the composition of the microbiome was obtained for two cohorts of obese female Wistar rats (n=10-12) maintained on a high fat diet before and after a 42-day treatment with a panel of four drugs, alone or in combination: RCOB, bupropion, naltrexone and sibutramine. Consistent weight loss was only observed with sibutramine (5mg/kg po) which acted through reduction of food intake. The composition of microbiome changes over time in line with the phenotype, showing increased beta diversity, a higher Bacteriodetes to Firmicutes ratio, and highly significant changes in species belonging to the Bacteroidetes phylum. In addition, we identify 1047 differentially abundant genes from the whole population which reflect the change in the overall composition of the microbiome, as well as a significant decrease in a panel of genes involved in flagellum assembly and composition.This study provides a large resource comprising complete shotgun metagenomics datasets of the fecal microbiome coupled with weight change and food intake at day 3, day 15 and day 42 from 82 obese rats treated with a range of compounds used for weight loss, which are available to the community for detailed analysis. Furthermore, by conducting a detailed analysis of the microbiome associated with sibrutamine-induced weight loss, we identify changes in specific species and gene groups over time.	Rattus norvegicus	ena_study_text	GUT	sample_fields	gut: gut
PRJEB21599	Metegenomic study of the gut of the slug Arion ater (shotgun genomic DNA library, sequencing done on a miseq)	Some eukaryotes are able to gain access to well-protected carbon sources in plant biomass by exploiting microorganisms in the environment or harboured in their digestive system. One is the land pulmonate Arion ater, which takes advantage of a gut microbial consortium that can break down the widely available, but difficult to digest, carbohydrate polymers in lignocellulose. This enables them to digest not only fresh and partially digested plant material, but also carrion and fungi when other food is scarce. This ability is considered one of the major factors that have enabled A. ater to become one of the most widespread plant pest species in Western Europe and North America. Using metagenomic techniques we have characterized the bacterial diversity and functional capability of the gut microbiome of this notorious agricultural pest, analysing over 6 Gbp of gut metagenomic community sequences to reveal abundant populations of known lignocellulose-degrading bacteria, along with well-characterized bacterial plant pathogens. This also revealed a repertoire of more than 3,383 carbohydrate active enzymes (CAZymes) including multiple enzymes associated with lignin degradation, demonstrating a microbial consortium capable of degradation of all components of lignocellulose. This would allow A. ater to make extensive use of plant biomass as a source of nutrients through exploitation of the enzymatic capabilities of the gut microbial consortia. From this metagenome assembly we also demonstrate the successful amplification of multiple predicted gene sequences from metagenomic DNA subjected to whole genome amplification and expression of functional proteins, facilitating the low cost acquisition and biochemical testing of the many thousands of novel genes identified in metagenomics studies. These findings demonstrate the importance of studying Gastropod microbial communities, firstly with respect to understanding links between feeding and evolutionary success and, secondly, as sources of novel enzymes with biotechnological potential, such as CAZYmes that could be used in the production of biofuel.	Arion ater	ena_study_text	GUT	sample_fields	gut: gut
PRJNA1026073	Enterobacter hormaechei isolate JJBC Genome sequencing	Plutella xylostella gut isolate	Plutella xylostella	ena_host_field	GUT	sample_fields	gut: gut
PRJNA865544	Mus musculus breed:C57BL/6 Metagenome	Metagenome of gut microbiota of Mus musculus	Mus musculus	ena_study_text	GUT	sample_fields	gut: gut
PRJNA255439	Metagenomic studies of schizophrenia patients	The microbiome has been shown to alter brain development and modulate behavior and cognition in animals through gut-brain connections, and research in humans suggests that it may be a modulating factor in many disorders. The microbiome has not been extensively studied in individuals with schizophrenia, and little is known about the role the microbiome may play in the pathogenesis of this condition. These samples are part of the first batch of samples that will be analyzed to shed light into the microbial of schizophrenia patients.	Homo sapiens	ena_host_field	GUT	ena_study_text	gut: gut
PRJNA645015	Honeybee gut microbiome	Gut microbes have a close relationship with host and plays a significant role in the health of host.	Apis mellifera	ena_host_field	GUT	sample_fields	gut: gut
PRJDB20287	Metagenome assembled genome sequence of Serratia ureilytica (Lm2023) obtained from the hindgut of Locusta migratoria.	The metagenome assembled genome sequence of Serratia ureilytica (Lm2023) was obtained from the short read metagenomic sequencing analysis of the hindgut of Locusta migratoria.	Locusta migratoria	ena_host_field	GUT	sample_fields	gut: gut, hindgut
PRJNA1040965	Whole genome shotgun sequencing on mouse fecal bacteria during dextran sodium sulfate colitis	PCR-free whole genome shotgun sequencing was performed on bacteria isolated from mouse fecal samples before, during, and after mice were adminsitered 2% dextran sodium sulfate (DSS) for 5 days to induce colitis.	C57/BL6	ena_host_field	GUT	sample_fields	gut: gut
PRJNA712972	PIGA gene responsible for GPI anchor biosynthesis : knockout leads to gut microbiome dysbiosis	Gut micrbiota dysbiosis associated with PIGA gene (responsible for GPI anchor biosynthesis)	C57BL/6J	ena_host_field	GUT	sample_fields	gut: feces, gut
PRJDB20379	Shotgun metagenomic data of gut microbiome from 8 cetacean species	Shotgun metagenomic data from gut content of minke whale (Balaenoptera acutorostrata), sperm whale (Physeter macrocephalus), pygmy sperm whale (Kogia breviceps), Cuvier's beaked whale (Ziphius cavirostris), Stejneger's beaked whale (Mesoplodon stejnegeri), Pacific white-sided dolphin (Lagenorhynchus obliquidens), harbour porpoise (Phocoena phocoena), and Dall's porpoise (Phocoenoides dalli) for understanding the gut bacterial genomes of a wide range of cetaceans.	Balaenoptera acutorostrata; Kogia breviceps; Mesoplodon stejnegeri; Phocoena phocoena; Phocoenoides dalli; Physeter macrocephalus; Sagmatias obliquidens; Ziphius cavirostris	ena_host_field	GUT	sample_fields	gut: cecum, colon, duodenum, gut, ileum, jejunum, rectum
PRJNA1061805	Holothuria glaberrima Eviscerated Gut Metagenome Raw sequence reads	To ascertain the taxonomic diversity of the eviscerated gut of Holothuria glaberrima, four metagenomic libraries were generated and their metagenomic DNA was extracted. The DNA was shotgun-sequenced and analyzed using NMDC-EDGE. This provided the necessary data for functional analysis.	Holothuria glaberrima	ena_host_field	GUT	sample_fields	gut: gut
PRJEB37383	Sequencing of GI content from mice fed a low or high fiber diet	Mice were fed a high or low fiber diet and their GI content was collected. DNA was isolated from the GI content and sequenced on an Illumina HiSeq in the 2x150bp configuration.	Mus musculus	ena_study_text	GUT	sample_fields	gut: gut
PRJEB52269	Microbiota analysis of mice cecum under the influence of HFD and estrogenic ligands	Intake of a high-fat diet (HFD) can lead to gut microbiota dysbiosis, and dysbiosis can provoke chronic intestinal inflammation and contribute to colitis-associated colorectal cancer (CRC). We and others have previously demonstrated that HFD results in sex-dependent phenotypes which can, in part, be contributed to sex hormones, including estrogen. Here we define the microbial composition under control diet and explore whether HFD (13 weeks), sex, and estrogenic ligands (estradiol and ERÎ²-selective DPN, 3 weeks) impact the microbiome.	Mus musculus	ena_study_text	GUT	ena_study_text	gut: cecum, gut, intestinal
PRJNA881985	Mus musculus fecal metagenome Raw sequence reads	The apolipoprotein (APOE) allele in humans has been associated with risk for development of Alzheimer's disease (AD). There are predominately three variations of the allele - E2, E3, and E4 - with E4 contributing the greatest risk of AD development. Recent research has unveiled evidence of neurometabolic and neurovascular deficits in E4 carriers present decades before the onset of dementia it is believed these chronic defects play a major role in the development of AD, thus making them a potential target for preventative intervention. The purpose of this study was to examine the effect of a ketogenic diet on cerebral metabolites, gut microbiome, and cerebral perfusion in young transgenic mice carrying the E4 allele.	Mus musculus	ena_host_field	GUT	sample_fields	gut: gut
PRJNA995784	Gut microbiota of Mup-knockout house mice	Investigate the effect of a major urinary protein (Mup) gene cluster knockout on the gut microbiota of sexually mature house mice (Mus musculus).	Mus musculus musculus	ena_host_field	GUT	sample_fields	gut: gut, stool
PRJNA913821	Shotgun metagenome sequencing of Svalbard reindeer gut segments	Shotgun metagenome sequencing of 9 samples of the Svalbard reindeer gut metagenome: 3 from rumen, 3 from small intestine and 3 from large intestine.	Rangifer tarandus platyrhynchus	ena_host_field	GUT	ena_study_text	gut: gut, intestine, rumen
PRJNA915351	Microbiome alterations driven by Trypanosoma cruzi infection in two disjunctive murine models	Alterations caused by Trypanosoma cruzi in the gut microbiome composition may play a key role in the host-parasite interactions and may be involved in a decrease of bacterial taxa and metabolic pathways that could be related to changes in physiology and immune responses against the parasite, promoting the establishment and progression of the infection. Therefore, we implemented a murine model with two mouse strains, BALBc and BL6, to evaluate the impact of Trypanosoma cruzi (Tulahuen strain) infection on the gut microbiome using shotgun metagenomics.	Mus musculus	ena_host_field	GUT	sample_fields	gut: feces, gut
PRJNA977416	Metagenomic sequencing of honeybee microbiota	WGS of honeybee gut microbiota following different treatments	Apis mellifera	ena_host_field	GUT	sample_fields	gut: gut
PRJNA1243555	3rd Generation Cephalosporin Resistant on Chicken Intestinal Tract	Oral and Parenteral Treatment with a 3rd Generation Cephalosporin Promotes the Proliferation of Diverse ESBL-producing Escherichia coli in the Chicken Intestinal Tract	Gallus gallus	ena_study_text	GUT	sample_fields	gut: feces
PRJNA655594	Mus musculus Metagenome	Effect of microbiota-accessible carbohydrates (MAC) elucidated using WGS approach	C57BL/6J	ena_host_field	GUT	sample_fields	gut: feces, gut
PRJNA1157353	Gut microbiome evolution across honeybee species	First shotgun metagenomic dataset of Asian honeybee species. Studying gut microbiota evolution across animals is crucial for understanding the maintenance of complex symbiotic interactions but is hampered by limited high-resolution genomic data from closely related hosts. With their highly specialized gut microbiota and well-known ecology, honeybees provide tractable systems to study microbiota evolution. Using shotgun metagenomics on two hundred widely sampled honeybee workers of five different species (Apis mellifera, Apis cerana, Apis dorsata, Apis andreniformis, Apis florea), we recovered thousands of metagenome-assembled genomes, identifying many novel bacterial species. Beyond offering new insights into gut microbiota evolution, our study uncovers the functional potential of the gut microbiota of Asian honeybees, which remained underexplored despite the crucial role of these pollinators in their native ecosystem.	Apis andreniformis; Apis cerana; Apis dorsata; Apis florea; Apis mellifera	ena_host_field	GUT	sample_fields	gut: hindgut
PRJNA1145617	TurkeyBiom - Insights into the turkey gut microbiota	A shotgun metagenomic sequencing project investigating the caecal microbiota of healthy turkeys in Norway in relation to monensin use and antibiotic treatment	Meleagris gallopavo	ena_host_field	GUT	sample_fields	gut: gut
PRJNA1211045	Freshwater snail faeces raw sequence reads	Shotgun metagenomic sequencing of freshwater snail faeces across four administrative regions (Malawi, Uganda, Zanzibar, United Kingdom) in two continents (Africa, Europe).	Anisus; Biomphalaria sp.; Bulinus sp.; Cleopatra sp.; Lanistes sp.; Lymnaea sp.; Physella sp.; Pila sp.	ena_host_field	GUT+OTHER	sample_fields	gut: feces; other: freshwater
PRJNA1210771	Raw sequence reads of 16S rRNA, metagenome, and metatranscriptome from Antarctic krill gut	The study investigated the composition, diversity and roles of the gut microbiota in E. superba.	Euphausia superba	ena_host_field	GUT	sample_fields	gut: gut
PRJNA1084222	Effect of nitrite exposure on gut microbiota in juvenile Chinese three-keeled pond turtles	More and more experimental results show that high concentrations of nitrite can adversely affect the health of aquatic organisms. In this study, turtles were exposed to different concentrations of nitrite (0,1,10,100 mg / L) to explore the effects of nitrite exposure on the composition and diversity of their intestinal flora. The results showed that nitrite exposure significantly reduced the diversity of intestinal flora. At the phylum level, the abundance of Proteobacteria in the high concentration treatment group (10 and 100 mg / L) increased, while the abundance of Bacteroidetes and Firmicutes decreased significantly. At the genus level, some bacterial genera in the intestine changed significantly after nitrite exposure. These include Prevotella _1, Halomonas, Muribaculaceae _ ge and Aeromonas. Gene function prediction showed that the relative abundance of ansamycin biosynthesis was low in the high concentration treatment groups (10 and 100 mg / L), while the relative abundance of ketone synthesis and degradation increased with the increase of concentration. This study provides a scientific basis for further understanding the effect of nitrite pollution on the intestinal flora of amphibians.	Mauremys reevesii	ena_host_field	GUT	sample_fields	gut: gut, intestinal
PRJNA1148150	Dietary impact on the gut resistome: western diet independently increases the prevalence of antibiotic resistance genes within the gut microbiota	Dietary impact on the gut resistome: western diet independently increases the prevalence of antibiotic resistance genes within the gut microbiota	Mus musculus	ena_host_field	GUT	ena_study_text	gut: gut
PRJEB89425	Gut microbial diversity and strain sharing in the Indri indri	By reconstructing 342 near-complete genomes representing 48 potential new species from 22 indri fecal samples (mostly newly sequenced), we increased Indri indri gut microbiome mappability by 85%, and identified a substantial core set of shared microbes. The primary factor shaping both the types and functions of these gut bacteria was the indri's social group. Strain-level analysis revealed extensive microbial transmission within social units, highlighting the importance of physical interactions in microbiome acquisition, particularly between mothers and their young. Conversely, intergroup strain sharing was rare and inversely related to geographical distance, mirroring the limited contact and stable territories within a fragmented landscape.	Indri indri	ena_study_text	GUT	ena_study_text	gut: fecal, gut
PRJNA399458	Indri indri isolate:BS62 Genome sequencing and assembly	Draft Genome Sequence and Assembly	Indri indri	ena_study_text	UNCERTAIN	none	
PRJNA1229795	Theabrownin, in combination with Zearalenone, suppressed colitis-associated colorectal cancer via PI3K/AKT pathway and promoting microbial propionate production	Here we share the metagenomics data for the publication: Theabrownin, in combination with Zearalenone, suppressed colitis-associated colorectal cancer via PI3K/AKT pathway and promoting microbial propionate production.	Mus musculus	ena_host_field	GUT	sample_fields	gut: feces, gut
PRJNA1244851	Profiling Bile Acids in the Stools of Humans and Animal Models of Cystic Fibrosis	Cystic fibrosis (CF) is associated with dysbiosis of the gut microbiome, alterations in intestinal mucus production, aberrant bile acid (BA) metabolism, fat malabsorption, and chronic inflammation. As little is known about BAs in CF, we performed both comprehensive and targeted BA profiling in stool of children with or without CF. Our results reveal that primary unconjugated BAs, as well as biosynthetic intermediates and atypical BAs, are elevated in children with CF (cwCF) vs. healthy controls, whereas secondary BA species and metabolites trend lower. No difference in total BA levels was found between groups. Matched bacterial metagenomic analyses showed no change in beta-diversity between groups in our small cohort, at odds with previous studies, whereas changes in relative abundance of Bacteroides (lower) and E. coli (increased) species is consistent with prior reports. In accord with CF-related shifts toward more primary and fewer secondary fecal BAs in cwCF, a robust trend was noted toward reduced abundance of bsh gene families (Wilcox test, p = 0.052) - a key rate-limiting enzyme required for bacterial synthesis of secondary BAs - in cwCF. Modest changes in both BAs and microbial BA metabolism-related gene abundances may be attributable to small sample sizes, but also suggest likely combination defects in both host and microbial BA metabolic pathways in cwCF. Importantly, fecal BA profiles from both ferret and mouse CF models failed to reflect human CF-associated BA alterations. Together, these results provide new insights into CF-related BA dysmetabolism and highlight limitations of CF animal models for BA functional studies.	Homo sapiens; Mustela putorius furo; Mus musculus	ena_study_text	GUT	ena_study_text	gut: fecal, gut, intestinal, stool
PRJNA1209849	Gut metagenomics Raw sequence reads	Metagenomics were used to explore the characteristics of microbiota in the feces of centenarians	Homo sapiens	ena_study_text	GUT	sample_fields	gut: gut
PRJNA949809	metagenome of coilia nasus under air exposure	metagenome of coilia nasus under air exposure	Coilia nasus	ena_study_text	UNCERTAIN	none	
PRJNA1225421	Microbiome data from the ECoMiD cohort study in Ecuador	Microbiome sequencing data from the ECoMiD cohort study.	Homo sapiens	ena_host_field	GUT	sample_fields	gut: feces, gut
PRJNA1233886	16S and ITS rDNA Sequences of the Eviscerated Gut Environment in Holothuria glaberrima	The data provided consist of raw sequence reads of the 16S rDNA gene and the Internal Transcribed Spacer (ITS) rDNA region, obtained from four distinct regions of the eviscerated gut of Holothuria glaberrima. The sampled regions include the complete digestive system (DS), the washed intestine (WI), the contents from the washed intestine (CW), and the fecal content (FC). The specimens were collected from Pinones Beach in San Juan, Puerto Rico. This approach provides valuable insights into the microbial diversity and composition within the eviscerated gut environment of H. glaberrima.	Holothuria glaberrima	ena_host_field	GUT	sample_fields	gut: digestive system, fecal, gut, intestine
PRJNA1182340	Gut microbiome Metagenome	Mus musculus gut microbiome profile under different pollutants	Mus musculus	ena_host_field	GUT	ena_study_text	gut: gut
PRJNA1186832	The gut isolates of Lactiplantibacillus plantarum HNU082 (Lp082) during intestinal domestication in mice	After administrating the probiotics Lactiplantibacillus plantarum HNU082 (Lp082) in healthy mice, the Lp082 isolates were collected and sequenced.	mouse	ena_host_field	GUT	sample_fields	gut: gut, intestine
PRJNA1238482	Characterization and comparison of the fecal bacterial microbiota in Red back pine root snake (Oligodon formosanus) and Chinese slug-eating snake (Pareas chinensis)	The gastrointestinal tracts and oral cavities of animals harbor complex microbial communities that assist hosts in nutrient absorption and immune responses, thereby influencing behavior, development, reproduction, and overall health. In this study, we utilized metagenomic sequencing technology to conduct a detailed analysis of the fecal bacterial communities of six Red Back Pine Root Snakes and three Chinese Slug-Eating Snakes to examine the differences in microbial community composition in different environments.	snake	ena_host_field	GUT	sample_fields	gut: feces, gut
PRJNA1202651	Streptomycin-induced MSP depletion and reconstitution by colonization	Here, we investigated the role of MSPs in mice during disease-modeled colonic energetic stress using a strain of E. coli genetically modified for enhanced purine nucleobase release (E. coli Mutant).	Mus musculus	ena_study_text	GUT	ena_study_text	gut: colonic
PRJEB60852	Rangifer tarandus platyrhyncus (Svalbard reindeer) genome assembly, mRanTar1	This project provides the genome assembly of Rangifer tarandus subsp. platyrhynchus (mRanTar1), common name Svalbard reindeer .	Rangifer tarandus platyrhynchus	ena_study_text	UNCERTAIN	none	
PRJNA1134918	Mus musculus Raw sequence reads	Metagenome of Mus musculus	Mus musculus	ena_study_text	GUT	sample_fields	gut: stool
PRJNA594263	To investigate the treatment/amelioration effects of berberine on insulin resistance (IR) associated with polycystic ovary syndrome (PCOS).	16S amplicon and metabolomics analyses were performed on different groups of rat models treated with berberine. We used 16S amplicon analysis to demonstrate the microbiota with the quasi-likelihood (QL) F-test of the edgeR package. We performed different metabolite analysis using principal component analysis (PCA), partial least squares discrimination analysis (PLS-DA), and orthogonal partial least squares discrimination analysis (OPLS-DA). We then constructed a correlation network of different microbiotas and metabolites through relevance, and analyzed correlations between/among different microbiotas and metabolites.	Rattus norvegicus	ena_host_field	GUT	sample_fields	gut: feces, gut
PRJNA681546	feces metagenome Metagenome	to study the gut microbiota structure changes in ZDF rats after Berberine intervention	Rattus norvegicus	ena_study_text	GUT	sample_fields	gut: gut
PRJNA723444	Balb/c mouse Raw sequence reads	Balb/c 16S-rRNA Raw sequence read	Mice	ena_host_field	GUT	sample_fields	gut: gut, stool
PRJNA1026909	Metagenomics of intestinal microbiomes from mice fed different sources of dietary protein	This project contains shotgun metagenomes generated from pooled samples for the purpose of creating a protein database for metaproteomics. We fed conventional C57BL/6J mice a series of defined diets where the source of dietary protein was the only difference, which made up twenty or forty percent of the diet. The dietary protein sources used were purified protein. The diets were fed to 12 mice across four cages for one week each. A fecal sample was collected at the end of each week. The diets were fed in this order: standard chow, 20% soy, 20% casein, 20% rice, 40% soy, 20% yeast, 40% casein, 20% pea, 20% egg white protein, 20% chicken bone broth, and lastly at the end of the experiment half of the mice were fed the 20% soy and half the mice the 20% casein diet again as a control. We pooled samples by cage from the 20% rice diet, 40% soy diet, 20% yeast diet, 40% casein diet to generate four metagenomes, one for each cage. The proteomes that used a database generated from this study were submitted to PRIDE: PXD041586 and PXD04064.	Mus musculus	ena_host_field	GUT	sample_fields	gut: gut
PRJNA1146968	Gut microbiome metagenomic analysis of Moschus chrysogaster, Capricornis sumatraensis, and Cervus albirostris	Gut microbiome metagenomic comparative analysis of Alpine musk deer, mainland serow and white-lipped deer	Capricornis sumatraensis; Cervus albirostris; Moschus berezovskii	ena_host_field	GUT	ena_study_text	gut: gut
PRJNA1214001	gut metagenome	SD rats in tail suspension model were fed either a common or a special diet containing 2.5% Hericium erinaceus polysaccharide for 4 weeks	rat	ena_host_field	GUT	ena_study_text	gut: gut
PRJNA1140353	Honey bee Apis mellifera Metagenome	Gut microbiome of Apis mellifera identifies abundant bacterial and fungal communities from the two locations in Northern, Philippines, Municipality of Bacnotan, La Union.	Apis mellifera bacteriome; Apis mellifera mycobiome	ena_host_field	GUT	ena_study_text	gut: gut
PRJNA1187318	Treatment of sham and ovariectomized mice with a probiotic mix	Studies have demonstrated that a probiotic mixture of Lacticaseibacillus paracasei DSM13434, Lactiplantibacillus plantarum DSM 15312 and DSM 15313 (L. Mix) prevents bone loss in ovariectomized (ovx) female mice. The purpose of the present study was to investigate the underlying mechanism for the stimulatory effect of L. Mix on bone mineral density and lean mass in mice. Ten-week-old female mice were subjected to either sham or ovx surgery and treated with L. Mix or vehicle in the drinking water for 12 weeks. Cecal content from the following four groups were metagenome sequenced to determine the effect of L. Mix on the gut microbiome: Sham Veh (VS), Ovx Veh (VO), Sham L. Mix (PS), Ovx L. Mix (PO).	Mus musculus	ena_host_field	GUT	sample_fields	gut: cecal, gut
PRJEB79769	Functional insights into the effect of feralisation on the gut microbiota of cats worldwide	Feralisation, the process by which domesticated organisms revert to a wild state, is a widespread phenomenon across various species. Successfully adapting to a new environment with different access to food, shelter, and other resources requires rapid physiological and behavioural changes, which could potentially be facilitated by gut microbiota plasticity. To investigate whether alterations in gut microbiota support this transition to a feral lifestyle, we analysed the gut microbiomes of domestic and feral cats from six geographically diverse locations. By reconstructing 229 metagenome-assembled genomes from 92 cats, we identified a typical carnivore microbiome structure, with notable diversity and taxonomic differences across regions. While overall diversity metrics did not differ significantly between domestic and feral cats, hierarchical modelling of species communities, accounting for geographic and sex covariates, revealed distinct taxonomic and functional profiles between the two groups. Notably, while taxonomic enrichment was balanced, microbial functional capacities were significantly enriched in feral cats. These functional enhancements, particularly in amino acid and lipid degradation, correspond to feral cats' dietary reliance on crude protein and fat. Additionally, functional differences were consistent with behavioural contrasts, such as the more aggressive and elusive behaviour measured in feral cats compared to the docile behaviour of domestic cats. Finally, the observed enrichment in short-chain fatty acid, neurotransmitter, and vitamin B12 production in feral cats aligns with improved cognitive function and potentially contributes to their heightened aggression and elusiveness. Our findings suggest that microbiome shifts may play a significant role in the development of physiological and behavioural traits advantageous for a feral lifestyle, supporting the adaptive success of feral cats in the wild.	Felis catus	ena_study_text	GUT	ena_study_text	gut: gut
PRJNA816829	gut metagenome Raw sequence reads	gut metagenome of rat	rat	biome_label	GUT	sample_fields	gut: feces, gut
PRJNA1044797	Metagenomic survey of commercial and wild bee gut microbiotas	We performed shot gun metagenomic sequencing of the gut microbiotas of commercial and wild Bombus impatiens workers, as well as wild B. rufocinctus, B. ternarius, and B. vagans workers, to compare strain composition and metabolic potential between commercial and wild bumble bees, and across wild bumble bee species.	Bombus impatiens; Bombus rufocinctus; Bombus ternarius; Bombus vagans	ena_host_field	GUT	sample_fields	gut: gut
PRJNA1033630	BeeCSI Microbiomics: honey bee gut metagenomes from exposure experiments	BeeCSI is a honey bee (Apis mellifera) health diagnostics project with the aim of identifying stressor-specific biomarkers via 'omics tools. Experimental exposure experiments were performed and biological data collected (microbiome, proteomics, transcriptomics). Here, the whole metagenome shotgun sequencing data are presented. The data is organized into two main subgroups, caged bee stressor experiments (Activity 1) and colony crop exposure experiments (Activity 2).	Apis mellifera	ena_study_text	GUT	ena_study_text	gut: gut
PRJNA1124990	Canadian Bee Microbome Metagenomic Sequencing in Proximity to Highbush Blueberry	The purpose of this study was to investigate the gut microbiome of bees in response to proximity of specific crops throughout Canada	Apis mellifera	ena_host_field	GUT	sample_fields	gut: gut
PRJNA999720	Canadian Bee Microbome Metagenomic Sequencing in Proximity to Specific Crops	The purpose of this study was to investigate the gut microbiome of bees in response to proximity of specific crops throughout Canada	Apis mellifera	ena_host_field	GUT	sample_fields	gut: gut
PRJNA1130047	Fecal metagenomics analysis of mice treated with Faecalibacterium prausnitzii strain UT1	Metagenomics sequence reads of fecal samples collected from C57BL/6 mice gavaged with Faecalibacterium prausnitzii strain UT1 compared to PBS	Mus musculus	ena_study_text	GUT	ena_study_text	gut: fecal
PRJEB43192	HoloFood Super Study	Optimising food production is not only of commercial interest for companies, but with the planetâs population approaching the nine billion mark, also of critical importance for humanity. Animal food production can be optimised by modulating animal-associated microbiomes through the use of feed additives such as prebiotics and probiotics. Previously developed feed additives have not acknowledged the specific means of action of the additives on the microbiome and host organisms, and consequently i) their performance is inconsistent across animals with different genetic background and when grown under different environments, ii) improvement of feed additives is inefficient and costly, and iii) optimal solutions are unlikely to be found without taking a more holistic approach. HoloFood showcases a holistic approach that will improve the efficiency of food production systems by deciphering the molecular and physiological processes triggered by feed additives across animals with different genetic background and grown under different environments. We will use two critically important farmed animal systems as our models -salmon and chicken- and characterise not only their associated microorganismsâ genomes, transcriptomes and metabolomes but also how the microbiome interacts with animals' genomes and transcriptomes within the new holo-omic framework in relation to key performance indices and animal welfare issues. The knowledge generated will be used to optimise feed additive administration strategies of already implemented products by tailoring them to the genetic background and developmental stage of the animals as well as production environment, to improve the quantity, quality and safety of the produced food, as well as sustainability of food production and animal welfare. HoloFood will also serve to raise awareness about the importance of microbiomes in food production, and to establish bridges between companies and academia to foster science-based strategies.	Salmo salar; Gallus gallus	ena_study_text	UNCERTAIN	none	
PRJNA1108898	Viridovipera stejnegeri Raw sequence reads	metagenomic of viridovipera stejnegeri	Trimeresurus stejnegeri	ena_host_field	UNCERTAIN	none	
PRJNA1108923	Viridovipera stejnegeri Raw sequence reads	metagenomic of Viridovipera stejnegeri 1	Trimeresurus stejnegeri	ena_host_field	UNCERTAIN	none	
PRJNA1180206	gut metagenome Metagenome	The project investigates the metabolism of branched-chain amino acids in the gut microbiota and the impact of their metabolites on the gut microbiota of D-galactose-induced aging mice.	Mus musculus	ena_host_field	GUT	sample_fields	gut: gut, stool
PRJNA1102166	metagenome of intestine	metagenome of intestine in Coilia nasus induced by probiotics added in diet and water	Coilia nasus	ena_study_text	GUT	ena_study_text	gut: intestine
PRJNA1165944	Bovine rumen macrogenome sequencing	Investigating MSTN gene edited bovine rumen macrogenomic changes	Bos taurus	ena_host_field	GUT	sample_fields	gut: rumen
PRJNA560329	Phylogenomic analysis of 589 metagenome-assembled genomes encompassing all major prokaryotic lineages from the gut of higher termites	Reconstruction of 589 prokaryotic metagenome-assembled genomes (MAGs) from the different gut compartments of eight higher termite species.	Cornitermes sp.; Embiratermes neotenicus; Isognathotermes ugandensis; Labiotermes labralis; Microcerotermes parvus; Nasutitermes corniger; Neocapritermes taracua; Termes hospes	ena_host_field	GUT	sample_fields	gut: gut, midgut
PRJNA732531	Gut metagenomes from 48 lower and higher termites	Metagenomic (Illumina sequencing) data from the gut of 48 species of lower and higher termites	Alyscotermes sp.; Astalotermes quietus; Calcaritermes temnocephalus; Coatitermes kartaboensis; Constrictotermes cavifrons; Coptotermes formosanus; Cornitermes pugnax; Crepititermes verruculosus; Cryptotermes cavifrons; Cryptotermes dudleyi; Cylindrotermes parvignathus; Dicuspiditermes spinitibialis; Euhamitermes sp.; Furculitermes sp.; Globitermes sulphureus; Glyptotermes sp.; Hodotermes mossambicus; Hodotermopsis sjostedti; Incisitermes marginipennis; Incisitermes snyderi; Jugositermes tuberculatus; Kalotermes flavicollis; Macrotermes cf. amplus; Mastotermes darwiniensis; Microcerotermes sp.; Nasutitermes ephratae; Nasutitermes lujae; Neocapritermes taracua; Neotermes castaneus; Neotermes cubanus; Neotermes meruensis; Odontotermes sp.; Palmitermes impostor; Polyspathotermes sulcifrons; Porotermes adamsoni; Porotermes quadricollis; Procryptotermes leewardensis; Procubitermes undulans; Promirotermes sp.; Prorhinotermes canalifrons; Reticulitermes flavipes; Roisinitermes ebogoensis; Sphaerotermes sphaerothorax; Spinitermes trispinosus; Trinervitermes sp.; Zootermopsis nevadensis	ena_host_field	GUT	sample_fields	gut: gut
PRJEB73709	Deep-characterisation of the gut bacterial and viral populations in angiotensin II-induced hypertension in mice	The gut microbiome is an emerging factor in preventing hypertension. However, most studies focus on bacterial populations, not being inclusive of other important microorganisms such as viruses. Here, we combine the strengths of viral-like particles (VLPs) and bulk metagenomic-wide analysis to comprehensively study the link between the gut bacterial and viral populations, as well as bacterial functional genes, in experimental hypertension and their link with fibre intake.	Mus musculus	biome_label	GUT	sample_fields	gut: gut
PRJNA1151203	metagenome of monkey gut	gut metagenome of Himalayan Langurs (Semnopithecus schistaceus) and Xizang Macaques (Macaca mulatta vestita)	Macaca mulatta vestita; Semnopithecus schistaceus	ena_host_field	GUT	sample_fields	gut: feces
PRJNA1123873	Metagenomic profiling of gut microbiota in Spodoptera frugiperda larvae fed on different host plants	This study utilized metagenomic sequencing to explore the structure, function, and antibiotic resistance genes (ARGs) of the gut microbiota in FAW larvae transferred from an artificial diet to different host plants (maize, sorghum, tomato, and pepper).	Spodoptera frugiperda	ena_study_text	GUT	sample_fields	gut: gut
PRJNA1031700	Metagenome	Nutrition and gut microbiota	Mus musculus	ena_host_field	GUT	sample_fields	gut: colonic, feces, gut
PRJNA1135459	Assessment of the potential risks in SD rats gavaged with genetically modified yeast containing the cp4-epsps gene	This study evaluates the potential risk of CP4-EPSPS protein in genetically modified (GM) crops. The expression level of CP4-EPSPS in recombinant yeast was quantified to establish daily dosage for gavage. A 90-day feeding experiment on Sprague-Dawley (SD) rats was conducted, with subsequent metabolomics and metagenomic analysis. The results from the physiological and biochemical analysis, organ pathological, blood metabolism, gut microbiota, and correlation analysis of metabolites and gut microbiota revealed several biomarkers for further risk assessment. These include clinical biochemical indexes such as total bilirubin (TBIL), direct bilirubin (DBIL), creatine kinase (CK), and lactate dehydrogenase (LDH) metabolites like Methionine, 2-Oxovaleric acid, and LysoPC (16:0) and gut microbiota including Blautia wexlerae, Holdemanella biformis, Dorea sp CAG 317, Coriobacteriaceae and Erysipelotrichaceae.This study also found that the risk associated with activated recombinant CP4-EPSPS can be substantially mitigated through inactivation. Thus, in routine life, the risk associated with consuming GM foods containing recombinant CP4-EPSPS is substantially reduced after heat treatment.	DNA-Seq of Mus musculus: adult female spleen; Mus musculus	ena_host_field	GUT	sample_fields	gut: gut
PRJNA952227	Early Life TCDF exposure	metagenomics and transcriptomics data for the Early life TCDF paper	Mus musculus	ena_host_field	GUT	sample_fields	gut: gut
PRJNA1108955	Lycodon rufozonatus and Lycodon rosozonatus were collected from different regions Raw sequence reads	The results obtained through high-throughput sequencing were used to study the differences between the two snakes and their intestinal microbial composition.	Lycodon rosozonatus; Lycodon rufozonatus	ena_host_field	GUT	ena_study_text	gut: intestinal
PRJNA1144187	snakes Raw sequence reads	mtagenomic of Achalinus spinalis</p><p>mtagenomic of Boiga kraepelini</p><p>mtagenomic of Deinagkistrodon</p><p>mtagenomic of Elaphe carinata</p><p>mtagenomic of Eryx tataricus</p><p>mtagenomic of Euprepiophis mandarinus</p><p>mtagenomic of Gloydius angusticeps</p><p>mtagenomic of Hebius craspedogaster</p><p>mtagenomic of Oligodon chinensis</p><p>mtagenomic of Opisthotropis latouchii</p><p>mtagenomic of Pareas hamptoni</p><p>mtagenomic of Pareas margaritophorus</p><p>mtagenomic of Ptyas dhumnades</p><p>mtagenomic of Rhabdophis nuchalis</p><p>mtagenomic of Sibynophis chinensis</p><p>mtagenomic of Thermophis baileyi</p><p>mtagenomic of Thermophis zhaoermii</p><p>mtagenomic of Trimerodytes annularis</p><p>mtagenomic of Trimerodytes percarinatus</p><p>mtagenomic of Xenopeltis hainanensis</p><p>mtagenomic of Boiga multomaculata</p><p>mtagenomic of Trimeresurus yunnanensis	snake	biome_label	UNCERTAIN	none	
PRJNA1302101	Hi-C metagenome analyses of double-crested cormorant fecal samples	The Double-crested Cormorant (Nannopterum auritus), a fish-eating bird endemic to North America, heavily utilizes aquaculture ponds during migration and wintering. Catfish farms in the Southern United States, particularly in Mississippi, have experienced notable losses due to cormorant depredation. In this study, we analyzed fecal microbiota from two Double-crested Cormorants using sequencing data generated through Phase Genomics ProxiMeta and Hi-C platforms. Findings will help to identify that cormorants contribution to the influx of diverse bacterial species within aquaculture ponds, potentially transmitting multiple antibiotic resistance genes and disseminating antimicrobial resistance within the environment.	Phalacrocorax auritus	ena_host_field	GUT	sample_fields	gut: fecal, gut
PRJNA1477333	Investigation of the effect of TiO2 as a dietary marker on broiler intestinal fermentation: combination of ex vivo simulation and in vivo approach	Inert substances used to measure digestion in animal studies are generally assumed to be inactive, but their effects on intestinal microbiota and metabolism are not fully understood. This study examined whether titanium dioxide, a commonly used feed marker, influences gut bacteria in broiler chickens. Using both laboratory and animal experiments, titanium dioxide was found to reduce fermentation in the ileum but increased it in the caecum. It did not affect growth performance or overall health. However, it altered fermentation patterns and increased microbial diversity in the lower gut, including bacteria associated with protein breakdown. Overall, these findings suggest that titanium dioxide can influence gut microbial activity, indicating that such markers may not be completely inert and should be used with caution.	Gallus gallus	ena_study_text	GUT	ena_study_text	gut: caecum, gut, ileum, intestinal
PRJNA1442370	High-altitude adaptation of the gut microbiome in endangered forest musk deer: evidence from integrated metagenomics, metabolomics, and culturomics	High-altitude environments impose multifaceted selective pressures--hypoxia, cold, and intense UV irradiance--on mammals and their symbiotic gut microbiota. Whether gut microbial communities undergo adaptive restructuring in response to these pressures, and whether such restructuring carries translational value for captive conservation management of endangered species, remain fundamental yet unresolved questions in evolutionary conservation biology. Here, we integrated deep shotgun metagenomics (>=15 Gb per sample), untargeted fecal metabolomics, and culturomics-based strain recovery to characterize the gut microbiome-metabolome axis in 75 captive forest musk deer (Moschus berezovskii Flerov, 1929) housed at high-altitude (ca.3,900 m) and low-altitude (ca.1,450 m) breeding facilities under uniform husbandry. Neutral community modeling revealed that the high-altitude gut microbiome is governed by significantly stronger deterministic ecological selection (only 34.3% of species conformed to neutral expectations vs. 89.3% at low altitude), consistent with adaptive environmental filtering. This selective regime enriched a functionally coherent guild of short-chain fatty acid (SCFA)-producing bacteria--centered on Flavonifractor plautii, Intestinimonas butyriciproducens, and Enterococcus faecium--that formed antagonistic co-occurrence networks with opportunistic pathogens including Clostridioides difficile and Campylobacter species, a pattern convergent with SCFA-enrichment reported in phylogenetically diverse high-altitude mammals. Concurrently, fecal metabolomics revealed coordinated shifts in urolithin biosynthesis, tryptophan-kynurenine pathway branch-specific regulation, and energy metabolism remodeling, all robustly predicted by microbiome composition via neural network modeling. Culturomics-based phenotypic screening yielded seven probiotic candidates with confirmed gastrointestinal stress tolerance and broad-spectrum pathogen-antagonistic activity in vitro. These findings yield a directly actionable, practical framework for altitude-informed facility siting, fecal microbiota transplant donor selection, host-derived probiotic development, and non-invasive health surveillance in captive endangered species. These findings illustrate how evolutionary analysis of host-microbiome adaptation to altitude can be translated into evidence-based conservation strategies, and this evolutionary framework is broadly transferable to other endangered taxa facing microbiome-associated disease pressure in captivity.	Moschus berezovskii	ena_study_text	GUT	ena_study_text	gut: fecal, gastrointestinal, gut, intestinimonas
PRJEB107655	Functional profiling of the marmoset gut metagenome after antibiotic treatment	Broad-spectrum antibiotics are invaluable tools to treat a wide variety of pathogenic infections, but their sustained use can contribute to the development of gut dysbiosis and antimicrobial resistance. While these unintended side effects are independently well-documented, the relationship between them has seldom been investigated. To address this, the present study used quantitative polymerase chain reaction assays and a custom whole-genome shotgun sequencing pipeline to quantify the effect of a 28-day antibiotic cocktail (vancomycin, neomycin and enrofloxacin) on gut microbiome composition and function in common marmosets. We observed a genus-level reduction of Bifidobacterium biomass in favor of Fusobacterium, both during antibiotic treatment and 2 weeks afterwards. Total bacterial abundance was not significantly affected by antibiotics, likely due to the presence of antibiotic-resistant opportunists. Resistance genes for vancomycin and multi-drug efflux were respectively identified in metagenome-assembled genomes for an unclassified Sarcina spp. and Escherichia coli, along with a corresponding increase in species abundance during treatment. Antibiotics also caused the dysregulation of 11 metagenomic pathways related to carbohydrate metabolism, including 2 pathways relevant to short-chain fatty acid production. This study validates key findings from a previous study on antibiotic-induced gut dysbiosis and provides additional insight into antimicrobial resistance mechanisms in non-human primates.	Callithrix jacchus	ena_host_field	GUT	ena_study_text	gut: gut
PRJEB50625	MicroReset rabbit	Characterization of the rabbit (Oryctolagus cuniculus) fecal metagenome by deep shotgun sequencing. The MicroReset Project was funded by the Animal Health program of the Carnot Institute in France. Sequencing data was generated by Genotoul (Toulouse, France).	Oryctolagus cuniculus	biome_label	GUT	sample_fields	gut: gut, intestine
PRJEB82776	Host and maternal effects on the microbiome profile and its association with growth performance and meat quality of two Iberian pig strains and their reciprocal crosses	The aim of this project was to study the gut microbiome profile of the EE, RR, ER and RE Iberian pig strains and its association with maternal effect and host genetics, in order to understand the mechanism underlying growth performance and meat quality traits in the Iberian pig.	Sus scrofa	ena_host_field	GUT	ena_study_text	gut: gut
PRJNA1056763	Comparison of the digestive tract microbiota and resistome in grass-fed and grain-fed cattle	These data are from a study done to compare the microbiota (abundance and type of bacterial species) and resistome (antibiotic resistance genes) in grass-fed (system A) versus conventionally raised grain-fed beef (system B). Fecal swabs were collected from system A calves at multiple time points including pre-weaning, post-weaning, summer, and winter. Fecal swabs were collected from system B cows at four dietary stages: preweaning, transition, backgrounding, and finishing. Preharvest fecal swabs were also collected from cows in both agricultural systems. DNA was extracted from fecal swabs and Illumina-based shotgun metagenomic sequencing was used to characterize the microbiome.	Bos taurus	ena_host_field	GUT	sample_fields	gut: gut, rectal
PRJNA1212753	Effects of yeast-enriched functionalized canola meal supplementation on apparent total tract macronutrient digestibility and fecal characteristics, fecal microbiota, and immune function of healthy adult dogs	Brewer's dried yeast has a high nutritional value and has long been utilized by the animal feed industry as a source of protein, B-complex vitamins, and minerals. Because yeast is rich in polyphenols, mannanoligosaccharides, and beta-glucans, it may also be used as a functional ingredient, providing benefits beyond that of its nutrient content. Canola meal is a high-fiber ingredient that also has unique properties, especially when it is wetted and dried using a proprietary drying system that creates a 'functionalized' canola meal. In this experiment, functionalized canola meal was enriched with different levels of brewer's dried yeast, then fed to dogs to evaluate its effects on nutrient digestibility, stool characteristics, microbiota populations, and immunity.	Canis lupus familiaris	ena_study_text	GUT	ena_study_text	gut: fecal, stool
PRJNA1367213	Metagenomic sequencing of different gastrointestinal segments in sheep	Metagenomic sequencing of different gastrointestinal segments in sheep	Ovis aries	ena_study_text	GUT	sample_fields	gut: gastrointestinal
PRJNA795985	Shotgun metagenome sequencing of fecal samples from healthy US adults	Antimicrobial resistance (AMR) represents a significant source of morbidity and mortality worldwide, with expectations that AMR-associated consequences will continue to worsen throughout the coming decades. Since resistance to antibiotics is encoded in the microbiome, interventions aimed at altering the taxonomic composition of the gut might allow us to prophylactically engineer microbiomes that harbor less AMR. Diet is one method of intervention, yet little is known about the association between diet and antimicrobial resistance. We sequenced the microbial DNA in 290 individuals' guts and examined the relationship between genes that confer antimicrobial resistance with the individuals' diets.	Homo sapiens	ena_host_field	GUT	sample_fields	gut: feces, gut
PRJNA988023	Effects of BMD administration on the Turkey gut microbiota	This study examines the impacts of BMD administration of the gut microbiota of turkeys. Three different treatments were investigated, control, sub-therapeutic levels of BMD, and therapeutic levels of BMD. Shotgun metagenomic reads were generated from cecal contents at days 7, 35, and 78 post hatch.	Meleagris gallopavo	ena_host_field	GUT	sample_fields	gut: cecal, gut
PRJNA1475489	Brain Health and the Gut Microbiome (bMicrobiome Study)	This prospective, proof-of-concept study integrated multidimensional phenotyping with metagenomic sequencing (shotgun) in adults (50-90 years) around Washington, DC. Participants were classified as healthy controls (HC) or mild cognitive impairment (MCI) by clinical history early Alzheimer's disease (eAD) participants were unable to complete study requirements. Longitudinal assessment used Boston Cognitive Assessment (BoCA), patient-reported outcomes (PROMIS-29), dietary intake and quality (DietID), readiness-for-change (adapted URICA), at-home stool sample collection.	Homo sapiens	ena_host_field	GUT	sample_fields	gut: gut, stool
PRJNA1320715	Aging of the adaptive immune system affects the gut microbiome	Aging of the adaptive immune system affects the gut microbiome and systemic levels of vitamin B6	Mus musculus	ena_host_field	GUT	sample_fields	gut: stool
PRJNA1097789	Sequencing of the gut microbiome of Drosophila melanogaster	The gut microbial communities associated with Drosophila melanogaster have been characterized.	Drosophila melanogaster	ena_host_field	GUT	ena_study_text	gut: gut
PRJEB106514	Wits Etosha Lion Gut Microbiome Project	Metagenomic study of the gut microbiome of African lions (Panthera leo). This project includes Illumina short-read sequencing of 23 samples from 20 individual lions (3 sampled at two timepoints, first collection May 2022, second October 2022), Oxford Nanopore long-read sequencing for a subset of 10 lions, and metagenome-assembled genomes derived from these samples. The lions were all wild and resident at the Etosha National Park in Namibia.	Panthera leo	ena_host_field	GUT	ena_study_text	gut: gut
PRJNA1399069	Metagenomic sequencing of gut contents from five freshwater fish species	Comparative analysis of gut microbiota from different fish species	fish	ena_study_text	GUT	ena_study_text	gut: gut
PRJEB88111	Metagenomics for detection of bacterial pathogens, antimicrobial resistance and virulence genes in diarrhoeal pigs	Comparison between metagenomics and culture-based methods in detection of bacterial pathogens and antimicrobial resistance genes in pigs with with diarrhea	Sus scrofa	ena_host_field	GUT	sample_fields	gut: faeces
PRJNA1376267	cat gut microbiome	Metagenomics sequencing data	Felis catus	ena_study_text	GUT	sample_fields	gut: gut
PRJNA1434035	Urolithin-producing culture from the faecal matter of Sprague Dawley Rats	This study aims to (i) evaluate the capacity of Sprague Dawley rat gut microbiota to produce Uro from an ET-rich fruit by-products substrate, (ii) assess factors influencing conversion efficiency relative to EA, (iii) characterise taxonomic and functional features associated with Uro-producing microbial consortia, and (iv) evaluate the sequence similarity of predicted microbial proteins to previously characterised Uro-associated enzymes to explore potential conservation or divergence of the Uro biosynthetic pathway.	Rattus norvegicus	ena_study_text	GUT	ena_study_text	gut: faecal, gut
PRJNA1157396	Gut microbiota impairs spermatogenesis in Ggt1-deficient mice	This study investigates the relationship between male infertility and gut microbiota dysbiosis, focusing on its impact on spermatogenesis. RNA sequencing and fecal metagenomic analysis were performed on wild-type (WT) mice and gamma-glutamyltransferase 1 knockout (KO) mice. Additional transcriptomic and fecal metagenomic analyses were conducted on mice after fecal microbiota transplantation (FMT), including those receiving fecal microbiota from WT mice (FMT-WT) and those receiving fecal microbiota from KO mice (FMT-KO). KO mice exhibit features of male infertility, such as reduced numbers of germ cells and Leydig cells in the testes, as well as an increased proportion of abnormal sperm. Metagenomic analysis of fecal microbiota reveals significant differences between KO and WT mice. Transplantation of fecal microbiota from KO mice results in decreased germ cell and sperm counts, and an increased proportion of abnormal sperm in recipient mice. Transcriptomic analysis shows reduced expression levels of kallikrein family members (Klk1b21, Klk1b22, Klk1b24, Klk1b27) in Leydig cells of KO and FMT-KO mice.	Mus musculus	ena_host_field	GUT	sample_fields	gut: fecal, feces
PRJNA1263030	Metagenomic data of rumen fluid from sheep	This study investigated the changes of rumen microbiota in sheep with AFB1 interference, and how nutrient alleviated AFB1-induced rumen microbiota disorder in sheep.	Ovis aries	ena_host_field	GUT	ena_study_text	gut: rumen
PRJNA1154995	Gut microbiomes of wildlife with different diets under conservation	A Non-Invasive Fecal Analysis	protected wild animals	paper	GUT	sample_fields	gut: feces
PRJEB29232	Gut microbiome community structure correlates with different behavioral phenotypes in the Belyaev farm-fox experiment	Domestication represents one of the largest biological shifts of life on Earth, and for many animal species, behavioral selection is thought to facilitate early stages of the process. The gut microbiome of animals can respond to environmental changes and have diverse and powerful effects on host behavior. As such, we hypothesize that selection for tame behavior during early domestication, may have indirectly selected on certain gut microbiota that contribute to the behavioral plasticity necessary to adapt to the new social environment. Here, we explore the gut microbiome of foxes from the tame and aggressive strains of the âRussian-Farm-Fox-Experimentâ. Microbiota profiles revealed a significant depletion of bacteria in the tame fox population that have been associated with aggressive and fear-related behaviors in other mammals. Our metagenomic survey allowed for the reconstruction of microbial pathways enriched in the gut of tame foxes, such as glutamate degradation, which converged with host genetic and physiological signals, revealing a potential role of functional host-microbiota interactions that could influence behaviors associated with domestication. Overall, by characterizing how compositional and functional potential of the gut microbiota and host behaviors co-vary during early animal domestication, we provide further insight into our mechanistic understanding of this adaptive, eco-evolutionary process.	Vulpes vulpes	ena_host_field	GUT	ena_study_text	gut: gut
PRJNA1399070	Comparative analysis of gut microbiota and metabolome of captive male Malayan pangolins with normal and abnormal reproduction	This study investigated the effects of gut microbiota and metabolites on the reproductive performance (normal and abnormal reproduction) of male pangolins under captive conditions. The results showed that certain key microbiota and metabolites do indeed have a significant impact on reproductive performance. These findings provide a reference for the captive breeding of pangolins and even other endangered wild animals, and have important implications for their husbandry and management.	Manis javanica	ena_study_text	GUT	ena_study_text	gut: gut
PRJNA1054518	Metagenomic sequencing of diversity outbred mice on dietary restriction	We performed longitudinal metagenomic sequencing of the gastrointestinal microbiome from more than 900 genetically diverse, female mice undergoing dietary restriction. The genetically diverse mice were Diversity Outbred mice from generations 22-24, 26-28. The dietary restriction regimens included ad libitum feeding (control group), fasting one day per week, fasting two consecutive days per week, 20% caloric restriction, and 40% caloric restriction.	Mus musculus	ena_host_field	GUT	sample_fields	gut: gut, stool
PRJNA890321	Swan metagenome	Metagenome of whooper swan and black swan	Cygnus atratus; Cygnus cygnus	ena_host_field	GUT	sample_fields	gut: stool
PRJNA1175865	128 Wild rodent gut flora metagenomes	A total of 128 wild rodents were captured, including Apodemus agrarius (n = 18), Rattus norvegicus (n = 30), Rattus flavipectus (n = 20), Mus musculus (n = 20), and Microtus fortis (n = 40), using peanuts or sunflower seeds as bait.	Alexandromys fortis; Apodemus agrarius; Mus musculus; Rattus flavipectus; Rattus norvegicus	ena_host_field	GUT	sample_fields	gut: cecum, gut
PRJNA792023	Ceca broiler chicken Raw sequence reads	Metagenome of ceca broiler chicken	Gallus gallus	ena_host_field	GUT	sample_fields	gut: caecal, ceca, gut
PRJEB89408	A molecular inventory of the faecal microbiomes of 23 marsupial species	Despite the recent expansion of culture-independent analyses of animal faecal microbiomes, many lineages remain understudied. Marsupials represent one such group, where despite their iconic status, direct sequencing-based analyses remain limited. Here we present a metagenomic and metabolomic exploration of the faecal microbiomes of 23 Diprotodontia marsupials, producing a catalogue of 3,868 prokaryotic and 12,142 viral metagenome-assembled genomes, the majority of which represent novel species. As with other animals, host phylogeny is the primary driver of microbiome composition, including distinct profiles for two distantly related eucalyptus folivore specialists (koalas and greater gliders), suggesting convergent solutions to this challenging diet. Expansion of several bacterial and viral lineages were observed in these and other marsupial hosts that likely provide adaptive benefits. Antimicrobial resistance genes were significantly more prevalent in captive than wild animals reflecting human intervention. This resource contributes an important chapter in our ongoing understanding of animal microbiomes.	Dactylopsila trivirgata; Dendrolagus lumholtzi; Lasiorhinus latifrons; Macropus giganteus; Notamacropus agilis; Notamacropus parma; Notamacropus rufogriseus; Onychogalea unguifera; Osphranter rufus; Petauroides volans	ena_study_text	GUT	sample_fields	gut: faeces
PRJNA1167890	Investigation of marsupial gut methanogens using metagenomic sequencing	Faecal samples from 33 marsupials were analysed using metagenomic sequencing to recover methanogenic archaeal genomes	Aepyprymnus rufescens; Dendrolagus lumholtzi; Diprotodontia; Isoodon macrourus; Lasiorhinus latifrons; Macropus giganteus; Petauroides volans; Petaurus australis; Petaurus gracilis; Petaurus norfolcensis; Phascolarctos cinereus; Potorous tridactylus; Sminthopsis crassicaudata; Thylogale stigmatica; Vombatus ursinus	ena_host_field	GUT	sample_fields	gut: feces, gut
PRJNA340521	Capybara group fecal microbial communities from Wisconsin, USA - P827 metagenome metagenome	Metagenomics of fecal samples to identify conserved elements involved in cellulose degradation by mammalian Fibrobacteres	Hydrochoerus hydrochaeris	ena_study_text	GUT	sample_fields	gut: fecal, feces, gut
PRJNA752224	Microbiological characteristics of feces and rumen fluid of Angus cattle with high and low RFI	Residual Feed Intake (RFI) is the difference between the actual feed intake of an animal and the predicted intake based on weight gain rate and body size. After years of research and practice, RFI has become the main indicator of energy efficiency of livestock. And microorganisms play an important role in the conversion of feed into livestock products such as meat and milk. To investigate the correlation between RFI and its gastrointestinal microorganisms in beef cattle, 10 individuals with extreme high and low RFI were selected for this study, and individual rumen contents and fecal samples were collected for metagenomic sequencing after slaughter.	Bos taurus	ena_study_text	GUT	sample_fields	gut: gut
PRJNA543906	gut microbiota diversity between Hans and Tibetans	Host genetic and environmental factors shape the composition and function of gut microbiota in populations living at high altitude	Homo sapiens	ena_host_field	GUT	sample_fields	gut: fecal, gut
PRJNA1298916	Synthetic gut microbiotas infected with B. uniformis phage	Phages are under intense study as therapeutics and mediators of microbial community behavior however, tractable models are needed to study phages in the context of the mammalian gut. To address this gap, we isolated phages against members of a synthetic gut microbial community (sFMT), identifying the Bacteroides uniformis JEB00023 (DSM 6597) strain-specific phage HKP09. While resistance to HKP09 was observable within hours of infection in monoculture, high titers of HKP09 were maintained in vitro and in gnotobiotic mouse models over extended periods. Sequencing of resistant B. uniformis lines revealed phase variation upstream of a capsular polysaccharide locus driving the spontaneous regeneration of resistant and sensitive subpopulations, demonstrating a mechanism allowing persistence of both virus and host. Communities infected in vitro and in vivo with HKP09 showed reduced loads of B. uniformis DSM 6597 however, its impact in the gut was distinct from communities constructed without its host B. uniformis strain (sFMTdJEB00023). Rather than a compensatory increase in closely related Bacteroides strains, the most significant impacts were observed on distantly related strains, demonstrating that phage perturbations more broadly impact community structure in ways not easily predicted by phylogeny or simple strain exclusion. Metabolomic analyses of the feces of HKP09-infected sFMT-colonized gnotobiotic animals demonstrated a unique metabolite pool compared to uninfected mice and those colonized with sFMTdJEB00023. Taken together, these data demonstrate a controlled model for studying phages in the context of the mammalian gut and insights into the mechanisms through which predator-prey relationships impact the function of microbial communities.	Mus musculus	ena_host_field	GUT	sample_fields	gut: feces
PRJNA1088789	Snake gut microbes	Gut microbiological studies of Pareas chinensis, Elaphe taeniura, Rhabdophis chiwen, and Protobothrops jerdonii by macrogenomic sequencing	Elaphe taeniura; Pareas formosensis; Protobothrops jerdonii; Rhabdophis chiwen	ena_host_field	GUT	ena_study_text	gut: gut
PRJNA1306187	Isolation by distance promotes gut microbial strain divergence in wild mouse populations	Bacterial species within the mammalian gut microbiota exhibit considerable strain diversity associated with both geography and host genetic ancestry. However, because geography and ancestry are typically confounded, disentangling their contributions to the divergence of gut bacterial strains has remained challenging. Here, we show that isolation by distance (IBD) promotes gut bacterial strain divergence within host species independently of host ancestry. Joint profiling of gut bacterial and mitochondrial genomes from wild-living populations of deer mice (Peromyscus maniculatus) sampled across the United States revealed significant IBD in 27 predominant gut bacterial species, including Muribaculaceae and Lachnospiraceae spp., but limited evidence for co-inheritance of gut bacterial genomes with mitochondria during the diversification of mouse populations. Spore-forming gut bacterial species exhibited reduced IBD, suggesting that adaptations facilitating bacterial dispersal can lessen geographic structuring of strain diversity. In contrast to conspecific hosts sampled at the same field site, hosts of different rodent genera sampled in sympatry with deer mice harbored divergent strains within shared gut bacterial species. These results indicate that geographic distance mediates the early stages of gut bacterial strain divergence between conspecific hosts, whereas effects of host ancestry on strain-level microbiota composition emerge over longer evolutionary timescales, such as those separating host genera.	Peromyscus maniculatus	ena_study_text	GUT	ena_study_text	gut: gut
PRJNA1206451	Honey bee worker short-read gut microbiome	Study combined short read metagenomic sequencing and HiC proximity ligation sequencing to explore mobilome dynamics within the honey bee worker gut	Apis mellifera	ena_host_field	GUT	sample_fields	gut: gut
PRJNA1264687	Characterization of DNA viruses in hindgut contents of Protaetia brevitarsis larvae	Characterization of DNA viruses in 10 hindgut contents of Protaetia brevitarsis larvae by shotgun metagenomic sequencing	Protaetia brevitarsis	ena_host_field	GUT	sample_fields	gut: hindgut
PRJEB47909	FMT datasets of patients with recurrent Clostridioides difficile infection (rCDI), inflammatory bowel disease (IBD), and colonization from multi-drug resistant bacteria (MDRB)	FMT datasets of patients with recurrent Clostridioides difficile infection (rCDI), inflammatory bowel disease (IBD), and colonization from multi-drug resistant bacteria (MDRB). n=115 samples corresponding to 23 FMT triads.	Homo sapiens	biome_label	GUT	sample_fields	gut: gut
PRJNA1092791	faeces Raw sequence reads	normal metagenome of faeces	Canis lupus familiaris; Macaca fascicularis; Mus musculus; Sus scrofa	ena_host_field	GUT	sample_fields	gut: feces, gut
PRJNA956273	The metagenomic and metabolomic analysis supports unfavorable risk-benefit balance of the ketogenic diet	Our results indicate that obese mice fed with ketogenic diet experienced significant improvements in weight and body fat. However, we observed a significant reduction in intestinal microbial diversity, with an increase in the proportion of Firmicutes and an elevated Firmicutes/Bacteroidetes ratio of 247%. In addition, ketogenic diet leads to changes in glucose, lipid, energy, carbohydrate, amino acid, ketone body, Butanoate, methane, bacterial secretion and colonization and other metabolic pathways in obese mice, leading to metabolic disorders of intestinal flora and increased intestinal inflammation, and these alterations led to metabolic dysregulation of intestinal flora and increased intestinal inflammation. We also found that the up-regulation of bile secretion and biosynthesis pathways of aminoglycoside antibiotics neomycin, kanamycin, and gentamicin were directly related to the reduction of intestinal flora. Based on our findings, we conclude that the risks of a ketogenic diet outweigh its benefits in obese mice.	Mus musculus	ena_host_field	GUT	sample_fields	gut: gut, intestinal
PRJNA884830	Metagenome of the faeces of Yunnan snub-nosed monkey	microbial diversity on faeces of Yunnan snub-nosed monkey	Rhinopithecus bieti	ena_study_text	GUT	sample_fields	gut: faeces, feces
PRJNA1054761	MIMS Environmental/Metagenome sample	Gut microbiota is closely related to gastrointestinal diseases. Our previous studies found that Polygala tenuifolia (PT) has obvious gastrointestinal toxicity, while Magnolia officinalis (MO) combined with PT (PT-MO couple) can alleviate this side effect, but its mechanism is not clear.	Danio rerio	ena_host_field	GUT	ena_study_text	gut: gastrointestinal, gut
PRJNA843354	Metagenome sequencing for diarrheic Holstein and Simmental calves	Calf diarrhea is one of the biggest health challenges for both the beef and dairy industries. The present study performed metagenomic analysis to assess the variation in the gut microbiota community between the diarrheal Holstein and Simmental calves. Here, a total of 4 diarrheic Holstein calves and 8 diarrheic Simmental calves were used in the present study.	Bos taurus	ena_host_field	GUT	sample_fields	gut: gut
PRJNA805352	Gut microsymbiont of Cnaphalocrocis medinalis	Cnaphalocrocis medinalis gut Raw sequence reads	Cnaphalocrocis medinalis	ena_host_field	GUT	sample_fields	gut: gut
PRJNA924947	gut metagenome Raw sequence reads	normal metagenome of bovine	bovine	ena_host_field	GUT	sample_fields	gut: gut
PRJNA1043846	Clanis bilineata tsingtauica Raw sequence reads	Metagenomic sequencing of Clanis bilineata tsingtauica	Clanis bilineata	ena_host_field	UNCERTAIN	none	
PRJNA947933	Time series of chicken stool metagenomics and egg metabolomics in changing production systems	Metagenomic sequencing data describing the microbial composition of chicken feces. Chicken were split into three cohorts undergoing various interventions.	Gallus gallus domesticus	ena_host_field	GUT	sample_fields	gut: gut
PRJNA1067830	Prevotella copri and microbiota members mediate the beneficial effects of a therapeutic food for malnutrition	Microbiota-directed complementary food (MDCF) formulations have been designed to repair the gut communities of malnourished children. A randomized controlled trial demonstrated that one formulation, MDCF-2, improved weight gain in malnourished Bangladeshi children compared to a more calorically-dense standard nutritional intervention. Metagenome-assembled genomes (MAGs) from study participants revealed correlations between ponderal growth and expression of MDCF-2 glycan utilization pathways by Prevotella copri strains. To test this correlation, here we use gnotobiotic mice colonized with defined consortia of age- and ponderal growth-associated gut bacterial strains, with or without P. copri isolates resembling the MAGs. Combining gut metagenomics and metatranscriptomics with host single nucleus RNAseq and gut metabolomics analyses, we identify a key role of P. copri in metabolizing MDCF-2 glycans and uncover its interactions with other microbes including Bifidobacterium infantis. P. copri-containing consortia mediated weight gain and modulated energy metabolism within intestinal epithelial cells. Our results reveal structure-function relationships between MDCF-2 and members of the gut microbiota of malnourished children with potential implications for future therapies.	Homo sapiens; Mus musculus	ena_host_field	GUT	sample_fields	gut: cecal, fecal, gut, ileal, jejunum
PRJNA876316	Rattus norvegicus Raw sequence reads	Gut microbiota affects BPH progression	Rattus norvegicus	ena_study_text	GUT	sample_fields	gut: gut
PRJNA685398	Honey bee gut microbiome	Gut metagenome analysis of 20 honey bee families sampled in March and May repeatedly.	Apis mellifera	ena_host_field	GUT	sample_fields	gut: gut
PRJNA1049576	Rattus norvegicus Metagenome	To characterize sleep deprivation induced changes in the gut microbiota and explore its involvement in anxiety-like behavior. Normal metagenome of Rattus norvegicus.	Rattus norvegicus	ena_host_field	GUT	ena_study_text	gut: gut
PRJNA1031251	gut metagenome	Chicken cecal contents from Huanggang, Yichang, Yellowstone, Jingzhou	Gallus gallus	ena_study_text	GUT	sample_fields	gut: gut
PRJNA491335	3G low-gluten cross-over trial - faeces metagenome data	Adherence to a low-gluten diet has become increasingly common in parts of the general population. However, the effects of reducing gluten-rich food items including wheat, barley and rye cereals in healthy adults are unclear. Here, we undertook a randomised, controlled, cross-over trial involving 60 middle-aged Danish adults without known disorders with two 8-week interventions comparing a low-gluten diet (2 g gluten per day) and a high-gluten diet (18 g gluten per day), separated by a washout period of at least six weeks with habitual diet (12 g gluten per day). We find that, in comparison with a high-gluten diet, a low-gluten diet induces moderate changes in the intestinal microbiome, reduces fasting and postprandial hydrogen exhalation, and leads to improvements in self-reported bloating. These observations suggest that most of the effects of a low-gluten diet in non-coeliac adults may be driven by qualitative changes in dietary fibres.	Homo sapiens	ena_host_field	GUT	sample_fields	gut: feces
PRJNA692042	Primate phageomes are structured by superhost phylogeny and environment	Humans harbor diverse communities of microorganisms, the majority of which are bacteria in the gastrointestinal tract. These gut bacterial communities in turn host diverse bacteriophage (hereafter phage) communities that have a major impact on their structure, function, and ultimately human health. However, the evolutionary and ecological origins of these human-associated phage communities are poorly understood.</p><p>To address this question, we examined fecal phageomes of 23 wild non-human primate taxa, including multiple representatives of all the major primate radiations. We find relatives of the majority of human-associated phages in wild primates. Primate taxa have distinct phageome compositions that exhibit a clear phylosymbiotic signal, and phage-superhost co-divergence is often detected for individual phages. Within species, neighboring social groups harbor compositionally and evolutionarily distinct phageomes, which are structured by superhost social behavior. Captive non-human primate phageome composition is intermediate between that of their wild counterparts and humans. Phage phylogenies reveal replacement of wild great ape-associated phages with human-associated ones in captivity and surprisingly, show no signal for the persistence of wild-associated phages in captivity.</p><p>Together, our results suggest that potentially labile primate-phage associations have persisted across millions of years of evolution. Across primates, these phylosymbiotic and sometimes co-diverging phage communities are shaped by transmission between groupmates through grooming and are dramatically modified when primates are moved into captivity.	Gorilla beringei beringei; Gorilla gorilla gorilla; Homo sapiens sapiens; Pan paniscus; Pan troglodytes; Pan troglodytes schweinfurthii; Pan troglodytes troglodytes; Pan troglodytes verus; Pongo abelii	ena_host_field	GUT	ena_study_text	gut: fecal, gastrointestinal, gut
PRJNA1009258	Gut microbiome of pediatric oncology patients undergoing hematopoietic stem cell transplantation	Gut microbiome is a rich source of resistant bacteria potentially associated with febrile neutropenia outcome after HSCT. Characterisation of the gut microbiota resistome through shot-gun metagenome sequencing enabled to identify multiresistant bacteria.	Homo sapiens	ena_host_field	GUT	sample_fields	gut: gut
PRJNA1003305	Comprehensive Analysis of the Gut Microbiome and Post-Translational Modifications Elucidates the Route Involved in Microbiota-host Interactions	This data was used to analyze the gut microbiota composition in SPF mice	Mice	ena_host_field	GUT	sample_fields	gut: gut
PRJNA987703	Metagenome assembled genomes of two B. distincta gut symbionts	The two-spotted stink bug, Bathycoelia distincta, is a serious pest of macadamias in South Africa. Nothing is currently known regarding its gut microbiome and what functional roles its symbionts play. In this study, metagenomic sequence data obtained from the midgut crypts of the insect, were used to obtain high quality genomes of two prominent symbionts. The Pantoea species is an obligate symbiont in the midgut crypts (M4 section) and is described as a new species, Pantoea bathycoeliae sp. nov. The other species was more dominant in the rest of the gut and could only be classified to the genus level as a Sodalis species.	Bathycoelia distincta	ena_host_field	GUT	sample_fields	gut: gut, midgut
PRJNA809764	Microbiome-driven cardiac allograft outcomes	The beneficial health effects attributed to Bifidobacterium are thought to arise from their immunomodulatory capabilities, which are likely to be species- and even strain-specific. However, the strain-specific characteristics through which Bifidobacterium strains elicit direct and indirect host immune modulation remain largely uncharacterized. We have shown that B. pseudolongum UMB-MBP-01, a murine isolate, is capable of suppressing inflammation and reducing fibrosis in vivo. To ascertain the mechanism driving this activity and to determine if it is specific to UMB-MBP-01, we compared it to B. pseudolongum type strain ATCC25526 of a porcine origin using a combination of in vitro and in vivo experimentation and comparative genomics approaches. Despites many shared features between the two strains, we demonstrate that each possesses a distinct genetic repertoire in carbohydrate assimilation, differential activation signatures and cytokine responses in innate immune cells, and differential lymph node morphology with unique local and systemic leukocyte distribution. Importantly, the administration of each B. pseudolongum strain resulted in outstanding divergence in the structure, composition, and function of gut microbiota. This was accompanied by markedly different changes in intestinal transcriptional activities, suggesting a strain-specific modulation of the endogenous gut microbiota as a key involvement in the immunomodulation of B. pseudolongum strains. These observations highlight the importance of strain-specific immunomodulation in host-microbe interactions, and advance our understanding of the mechanisms which drive the association between Bifidobacterium and health.	Mus musculus	ena_host_field	GUT	ena_study_text	gut: gut, intestinal
PRJNA886985	Metagenome raw reads of mouse gut	A metagenomic study on mouse gut metagenome reads after treatment with a combination of antibiotics	mouse	ena_host_field	GUT	sample_fields	gut: gut
PRJNA875084	Gut microbiome of the domestic ferret (Mustela putorius) Metagenome	Rectal swab samples from three domestic ferrets (Mustela putorius)	Mustela putorius	ena_host_field	GUT	ena_study_text	gut: gut, rectal
PRJNA935534	Calf microbiome features associated with susceptibility to C.parvum infection	Specific pathway abundances in the neonatal calf faecal microbiome are associated with susceptibility to Cryptosporidium parvum infection: A metagenomic analysis.	Bos taurus	ena_host_field	GUT	sample_fields	gut: gut
PRJNA942254	Metagenomics of fecal samples from ant-eating mammal species	Myrmecophagous mammals specialize in eating ants and/or termites. They do not share a direct common ancestor and have evolved convergently in five distinct placental orders. This raises questions about the underlying adaptive mechanisms and the relative contributions of natural selection and phylogenetic constraints. This can be answered by understanding how these species digest their prey. In particular, the role of their gut microbial symbionts in digesting the chitinous exoskeleton of insects has not been investigated across myrmecophagous orders. We generated 29 new gut metagenomes from nine myrmecophagous species to reconstruct more than 300 bacterial genomes from which we identified chitin-degrading enzymes. Analysis of the distribution of these chitinolytic bacteria among hosts revealed common and specific bacteria between species. Overall, our results highlight the potential role of gut symbionts in the convergent dietary adaptation of myrmecophagous mammals and the evolutionary mechanisms shaping their gut microbiota.	Cabassous unicinctus; Dasypus kappleri; Dasypus novemcinctus; Dasypus sp.; Myrmecophaga tridactyla; Orycteropus afer; Proteles cristata; Smutsia temminckii; Tamandua tetradactyla	ena_host_field	GUT	sample_fields	gut: feces, gut
PRJNA906625	Daphnia magna LRV0_1 metagenome	We used 82,317 Hi-C reads to reconstruct the Daphnia magna (LRV0_1) metagenome, following the masking of sequences mapping onto the reference genome of the host (D. magna) and the algal feed (Chlorella vulgaris).	Daphnia magna	ena_host_field	GUT	sample_fields	gut: gut
PRJNA641245	Microbial diversity	Gut microbial diversity analysis	breed	ena_host_field	GUT	sample_fields	gut: gut
PRJNA956982	Metagenome sequencing for diarrheic calves in Xia-nan cattle	In this study, we performed fecal metagenomic and metabolomic studies on samples from diarrheic and healthy calves in Xia-nan cattle. We found that the composition of microbiome and metabolome was remarkably altered in the diarrheic calves, and gut microbial alterations associated with the changes in metabolites	Bos taurus	ena_host_field	GUT	sample_fields	gut: feces, gut
PRJNA861719	quail gut microbiome Metagenome	A catalog of microbial genes and metagenome-assembled genomes	Coturnix	ena_host_field	GUT	sample_fields	gut: cecum, feces, gut
PRJNA938989	A variety of bacteria in the gut of Cynoglossus semilaevis Raw sequence reads	metagenomic sequencing of the Cynoglossus semilaevis gut	Cynoglossus semilaevis	ena_study_text	GUT	sample_fields	gut: gut
PRJNA902833	Gut microbiome influences OCA therapeutic effects of mice with NALFD	this study aimed to explore the potential role of gut microbiota in NALFD treatment	Mus musculus	ena_host_field	GUT	sample_fields	gut: gut
PRJNA916642	Hippocampus abdominalis Metagenome	Edwardsiella piscicida infection reshapes the intestinal microbiome and metabolome of big-belly seahorses: mechanistic insights of synergistic actions of virulence factors	Hippocampus abdominalis	ena_host_field	GUT	sample_fields	gut: gut
PRJNA784741	Gut metagenomics of the pristane-induced lupus mice	The gut metagenomics of the pristane-induced lupus mice with the fecal microbiota transplantation from MRL/Lpr mice and MRL/Mpj mice.	Mus musculus	ena_host_field	GUT	sample_fields	gut: feces, gut
PRJNA635664	Labiotermes hindgut metagenome - raw metagenomic reads	Metagenomic sequencing of termite gut metagenome	Labiotermes labralis	ena_host_field	GUT	sample_fields	gut: gut
PRJEB29346	Metagenomic shotgun sequencing of the Atlantic cod intestinal microbiome	Metagenomic shotgun sequencing of the Atlantic cod intestinal microbiome	Gadus morhua	ena_study_text	GUT	ena_study_text	gut: intestinal
PRJEB59886	Norwegian Wild Salmon Gut Microbiome	Understanding the evolutionary relationships between a host and its intestinal resident bacteria can transform how we understand adaptive phenotypic traits. The interplay between hosts and their resident bacteria inevitably affects the intestinal environment and, thereby, the living conditions of both the host and the microbiota. Thereby this co-existence likely influences the fitness of both bacteria and host. Whether this co-existence leads to evolutionary co-diversification in animals is largely unexplored, mainly due to the complexity of the environment and microbial communities and the often low host selection. We present the gut metagenome from wild Atlantic salmon (Salmo salar), a new wild organism model with an intestinal microbiota of low complexity and a well-described population structure, making it well-suited for investigating co-evolution. Our data reveal a strong host selection of a core gut microbiota dominated by a single Mycoplasma species. We found a clear co-diversification between the population structure of Atlantic salmon and nucleotide variability of the intestinal Mycoplasma populations conforming to expectations from co-evolution between host and resident bacteria. Our results show that the stable microbiota of Atlantic salmon has evolved with its salmonid host populations while potentially providing adaptive traits to the salmon host populations, including defence mechanisms and protein synthesis. We highlight Atlantic salmon as a novel model for studying co-evolution between vertebrate hosts and their resident bacteria.	Salmo salar	ena_study_text	GUT	ena_study_text	gut: gut, intestinal
PRJNA822929	bovine gut metagenome Raw sequence reads	we aimed to analyze the gut microbiome impacted on the milk fat synthesis in Zhongdian Yak cows	Bos grunniens	ena_host_field	GUT	sample_fields	gut: gut
PRJEB40866	Genome sequencing of commensal bacteria included in the protective mix ProBac	Multidrug resistant pathogens (MRP), including vancomycin-resistant Enterococcus (VRE), have become a major threat to public health. Some MRP strains can be resistant to all antibiotics available, thus alternative strategies to antibiotics are urgently needed to combat these challenging pathogens. MRP infections, including those produced by VRE, frequently start by colonization of the intestinal tract, a crucial step that is impaired by the presence of the intestinal microbiota. Despite its relevance, the members of the microbiota that suppress MRP gut colonization and the mechanisms of such protection are largely unknown.In the present study, we combined 16s rDNA sequencing of the gut microbiota to identify commensal bacteria associated with protection against VRE colonization. We next assembled a consortium containing five of the putative protective commensals and showed that administration of these bacteria was sufficient to restrict VRE gut colonization in antibiotic treated mice. Finally, we combined sequencing of the putative probiotic genomes with metatranscriptomics, targeted metabolomics and in vivo assays to identify the mechanism by which the bacterial consortium inhibits VRE growth.	Mus musculus	ena_study_text	GUT	sample_fields	gut: cecum
PRJNA876956	Nannospalax galili metagenome raw sequence reads	Differences in the gut microbiome of different populations	Nannospalax galili	ena_host_field	GUT	sample_fields	gut: gut
PRJNA734720	Dynamics of gut microbiota in rats	Our study provides insights into the dynamics and correlation networks of gut microbiota during the process of being exposed to hypobaric hypoxia to getting back to normoxic conditions and reveals the response process of gut microbiota to changes in external oxygen concentration.	rats	ena_host_field	GUT	sample_fields	gut: feces
PRJNA862309	Shrimp intestine microbiota metagenome	Metagenome raw sequence reads of Litopenaeus vannamei intestinal microbiota after microcystin -LR exposure	Penaeus vannamei	ena_host_field	GUT	sample_fields	gut: gut, intestinal, intestine
PRJNA681986	Fecogenome	The first reference fecogenome	Bos taurus	ena_host_field	GUT	sample_fields	gut: gut
PRJNA811648	gut microbiota diversity with P. gingivalis administration	Investigation of gut microbiota in mice gavaged with P.gingivalis	Mus musculus	ena_study_text	GUT	sample_fields	gut: gut
PRJNA669162	metagenomics analysis of intestinal ischemia reperfusion in rats	To reveal the taxonomic and functional changes of gut content during intestinal ischemia and reperfusion in rats	Rattus norvegicus	ena_study_text	GUT	ena_study_text	gut: gut, intestinal
PRJNA734104	Antibiotic-induced Primary Biles Inhibit SARS-CoV-2 Endoribonuclease Nsp15 Activity in Mouse Gut	In order to investigate the role of gut microbiome in anti-infection against SARS-CoV-2, we established high-throughput in vitro screening system for COVID-19 therapeutics by targeting the endoribonuclease (Nsp15), And we evaluated the activity inhibition of the target by substances of intestinal origin using a mouse model in an attempt to explore the interactions between gut microbiota and SARS-Cov-2.	Mouse	ena_host_field	GUT	sample_fields	gut: feces, gut
PRJNA799796	Mouse fecal sample Raw sequence reads	Fecal sample of CT-26 tumor-bearing mice treated with different clinical treatment	Mus musculus	ena_host_field	GUT	sample_fields	gut: gut
PRJNA801062	Intestinal microbiota sequencing in rats	To investigate the role of intestinal flora in the rat model of collagen-induced arthritis aggravated by spleen deficiency	Rattus norvegicus	ena_study_text	GUT	ena_study_text	gut: intestinal
PRJNA801070	Superworm (Zophobas morio) gut microbiome metagenomics	Plastics are inexpensive and widely used organic polymers, but their high durability hinders biodegradation. Polystyrene, including extruded polystyrene also known as styrofoam, is among the most commonly produced plastics worldwide and is recalcitrant to microbial degradation. In this study, we examined superworms (Zophobas morio) reared on bran, polystyrene, and under starvation conditions and assessed changes in the insects gut microbiome. Superworms on a polystyrene diet achieved only minimal weight gains, but were able to complete their life cycle to pupae and imago. Microbial gut communities differed considerably between diet groups, with polystyrene and starvation groups characterized by a loss of microbial diversity combined with the presence of opportunistic pathogens. Inferred microbial functions enriched in the polystyrene group included transposon movements, membrane restructuring, and adaptations to oxidative stress. We detected several encoded enzymes with reported polystyrene and styrene degradation abilities and provided first insights into involved metabolic pathways, supporting previous reports of polystyrene degrading bacteria in the superworm gut. However, we cannot rule out that the microbiome also metabolized other chemicals, such as flame retardants, present in low concentrations in styrofoam. By recovering metagenome-assembled genomes (MAGs) we linked phylogeny and functions and identified genera, including Pseudomonas, Rhodococcus and Corynebacterium, that possess genes associated with polystyrene degradation. In conclusion, our results demonstrate the survival of superworms on polystyrene feed, however, this diet has considerable negative impacts on gut microbiome diversity and host health.	Zophobas morio	ena_host_field	GUT	sample_fields	gut: feces, gut
PRJNA739153	Aging male C57bl/6 mouse gut microbiome	The study was to characterize young and old male C57bl/6 mice gut microbiome and identify aging-specific metabolic features by whole genome sequencing.	Mus musculus	ena_host_field	GUT	sample_fields	gut: feces, gut
PRJNA731974	1 Fecal metagenomic sequencing	This study showed that long-term consumption of BsS-RS06551 had a significant inhibitory effect on obesity induced by a high-fat diet and was more potent in inhibiting obesity than prebiotic inulin. And it showed a beneficial effect on host glucose, lipid metabolism, and gut microbes composition. Considering the colonization potential of bacteria, this engineered bacteria provided a new strategy for the effective and convenient treatment of obesity in the long term.	Mus musculus	ena_host_field	GUT	sample_fields	gut: fecal, gut
PRJNA494875	Metagenomic Reconstructions of Gut Microbiome in Weanling Pigs	This project aimed to unravel the adaptation of the swine microbiome to the dietary shift after weaning, and to establish a metagenomic reference by binning of genomes of swine gut bacteria from 72 samples from 18 animals	Sus scrofa	ena_host_field	GUT	sample_fields	gut: feces, gut
PRJNA787384	the gut microbes of golden monkeys	metagenome	Rhinopithecus bieti	ena_host_field	GUT	sample_fields	gut: gut
PRJNA718160	Fecal metagenome of monkeys Raw sequence reads	Nine fecal metagenomes of captive Rhinopithecus roxellana, 9 fecal metagenomes of wild Rhinopithecus roxellana, and 10 fecal metagenomes of Macaca mulatta. Our aim was to determine whether the gut microbiota provided any help for R. roxellana in the adaptation to a captive environment.	Macaca mulatta; Rhinopithecus roxellana	ena_host_field	GUT	sample_fields	gut: gut
PRJNA699677	Individual differences of gut microbes in bumblebee hindguts	The abundances of specific gut microbes differ in individual bees and affect their behaviour	Bombus terrestris	ena_host_field	GUT	sample_fields	gut: gut, hindgut
PRJNA408020	Poultry gut metagenome	Poultry gut metagenome	avian	ena_host_field	GUT	ena_study_text	gut: gut
PRJNA473429	Effect of Down Syndrome genotype on mouse microbiome	Effect of Down Syndrome genotype on mouse microbiome	Mus	ena_host_field	GUT	sample_fields	gut: gut
PRJNA671745	red swamp crayfish gut Metagenome	the investigate the effect of rice-crayfish cultivation on gut metagenomics of red swamp crayfish	invertebrate	biome_label	GUT+OTHER	sample_fields	gut: gut; other: sediment, water
PRJNA729899	Integrated metagenomics and metabolomics to reveal the effects of policosanol on modulating the gut microbiota and lipid metabolism in hyperlipdemic C57BL/6 mice	The aim of the study was to investigate the regulatory effects of policosanol on hyperlipidemia, gut microbiota and metabolic status in a C57BL/6 mouse model.	Mus musculus	ena_host_field	GUT	sample_fields	gut: cecal, gut
PRJEB44507	Metagenomics analysis of human paleofeces	Human paleofeces from the salt mines in Hallstatt, Austria, were subjected to metagenomics analysis.	Homo sapiens	ena_study_text	UNCERTAIN	none	
PRJNA728669	Hermetia illucens Metagenome	A molecular survey of bacterial species in the guts of black soldier fly larvae (Hermetia illucens) reared on two urban organic waste streams in Kenya	Hermetia illucens	ena_study_text	GUT	ena_study_text	gut: guts
PRJNA722063	Metagenomic sequencing of fecal samples from Przewalskii's horse	To identify the function of intestinal microbiota.	Equus caballus	biome_label	GUT	ena_study_text	gut: fecal, intestinal
PRJEB41222	CP562	CP562	broiler	paper	UNCERTAIN	none	
PRJNA706869	A metagenomic in the cecum of dairy goats fed different rumen degradable starch	A metagenomic in the cecum of dairy goats fed different rumen degradable starch	Capra hircus	ena_host_field	GUT	sample_fields	gut: cecum, gut
PRJEB41306	Inter-kingdom gut microbiome and resistome of the cockroach Blattella germanica	In this experiment, we study the effect of the antibiotic kanamycin on the inter-kingdon hindgut microbiome in Blattella germanica, specifically its transmission, assembly and functions, was studied using a metagenomic analysis. The adult females were treated with kanamycin during the adult phase in the first generation. Individuals derived from these in the second generation for each treatment with antibiotics were 1) treated with the same antibiotic but starting in the nymphal period, 2) not treated with the antibiotic, or 3) not treated with the antibiotic but supplied with feces from a population control. Samples of nymphs and adult females were taken through the two generations for experimental and control condicions. After the dissection of insects, the DNA was extracted from the hindgut and the metagenomics analyses was performed to study the structure and function of its gut microbiome along development as well as the characterization of its resistome.	insect	biome_label	GUT	sample_fields	gut: gut
PRJNA559386	Sequencing of mouse gut microbiome with Nanopore Sequencing for whole genome analysis of DNA methylation.	Fecal pellets from a male 12-week-old NOD/shiltj mouse were collected before and after antibiotic treatment with Tylosin. DNA samples were extracted and sequenced with Nanopore sequencing. For each microbiome sample, nanopore sequencing raw signal is compared between the native and the WGA datasets to bin metagenomic contigs by genome of origin. Those information are also leverage to detect, classify, and fine-mapped DNA methylation across the genomes.	Mus musculus	ena_host_field	GUT	sample_fields	gut: fecal, gut
PRJNA699440	gut metagenome Raw sequence reads	Neonatal MFGM supplementation could modulate the structure of gut microbiota communities and may have long-term protective effects on lipid and glucose metabolism.	Mus musculus	ena_host_field	GUT	sample_fields	gut: feces, gut
PRJNA663847	Antidepressants fluoxetine and amitriptyline induce alterations in intestinal microbiota and gut microbiome function in chronic unpredictable mild stress (CUMS) rats	Metagenomics sequencing of gut microbiota in SD rats	Sprague Dawley rat	ena_host_field	GUT	sample_fields	gut: fecal, gut
PRJNA605640	Whole Genome Shotgun Metagenomeics of GOS-fed Mice Gut Microbiota	WGS sequencing to look at changes in bacterial gene families and abundance of microbial metabolism genes in GOS-fed mice compared to controls	Mouse	ena_host_field	GUT	sample_fields	gut: gut
PRJNA647157	Metagenomic studies of the gut microbiota of Tibetan pig	Metagenomic sequencing on the fecal samples of Tibetan pigs is performed to investigate the characterizations of microbial diversity, functional diversity, metagenome-assembled genomes, and enzyme discovery.	tibetan pig	ena_host_field	GUT	sample_fields	gut: feces, gut
PRJNA667247	In Vivo Microbiome Profiling of the Luminal and Mucosal Surface of the Duodenum Using a Cannulated Yearling Bovine Model	The purpose of this study was to provide a detailed analysis of the enteric mucosal microbiome in vivo through the use of serial mucosal biopsy and luminal samples collected laparoscopically from cannulated yearling cattle	Bos taurus	ena_host_field	GUT	sample_fields	gut: duodenum
PRJEB23642	Metagenomic analysis of the minke whale (Balaenoptera acutorostrata) gut microbiome	No maximum limits (ML) for e.g. PCB or Hg in whale products exists in Europe, possibly due to the embargo on whale products by the EU in the beginning of the 80âs. European and Norwegian ML for PCB6 in marine oils, which may be used as a proxy indicator ML for blubber, is 0.2 mg/kg fat, and the ML for Hg is 0.5 mg/kg wet weight for fillets of most fish. Norwegian whale is legally exported to other whale hunting nations like Japan, which have ML for both Hg and total PCB, which are 0.4 mg/kg and 0.5 mg/kg, respectively. Microbes are central players in geochemical cycles, including cycling of metals and other elements, which may affect seafood safety by e.g. by mercury methylation. Microbial analyses of intestinal microbiota may reveal the potential for transformation/methylation of mercury (Hg) to methyl mercury (MeHg).	Balaenoptera acutorostrata	ena_study_text	GUT	sample_fields	gut: colon, ileum, jejunum
PRJNA316560	artificially reared Bar-headed goose gut metagenome Raw sequence reads	The first gut metagenome of Bar-headed goose	Anser indicus	ena_host_field	GUT	sample_fields	gut: gut
PRJNA316570	wild Bar-headed goose gut metagenome Metagenome	The first gut metagenome of Bar-headed goose	Anser indicus	ena_host_field	GUT	sample_fields	gut: gut
PRJNA624740	Metagenomic sequencing of yak faecal microbiota	The aim of this study is to uncover the diversity of prokaryotic microorganisms and carbohydrate active enzymes present in the yak faecal microbiome.	Bos grunniens	ena_host_field	GUT	sample_fields	gut: fecal, gut
PRJEB38000	Strain-level analysis of Bifidobacterium spp. from human gut metagenomes of individuals with different lactase persistence genotypes	BackgroundOne of the strongest signals of human genetic effects on the gut microbiome is the association between the relative abundance of Bifidobacterium and host genotype at the locus for the lactase gene (LCT), which is associated with lactase persistence. In several populations of European descent, individuals with lactase non-persistence have been shown to harbor a greater proportion of Bifidobacterium in stool compared to those with lactase persistence. These associations are based on 16S rRNA gene data that do not discriminate between species of Bifidobacterium. Given the wide functional and taxonomic diversity of this genus, a species-level resolution of the LCT-Bifidobacterium association would allow better understanding of the underlying relationship. Here, we further interrogated the LCT-Bifidobacterium in adult monozygotic twins that were concordant for either lactase persistence (AA/AG) or non-persistence (GG). We used metagenomics on (1) bulk DNA extracts and (2) post genome-capture with a Bifidobacterium-specific probe array.ResultsWe observed specific Bifidobacteria are proportionally enriched in GG versus AG/AA individuals, which are both dominated by B. adolescentis and B. longum. We found no discriminant Bifidobacterium species between GG and AG/AA genotypes, nor any genotypic signal on Bifidobacterium community structure. Our genome capture data revealed strong intra-individual longitudinal stability of B. longum, B. adolescentis, and B. bifidum strains, and increased intra-twin strain similarities compared to unrelated individuals, but did not reveal an effect of host lactase persistence genotype on strain stability or strain composition. ConclusionsThe Bifidobacteria are often considered specialists in human gut communities. Yet our study suggests a wide niche space across all human associated Bifidobacteria, which would enable them to exploit the greater availability of intact lactose reaching the large intestine of lactase non-persistent people.	Homo sapiens	ena_study_text	GUT	ena_study_text	gut: gut, intestine, stool
PRJEB32496	Animal gut microbiome	Whole metagenomic sequencing for animal(pig&cattle) gut microbiome.	Bos; Swine	ena_host_field	GUT	sample_fields	gut: gut
PRJEB31051	Unravelling transmission, assemblage and functions of the gut microbiota of Blattella germanica by treatment with the antibiotics vancomycin and ampicillin	In this experiment, the effect of the antibiotics vancomycin and ampicillin on the intestinal microbiota in Blattella germanica, specifically its transmission, assembly and functions, was studied using a metagenomic analysis. The adult females were treated with vancomycin or ampicillin during the adult phase in the first generation. Individuals derived from these in the second generation for each treatment with antibiotics were 1) treated with the same antibiotic but starting in the nymphal period, 2) not treated with the antibiotic, or 3) not treated with the antibiotic but supplied with feces from a population control. Samples of nymphs and adult females were taken through the two generations for each experiment. After the dissection of insects, the DNA was extracted from the hindgut and the composition and functions of the microbiota were analyzed by metagenomics.	insect	biome_label	GUT	sample_fields	gut: gut
PRJNA478457	The effect of antibiotics on the mouse gut microbiome	This project used metagenomic sequencing data to study the effect of antibiotic ciprofloxacin, fosfomycin and ampicillin monotherapy on the composition of the gut microbiota and microbiome and the potential to create an antibiotic resistance reservoir in the gut of UTI mouse models.	mouse	ena_host_field	GUT	sample_fields	gut: gut
PRJEB31742	The pig gut microbiome and antibiotic resistome in industrialized feedlots in China	To characterize the diversity and richness and explore the function and structure of swine gut microbiome and resistome in common pig-farming feedlots, we sampled and metagenomic sequenced the feces of pigs from several different industrialized feedlots located in distant provinces across China.	Sus scrofa	ena_study_text	GUT	sample_fields	gut: gut
PRJNA542645	MetaTOR data	meta3C data ton test MetaTOR ipeline	Mus musculus	ena_host_field	GUT	sample_fields	gut: fecal
PRJNA555120	metagenome detection of virome in macaca mulatta feces	detect the change in the virome including DNA virome, RNA virome, bacteriophages after the gut bacterial microbiota were depleted	Macaca mulatta	ena_host_field	GUT	sample_fields	gut: fecal, feces
PRJNA518164	Intestinal microbiota of sea cucumber during different regeneration stages Raw sequence reads	To understand how intestine regeneration impact the developing intestinal microbiome composition and function	Apostichopus japonicus	ena_host_field	GUT	ena_study_text	gut: intestinal, intestine
PRJNA193472	Macrotermes natalensis gut Metagenome	Metagenome sequencing of guts in queen, soldier and worker of Macrotermes natalensis.	Macrotermes natalensis	ena_host_field	GUT	sample_fields	gut: gut
PRJEB21490	the relationships between gut microbiome and environmental chemicals	the relationships between gut microbiome and environmental chemicals	mice	paper	GUT	ena_study_text	gut: gut
PRJNA430956	Fecal metagenomes of wild and captive baboons (Papio sp.) from Zambia and USA	Eight pooled metagenomes from triple baboon samples from Kafue National Park in Zambia (BP01-06) and Southwest National Primate Research Center in US (BP07-08).	Papio anubis; Papio kindae	ena_host_field	GUT	sample_fields	gut: gut
PRJNA419985	Saturated Long Chain Fatty Acid-Producing Bacteria Contribute to Enhanced Colonic Motility in Neonatal Maternal Separated Rats	The gut microbiota is closely associated with gastrointestinal (GI) motility disorder, but the mechanism by which bacteria interact with and affect host GI motility remains unclear. In this study, an animal model of neonatal maternal separation (NMS) characterized by accelerated colonic motility and gut dysbiosis was used to investigate the mechanism underlying microbiota-driven motility dysfunction. Here we performed fecal metabolomic and metagenomic analyses to clarify the linkage between gut microbiota and host colonic motility phenotype, and to capture which bacteria are the main manipulators for host GI colonic dysmotility.	Rat	ena_host_field	GUT	sample_fields	gut: gut, stool
PRJNA381379	Gut metagenome the kakapo	Metagenomic and isolate genome sequencing of the kakapo (Strigops habroptilis), an herbivorous parrot endemic to New Zealand. Faecal samples were obtained from healthy adult and juvenile kakapo to explore the functional ability of the microbes which reside in the kakapo gut.	Strigops habroptila	ena_host_field	GUT	sample_fields	gut: fecal, feces, gut
PRJNA415003	Metagenomic sequencing of the gut microbiomes of bats with different diets	Metagenomic sequencing of the gut microbiomes of bats with different diets derive from Rousettus aegyptiacus (frugivorous), Macroderma gigas (carnivorous), Rhinolophus ferrumequinum (insectivorous), and Desmodus rotundus (sanguivorous).	Desmodus rotundus; Macroderma gigas; Rhinolophus ferrumequinum; Rousettus aegyptiacus	ena_host_field	GUT	sample_fields	gut: feces
PRJNA269993	Metagenomic analysis of antibiotic resistance genes in the fecal microbiome in dairy cows	The use of antibiotics in dairy cattle has the potential to stimulate proliferation and subsequent fecal excretion of bacterial antibiotic resistance genes (ARGs). These ARGs have the potential to reach human populations and may ultimately affect successful treatment of bacterial diseases in the human health sector. The objective of this study was to use new metagenomic techniques to evaluate the effect of ceftiofur antibiotic treatment on antibiotic resistant gene prevalence in the fecal microbiome of dairy cows.	Cow	ena_host_field	GUT	sample_fields	gut: feces, gut
PRJNA158313	Iberian lynx fecal Metagenome	Metagenomic analysis of fecal samples from the endangered Iberian lynx (Lyns pardinus). The animal has a normal health status, calm, the sample was taken 8 hours before the last meal, the corporal status was good and healthy. <p> The Iberian lynx (Lynx pardinus) is native to the Iberian Peninsula and is considered the most endangered felid species in the world. In this study we analysed the co-existence of gene sets to utilize primary and secondary energy supplies in endangered Iberian lynx distal gut.	Rhinopithecus bieti	ena_host_field	GUT	sample_fields	gut: gut
