study_accession	has_paper	host_ena_referenced	host_ena_value	host_title_referenced	host_title_value	host_abstract_referenced	host_abstract_value	is_model_organism	model_organism_disease	human_by_biome_label	host_source_summary	host_source_note	sample_host_pattern	n_host_populated	biome_labels
PRJDB10829	False	True	Homo sapiens	False	N/A	False	N/A	False		False	ENA only	no linked paper -- deposit-only study	UNIFORM	112	
PRJDB11394	False	True	Anas sp.	False	N/A	False	N/A	False		False	ENA only	no linked paper -- deposit-only study	UNIFORM	4	feces metagenome
PRJDB13194	False	False		False	N/A	False	N/A	False		False	unknown	no linked paper -- deposit-only study	NO_HOST_DATA	0	
PRJDB13214	False	True	Homo sapiens	False	N/A	False	N/A	False		False	ENA only	no linked paper -- deposit-only study	UNIFORM	208	human gut metagenome
PRJDB14208	False	True	Homo sapiens	False	N/A	False	N/A	False		False	ENA only	no linked paper -- deposit-only study	UNIFORM	55	
PRJDB14449	False	True	Chimaeridae	False	N/A	False	N/A	False		False	ENA only	no linked paper -- deposit-only study	UNIFORM	3	fish gut metagenome
PRJDB14457	False	True	Homo sapiens	False	N/A	False	N/A	False		False	ENA only	no linked paper -- deposit-only study	UNIFORM	98	human gut metagenome
PRJDB1459	False	False		False	N/A	False	N/A	False		False	unknown	no linked paper -- deposit-only study	NO_HOST_DATA	0	mouse gut metagenome
PRJDB1461	False	False		False	N/A	False	N/A	False		False	unknown	no linked paper -- deposit-only study	NO_HOST_DATA	0	mouse gut metagenome
PRJDB15258	False	False		False	N/A	False	N/A	False		False	unknown	no linked paper -- deposit-only study	NO_HOST_DATA	0	feces metagenome
PRJDB15798	False	True	Homo sapiens	False	N/A	False	N/A	False		False	ENA only	no linked paper -- deposit-only study	UNIFORM	60	human gut metagenome
PRJDB15857	False	True	Mus musculus	False	N/A	False	N/A	False		False	ENA only	no linked paper -- deposit-only study	UNIFORM	80	mouse gut metagenome
PRJDB15956	False	True	Homo sapiens	False	N/A	False	N/A	False		False	ENA only	no linked paper -- deposit-only study	UNIFORM	167	human gut metagenome
PRJDB16036	False	True	Homo sapiens	False	N/A	False	N/A	False		False	ENA only	no linked paper -- deposit-only study	UNIFORM	13	human gut metagenome
PRJDB16260	False	True	Homo sapiens	False	N/A	False	N/A	False		False	ENA only	no linked paper -- deposit-only study	UNIFORM_WITH_GAPS	104	human gut metagenome
PRJDB16312	False	True	Homo sapiens	False	N/A	False	N/A	False		False	ENA only	no linked paper -- deposit-only study	UNIFORM	30	human gut metagenome
PRJDB16698	False	True	Mus musculus	False	N/A	False	N/A	False		False	ENA only	no linked paper -- deposit-only study	UNIFORM	6	mouse gut metagenome
PRJDB16790	False	True	Homo sapiens	False	N/A	False	N/A	False		False	ENA only	no linked paper -- deposit-only study	UNIFORM	428	human gut metagenome
PRJDB17048	False	True	Homo sapiens	False	N/A	False	N/A	False		False	ENA only	no linked paper -- deposit-only study	UNIFORM	71	human gut metagenome
PRJDB17221	False	True	Homo sapiens	False	N/A	False	N/A	False		False	ENA only	no linked paper -- deposit-only study	UNIFORM	106	human gut metagenome
PRJDB17226	False	True	Mus musculus	False	N/A	False	N/A	False		False	ENA only	no linked paper -- deposit-only study	UNIFORM	10	mouse gut metagenome
PRJDB17227	False	True	Homo sapiens	False	N/A	False	N/A	False		False	ENA only	no linked paper -- deposit-only study	UNIFORM	52	human gut metagenome
PRJDB1800	False	False		False	N/A	False	N/A	False		True	human-by-biome-label	no linked paper -- deposit-only study	NO_HOST_DATA	0	human gut metagenome
PRJDB18316	False	True	Homo sapiens	False	N/A	False	N/A	False		False	ENA only	no linked paper -- deposit-only study	UNIFORM	166	human gut metagenome
PRJDB18359	False	True	Homo sapiens	False	N/A	False	N/A	False		False	ENA only	no linked paper -- deposit-only study	UNIFORM	45	
PRJDB18384	False	True	Homo sapiens	False	N/A	False	N/A	False		False	ENA only	no linked paper -- deposit-only study	UNIFORM	11	human gut metagenome
PRJDB18854	False	True	Homo sapiens	False	N/A	False	N/A	False		False	ENA only	no linked paper -- deposit-only study	UNIFORM	112	
PRJDB19991	False	True	Homo sapiens	False	N/A	False	N/A	False		False	ENA only	no linked paper -- deposit-only study	UNIFORM	40	human gut metagenome
PRJDB20286	True	True	Locusta migratoria	True	Locusta migratoria	True	Locusta migratoria	False		False	ENA + paper	Gut microbial samples were sequenced directly from Locusta migratoria individuals in different behavioural phases using 16S rRNA and shotgun metagenomic sequencing.	UNIFORM	14	insect gut metagenome
PRJDB20287	True	True	Locusta migratoria	True	Locusta migratoria	True	Locusta migratoria	False		False	ENA + paper	Gut microbial samples were sequenced directly from Locusta migratoria individuals in different behavioural phases using 16S rRNA and shotgun metagenomic sequencing.	UNIFORM	1	insect gut metagenome
PRJDB20360	False	True	Homo sapiens	False	N/A	False	N/A	False		False	ENA only	no linked paper -- deposit-only study	UNIFORM	490	
PRJDB20379	True	True	Balaenoptera acutorostrata	True	Physeteroid whales	True	sperm whale (Physeter macrocephalus); pygmy sperm whale (Kogia breviceps)	False		False	ENA + paper	Metagenomic samples were sequenced from the intestinal tracts and colons of eight cetacean species, including two physeteroids.	DIVERSE	63	cetacean metagenome
PRJDB20772	False	True	Mus musculus	False	N/A	False	N/A	False		False	ENA only	no linked paper -- deposit-only study	UNIFORM	8	mouse gut metagenome
PRJDB2552	False	False		False	N/A	False	N/A	False		False	unknown	no linked paper -- deposit-only study	NO_HOST_DATA	0	
PRJDB2695	False	False		False	N/A	False	N/A	False		True	human-by-biome-label	no linked paper -- deposit-only study	NO_HOST_DATA	0	human gut metagenome
PRJDB31830	False	True	Pseudois nayaur	False	N/A	False	N/A	False		False	ENA only	no linked paper -- deposit-only study	UNIFORM	79	gut metagenome
PRJDB32644	False	True	Mus musculus	False	N/A	False	N/A	False		False	ENA only	no linked paper -- deposit-only study	UNIFORM	18	feces metagenome
PRJDB33192	False	True	Homo sapiens	False	N/A	False	N/A	False		False	ENA only	no linked paper -- deposit-only study	UNIFORM	51	human gut metagenome
PRJDB34615	False	True	Phascolarctos cinereus	False	N/A	False	N/A	False		False	ENA only	no linked paper -- deposit-only study	UNIFORM	82	
PRJDB35189	False	True	Homo sapiens	False	N/A	False	N/A	False		False	ENA only	no linked paper -- deposit-only study	UNIFORM	88	
PRJDB36191	False	True	Mus musculus	False	N/A	False	N/A	False		False	ENA only	no linked paper -- deposit-only study	UNIFORM	20	gut metagenome
PRJDB36334	False	True	Cervus albirostris	False	N/A	False	N/A	False		False	ENA only	no linked paper -- deposit-only study	DIVERSE	114	feces metagenome
PRJDB36502	False	True	Sus scrofa	False	N/A	False	N/A	False		False	ENA only	no linked paper -- deposit-only study	UNIFORM	16	
PRJDB36556	False	True	Corvus macrorhynchos	False	N/A	False	N/A	False		False	ENA only	no linked paper -- deposit-only study	DIVERSE	7	feces metagenome
PRJDB36557	False	True	Corvus macrorhynchos	False	N/A	False	N/A	False		False	ENA only	no linked paper -- deposit-only study	DIVERSE	7	feces metagenome
PRJDB36775	False	True	Homo sapiens	False	N/A	False	N/A	False		False	ENA only	no linked paper -- deposit-only study	UNIFORM	118	human gut metagenome
PRJDB36826	False	True	Homo sapiens	False	N/A	False	N/A	False		False	ENA only	no linked paper -- deposit-only study	UNIFORM	72	
PRJDB36846	False	True	Mus sp.	False	N/A	False	N/A	False		False	ENA only	no linked paper -- deposit-only study	UNIFORM	36	Eukaryota sp.; mouse gut metagenome
PRJDB36905	False	True	Homo sapiens	False	N/A	False	N/A	False		False	ENA only	no linked paper -- deposit-only study	UNIFORM_WITH_GAPS	12	dust metagenome; food metagenome; human gut metagenome; pig gut metagenome; soil metagenome; wastewater metagenome
PRJDB36916	False	True	Homo sapiens	False	N/A	False	N/A	False		False	ENA only	no linked paper -- deposit-only study	UNIFORM	132	
PRJDB37067	False	True	Ovis ammon	False	N/A	False	N/A	False		False	ENA only	no linked paper -- deposit-only study	DIVERSE	12	feces metagenome
PRJDB37496	False	True	Homo sapiens	False	N/A	False	N/A	False		False	ENA only	no linked paper -- deposit-only study	UNIFORM	50	human gut metagenome
PRJDB37508	False	True	Homo sapiens	False	N/A	False	N/A	False		False	ENA only	no linked paper -- deposit-only study	UNIFORM	470	human gut metagenome
PRJDB38277	False	True	Homo sapiens	False	N/A	False	N/A	False		False	ENA only	no linked paper -- deposit-only study	UNIFORM	51	human gut metagenome
PRJDB38518	False	True	Homo sapiens	False	N/A	False	N/A	False		False	ENA only	no linked paper -- deposit-only study	UNIFORM	22	
PRJDB38615	False	True	Mus musculus	False	N/A	False	N/A	False		False	ENA only	no linked paper -- deposit-only study	UNIFORM_WITH_GAPS	6	
PRJDB38794	False	True	Apis cerana	False	N/A	False	N/A	False		False	ENA only	no linked paper -- deposit-only study	UNIFORM	8	gut metagenome
PRJDB38848	False	True	Corvus dauuricus	False	N/A	False	N/A	False		False	ENA only	no linked paper -- deposit-only study	DIVERSE	12	feces metagenome
PRJDB38851	False	True	Corvus dauuricus	False	N/A	False	N/A	False		False	ENA only	no linked paper -- deposit-only study	DIVERSE	12	feces metagenome
PRJDB38938	False	True	Mus musculus	False	N/A	False	N/A	False		False	ENA only	no linked paper -- deposit-only study	UNIFORM	18	Mus musculus; mouse gut metagenome
PRJDB39230	False	True	Equus hemionus	False	N/A	False	N/A	False		False	ENA only	no linked paper -- deposit-only study	UNIFORM	32	feces metagenome
PRJDB39249	False	False		False	N/A	False	N/A	False		False	unknown	no linked paper -- deposit-only study	NO_HOST_DATA	0	feces metagenome
PRJDB4176	False	True	Homo sapiens	False	N/A	False	N/A	False		False	ENA only	no linked paper -- deposit-only study	UNIFORM	645	human gut metagenome
PRJDB4525	False	True	Homo sapiens	False	N/A	False	N/A	False		False	ENA only	no linked paper -- deposit-only study	UNIFORM	36	human gut metagenome
PRJDB5383	False	True	Bos taurus	False	N/A	False	N/A	False		False	ENA only	no linked paper -- deposit-only study	UNIFORM	3	Enterovirus F; Enterovirus sp.; feces metagenome
PRJDB6165	False	False		False	N/A	False	N/A	False		False	unknown	no linked paper -- deposit-only study	NO_HOST_DATA	0	
PRJDB6503	False	True	Homo sapiens	False	N/A	False	N/A	False		False	ENA only	no linked paper -- deposit-only study	UNIFORM	30	human gut metagenome
PRJDB6620	False	True	Mus musculus	False	N/A	False	N/A	False		False	ENA only	no linked paper -- deposit-only study	UNIFORM	25	mouse gut metagenome
PRJDB6640	False	True	Paradoxurus hermaphroditus	False	N/A	False	N/A	False		False	ENA only	no linked paper -- deposit-only study	UNIFORM	3	feces metagenome
PRJDB7378	False	True	Homo sapiens	False	N/A	False	N/A	False		False	ENA only	no linked paper -- deposit-only study	UNIFORM	50	human gut metagenome
PRJDB7630	False	True	Homo sapiens	False	N/A	False	N/A	False		False	ENA only	no linked paper -- deposit-only study	UNIFORM	40	human gut metagenome
PRJDB7767	False	True	Homo sapiens	False	N/A	False	N/A	False		False	ENA only	no linked paper -- deposit-only study	UNIFORM	118	human gut metagenome
PRJDB9383	False	True	Mus musculus	False	N/A	False	N/A	False		False	ENA only	no linked paper -- deposit-only study	UNIFORM	8	mouse gut metagenome
PRJDB9649	False	True	Homo sapiens	False	N/A	False	N/A	False		False	ENA only	no linked paper -- deposit-only study	UNIFORM	88	human gut metagenome
PRJDB9922	False	True	Mus musculus	False	N/A	False	N/A	False		False	ENA only	no linked paper -- deposit-only study	UNIFORM	48	mouse gut metagenome
PRJEB101774	False	False		False	N/A	False	N/A	False		False	unknown	no linked paper -- deposit-only study	NO_HOST_DATA	0	feces metagenome
PRJEB101827	False	True	Gallus gallus domesticus	False	N/A	False	N/A	False		False	ENA only	no linked paper -- deposit-only study	UNIFORM	120	chicken gut metagenome
PRJEB101960	False	False		False	N/A	False	N/A	False		False	unknown	no linked paper -- deposit-only study	NO_HOST_DATA	0	gut metagenome
PRJEB102170	False	False		False	N/A	False	N/A	False		False	unknown	no linked paper -- deposit-only study	NO_HOST_DATA	0	gut metagenome
PRJEB102289	False	False		False	N/A	False	N/A	False		False	unknown	no linked paper -- deposit-only study	NO_HOST_DATA	0	
PRJEB102366	False	False		False	N/A	False	N/A	False		False	unknown	no linked paper -- deposit-only study	NO_HOST_DATA	0	chicken gut metagenome
PRJEB103086	False	False		False	N/A	False	N/A	False		True	human-by-biome-label	no linked paper -- deposit-only study	NO_HOST_DATA	0	human gut metagenome; mouse gut metagenome
PRJEB103317	False	False		False	N/A	False	N/A	False		False	unknown	no linked paper -- deposit-only study	NO_HOST_DATA	0	gut metagenome
PRJEB10338	True	False		True	bovine	True	bovine	False		False	paper only	Metagenomic sequencing was performed on rumen samples collected from cattle (bovine).	NO_HOST_DATA	0	metagenome
PRJEB104707	False	False		False	N/A	False	N/A	False		False	unknown	no linked paper -- deposit-only study	NO_HOST_DATA	0	gut metagenome
PRJEB105017	False	False		False	N/A	False	N/A	False		False	unknown	no linked paper -- deposit-only study	NO_HOST_DATA	0	
PRJEB106128	False	False		False	N/A	False	N/A	False		False	unknown	no linked paper -- deposit-only study	NO_HOST_DATA	0	
PRJEB106514	True	True	Panthera leo	True	lion	True	African lion (Panthera leo melanochaita)	False		False	ENA + paper	Sequenced samples came from 23 fresh faecal samples from 20 free-living African lions in Etosha National Park, Namibia.	UNIFORM	23	feline metagenome
PRJEB107655	True	True	Callithrix jacchus	True	marmosets	True	common marmosets	False		False	ENA + paper	Metagenomic shotgun sequencing was performed on gut samples from marmosets following antibiotic treatment.	UNIFORM	62	primate metagenome
PRJEB108722	False	True	Mus musculus	False	N/A	False	N/A	False		False	ENA only	no linked paper -- deposit-only study	UNIFORM	80	mouse gut metagenome
PRJEB10878	True	False		True	human	True	human	False		True	human-by-biome-label	Metagenomic sequences came from stool samples of 667 human participants (healthy, adenoma, and carcinoma cohorts).	NO_HOST_DATA	0	human gut metagenome
PRJEB11519	False	False		False	N/A	False	N/A	False		False	unknown	no linked paper -- deposit-only study	NO_HOST_DATA	0	
PRJEB11755	True	False		True	pig	True	pig	False		False	paper only	Metagenomic samples were sequenced from intestinal tissues (ileum, cecum, colon) of Duroc × (Landrace × Yorkshire) pigs with contrasting feed efficiency.	NO_HOST_DATA	0	pig gut metagenome
PRJEB1220	True	False		True	homeothermic animals	True	human; mouse; koala; guinea pig	False		True	human-by-biome-label	Fecal samples were sequenced from four animal hosts: human, mouse, koala, and guinea pig.	NO_HOST_DATA	0	
PRJEB12449	True	False		True	human	True	human	False		True	human-by-biome-label	Sequenced samples came from stool metagenomes of 667 human participants with different health statuses (healthy, adenoma, and carcinoma).	NO_HOST_DATA	0	human gut metagenome
PRJEB12669	False	False		False	N/A	False	N/A	False		False	unknown	no linked paper -- deposit-only study	NO_HOST_DATA	0	gut metagenome
PRJEB13870	True	False		True	human	True	human	False		True	human-by-biome-label	Sequenced samples came from veterinary students with occupational exposure to livestock farms over 3 months.	NO_HOST_DATA	0	metagenome
PRJEB14215	True	False		False		True	human	False		True	human-by-biome-label	Faecal metagenomics sequenced from human cohorts with and without obesity; mice received microbiota transplants in downstream validation only.	NO_HOST_DATA	0	human gut metagenome
PRJEB14312	True	True	Ovis aries	True	sheep	True	sheep	False		False	ENA + paper	Sequenced samples came from sheep faecal (stool) samples.	UNIFORM	5	Ovis aries
PRJEB14847	False	False		False	N/A	False	N/A	False		False	unknown	no linked paper -- deposit-only study	NO_HOST_DATA	0	
PRJEB14935	False	False		False	N/A	False	N/A	False		False	unknown	no linked paper -- deposit-only study	NO_HOST_DATA	0	feces metagenome
PRJEB15095	True	False		False		True	mouse (model of colitis)	True	colitis	False	paper only	[model of colitis] Metagenomic sequencing was performed on chemically induced murine models of colitis.	NO_HOST_DATA	0	
PRJEB15296	True	False		True	piglet	True	piglet	False		False	paper only	The sequenced samples (16S rRNA and metagenomic) came from fecal samples of diarrheic neonatal piglets and healthy control piglets.	NO_HOST_DATA	0	
PRJEB15341	False	False		False	N/A	False	N/A	False		False	unknown	no linked paper -- deposit-only study	NO_HOST_DATA	0	mouse gut metagenome
PRJEB15371	True	False		True	inflammatory bowel disease patients	True	inflammatory bowel disease patients and healthy subjects	False		True	human-by-biome-label	Metagenomic samples were sequenced from human IBD patients and healthy controls; mouse models were used only for downstream mechanistic validation.	NO_HOST_DATA	0	
PRJEB1690	False	False		False	N/A	False	N/A	False		False	unknown	no linked paper -- deposit-only study	NO_HOST_DATA	0	
PRJEB1786	True	False		False		True	human	False		True	human-by-biome-label	Sequenced samples came from 1,000 human subjects across 5 countries; mice used only for downstream mechanistic validation of metformin effects.	NO_HOST_DATA	0	
PRJEB18627	False	False		False	N/A	False	N/A	False		False	unknown	no linked paper -- deposit-only study	NO_HOST_DATA	0	mouse gut metagenome
PRJEB18805	False	False		False	N/A	False	N/A	False		False	unknown	no linked paper -- deposit-only study	NO_HOST_DATA	0	gut metagenome
PRJEB20308	True	True	Canis lupus familiaris	True	dog; human	True	dog; human	False		False	ENA + paper	Metagenomes were sequenced from dog (129 samples) and human gut microbiomes; mice and pigs were used only for comparative analysis.	UNIFORM	129	
PRJEB21490	True	False		True	mice	True	mice	True	2,4-D toxicity	False	paper only	[model of 2,4-D toxicity] Metagenomic sequencing was performed on fecal samples from mice exposed to 2,4-D herbicide.	NO_HOST_DATA	0	metagenomes
PRJEB21599	True	True	Arion ater	True	Arion ater	True	Arion ater	False		False	ENA + paper	Metagenomic samples were sequenced from the gut microbiome of the common black slug Arion ater.	UNIFORM	1	Arion ater
PRJEB21612	True	False		True	primate	True	non-human primates; human	False		True	human-by-biome-label	Metagenomic sequencing was performed on 203 fecal samples from nine non-human primate species and humans in Guangxi.	NO_HOST_DATA	0	human gut metagenome
PRJEB21624	True	False		True	cattle	True	cattle	False		False	paper only	Metagenomic samples were sequenced from the rumen of cattle, not from a downstream animal model experiment.	NO_HOST_DATA	0	
PRJEB21827	False	False		False	N/A	False	N/A	False		False	unknown	no linked paper -- deposit-only study	NO_HOST_DATA	0	gut metagenome
PRJEB22062	True	False		True	chicken	True	chicken	False		False	paper only	Metagenomic sequencing was performed on chicken faecal samples from two breeds.	NO_HOST_DATA	0	metagenome
PRJEB22175	False	False		False	N/A	False	N/A	False		False	unknown	no linked paper -- deposit-only study	NO_HOST_DATA	0	feces metagenome
PRJEB22491	False	False		False	N/A	False	N/A	False		False	unknown	no linked paper -- deposit-only study	NO_HOST_DATA	0	
PRJEB22710	False	False		False	N/A	False	N/A	False		False	unknown	no linked paper -- deposit-only study	NO_HOST_DATA	0	mouse gut metagenome
PRJEB22765	False	False		False	N/A	False	N/A	False		False	unknown	no linked paper -- deposit-only study	NO_HOST_DATA	0	gut metagenome
PRJEB22973	False	False		False	N/A	False	N/A	False		False	unknown	no linked paper -- deposit-only study	NO_HOST_DATA	0	gut metagenome
PRJEB23010	False	False		False	N/A	False	N/A	False		False	unknown	no linked paper -- deposit-only study	NO_HOST_DATA	0	gut metagenome
PRJEB23147	False	True	Homo sapiens	False	N/A	False	N/A	False		False	ENA only	no linked paper -- deposit-only study	UNIFORM	5151	
PRJEB23561	True	False		True	bovine	True	bovine	False		False	paper only	Metagenomic sequencing was performed on samples from the bovine rumen microbiota.	NO_HOST_DATA	0	bovine metagenome
PRJEB23642	True	True	Balaenoptera acutorostrata	False		True	multiple vertebrate species (mammals, birds, reptiles, amphibians, fish)	False		False	ENA + paper	Sequenced gut metagenomes from 180 predominantly wild animal species across 5 vertebrate classes plus existing animal datasets.	UNIFORM	12	Balaenoptera acutorostrata
PRJEB24006	True	False		True	neonates	True	neonates	False		False	paper only	Shotgun metagenomic sequencing was performed on fecal samples from human neonates at risk for asthma; mice were used only in downstream mechanistic validation.	NO_HOST_DATA	0	
PRJEB24041	False	False		False	N/A	False	N/A	False		False	unknown	no linked paper -- deposit-only study	NO_HOST_DATA	0	gut metagenome
PRJEB25514	True	False		True	human	True	human	False		True	human-by-biome-label	Metagenomic sequencing was performed on fecal samples from 86 Chinese individuals across three age groups (long-living, elderly, and young).	NO_HOST_DATA	0	gut metagenome; metagenomes
PRJEB26512	False	True	Akkermansia muciniphila; Anaerococcus vaginalis; Anaerostipes caccae; Anaerostipes hadrus; Bacteroides caccae; Bacteroides faecis; Bacteroides intestinalis; Bacteroides ovatus; Bacteroides uniformis; Bifidobacterium adolescentis; Bifidobacterium breve; Bifidobacterium dentium; Bifidobacterium longum; Bifidobacterium pseudocatenulatum; Blautia glucerasea; Blautia hansenii; Blautia wexlerae; Campylobacter ureolyticus; Citrobacter amalonaticus; Clostridioides difficile; Clostridium butyricum; Clostridium paraputrificum; Clostridium tertium; Collinsella aerofaciens; Collinsella intestinalis; Eggerthella lenta; Enterocloster bolteae; Enterococcus casseliflavus; Enterococcus faecium; Escherichia coli; Eubacterium limosum; Faecalimonas nexilis; Finegoldia magna; Flavonifractor plautii; Hungatella hathewayi; Intestinibacter bartlettii; Klebsiella oxytoca; Lacticaseibacillus rhamnosus; Mediterraneibacter gnavus; Mediterraneibacter torques; Pantoea agglomerans; Parabacteroides distasonis; Parabacteroides merdae; Paraprevotella clara; Peptoniphilus gorbachii; Phocaeicola vulgatus; Phytobacter massiliensis; Roseburia intestinalis; Schaalia odontolytica; Staphylococcus aureus; Staphylococcus simulans; Streptococcus lutetiensis; Streptococcus oralis; Streptococcus parasanguinis; Streptococcus salivarius; Thomasclavelia ramosa; Veillonella atypica; Veillonella dispar; Veillonella parvula; Veillonella ratti; [Clostridium] innocuum; [Clostridium] symbiosum; uncultured Anaerotruncus sp.; uncultured Blautia sp.; uncultured Clostridium sp.	False	N/A	False	N/A	False		False	ENA only	no linked paper -- deposit-only study	UNIFORM_WITH_GAPS	68	
PRJEB26564	False	False		False	N/A	False	N/A	False		False	unknown	no linked paper -- deposit-only study	NO_HOST_DATA	0	mouse gut metagenome
PRJEB26585	False	False		False	N/A	False	N/A	False		False	unknown	no linked paper -- deposit-only study	NO_HOST_DATA	0	
PRJEB26596	False	False		False	N/A	False	N/A	False		False	unknown	no linked paper -- deposit-only study	NO_HOST_DATA	0	gut metagenome
PRJEB26961	False	True	Sus scrofa domesticus	False	N/A	False	N/A	False		False	ENA only	no linked paper -- deposit-only study	UNIFORM	220	gut metagenome
PRJEB27498	True	True	Gadus morhua	True	Atlantic cod (Gadus morhua)	True	Atlantic cod (Gadus morhua)	False		False	ENA + paper	Sequenced samples came from feces of migrating Atlantic cod caught at a spawning area outside Tromsø, Norway.	UNIFORM	6	Gadus morhua
PRJEB2778	False	False		False	N/A	False	N/A	False		False	unknown	no linked paper -- deposit-only study	NO_HOST_DATA	0	
PRJEB27928	True	False		False		True	human	False		True	human-by-biome-label	Fecal microbiota samples were collected from 34 CRC cases and 32 control humans in a case-control study.	NO_HOST_DATA	0	human gut metagenome
PRJEB28161	False	False		False	N/A	False	N/A	False		False	unknown	no linked paper -- deposit-only study	NO_HOST_DATA	0	feces metagenome
PRJEB28237	False	False		False	N/A	False	N/A	False		False	unknown	no linked paper -- deposit-only study	NO_HOST_DATA	0	gut metagenome
PRJEB29127	False	False		False	N/A	False	N/A	False		False	unknown	no linked paper -- deposit-only study	NO_HOST_DATA	0	feces metagenome
PRJEB29152	False	False		False	N/A	False	N/A	False		False	unknown	no linked paper -- deposit-only study	NO_HOST_DATA	0	gut metagenome
PRJEB29232	True	True	Vulpes vulpes	True	fox	True	fox	False		False	ENA + paper	Metagenomic samples were sequenced from gut microbiota of foxes from the tame and aggressive strains of the Russian Farm-Fox Experiment.	UNIFORM	131	Vulpes vulpes
PRJEB29346	True	True	Gadus morhua	True	salmonid	True	Atlantic salmon (Salmo salar)	False		False	ENA + paper	Gut metagenome samples were sequenced from wild Atlantic salmon populations.	UNIFORM	57	Gadus morhua
PRJEB29373	False	False		False	N/A	False	N/A	False		False	unknown	no linked paper -- deposit-only study	NO_HOST_DATA	0	feces metagenome
PRJEB30661	True	False		True	Tor putitora	True	Tor putitora	False		False	paper only	Shotgun metagenomic sequencing was performed on gut samples from the endangered fish Tor putitora.	NO_HOST_DATA	0	fish gut metagenome
PRJEB30834	False	False		False	N/A	False	N/A	False		False	unknown	no linked paper -- deposit-only study	NO_HOST_DATA	0	feces metagenome
PRJEB31009	False	False		False	N/A	False	N/A	False		False	unknown	no linked paper -- deposit-only study	NO_HOST_DATA	0	gut metagenome
PRJEB31051	True	False		True	Blattella germanica	True	Blattella germanica	False		False	paper only	Metagenomic samples were sequenced from the gut microbiota of German cockroaches (Blattella germanica) treated and non-treated with antibiotics over two generations.	NO_HOST_DATA	0	insect gut metagenome
PRJEB31266	True	True	Bos taurus	True	bovine	True	bovine	False		False	ENA + paper	Metagenome sequencing was performed on samples from the rumen of cattle (bovine).	UNIFORM	240	
PRJEB31650	False	True	Sus scrofa	False	N/A	False	N/A	False		False	ENA only	no linked paper -- deposit-only study	UNIFORM_WITH_GAPS	287	pig gut metagenome; wastewater metagenome
PRJEB31742	True	False		True	pig	True	pig	False		False	paper only	Metagenomic sequencing was performed on fecal samples from pigs in industrialized feedlots across China.	NO_HOST_DATA	0	gut metagenome
PRJEB32496	True	True	Bos	True	swine; cattle	True	swine; cattle	False		False	ENA + paper	Metagenomic sequencing was performed on gut microbiome samples from 36 swine and 41 cattle on Korean farms.	DIVERSE	77	gut metagenome
PRJEB32631	False	False		False	N/A	False	N/A	False		False	unknown	no linked paper -- deposit-only study	NO_HOST_DATA	0	
PRJEB32644	False	True	Collinsella aerofaciens; Collinsella intestinalis	False	N/A	False	N/A	False		False	ENA only	no linked paper -- deposit-only study	DIVERSE_AND_SPARSE	24	Collinsella aerofaciens; Collinsella intestinalis; mouse gut metagenome
PRJEB32790	False	False		False	N/A	False	N/A	False		False	unknown	no linked paper -- deposit-only study	NO_HOST_DATA	0	mouse gut metagenome
PRJEB32834	False	False		False	N/A	False	N/A	False		False	unknown	no linked paper -- deposit-only study	NO_HOST_DATA	0	feces metagenome
PRJEB32890	False	False		False	N/A	False	N/A	False		False	unknown	no linked paper -- deposit-only study	NO_HOST_DATA	0	mouse gut metagenome
PRJEB33219	False	False		False	N/A	False	N/A	False		False	unknown	no linked paper -- deposit-only study	NO_HOST_DATA	0	mouse gut metagenome
PRJEB33338	True	False		True	chicken	True	chicken	False		False	paper only	Metagenomic sequencing was performed on chicken faecal samples from two breeds.	NO_HOST_DATA	0	metagenome
PRJEB33500	True	False		False		True	human	False		True	human-by-biome-label	Shotgun metagenomic sequencing was performed on gut microbiome samples from 82 overweight and obese human subjects in a randomized controlled dietary intervention trial.	NO_HOST_DATA	0	human gut metagenome
PRJEB33577	True	False		False		True	human; canine	False		True	human-by-biome-label	Shotgun metagenomics was performed on ancient archaeological paleofeces (coprolites) from humans and canines.	NO_HOST_DATA	0	
PRJEB34270	False	False		False	N/A	False	N/A	False		False	unknown	no linked paper -- deposit-only study	NO_HOST_DATA	0	fish gut metagenome
PRJEB34982	True	True	Sus scrofa	True	preterm pig	True	pig (model of chorioamnionitis)	True	chorioamnionitis	False	ENA + paper	[model of chorioamnionitis] Metagenomics data came from distal small intestine samples of preterm pigs exposed to intra-amniotic LPS or control conditions.	UNIFORM	17	Sus scrofa
PRJEB34992	True	False		False		True	human	False		True	human-by-biome-label	Shotgun metagenomic sequencing was performed on gut microbiota samples from individuals with irritable bowel syndrome (N=149) and healthy controls (N=52).	NO_HOST_DATA	0	human gut metagenome
PRJEB35362	True	False		False		True	human; canine	False		True	human-by-biome-label	Sequenced samples are ancient paleofeces (coprolites) from archaeological contexts, sourced from human and canine origins.	NO_HOST_DATA	0	gut metagenome; human gut metagenome; soil metagenome
PRJEB36943	False	False		False	N/A	False	N/A	False		False	unknown	no linked paper -- deposit-only study	NO_HOST_DATA	0	mouse gut metagenome
PRJEB37062	True	False		False		True	human; preclinical animal models	False		True	human-by-biome-label	Sequenced microbiota samples came from human donors and preclinical animal models, though specific animal species not named.	NO_HOST_DATA	0	human gut metagenome; metagenome; mouse gut metagenome; pig gut metagenome; rabbit gut metagenome; rat gut metagenome
PRJEB37383	True	True	Mus musculus	False		True	mouse	False		False	ENA + paper	Sequenced samples came from gut microbiomes of mice fed different dietary fiber diets.	UNIFORM	12	Mus musculus
PRJEB37572	False	True	Mus musculus	False	N/A	False	N/A	False		False	ENA only	no linked paper -- deposit-only study	UNIFORM	86	mouse gut metagenome
PRJEB37731	False	False		False	N/A	False	N/A	False		False	unknown	no linked paper -- deposit-only study	NO_HOST_DATA	0	
PRJEB38000	True	False		True	adults	True	adults	False		True	human-by-biome-label	Metagenomic sequenced samples came from gut microbiomes of human adults with differing lactase persistence genotypes.	NO_HOST_DATA	0	metagenome
PRJEB38095	False	False		False	N/A	False	N/A	False		False	unknown	no linked paper -- deposit-only study	NO_HOST_DATA	0	mouse gut metagenome
PRJEB38174	False	True	unidentified	False	N/A	False	N/A	False		False	ENA only	no linked paper -- deposit-only study	UNIFORM_WITH_GAPS	12	chicken gut metagenome; unidentified
PRJEB38343	False	False		False	N/A	False	N/A	False		False	unknown	no linked paper -- deposit-only study	NO_HOST_DATA	0	
PRJEB39110	False	True	Gallus gallus	False	N/A	False	N/A	False		False	ENA only	no linked paper -- deposit-only study	UNIFORM	70	chicken gut metagenome
PRJEB39465	False	True	Mus musculus	False	N/A	False	N/A	False		False	ENA only	no linked paper -- deposit-only study	UNIFORM	938	Mus musculus; mouse gut metagenome
PRJEB39500	True	False		False		True	human	False		True	human-by-biome-label	Sequenced samples came from 1,000 human subjects across 5 countries; mice were used only for downstream validation of metformin effects.	NO_HOST_DATA	0	metagenome
PRJEB39685	False	True	Meleagris gallopavo	False	N/A	False	N/A	False		False	ENA only	no linked paper -- deposit-only study	DIVERSE	132	feces metagenome
PRJEB39955	False	False		False	N/A	False	N/A	False		False	unknown	no linked paper -- deposit-only study	NO_HOST_DATA	0	
PRJEB40424	False	False		False	N/A	False	N/A	False		True	human-by-biome-label	no linked paper -- deposit-only study	NO_HOST_DATA	0	human gut metagenome; mouse gut metagenome
PRJEB40719	False	False		False	N/A	False	N/A	False		False	unknown	no linked paper -- deposit-only study	NO_HOST_DATA	0	mouse gut metagenome
PRJEB40767	True	True	Rattus norvegicus	True	rat	True	rat	True	obesity	False	ENA + paper	[model of obesity] Shotgun metagenomic sequencing was performed on faecal samples from obese female Wistar rats before and after anti-obesity drug treatment.	UNIFORM	157	Rattus norvegicus
PRJEB40824	True	True	Sus scrofa	False		True	chickens; turkeys; pigs; wild boars; red foxes; rodents	False		False	ENA + paper	Fecal samples were sequenced from farm animals (chickens, turkeys, pigs) and wild animals (wild boars, red foxes, rodents).	DIVERSE	6	metagenome
PRJEB40866	True	True	Alistipes sp. CU970	True	mouse	True	mouse (model of antibiotic-exposed gut colonization)	True	vancomycin-resistant Enterococcus colonization in antibiotic-treated mice	False	ENA + paper	[model of vancomycin-resistant Enterococcus colonization in antibiotic-treated mice] Metagenomic sequencing was performed on gut samples from mouse models treated with antibiotics to identify microbiota members that restrict VRE colonization.	DIVERSE	5	Alistipes sp. CU970; Barnesiella sp. CU968; Olsenella sp. CU969; Oscillibacter sp. CU971; Oscillospiraceae bacterium
PRJEB40990	True	True	Salmo salar	True	salmonid	True	salmonid	False		False	ENA + paper	Metagenomic samples were sequenced from the intestines of three different salmonid host species.	DIVERSE	16	Coregonus lavaretus; Oncorhynchus mykiss; Salmo salar
PRJEB41102	True	False		True	human	True	human	False		True	human-by-biome-label	Sequenced samples came from fecal metagenomes of 5,278 adult and infant humans, longitudinally sampled in individuals and families.	NO_HOST_DATA	0	
PRJEB41222	True	False		True	broiler	True	broiler	False		False	paper only	Cecal contents were sequenced from 50 broiler chicks (25 with highest body weight and 25 with lowest body weight) selected from a flock of 218 birds.	NO_HOST_DATA	0	metagenome
PRJEB41306	True	False		True	Blattella germanica	True	Blattella germanica	False		False	paper only	Metagenomic samples were sequenced from the hindgut microbiome of German cockroach (Blattella germanica) populations under different treatment conditions.	NO_HOST_DATA	0	insect gut metagenome
PRJEB41323	False	True	Gallus gallus	False	N/A	False	N/A	False		False	ENA only	no linked paper -- deposit-only study	UNIFORM	210	chicken gut metagenome
PRJEB41657	True	True	Salmo salar	True	Atlantic salmon	True	Atlantic salmon (Salmo salar)	False		False	ENA + paper	Metagenomic sequencing was performed on gut samples from 540 Atlantic salmon at pre-smolt and post-smolt life stages.	UNIFORM	359	fish gut metagenome
PRJEB41786	False	False		False	N/A	False	N/A	False		True	human-by-biome-label	no linked paper -- deposit-only study	NO_HOST_DATA	0	human gut metagenome
PRJEB41787	False	False		False	N/A	False	N/A	False		False	unknown	no linked paper -- deposit-only study	NO_HOST_DATA	0	
PRJEB42282	False	False		False	N/A	False	N/A	False		False	unknown	no linked paper -- deposit-only study	NO_HOST_DATA	0	feces metagenome
PRJEB42464	False	True	Oncorhynchus mykiss	False	N/A	False	N/A	False		False	ENA only	no linked paper -- deposit-only study	UNIFORM	59	feces metagenome
PRJEB43192	True	True	Gallus gallus	False		True	salmon; chicken	False		False	ENA + paper	Sequenced samples were derived from salmon and chicken in production settings, with multiomic data aggregated in the HoloFood Data Portal.		0	Gallus gallus; Salmo salar; chicken gut metagenome; fish gut metagenome
PRJEB4336	True	False		False		True	human; mouse (model of type 2 diabetes)	True	type 2 diabetes	False	paper only	[model of type 2 diabetes] Sequenced samples came from 1,000 human subjects across 5 countries; mice were used only for downstream validation of metformin effects.	NO_HOST_DATA	0	human gut metagenome
PRJEB4370	False	True	Mus musculus	False	N/A	False	N/A	False		False	ENA only	no linked paper -- deposit-only study	DIVERSE	431	
PRJEB4391	True	False		True	kitten	True	kitten	False		False	paper only	Fecal samples from growing kittens fed different diets were sequenced using Illumina shotgun sequencing.	NO_HOST_DATA	0	metagenome
PRJEB44507	True	True	Homo sapiens	True	human	True	human	False		False	ENA + paper	Sequenced samples came from paleofeces of ancient miners preserved in the Hallstatt salt mines in Austria, dating from Bronze Age to Baroque period.	UNIFORM	4	Homo sapiens
PRJEB46212	False	False		False	N/A	False	N/A	False		False	unknown	no linked paper -- deposit-only study	NO_HOST_DATA	0	
PRJEB46550	False	True	Gallus gallus	False	N/A	False	N/A	False		False	ENA only	no linked paper -- deposit-only study	UNIFORM	344	chicken gut metagenome
PRJEB46788	False	False		False	N/A	False	N/A	False		True	human-by-biome-label	no linked paper -- deposit-only study	NO_HOST_DATA	0	human gut metagenome
PRJEB46806	True	True	Gallus gallus	True	red junglefowl	True	red junglefowl	False		False	ENA + paper	Gut microbiota samples were sequenced from two selected lines of red junglefowl differing in fear of humans.	UNIFORM	51	
PRJEB47458	False	False		False	N/A	False	N/A	False		False	unknown	no linked paper -- deposit-only study	NO_HOST_DATA	0	gut metagenome; metagenome
PRJEB47609	False	True	Gallus gallus	False	N/A	False	N/A	False		False	ENA only	no linked paper -- deposit-only study	UNIFORM	179	chicken gut metagenome
PRJEB47613	False	True	Gallus gallus	False	N/A	False	N/A	False		False	ENA only	no linked paper -- deposit-only study	UNIFORM	47	chicken gut metagenome
PRJEB47909	True	False		False		True	human; baboon	False		True	human-by-biome-label	Sequenced samples came from both a human fecal microbiota transplant dataset and wild baboon gut metagenomes.	NO_HOST_DATA	0	human gut metagenome
PRJEB47976	True	True	Homo sapiens	False		True	human	False		False	ENA + paper	Shotgun metagenomic sequencing was performed on intestinal microbiome samples from 75 amyloid-positive AD patients and 100 cognitively healthy elderly controls.	UNIFORM	175	Homo sapiens
PRJEB48382	True	True	Sus scrofa	False		True	pig	False		False	ENA + paper	Sequenced samples came from pig faecal microbiomes from low- and high-antimicrobial use farms.	UNIFORM	120	Sus scrofa
PRJEB49262	False	True	Homo sapiens	False	N/A	False	N/A	False		False	ENA only	no linked paper -- deposit-only study	UNIFORM	62	human gut metagenome
PRJEB50555	False	False		False	N/A	False	N/A	False		True	human-by-biome-label	no linked paper -- deposit-only study	NO_HOST_DATA	0	human gut metagenome
PRJEB50568	True	False		False		True	children	False		True	human-by-biome-label	Faecal samples were sequenced from 119 samples collected from 39 children aged 1-7 years.	NO_HOST_DATA	0	
PRJEB50613	False	False		False	N/A	False	N/A	False		False	unknown	no linked paper -- deposit-only study	NO_HOST_DATA	0	pig gut metagenome
PRJEB50625	True	False		True	vertebrate	True	vertebrate	False		False	paper only	Sequenced samples came from gut metagenomes of 14 vertebrate species including carnivores, omnivores, and avian species.	NO_HOST_DATA	0	rabbit gut metagenome
PRJEB51122	False	False		False	N/A	False	N/A	False		True	human-by-biome-label	no linked paper -- deposit-only study	NO_HOST_DATA	0	feces metagenome; horse metagenome; human gut metagenome; pig gut metagenome; primate metagenome
PRJEB51353	True	False		True	human	True	human	False		True	human-by-biome-label	Metagenomics samples were sequenced from stool of human participants in the Swedish CardioPulmonary bioImage Study cohort with and without obstructive sleep apnea.	NO_HOST_DATA	0	human gut metagenome
PRJEB51635	False	False		False	N/A	False	N/A	False		False	unknown	no linked paper -- deposit-only study	NO_HOST_DATA	0	
PRJEB51815	False	True	Salmo salar	False	N/A	False	N/A	False		False	ENA only	no linked paper -- deposit-only study	UNIFORM	179	fish gut metagenome
PRJEB52043	True	False		True	mice	True	mice	False		False	paper only	Sequenced samples came from 622 public mouse microbiome samples and 97 additional mouse microbiomes used in a meta-analysis of diet-associated changes.	NO_HOST_DATA	0	mouse gut metagenome
PRJEB5224	True	False		False		True	human	False		True	human-by-biome-label	Sequenced samples came from 1,000 human subjects across 5 countries; mice were used only for downstream mechanistic validation.	NO_HOST_DATA	0	human gut metagenome
PRJEB52269	True	True	Mus musculus	True	mice	True	mice	True		False	ENA + paper	[model organism, disease unnamed] Whole-genome shotgun sequencing was performed on cecal content samples from mice exposed to high-fat diet and estrogen treatments.	UNIFORM	64	Mus musculus
PRJEB52754	False	True	Gasterosteus aculeatus	False	N/A	False	N/A	False		False	ENA only	no linked paper -- deposit-only study	UNIFORM	62	fish gut metagenome; metagenome
PRJEB53667	False	False		False	N/A	False	N/A	False		False	unknown	no linked paper -- deposit-only study	NO_HOST_DATA	0	chicken gut metagenome
PRJEB55462	False	False		False	N/A	False	N/A	False		False	unknown	no linked paper -- deposit-only study	NO_HOST_DATA	0	
PRJEB55534	False	False		False	N/A	False	N/A	False		True	human-by-biome-label	no linked paper -- deposit-only study	NO_HOST_DATA	0	human gut metagenome
PRJEB55607	False	False		False	N/A	False	N/A	False		True	human-by-biome-label	no linked paper -- deposit-only study	NO_HOST_DATA	0	human gut metagenome
PRJEB55711	True	False		True	patients with systemic lupus erythematosus	True	human	False		True	human-by-biome-label	Metagenomic sequencing was performed on fecal samples from 16 SLE patients and 31 healthy controls.	NO_HOST_DATA	0	human gut metagenome
PRJEB55713	False	False		False	N/A	False	N/A	False		True	human-by-biome-label	no linked paper -- deposit-only study	NO_HOST_DATA	0	human gut metagenome
PRJEB55812	True	False		True	mouse	True	mouse	False		False	paper only	Sequenced samples came from fecal pellets and exhaust dust collection filters from mouse cages in laboratory facilities.	NO_HOST_DATA	0	
PRJEB56324	False	False		False	N/A	False	N/A	False		False	unknown	no linked paper -- deposit-only study	NO_HOST_DATA	0	mouse gut metagenome
PRJEB56669	False	False		False	N/A	False	N/A	False		True	human-by-biome-label	no linked paper -- deposit-only study	NO_HOST_DATA	0	human gut metagenome
PRJEB57214	True	False		False		True	mouse (model of cholestasis)	True	cholestasis	False	paper only	[model of cholestasis] Fecal samples from mice underwent BDL surgery or sham operation, collected longitudinally for shotgun metagenomics profiling.	NO_HOST_DATA	0	metagenome
PRJEB57228	False	False		False	N/A	False	N/A	False		True	human-by-biome-label	no linked paper -- deposit-only study	NO_HOST_DATA	0	human gut metagenome
PRJEB57911	False	False		False	N/A	False	N/A	False		True	human-by-biome-label	no linked paper -- deposit-only study	NO_HOST_DATA	0	human gut metagenome
PRJEB58106	False	False		False	N/A	False	N/A	False		False	unknown	no linked paper -- deposit-only study	NO_HOST_DATA	0	
PRJEB58157	False	False		False	N/A	False	N/A	False		True	human-by-biome-label	no linked paper -- deposit-only study	NO_HOST_DATA	0	human gut metagenome
PRJEB58265	True	True	Crocidura russula	True	mammals	True	mammals	False		False	ENA + paper	Sequenced samples came from wild-captured mammals exposed to environmental stressors during a captivity experiment lasting 45 days.	DIVERSE	110	Apodemus sylvaticus; Crocidura russula
PRJEB58441	False	False		False	N/A	False	N/A	False		False	unknown	no linked paper -- deposit-only study	NO_HOST_DATA	0	feces metagenome
PRJEB58777	False	False		False	N/A	False	N/A	False		False	unknown	no linked paper -- deposit-only study	NO_HOST_DATA	0	
PRJEB58787	False	False		False	N/A	False	N/A	False		False	unknown	no linked paper -- deposit-only study	NO_HOST_DATA	0	gut metagenome
PRJEB59119	False	False		False	N/A	False	N/A	False		False	unknown	no linked paper -- deposit-only study	NO_HOST_DATA	0	
PRJEB59225	True	True	Gadus morhua	True	Northeast Arctic cod (Gadus morhua)	True	Northeast Arctic cod	False		False	ENA + paper	Metagenomes were sequenced directly from the outer gut mucus layer of six individual cod.	UNIFORM	6	Gadus morhua
PRJEB59350	False	False		False	N/A	False	N/A	False		False	unknown	no linked paper -- deposit-only study	NO_HOST_DATA	0	
PRJEB59886	True	True	Salmo salar	True	salmonid	True	Atlantic salmon (Salmo salar)	False		False	ENA + paper	The sequenced samples came from the gut (intestinal metagenome) of wild Atlantic salmon populations.	UNIFORM	76	Salmo salar
PRJEB60080	False	True	Sus scrofa domesticus	False	N/A	False	N/A	False		False	ENA only	no linked paper -- deposit-only study	DIVERSE_AND_SPARSE	4	Cloning vector pBR322; pig gut metagenome
PRJEB6070	True	True	Homo sapiens	True	human	True	human	False		False	ENA + paper	Sequenced samples came from stool metagenomes of 667 human participants across healthy, adenoma, and carcinoma health statuses.	UNIFORM	424	Homo sapiens
PRJEB60740	False	True	Mus musculus	False	N/A	False	N/A	False		False	ENA only	no linked paper -- deposit-only study	UNIFORM_WITH_GAPS	1803	metagenome; mouse gut metagenome
PRJEB60852	True	True	Rangifer tarandus platyrhynchus	True	primates and ungulates	True	Yunnan snub-nosed monkey; reindeer	False		False	ENA + paper	Metagenomic samples came from gut tissue of wild Yunnan snub-nosed monkeys and reindeer adapted to cold environments.	UNIFORM	1	Rangifer tarandus platyrhynchus
PRJEB62607	True	False		True	hindgut-fermenting carnivores	True	wild animal species (captive)	False		True	human-by-biome-label	Fecal samples were collected from 55 wild animal species living in captivity (104 samples total) and subjected to metagenomic sequencing.	NO_HOST_DATA	0	feces metagenome
PRJEB62783	False	False		False	N/A	False	N/A	False		True	human-by-biome-label	no linked paper -- deposit-only study	NO_HOST_DATA	0	human gut metagenome; mouse gut metagenome
PRJEB63613	False	False		False	N/A	False	N/A	False		False	unknown	no linked paper -- deposit-only study	NO_HOST_DATA	0	
PRJEB64278	True	True	Callithrix jacchus	True	common marmoset (Callithrix jacchus)	True	common marmoset (Callithrix jacchus)	False		False	ENA + paper	Fecal samples were collected from captive common marmosets before, during, and after dietary transition for shotgun metagenomics and metabolomics analysis.	UNIFORM	87	metagenome; primate metagenome
PRJEB64334	True	True	Salmo salar	True	Atlantic salmon	True	Atlantic salmon (Salmo salar)	False		False	ENA + paper	Metagenomic samples were sequenced from the guts of 460 farmed Atlantic salmon, naturally infected with intestinal cestodes.	UNIFORM	1250	Salmo salar; fish gut metagenome; metagenome
PRJEB6456	True	False		False		True	human; mouse; koala; guinea pig	False		True	human-by-biome-label	Fecal samples from four animal hosts: human, mouse, koala, and guinea pig	NO_HOST_DATA	0	human gut metagenome
PRJEB65885	False	False		False	N/A	False	N/A	False		False	unknown	no linked paper -- deposit-only study	NO_HOST_DATA	0	mouse gut metagenome
PRJEB66211	False	False		False	N/A	False	N/A	False		False	unknown	no linked paper -- deposit-only study	NO_HOST_DATA	0	
PRJEB66224	False	False		False	N/A	False	N/A	False		False	unknown	no linked paper -- deposit-only study	NO_HOST_DATA	0	feces metagenome; sediment metagenome; soil metagenome
PRJEB66261	True	True	Pycnoscelus surinamensis	True	cockroaches	True	Pycnoscelus surinamensis	False		False	ENA + paper	Metagenomic sequencing was performed on gut and soil substrate microbiomes from treated and untreated cockroaches.	UNIFORM	62	metagenome
PRJEB66438	True	True	Canis lupus familiaris	True	dog	True	dog	False		False	ENA + paper	Faecal samples were collected from healthy dogs in the HUNT One Health project and subjected to shotgun metagenomics sequencing.	UNIFORM	33	Canis lupus familiaris
PRJEB66439	True	True	Canis lupus familiaris	True	dog	True	dog	False		False	ENA + paper	Sequenced samples were faecal (stool) samples collected from canine subjects, including healthy dogs from the HUNT One Health project and dogs with acute haemorrhagic diarrhoea syndrome.	DIVERSE	426	Canis lupus familiaris; blank sample; synthetic metagenome
PRJEB66719	True	False		False		True	human	False		True	human-by-biome-label	Metagenomic sequencing was performed on fecal samples from three independent human cohorts in the oral carnitine challenge test study.	NO_HOST_DATA	0	human gut metagenome
PRJEB67586	False	False		False	N/A	False	N/A	False		False	unknown	no linked paper -- deposit-only study	NO_HOST_DATA	0	chicken gut metagenome; metagenome
PRJEB68161	False	False		False	N/A	False	N/A	False		False	unknown	no linked paper -- deposit-only study	NO_HOST_DATA	0	air metagenome; clothing metagenome; drinking water metagenome; indoor metagenome; pig gut metagenome; soil metagenome; wastewater metagenome
PRJEB6997	True	False		False		True	human	False		True	human-by-biome-label	Metagenomic samples came from human subjects (314 datasets); mice were used for downstream validation only.	NO_HOST_DATA	0	
PRJEB70517	False	True	Mus musculus	False	N/A	False	N/A	False		False	ENA only	no linked paper -- deposit-only study	UNIFORM	173	metagenome; mouse gut metagenome
PRJEB70928	True	True	Macaca mulatta	True	rhesus macaques (Macaca mulatta)	True	rhesus macaques (Macaca mulatta)	False		False	ENA + paper	Metagenomic sequencing was performed on fecal samples from rhesus macaques.	UNIFORM	129	Macaca mulatta
PRJEB71372	True	True	Tursiops truncatus	True	bottlenose dolphins (Tursiops truncatus)	True	bottlenose dolphins (Tursiops truncatus)	False		False	ENA + paper	Fecal samples were collected from donor and recipient bottlenose dolphins before, during, and after FMT therapy and subjected to shotgun metagenomic sequencing.	UNIFORM	123	cetacean metagenome
PRJEB72433	False	False		False	N/A	False	N/A	False		False	unknown	no linked paper -- deposit-only study	NO_HOST_DATA	0	
PRJEB72437	False	False		False	N/A	False	N/A	False		False	unknown	no linked paper -- deposit-only study	NO_HOST_DATA	0	mouse gut metagenome
PRJEB73330	False	False		False	N/A	False	N/A	False		False	unknown	no linked paper -- deposit-only study	NO_HOST_DATA	0	mouse gut metagenome
PRJEB73511	True	False		True	horses; human (children)	True	human (children); horses	False		True	human-by-biome-label	Sequenced samples came from urban Italian children (before and after horse interaction) and from horses (skin, oral, and fecal microbiomes)	NO_HOST_DATA	0	horse metagenome; human gut metagenome
PRJEB73709	True	False		True	mouse	True	mouse (model of hypertension)	True	hypertension	False	paper only	[model of hypertension] Sequenced samples came from cecal-colonic tissue of C57BL/6J mice in an angiotensin II-induced hypertension model.	NO_HOST_DATA	0	mouse gut metagenome
PRJEB73981	False	True	Mus musculus	False	N/A	False	N/A	False		False	ENA only	no linked paper -- deposit-only study	UNIFORM	52	Mus musculus; mouse gut metagenome
PRJEB74042	False	False		False	N/A	False	N/A	False		False	unknown	no linked paper -- deposit-only study	NO_HOST_DATA	0	gut metagenome
PRJEB74236	False	False		False	N/A	False	N/A	False		False	unknown	no linked paper -- deposit-only study	NO_HOST_DATA	0	mouse gut metagenome
PRJEB74482	False	True	Mus musculus	False	N/A	False	N/A	False		False	ENA only	no linked paper -- deposit-only study	UNIFORM	779	metagenome; mouse gut metagenome
PRJEB74702	False	True	Mus musculus	False	N/A	False	N/A	False		False	ENA only	no linked paper -- deposit-only study	UNIFORM	24	mouse gut metagenome
PRJEB75763	False	False		False	N/A	False	N/A	False		False	unknown	no linked paper -- deposit-only study	NO_HOST_DATA	0	gut metagenome
PRJEB76409	False	True	Mus musculus	False	N/A	False	N/A	False		False	ENA only	no linked paper -- deposit-only study	UNIFORM_WITH_GAPS	15	metagenome; mouse gut metagenome; synthetic metagenome
PRJEB76898	True	True	Podarcis muralis	True	European hares	True	European hares (Lepus europaeus)	False		False	ENA + paper	Sequenced samples came from the gut microbiota of 45 wild and captive European hares.	DIVERSE	930	Calotriton asper; Podarcis muralis; feces metagenome; indoor metagenome; oral metagenome
PRJEB77081	False	True	Mus musculus	False	N/A	False	N/A	False		False	ENA only	no linked paper -- deposit-only study	UNIFORM_WITH_GAPS	122	
PRJEB77276	False	True	Mus musculus	False	N/A	False	N/A	False		False	ENA only	no linked paper -- deposit-only study	UNIFORM	468	
PRJEB7759	True	False		False		True	human; mouse; koala; guinea pig	False		True	human-by-biome-label	Sequenced samples came from fecal samples of human, mouse, koala, and guinea pig.	NO_HOST_DATA	0	
PRJEB7774	True	False		True	human	True	human	False		True	human-by-biome-label	Sequenced samples came from stool metagenomes of 667 human participants across healthy, adenoma, and carcinoma health statuses.	NO_HOST_DATA	0	human gut metagenome
PRJEB77930	False	False		False	N/A	False	N/A	False		False	unknown	no linked paper -- deposit-only study	NO_HOST_DATA	0	gut metagenome
PRJEB79352	True	True	Gallus gallus	True	broiler	True	broiler	False		False	ENA + paper	Caecal samples were sequenced from broiler chickens across three production cycles.	UNIFORM	240	Gallus gallus
PRJEB79635	True	False		True	great tits and blue tits	True	great tit (Parus major) and Eurasian blue tit (Cyanistes caeruleus)	False		False	paper only	Faecal samples were sequenced directly from wild great tits and blue tits.	NO_HOST_DATA	0	bird metagenome
PRJEB79769	True	True	Felis catus	True	cat	True	cat	False		False	ENA + paper	Metagenomic samples were sequenced from gut microbiota of domestic and feral cats from six geographically diverse locations worldwide.	UNIFORM	96	Felis catus
PRJEB81106	False	False		False	N/A	False	N/A	False		True	human-by-biome-label	no linked paper -- deposit-only study	NO_HOST_DATA	0	human gut metagenome; mouse gut metagenome
PRJEB81356	True	True	Capreolus capreolus	True	roe deer	True	roe deer	False		False	ENA + paper	Faecal samples were collected from 27 hunt-harvested roe deer (Capreolus capreolus) in Western Pomerania and analysed via shotgun metagenomics.	UNIFORM	27	metagenome
PRJEB81553	False	True	Mus musculus;Mus musculus castaneus	False	N/A	False	N/A	False		False	ENA only	no linked paper -- deposit-only study	UNIFORM_WITH_GAPS	217	
PRJEB81554	False	True	Mus musculus	False	N/A	False	N/A	False		False	ENA only	no linked paper -- deposit-only study	UNIFORM	449	metagenome; mouse gut metagenome
PRJEB81709	True	True	Acrocephalus sechellensis	False		True	Seychelles warbler (Acrocephalus sechellensis)	False		False	ENA + paper	Shotgun metagenomic sequencing was performed on gut microbiome samples from a wild population of Seychelles warblers.	UNIFORM	173	Acrocephalus sechellensis
PRJEB81717	True	True	Papio cynocephalus and P. anubis	True	wild baboons	True	wild baboons	False		False	ENA + paper	Fecal samples were collected from 73 wild baboons in the Amboseli ecosystem in Kenya and subjected to shotgun metagenomic sequencing.	UNIFORM	27	gut metagenome
PRJEB81804	False	True	Sus scrofa	False	N/A	False	N/A	False		False	ENA only	no linked paper -- deposit-only study	DIVERSE_AND_SPARSE	417	human gut metagenome; metagenome; pig gut metagenome
PRJEB81807	False	False		False	N/A	False	N/A	False		False	unknown	no linked paper -- deposit-only study	NO_HOST_DATA	0	mouse gut metagenome
PRJEB82776	True	True	Sus scrofa	False		True	vertebrate species (carnivores, omnivores, and avian)	False		False	ENA + paper	Metagenomes were sequenced from fecal samples of 1,197 individuals across 14 vertebrate species including carnivores, omnivores, and birds.	UNIFORM	279	pig metagenome
PRJEB82952	False	False		False	N/A	False	N/A	False		False	unknown	no linked paper -- deposit-only study	NO_HOST_DATA	0	chicken gut metagenome
PRJEB83251	False	True	Mus musculus	False	N/A	False	N/A	False		False	ENA only	no linked paper -- deposit-only study	UNIFORM	26	
PRJEB83610	True	True	Capra	True	goat	True	goat	False		False	ENA + paper	Shotgun metagenomics of gut microbiome from Tanzanian goats in road-exposed and rural settings.	UNIFORM	34	
PRJEB84467	False	False		False	N/A	False	N/A	False		False	unknown	no linked paper -- deposit-only study	NO_HOST_DATA	0	chicken gut metagenome
PRJEB86012	False	False		False	N/A	False	N/A	False		False	unknown	no linked paper -- deposit-only study	NO_HOST_DATA	0	mouse gut metagenome
PRJEB86255	False	True	Gallus gallus	False	N/A	False	N/A	False		False	ENA only	no linked paper -- deposit-only study	UNIFORM	720	gut metagenome
PRJEB86258	False	True	Gallus gallus	False	N/A	False	N/A	False		False	ENA only	no linked paper -- deposit-only study	UNIFORM	2611	gut metagenome
PRJEB86259	False	True	Gallus gallus	False	N/A	False	N/A	False		False	ENA only	no linked paper -- deposit-only study	UNIFORM	100	
PRJEB86260	False	True	Meleagris gallopavo	False	N/A	False	N/A	False		False	ENA only	no linked paper -- deposit-only study	UNIFORM	1418	gut metagenome
PRJEB86261	False	True	Sus scrofa	False	N/A	False	N/A	False		False	ENA only	no linked paper -- deposit-only study	UNIFORM	1128	gut metagenome
PRJEB86262	False	True	Sus scrofa	False	N/A	False	N/A	False		False	ENA only	no linked paper -- deposit-only study	UNIFORM	432	gut metagenome
PRJEB88012	True	False		True	chicken	True	chicken	False		False	paper only	Metagenomics samples were sequenced from the caeca and large intestine of commercial chickens.	NO_HOST_DATA	0	metagenome
PRJEB88111	True	True	Sus scrofa	True	pig	True	pig	False		False	ENA + paper	Metagenomic sequencing was performed directly on faecal samples collected from diarrhoeal and healthy pigs.	UNIFORM	108	Clostridium perfringens; Escherichia coli; Sus scrofa
PRJEB88329	False	True	Mus musculus; mixed DNA library	False	N/A	False	N/A	False		False	ENA only	no linked paper -- deposit-only study	UNIFORM_WITH_GAPS	14	Mus musculus; mixed DNA library; mouse gut metagenome
PRJEB88878	False	True	Mus musculus	False	N/A	False	N/A	False		False	ENA only	no linked paper -- deposit-only study	UNIFORM	83	mouse gut metagenome
PRJEB89232	False	True	Sus scrofa domesticus	False	N/A	False	N/A	False		False	ENA only	no linked paper -- deposit-only study	UNIFORM	28	
PRJEB89408	True	True	Trichosurus vulpecula	True	marsupial	True	marsupial (23 Diprotodontia species)	False		False	ENA + paper	Faecal samples were sequenced from 23 marsupial species; the samples came directly from these animals.	DIVERSE	117	Dactylopsila trivirgata; Dendrolagus lumholtzi; Lasiorhinus latifrons; Macropus giganteus; Notamacropus agilis; Notamacropus parma; Notamacropus rufogriseus; Onychogalea unguifera; Osphranter rufus; Petauroides volans; Petaurus australis; Petaurus gracilis; Petaurus norfolcensis; Phascolarctos cinereus; Pseudocheirus peregrinus; Pseudochirops archeri; Pseudochirulus herbertensis; Thylogale stigmatica; Trichosurus caninus; Trichosurus cunninghami
PRJEB89425	True	False		True	Indri indri	True	Indri indri	False		False	paper only	Fecal samples were collected from 22 Indri indri lemurs (18 newly sequenced) for metagenomic analysis.	NO_HOST_DATA	0	metagenome
PRJEB89830	False	False		False	N/A	False	N/A	False		False	unknown	no linked paper -- deposit-only study	NO_HOST_DATA	0	mouse gut metagenome
PRJEB90218	False	True	Mus musculus	False	N/A	False	N/A	False		False	ENA only	no linked paper -- deposit-only study	UNIFORM	272	
PRJEB90470	True	True	Mus musculus	True	mice	True	mouse (model of insulin resistance)	True	insulin resistance	False	ENA + paper	[model of insulin resistance] Metagenomic and metabolomic sequencing was performed on fecal samples from C57BL/6J male mice fed a high-fat diet to establish an insulin resistance model.	UNIFORM	6	Mus musculus
PRJEB9357	True	True	Felis catus	True	feline	True	kittens	False		False	ENA + paper	Faecal samples from kittens at three timepoints during growth were shotgun sequenced.	UNIFORM	88	Felis catus
PRJEB9403	False	True	Amycolatopsis mediterranei U32; Aplysiopsis enteromorphae; Arum byzantinum; Arum euxinum; Arum jacquemontii; Arum lucanum; Arum palaestinum; Ascidonia miserabilis; Bosellia sp. PJK-2010; Caliphylla mediterranea; Caliphylla viridis; Chungangia sp. CAU 8465; Elysia stylifera; Ercolania boodleae; Ercolania felina; Ercolania fuscata; Ercolania sp. PJK-2010; Euonymus macropterus; Euonymus sachalinensis; Exhippolysmata ensirostris; Hermaea bifida; Hermaea cruciata; Homo sapiens; Influenza A virus (A/Anhui-Baohe/1351/2009(H1N1)); Influenza A virus (A/Anhui-Baohe/1392/2009(H1N1)); Influenza A virus (A/Beijing-Huairou/1264/2009(H1N1)); Influenza A virus (A/Beijing-Xuanwu/141/2009(H1N1)); Influenza A virus (A/Fujian-Cangshan/1120/2009(H1N1)); Influenza A virus (A/Fujian-Gulou/1333/2009(H1N1)); Influenza A virus (A/Fujian-Gulou/1482/2009(H1N1)); Influenza A virus (A/Fujian-Gulou/1896/2009(H1N1)); Influenza A virus (A/Fujian-Shishi/51/2009(H1N1)); Influenza A virus (A/Guangdong-Futian/174/2009(H1N1)); Influenza A virus (A/Guangdong-Jinping/2138/2009(H1N1)); Influenza A virus (A/Guangdong-Maonan/51/2009(H1N1)); Influenza A virus (A/Guangdong-Xuwen/313/2009(H1N1)); Influenza A virus (A/Guangdong-Yuncheng/1193/2009(H1N1)); Influenza A virus (A/Guangdong-Yuncheng/1512/2009(H1N1)); Influenza A virus (A/Guangxi-Qingxiu/1250/2009(H1N1)); Influenza A virus (A/Hebei-Xinshi/117/2009(H1N1)); Influenza A virus (A/Heilongjiang-Daoli/112/2009(H1N1)); Influenza A virus (A/Heilongjiang-Hailin/15/2009(H1N1)); Influenza A virus (A/Heilongjiang-Nangang/1110/2009(H1N1)); Influenza A virus (A/Heilongjiang-Xiangfang/169/2009(H1N1)); Influenza A virus (A/Henan-Jinshui/125/2009(H1N1)); Influenza A virus (A/Henan-Jinshui/51/2009(H1N1)); Influenza A virus (A/Henan-Xigong/18/2009(H1N1)); Influenza A virus (A/Henan-Zhongyuan/111/2009(H1N1)); Influenza A virus (A/Huairou/620/2009(H1N1)); Influenza A virus (A/Hubei-Jiangan/117/2009(H1N1)); Influenza A virus (A/Hubei-Xiangcheng/312/2009(H1N1)); Influenza A virus (A/Hubei-Yidu/314/2009(H1N1)); Influenza A virus (A/Hunan-Beihu/1237/2009(H1N1)); Influenza A virus (A/Hunan-Furong/112/2009(H1N1)); Influenza A virus (A/Hunan-Leiyang/39/2009(H1N1)); Influenza A virus (A/Hunan-Louxing/322/2009(H1N1)); Influenza A virus (A/Hunan-Qiyang/34/2009(H1N1)); Influenza A virus (A/Hunan-Wuling/1120/2009(H1N1)); Influenza A virus (A/Hunan-Yuelu/310/2009(H1N1)); Influenza A virus (A/Hunan-Yuelu/32/2009(H1N1)); Influenza A virus (A/Hunan-Yuelu/37/2009(H1N1)); Influenza A virus (A/Hunan-Yueyanglou/317/2009(H1N1)); Influenza A virus (A/Jiangsu-Gulou/11/2009(H1N1)); Influenza A virus (A/Jiangsu-Gulou/110/2009(H1N1)); Influenza A virus (A/Jiangxi-Yuanzhou/1119/2009(H1N1)); Influenza A virus (A/Jiangxi-Yuanzhou/14/2009(H1N1)); Influenza A virus (A/Jiangxi-Zhanggong/118/2009(H1N1)); Influenza A virus (A/Jilin-Chaoyang/111/2009(H1N1)); Influenza A virus (A/Jilin-Chuanying/121/2009(H1N1)); Influenza A virus (A/Jilin-Chuanying/163/2009(H1N1)); Influenza A virus (A/Lanzhou/121/2009(H1N1)); Influenza A virus (A/Liaoning-Heping/146/2009(H1N1)); Influenza A virus (A/Liaoning-Tiedong/14/2009(H1N1)); Influenza A virus (A/Liaoning-Zhenxing/1117/2009(H1N1)); Influenza A virus (A/Liaoning-Zhenxing/175/2009(H1N1)); Influenza A virus (A/Ningxia-Xingqing/233/2009(H1N1)); Influenza A virus (A/Ningxia-Zhongning/17/2009(H1N1)); Influenza A virus (A/Shandong-HuaiYin/11/2009(H1N1)); Influenza A virus (A/Shandong-HuaiYin/1106/2009(H1N1)); Influenza A virus (A/Shandong-HuaiYin/148/2009(H1N1)); Influenza A virus (A/Shandong-HuaiYin/162/2009(H1N1)); Influenza A virus (A/Shandong-HuaiYin/19/2009(H1N1)); Influenza A virus (A/Shandong-Taishan/126/2009(H1N1)); Influenza A virus (A/Shanghai-Nanhui/1128/2009(H1N1)); Influenza A virus (A/Shanxi-Taigu/118/2009(H1N1)); Influenza A virus (A/Sichuan-Anyue/154/2009(H1N1)); Influenza A virus (A/Sichuan-Longmatan/515/2009(H1N1)); Influenza A virus (A/Sichuan-Wuhou/51/2009(H1N1)); Influenza A virus (A/Tianjin-Jinnan/15/2009(H1N1)); Influenza A virus (A/Xinjiang-Hutubi/11/2009(H1N1)); Influenza A virus (A/Zhejiang-Haishu/1305/2009(H1N1)); Limnospira maxima KMMCC CY-049; Limnospira maxima UTEX LB 2342; Limnospira platensis KMMCC CY-007; Lysmata argentopunctata; Lysmata cf. boggessi JAB-2010; Lysmata cf. intermedia JAB-2010; Lysmata vittata; Merguia oligodon; Merhippolyte ancistrota; Palaemon floridanum; Placida kingstoni; Placida verticillata; Pontonia domestica; Pontonia mexicana; Prunus carduchorum; Prunus fenzliana; Prunus haussknechtii; Prunus korshinskyi; Prunus nairica; Prunus scoparia; Prunus spartioides; Prunus x keredjensis; Pupa nitidula; Salix canariensis; Salmonella enterica subsp. enterica serovar Montevideo str. 30077; Salmonella enterica subsp. enterica serovar Montevideo str. 50079; Salmonella enterica subsp. enterica serovar Montevideo str. 50080; Salmonella enterica subsp. enterica serovar Montevideo str. 50262; Salmonella enterica subsp. enterica serovar Montevideo str. 50270; Salmonella enterica subsp. enterica serovar Montevideo str. ATCC BAA710; Salmonella enterica subsp. enterica serovar Montevideo str. CASC_09SCPH15965; Salmonella enterica subsp. enterica serovar Montevideo str. LQC 10; Salmonella enterica subsp. enterica serovar Montevideo str. NC_MB110209-0054; Salmonella enterica subsp. enterica serovar Montevideo str. OH_2009072675; Salmonella enterica subsp. enterica serovar Montevideo str. SAL0145; Salmonella enterica subsp. enterica serovar Montevideo str. SARB30; Salmonella enterica subsp. enterica serovar Montevideo str. SARB31; Salmonella enterica subsp. enterica serovar Senftenberg str. 316235162; Salmonella enterica subsp. enterica serovar Senftenberg str. 361154004; Salmonella enterica subsp. enterica serovar Senftenberg str. 423984-1; Salmonella enterica subsp. enterica serovar Senftenberg str. 423984-2; Salmonella enterica subsp. enterica serovar Senftenberg str. NC_MB012510-0038; Salmonella enterica subsp. enterica serovar Senftenberg str. WA_14508; Salmonella enterica subsp. enterica serovar Tennessee str. 4083; Salmonella enterica subsp. enterica serovar Tennessee str. 4535; Salmonella enterica subsp. enterica serovar Tennessee str. 54; Taenia arctos; uncultured Breviata; unidentified	False	N/A	False	N/A	False		False	ENA only	no linked paper -- deposit-only study	DIVERSE_AND_SPARSE	787	
PRJEB96078	False	True	Mus musculus	False	N/A	False	N/A	False		False	ENA only	no linked paper -- deposit-only study	UNIFORM	167	metagenome; mouse gut metagenome
PRJEB97391	False	True	mixed DNA library	False	N/A	False	N/A	False		False	ENA only	no linked paper -- deposit-only study	UNIFORM_WITH_GAPS	9	mixed DNA library; mouse gut metagenome
PRJNA1000214	False	True	Wenchang Chicken	False	N/A	False	N/A	False		False	ENA only	no linked paper -- deposit-only study	UNIFORM	16	
PRJNA1002411	False	True	Bos taurus	False	N/A	False	N/A	False		False	ENA only	no linked paper -- deposit-only study	UNIFORM	140	
PRJNA1003305	True	True	Mice	False		True	mouse (model of gut microbiota-brain function interaction)	True	gut microbiota-related brain dysfunction	False	ENA + paper	[model of gut microbiota-related brain dysfunction] Metagenomic analysis was performed on feces from SPF mice, and succinylome analysis on hippocampal proteins from germ-free and SPF mice.	UNIFORM	6	mouse gut metagenome
PRJNA1006089	False	False		False	N/A	False	N/A	False		False	unknown	no linked paper -- deposit-only study	NO_HOST_DATA	0	feces metagenome
PRJNA1006316	True	True	Apis mellifera	True	honey bee	True	Apis mellifera	False		False	ENA + paper	Metagenomic sequencing was performed on gut samples collected from Western honey bees (Apis mellifera) exposed to neonicotinoid insecticides.	UNIFORM	350	bee metagenome
PRJNA1008639	False	True	mouse_1;mouse 1	False	N/A	False	N/A	False		False	ENA only	no linked paper -- deposit-only study	DIVERSE	5	
PRJNA1009258	True	True	Homo sapiens	True	pediatric patients with acute lymphoblastic leukemia	True	pediatric patients with acute lymphoblastic leukemia	False		False	ENA + paper	Metagenomic sequencing was performed on gut samples from pediatric ALL patients undergoing HSCT, collected at three timepoints pre- and post-transplantation.	UNIFORM	61	human gut metagenome
PRJNA1010388	True	True	Mus musculus	True	mice	True	mouse (model of psoriasis-like inflammation)	True	psoriasis-like inflammation	False	ENA + paper	[model of psoriasis-like inflammation] Fecal metagenomic sequencing was performed on imiquimod-treated C57BL/6 mice.	UNIFORM	109	metagenome
PRJNA1010706	True	True	Sus scrofa	True	pig	True	pig	False		False	ENA + paper	Metagenomics samples came from fecal material collected from 210 piglets at an experimental farm across four sampling timepoints.	UNIFORM	419	pig gut metagenome
PRJNA1011201	False	True	Gallus gallus domesticus	False	N/A	False	N/A	False		False	ENA only	no linked paper -- deposit-only study	UNIFORM	6	chicken gut metagenome
PRJNA1011357	False	True	Cyprinus carpio	False	N/A	False	N/A	False		False	ENA only	no linked paper -- deposit-only study	UNIFORM	10	fish gut metagenome
PRJNA1012496	True	False		True	mouse (model of coronary heart disease)	True	mouse (model of coronary heart disease)	True	coronary heart disease	False	paper only	[model of coronary heart disease] Viral metagenomics sequences were obtained from fecal/intestinal samples of mice in a high-fat diet-induced coronary heart disease model with surgical ligation.	NO_HOST_DATA	0	mouse gut metagenome
PRJNA1014131	False	True	Manis javanica	False	N/A	False	N/A	False		False	ENA only	no linked paper -- deposit-only study	DIVERSE	16	feces metagenome
PRJNA1017798	False	True	Ochotona curzoniae	False	N/A	False	N/A	False		False	ENA only	no linked paper -- deposit-only study	UNIFORM	24	feces metagenome
PRJNA1023249	False	True	Capra hircus	False	N/A	False	N/A	False		False	ENA only	no linked paper -- deposit-only study	UNIFORM_WITH_GAPS	2	anaerobic digester metagenome; feces metagenome
PRJNA1023964	False	True	Ictiobus bubalus	False	N/A	False	N/A	False		False	ENA only	no linked paper -- deposit-only study	DIVERSE_AND_SPARSE	22	fish gut metagenome; freshwater metagenome; wastewater metagenome
PRJNA1025260	True	True	Mus musculus	False		True	mouse (model of colorectal cancer)	True	colorectal cancer	False	ENA + paper	[model of colorectal cancer] Metagenomic sequencing was performed on genetically modified Apc-driven mouse models of colorectal cancer with disrupted circadian clocks.	UNIFORM	35	Mus musculus
PRJNA1026073	True	True	Plutella xylostella	True	Plutella xylostella	True	Plutella xylostella	False		False	ENA + paper	The sequenced samples of Enterobacter hormaechei were isolated from the gut of Plutella xylostella (diamondback moth).	UNIFORM	1	Enterobacter sp. JJBC
PRJNA1026631	False	True	Homo sapiens	False	N/A	False	N/A	False		False	ENA only	no linked paper -- deposit-only study	UNIFORM	83	
PRJNA1026909	True	True	Mus musculus	False		True	mouse (model of dietary protein effects on gut microbiota)	True	dietary protein effects on gut microbiota/metabolic health	False	ENA + paper	[model of dietary protein effects on gut microbiota/metabolic health] Metagenomics-metaproteomics sequencing was performed on gut microbiota samples from mice fed seven different dietary protein sources.	UNIFORM	4	mouse gut metagenome
PRJNA1027632	False	True	Gallus gallus subsp domesticus	False	N/A	False	N/A	False		False	ENA only	no linked paper -- deposit-only study	UNIFORM	197	chicken gut metagenome
PRJNA1028770	False	True	mouse	False	N/A	False	N/A	False		False	ENA only	no linked paper -- deposit-only study	UNIFORM	16	feces metagenome
PRJNA1029302	True	True	Kyphosus sydneyanus	True	ruminant	True	ruminant	False		False	ENA + paper	Metagenomic samples were sequenced directly from ruminant gastrointestinal tract (feces and rumen).	UNIFORM	39	fish gut metagenome
PRJNA1030894	False	True	Ochotona curzoniae	False	N/A	False	N/A	False		False	ENA only	no linked paper -- deposit-only study	UNIFORM	100	
PRJNA1030990	True	True	mouse	True	mice	True	mice	False		False	ENA + paper	Metagenomic sequencing was performed on intestinal microbiota samples from mice orally administered folpet.	UNIFORM	28	mouse gut metagenome
PRJNA1031251	True	False		True	Jianghan chicken	True	Jianghan chicken	False		False	paper only	Metagenomic samples were sequenced directly from the gut microbiota of Jianghan chickens, a native chicken breed.	NO_HOST_DATA	0	gut metagenome
PRJNA1031700	True	True	Mus musculus	False		True	mouse (model of colitis)	True	colitis	False	ENA + paper	[model of colitis] Metagenomic sequencing was performed on fecal samples from DSS-induced colitis mice with antibiotic exposure.	UNIFORM	32	mouse gut metagenome
PRJNA1033630	True	True	Apis mellifera	True	honey bee (Apis mellifera)	True	honey bee (Apis mellifera)	False		False	ENA + paper	Metagenomic sequences were directly from gut samples of honey bees collected near and far from crops across Canada.		0	bee metagenome
PRJNA1036300	False	True	mouse	False	N/A	False	N/A	False		False	ENA only	no linked paper -- deposit-only study	UNIFORM	18	
PRJNA1036376	False	True	Gallus gallus	False	N/A	False	N/A	False		False	ENA only	no linked paper -- deposit-only study	UNIFORM	70	chicken gut metagenome
PRJNA1039141	True	True	Sus scrofa	True	free-range pigs	True	pigs	False		False	ENA + paper	Metagenomic sequencing was performed on fecal samples from 120 free-range pigs across four provinces in China.	UNIFORM	120	
PRJNA1039992	False	True	Gallus gallus	False	N/A	False	N/A	False		False	ENA only	no linked paper -- deposit-only study	UNIFORM	120	chicken gut metagenome
PRJNA1040965	True	True	C57/BL6	False		True	mouse (model of colitis)	True	colitis	False	ENA + paper	[model of colitis] Metagenomics samples were sequenced from mice in a DSS-induced colitis model, not from human subjects.	UNIFORM	20	mouse gut metagenome
PRJNA1043846	True	True	Clanis bilineata	True	Clanis bilineata tsingtauica	True	Clanis bilineata tsingtauica	False		False	ENA + paper	Metagenomics sequencing was performed on gut samples from diapause larvae of the soybean hawkmoth Clanis bilineata tsingtauica.	UNIFORM	9	insect metagenome
PRJNA1044797	True	True	Bombus impatiens	True	bumble bee	True	bumble bee (Bombus impatiens and three other wild bumble bee species)	False		False	ENA + paper	Metagenomic sequencing was performed on gut samples from commercial and wild bumble bee colonies of multiple species.	DIVERSE	39	insect metagenome
PRJNA1046219	False	True	feces; freshwater; soil	False	N/A	False	N/A	False		False	ENA only	no linked paper -- deposit-only study	UNIFORM	8	feces metagenome; freshwater metagenome; soil metagenome
PRJNA1047964	False	True	Ovis aries	False	N/A	False	N/A	False		False	ENA only	no linked paper -- deposit-only study	UNIFORM	14	feces metagenome
PRJNA1049198	False	True	Gallus gallus	False	N/A	False	N/A	False		False	ENA only	no linked paper -- deposit-only study	UNIFORM	90	
PRJNA1049576	True	True	Rattus norvegicus	False		True	rat (model of sleep deprivation-induced anxiety)	True	sleep deprivation-induced anxiety	False	ENA + paper	[model of sleep deprivation-induced anxiety] Metagenomic sequencing was conducted on fecal samples from rats subjected to 7 days of sleep deprivation.	UNIFORM	28	rat metagenome
PRJNA1049649	False	True	Harpadon nehereus	False	N/A	False	N/A	False		False	ENA only	no linked paper -- deposit-only study	DIVERSE_AND_SPARSE	3	fish gut metagenome
PRJNA1050241	True	True	Gallus gallus	True	chicken	True	chicken	False		False	ENA + paper	Metagenomic sequencing was performed on cecal samples collected from chickens fed different diets.	UNIFORM	60	chicken gut metagenome
PRJNA1050657	False	True	Chroicocephalus ridibundus	False	N/A	False	N/A	False		False	ENA only	no linked paper -- deposit-only study	UNIFORM_WITH_GAPS	4	feces metagenome; freshwater metagenome
PRJNA1052069	True	True	Mus musculus	False		True	mouse (model of allograft rejection)	True	allograft rejection	False	ENA + paper	[model of allograft rejection] Metagenomic sequencing was performed on gut samples from mice subjected to antibiotic pretreatment and skin allograft transplantation.	UNIFORM	134	mouse gut metagenome
PRJNA1054518	True	True	Mus musculus	True	diversity outbred mice	True	diversity outbred mice	True	aging and caloric restriction effects on gut microbiome	False	ENA + paper	[model of aging and caloric restriction effects on gut microbiome] Metagenomes were sequenced from gut samples of 913 diversity outbred mice studied longitudinally over lifespan and during dietary restriction.	UNIFORM	2997	metagenome; mouse gut metagenome; synthetic metagenome
PRJNA1054761	True	True	Danio rerio	False		True	zebrafish (model of intestinal injury)	True	intestinal injury	False	ENA + paper	[model of intestinal injury] Metagenomic and 16S rRNA sequencing was performed on zebrafish intestinal samples in a model of Polygala tenuifolia-induced intestinal injury.	UNIFORM	30	Plesiomonas shigelloides
PRJNA1055184	False	True	Gallus gallus	False	N/A	False	N/A	False		False	ENA only	no linked paper -- deposit-only study	UNIFORM	133	chicken gut metagenome
PRJNA1055599	False	False		False	N/A	False	N/A	False		False	unknown	no linked paper -- deposit-only study	NO_HOST_DATA	0	
PRJNA1056763	True	True	Bos taurus	False		True	vertebrate	False		False	ENA + paper	Gut metagenomes from 1,197 samples across 14 vertebrate species including carnivores, omnivores, and birds.	UNIFORM	327	bovine gut metagenome
PRJNA1060362	False	False		False	N/A	False	N/A	False		False	unknown	no linked paper -- deposit-only study	NO_HOST_DATA	0	fish gut metagenome
PRJNA1060484	False	False		False	N/A	False	N/A	False		False	unknown	no linked paper -- deposit-only study	NO_HOST_DATA	0	
PRJNA1061085	True	True	Duzang pigs	True	Duzang pig	True	Duzang pig	False		False	ENA + paper	Metagenomic sequencing was performed on cecal contents from Duzang pigs fed with or without Panax notoginseng stems and leaves.	UNIFORM	9	pig metagenome
PRJNA1061804	True	True	Gallus gallus domesticus	True	chicken	True	chicken	False		False	ENA + paper	Shotgun metagenomic sequencing was performed on cecal samples from chickens subjected to various heat stress conditions.	UNIFORM	40	chicken gut metagenome; synthetic metagenome
PRJNA1061805	True	True	Holothuria glaberrima	True	Holothuria glaberrima	True	Holothuria glaberrima	False		False	ENA + paper	Sequenced samples came from the intestinal system of sea cucumbers (Holothuria glaberrima) collected from Puerto Rico.	UNIFORM	3	metagenome
PRJNA1062568	False	False		False	N/A	False	N/A	False		False	unknown	no linked paper -- deposit-only study	NO_HOST_DATA	0	feces metagenome
PRJNA1062915	True	True	Rattus norvegicus	False		True	rat (model of altered gut microenvironment)	True	altered gut microenvironment from 5-HT inhibition	False	ENA + paper	[model of altered gut microenvironment from 5-HT inhibition] Metagenomics was performed on colonic samples directly from neonatal rats treated with LP533401.	UNIFORM	12	rat gut metagenome
PRJNA1063537	False	False		False	N/A	False	N/A	False		False	unknown	no linked paper -- deposit-only study	NO_HOST_DATA	0	fish gut metagenome
PRJNA1063657	True	True	Escherichia coli	True	Larus relictus and Anatidae	True	Larus relictus and Anatidae	False		False	ENA + paper	Metagenomic sequencing was performed on gut samples from wild bird species (Relict gull and Anatidae) inhabiting the Honghaizi Wetland.	UNIFORM	52	
PRJNA1064611	True	True	Serrasalmus rhombeus	True	piranha	True	piranha (Serrasalmus rhombeus)	False		False	ENA + paper	Metagenomes were sequenced directly from piranha gut samples and river water samples from the Rio São Benedito.	UNIFORM_WITH_GAPS	4	fish metagenome; freshwater metagenome
PRJNA1065277	False	True	Homo sapiens	False	N/A	False	N/A	False		False	ENA only	no linked paper -- deposit-only study	UNIFORM	68	feces metagenome
PRJNA1066198	True	True	Bombus impatiens	True	bumblebee queen	True	Bombus impatiens queen	False		False	ENA + paper	Sequenced samples came from commercial Bombus impatiens queens during and after winter diapause.	UNIFORM	49	insect metagenome
PRJNA1067380	True	True	Cotesia vestalis	True	Cotesia vestalis; Diadromus collaris	True	Cotesia vestalis; Diadromus collaris	False		False	ENA + paper	Metagenomic sequencing was performed on gut samples from larval stages of two parasitoid wasps.	UNIFORM	3	insect metagenome
PRJNA1067415	True	True	Cotesia vestalis	True	Cotesia vestalis; Diadromus collaris	True	Cotesia vestalis; Diadromus collaris; Plutella xylostella	False		False	ENA + paper	Metagenomic sequencing of gut microbiota from larvae of two parasitoid wasp species and comparative analysis with their host P. xylostella.	UNIFORM	3	insect metagenome
PRJNA1067830	True	True	Mus musculus	False		True	human	False		False	ENA + paper	Metagenomes sequenced from malnourished Bangladeshi children in a randomized controlled trial; mice used only for downstream mechanistic validation.	DIVERSE	312	Agrobacterium radiobacter; Alicyclobacillus acidiphilus; Bifidobacterium breve; Bifidobacterium catenulatum; Blautia luti; Blautia obeum; Dorea formicigenerans; Dorea longicatena; Enterococcus avium; Escherichia coli; Faecalibacterium prausnitzii; Lactococcus garvieae; Leyella stercorea DSM 18206; Ligilactobacillus ruminis; Mediterraneibacter gnavus; Mediterraneibacter torques; Mitsuokella multacida; Mus musculus; Segatella copri; Streptococcus gallolyticus
PRJNA1067849	False	True	Sus scrofa	False	N/A	False	N/A	False		False	ENA only	no linked paper -- deposit-only study	UNIFORM	54	pig gut metagenome
PRJNA1067975	True	True	Homo sapiens	False		True	human	False		False	ENA + paper	Fecal samples were collected from 104 human inpatients with different CDI-related conditions.	UNIFORM	104	Homo sapiens
PRJNA1069780	True	True	Gallus gallus	True	chicken	True	chicken	False		False	ENA + paper	Metagenomic samples were collected from chicken gut across different intestinal regions (small intestine and large intestine).	UNIFORM	40	
PRJNA1069876	False	False		False	N/A	False	N/A	False		False	unknown	no linked paper -- deposit-only study	NO_HOST_DATA	0	pig gut metagenome
PRJNA1070846	False	True	rats	False	N/A	False	N/A	False		False	ENA only	no linked paper -- deposit-only study	UNIFORM	41	
PRJNA1070856	False	True	Sus scrofa	False	N/A	False	N/A	False		False	ENA only	no linked paper -- deposit-only study	UNIFORM	35	pig gut metagenome
PRJNA1072233	False	False		False	N/A	False	N/A	False		False	unknown	no linked paper -- deposit-only study	NO_HOST_DATA	0	
PRJNA1073587	True	True	Ailuropoda melanoleuca	True	giant panda	True	giant panda	False		False	ENA + paper	Metagenomic samples were collected from the gut of giant pandas (142 samples from captive panda cohorts).	UNIFORM	6	gut metagenome
PRJNA1078419	True	True	Mus musculus	True	mice	True	mice	False		False	ENA + paper	Metagenomic analysis of cecal DNA from 90 inbred mouse strains in the hybrid mouse diversity panel.	UNIFORM	367	mouse gut metagenome
PRJNA1078999	False	True	Homo sapiens	False	N/A	False	N/A	False		False	ENA only	no linked paper -- deposit-only study	UNIFORM	194	feces metagenome; human gut metagenome
PRJNA1082665	True	True	canine	True	companion animal	True	dog; cat; human	False		False	ENA + paper	Sequenced stool metagenomes came from dogs (2272), cats (367), and humans (238 + 112 from baseline cohorts).	DIVERSE	767	gut metagenome
PRJNA1083038	True	True	Cervus elaphus	True	red deer	True	red deer	False		False	ENA + paper	Metagenomic sequencing was performed on faecal samples from wild red deer during winter months to assess gut microbiota changes associated with nutritional status.	UNIFORM	55	wildlife metagenome
PRJNA1084102	True	True	Mus musculus	False		True	mouse (model of colorectal cancer and lung cancer)	True	colorectal cancer and lung cancer	False	ENA + paper	[model of colorectal cancer and lung cancer] Fecal samples from murine tumor models (MC38 colorectal cancer and LLC lung cancer) underwent whole metagenomics sequencing.	UNIFORM	70	gut metagenome
PRJNA1084222	True	True	Mauremys reevesii	True	Mauremys reevesii	True	Mauremys reevesii	False		False	ENA + paper	Intestinal content samples were collected from juvenile three-keeled pond turtles exposed to nitrite stress.	UNIFORM	20	gut metagenome
PRJNA1086397	True	True	Mus musculus	True	mouse (model of acute radiation syndrome)	True	mouse (model of acute radiation syndrome)	True	acute radiation syndrome	False	ENA + paper	[model of acute radiation syndrome] Gut microbiota was directly sequenced from mice exposed to gamma-radiation and treated with ciprofloxacin and/or Neulasta.	UNIFORM	184	gut metagenome
PRJNA1088536	True	True	Bos taurus	True	gestating cow and neonatal calf	True	gestating cow and neonatal calf	False		False	ENA + paper	Fecal samples were collected from gestating cows at enrollment and calving, and from neonatal calves for 16S rRNA and shotgun metagenomic sequencing.	UNIFORM	112	gut metagenome
PRJNA1088789	True	True	Elaphe taeniura	True	four snake species	True	Jerdon's pitviper (Protobothrops jerdonii); Black-browed ratsnake (Elaphe taeniura); Chinese slug-eating snake (Pareas chinensis); Chiwen keelback (Rhabdophis chiwen)	False		False	ENA + paper	Gut microbiota samples were sequenced directly from four wild or captive snake species with different dietary preferences.	DIVERSE	12	Akkermansia sp. CAG 344; Cetobacterium somerae; Citrobacter; Fusobacterium varium; Hungatella hathewayi; Lizard atadenovirus A; Ovine atadenovirus D; Parabacteroides; Romboutsia; Romboutsia weinsteinii; Salmonella enterica
PRJNA1090271	True	False		True	human	True	human	False		True	human-by-biome-label	Sequenced samples came from stool of melioidosis patients and community controls in India.	NO_HOST_DATA	0	human gut metagenome
PRJNA1090561	False	True	Salmo salar	False	N/A	False	N/A	False		False	ENA only	no linked paper -- deposit-only study	UNIFORM_WITH_GAPS	9	fish gut metagenome; freshwater metagenome
PRJNA1091038	True	True	Dama dama	True	European fallow deer	True	European fallow deer	False		False	ENA + paper	The sequenced samples came from intestinal content and fecal samples of European fallow deer exposed to mycotoxins and glyphosate residues.	UNIFORM	15	metagenome
PRJNA1092107	False	True	Bos taurus	False	N/A	False	N/A	False		False	ENA only	no linked paper -- deposit-only study	DIVERSE	10	
PRJNA1092431	True	True	Mus musculus	True	mouse	True	mouse	False		False	ENA + paper	Gut microbiome samples were sequenced from mice fed control or propionic acid-rich diets.	UNIFORM	53	
PRJNA1092791	True	True	Mus musculus	True	mouse (model of colitis)	True	mouse (model of colitis)	True	colitis	False	ENA + paper	[model of colitis] Sequenced samples came from germ-free BALB/c mice colonized with microbiota from four donor species and challenged with DSS.	DIVERSE	41	gut metagenome
PRJNA1095217	False	True	Anas crecca	False	N/A	False	N/A	False		False	ENA only	no linked paper -- deposit-only study	DIVERSE	2	feces metagenome
PRJNA1097789	True	True	Drosophila melanogaster	True	Drosophila melanogaster	True	Drosophila melanogaster	False		False	ENA + paper	Sequenced samples came from the gut of natural populations of Drosophila melanogaster flies.	UNIFORM	4	insect metagenome
PRJNA1098026	True	True	Mus musculus	True	mouse	True	mouse (model of microbiome dysbiosis)	True	microbiome dysbiosis	False	ENA + paper	[model of microbiome dysbiosis] Fecal samples were collected from C57Bl6 mouse offspring for metagenomic whole genome shotgun sequencing to assess microbial composition and diversity.	UNIFORM	21	mouse gut metagenome
PRJNA1099794	True	True	Gallus gallus	True	chicken	True	chicken	False		False	ENA + paper	Metagenomic samples came from chicken gut microbiota collected and analyzed from publicly available databases.	UNIFORM	56	chicken gut metagenome
PRJNA1102166	True	True	Coilia nasus	True	Coilia nasus	True	Coilia nasus	False		False	ENA + paper	Metagenomic and metabolomic analysis was performed on intestinal samples from Coilia nasus fish fed with probiotics added to diet or water.	UNIFORM	1	Coilia nasus
PRJNA1102860	True	True	Equus caballus	True	feral horses	True	feral horses	False		False	ENA + paper	Metagenomic sequencing was performed on 2394 fecal samples collected from 794 individual feral horses on Sable Island, Canada between 2013-2019.	UNIFORM	2778	
PRJNA1108401	False	False		False	N/A	False	N/A	False		False	unknown	no linked paper -- deposit-only study	NO_HOST_DATA	0	fish gut metagenome
PRJNA1108898	True	True	Trimeresurus stejnegeri	True	bamboo pitviper (Viridovipera stejnegeri)	True	bamboo pitviper (Viridovipera stejnegeri)	False		False	ENA + paper	Metagenomic sequenced samples came from fecal samples collected from three wild populations of bamboo pitviper.	UNIFORM	1	snake metagenome
PRJNA1108923	True	True	Trimeresurus stejnegeri	True	Bamboo pitviper (Viridovipera stejnegeri)	True	Bamboo pitviper (Viridovipera stejnegeri)	False		False	ENA + paper	Metagenomic sequencing was performed on fecal samples collected from three wild populations of bamboo pitviper.	UNIFORM	13	snake metagenome
PRJNA1108955	True	True	Lycodon rufozonatus	True	wild snakes	True	wild snakes	False		False	ENA + paper	Fecal metagenomic samples were collected from 73 wild snake individuals representing 23 species from China.	DIVERSE	21	snake metagenome
PRJNA1110045	False	True	Sus scrofa	False	N/A	False	N/A	False		False	ENA only	no linked paper -- deposit-only study	UNIFORM	1	pig gut metagenome
PRJNA1110616	True	True	Larimichthys crocea	True	large yellow croaker	True	large yellow croaker (Larimichthys crocea)	False		False	ENA + paper	Metagenomics, transcriptomics, and metabolomics sequencing was performed on intestinal samples from large yellow croaker to analyze gut microbiota and its relationship with growth performance.	UNIFORM	24	fish gut metagenome
PRJNA1112422	False	True	Sus scrofa domesticus	False	N/A	False	N/A	False		False	ENA only	no linked paper -- deposit-only study	UNIFORM	6	pig gut metagenome
PRJNA1116530	True	True	Bacillota	True	Dezhou donkeys	True	Dezhou donkeys	False		False	ENA + paper	Metagenomic sequencing was performed on cecal samples collected from 15 Dezhou donkeys divided into three feeding treatment groups.	DIVERSE	15	Bacillota; Bacteroidota bacterium; Pseudomonadota
PRJNA1116578	True	True	Mice	True	mouse (model of Alzheimer's disease)	True	mouse (model of Alzheimer's disease)	True	Alzheimer's disease	False	ENA + paper	[model of Alzheimer's disease] Metagenomic sequencing was performed on fecal samples collected longitudinally from AD mice and healthy control mice.	UNIFORM	96	
PRJNA1119029	True	True	Homo sapiens	False		False		False		False	ENA only	Sequenced samples came from a defined gut microbial community (hCom2) in both in vitro culture and in vivo (animal host unspecified in abstract) metagenomic samples.	UNIFORM_WITH_GAPS	118	Acidaminococcus fermentans; Acidaminococcus intestini; Adlercreutzia equolifaciens; Agathobacter rectalis; Akkermansia muciniphila; Alistipes finegoldii; Alistipes indistinctus; Alistipes onderdonkii; Alistipes putredinis; Alistipes shahii; Allocoprococcus comes; Anaerostipes caccae; Anaerotruncus colihominis; Bacteroides caccae; Bacteroides cellulosilyticus; Bacteroides eggerthii; Bacteroides finegoldii; Bacteroides fragilis; Bacteroides intestinalis; Bacteroides ovatus
PRJNA1119043	True	True	Cow	True	donkeys and cows	True	donkeys and cows	False		False	ENA + paper	Metagenomic sequencing data came from samples (swabs and fecal) collected from different segments of the digestive tract of donkeys and cows.	DIVERSE	91	mouse gut metagenome
PRJNA1119051	True	True	Camelus dromedarius	True	dromedary camel	True	dromedary camel	False		False	ENA + paper	Metagenomic shotgun sequencing of 55 dromedary camel gut microbiome samples from the Fathi Camel Microbiome Project.	UNIFORM	55	gut metagenome
PRJNA1119053	True	True	Mus musculus	False		False		False		False	ENA only	Sequenced samples came from hCom2, a defined in vitro gut microbial community, with supplementary in vivo validation in animals.	UNIFORM_WITH_GAPS	15	
PRJNA1121382	True	True	Mesocricetus auratus	True	hamster	True	hamster (model of COVID-19)	True	COVID-19	False	ENA + paper	[model of COVID-19] Shotgun metagenomics was performed on gut samples from young and aged hamsters infected with SARS-CoV-2 to model COVID-19 disease.	UNIFORM	30	gut metagenome
PRJNA1123238	True	True	Canis lupus familiaris	False		True	dog	False		False	ENA + paper	Sequenced samples came from urine collected from seven healthy dogs.	DIVERSE	58	canine metagenome; synthetic metagenome
PRJNA1123460	True	True	Homo sapiens	False		True	human	False		False	ENA + paper	Metagenomics and culturomics sequencing was performed on gut samples from patients with acute pancreatitis and healthy controls.	UNIFORM	24	human gut metagenome
PRJNA1123873	True	True	Enterococcus casseliflavus	True	Fall Armyworm (Spodoptera frugiperda) larvae	True	Fall Armyworm (Spodoptera frugiperda) larvae	False		False	ENA + paper	Metagenomic sequencing was performed on gut samples from Fall Armyworm larvae fed on different host plants (maize, sorghum, tomato, and pepper).	DIVERSE	15	Enterococcus casseliflavus; Enterococcus mundtii
PRJNA1124990	True	True	Apis mellifera	True	honey bee (Apis mellifera)	True	honey bee (Apis mellifera)	False		False	ENA + paper	Metagenomic sequencing samples came from gut microbiomes of honey bees collected near and far from crops across Canada.	UNIFORM	60	bee metagenome
PRJNA1125130	True	True	Equus caballus	True	Warmblood horses	True	Warmblood horses	False		False	ENA + paper	Rectal (faecal) samples were collected from 10 Warmblood horses before and after show jumping competition.	UNIFORM	20	Blautia; Fibrobacteria
PRJNA1127265	True	True	Rattus norvegicus	True	rat	True	rat (Wistar Kyoto strain)	True	chronic stress	False	ENA + paper	[model of chronic stress] Cecal content DNA from individually housed and pair-housed male and female rats was analyzed by shotgun metagenome sequencing.	UNIFORM	48	gut metagenome
PRJNA1130047	True	True	Mus musculus	True	mouse (C57BL/6)	True	mouse (C57BL/6)	False		False	ENA + paper	Metagenomic and 16S rRNA sequencing was performed on fecal samples from C57BL/6 mice that received oral administration of F. prausnitzii strain UT1.	UNIFORM	8	Mus musculus
PRJNA1134918	True	True	Bifidobacterium animalis	False		True	mouse (model of ionizing radiation-induced intestinal injury)	True	ionizing radiation-induced intestinal injury	False	ENA + paper	[model of ionizing radiation-induced intestinal injury] Fecal metagenomic samples were sequenced from mice treated with ionizing radiation under different feeding protocols.	DIVERSE	12	Bifidobacterium animalis; Bifidobacterium pseudolongum
PRJNA1135459	True	True	Mus musculus	True	SD rats	True	SD rats	False		False	ENA + paper	Metagenomic analysis was conducted on gut microbiota samples from SD rats gavaged with genetically modified yeast over a 90-day feeding experiment.	UNIFORM	18	mouse gut metagenome
PRJNA1135945	True	True	Homo sapiens	False		True	mouse (model of acute pancreatitis); human	True	acute pancreatitis	False	ENA + paper	[model of acute pancreatitis] Metagenomic sequencing was performed on germ-free and SPF murine models of acute pancreatitis, and on fecal samples from acute pancreatitis patients.	DIVERSE	157	Mus musculus; human gut metagenome
PRJNA1136229	False	True	Gallus gallus subsp Domesticus	False	N/A	False	N/A	False		False	ENA only	no linked paper -- deposit-only study	UNIFORM	24	chicken gut metagenome
PRJNA1137132	True	True	Mus musculus	True	mouse (model of Alzheimer's disease)	True	mouse (model of Alzheimer's disease)	True	Alzheimer's disease	False	ENA + paper	[model of Alzheimer's disease] Fecal samples from 3xTgAD and wild-type mice were collected and sequenced via shotgun metagenomics.	UNIFORM	36	gut metagenome
PRJNA1138893	True	True	Homo sapiens	False		True	human; mouse (model of colorectal cancer)	False		False	ENA + paper	Metagenomic sequencing came from fecal samples of CRC patients and healthy human controls; mouse model used for downstream mechanistic validation	UNIFORM	46	human gut metagenome
PRJNA1140353	True	True	Apis mellifera bacteriome	True	European honeybees (Apis mellifera L.)	True	Apis mellifera	False		False	ENA + paper	Sequenced samples came from gut microbiomes of adult worker honeybees collected from two sites in La Union, Philippines.	UNIFORM	16	bee metagenome
PRJNA1141391	True	True	Mus musculus	False		True	mouse (model of acute pancreatitis)	True	acute pancreatitis	False	ENA + paper	[model of acute pancreatitis] Metagenomic sequencing was performed on samples from three mouse models of acute pancreatitis constructed for this study.	UNIFORM	24	mouse metagenome
PRJNA1141435	True	True	Perca flavescens	True	yellow perch (Perca flavescens)	True	yellow perch (Perca flavescens)	False		False	ENA + paper	Sequenced samples came from gut content of wild yellow perch living in Minnesota lakes.	UNIFORM	62	fish gut metagenome
PRJNA1141889	True	True	Gallus gallus	True	chicken	True	chicken	False		False	ENA + paper	Metagenomic sequencing was performed on gut microbiota samples collected from chicken populations in different regions of Kazakhstan.	UNIFORM	10	metagenome
PRJNA1144187	True	False		True	wild snakes	True	wild snakes	False		False	paper only	Fecal metagenomic samples were collected from 73 wild snake individuals representing 23 species in China.	NO_HOST_DATA	0	snake metagenome
PRJNA1145617	True	True	Meleagris gallopavo	True	turkey	True	turkey	False		False	ENA + paper	Metagenomic sequencing was performed on caecal samples from 102 turkey flocks in Norwegian turkey production.	UNIFORM	104	gut metagenome
PRJNA1146968	True	True	Moschus berezovskii	True	three sympatric forest-dwelling ungulates	True	Moschus chrysogaster; Capricornis sumatraensis; Cervus albirostris	False		False	ENA + paper	Gut microbiome samples were sequenced from three wild ungulate species inhabiting the eastern Qinghai-Xizang Plateau.	DIVERSE	13	Bacillota; Bacteroides; Pseudomonadota
PRJNA1147314	False	True	Danio rerio	False	N/A	False	N/A	False		False	ENA only	no linked paper -- deposit-only study	UNIFORM	838	
PRJNA1148062	False	True	Porcine	False	N/A	False	N/A	False		False	ENA only	no linked paper -- deposit-only study	UNIFORM	6	pig gut metagenome
PRJNA1148150	True	True	Mus musculus	False		True	mouse	True	antibiotic resistance from western diet	False	ENA + paper	[model of antibiotic resistance from western diet] Metagenomic sequencing was performed on cecal microbiota samples from mice fed western diet versus standard diet.	UNIFORM	34	mouse metagenome
PRJNA1148165	True	True	Homo sapiens	False		True	human; mouse (model of colitis)	False		False	ENA + paper	Metagenomic samples came from IBD patients and healthy human subjects; mouse models were used only for downstream validation of discovered molecules.	UNIFORM	46	
PRJNA1151203	True	True	Semnopithecus schistaceus	True	Himalayan langurs (Semnopithecus schistaceus); Xizang macaques (Macaca mulatta vestita)	True	Himalayan langurs (Semnopithecus schistaceus); Xizang macaques (Macaca mulatta vestita)	False		False	ENA + paper	Gut microbiome samples were collected from wild Himalayan langurs and Xizang macaques across different geographic regions.	DIVERSE	30	feces metagenome
PRJNA1154995	True	False		True	wildlife	True	protected wild animals	False		False	paper only	Metagenomic samples were collected from 10 protected wild animals in the Wolong Nature Reserve using noninvasive sampling methods.	NO_HOST_DATA	0	feces metagenome
PRJNA1157353	True	True	Apis cerana	True	honeybee species	True	honeybee (worker bees from five honeybee species)	False		False	ENA + paper	Shotgun metagenomics was performed on 200 worker bees from five honeybee species.	DIVERSE	200	insect metagenome
PRJNA1157396	True	True	Mus musculus	True	mouse (model of male infertility)	True	mouse (model of male infertility)	True	male infertility	False	ENA + paper	[model of male infertility] Metagenomic sequencing was performed on fecal samples from Ggt1-deficient mice.	UNIFORM	24	feces metagenome
PRJNA1158959	True	True	Sus scrofa vittatus	True	wild boar	True	wild boar	False		False	ENA + paper	Faecal samples were collected from 89 wild boars across four countries and analysed using metagenomic sequencing.	UNIFORM	89	pig gut metagenome
PRJNA1161368	True	True	Bostaurus	True	dairy cattle	True	dairy cows	False		False	ENA + paper	Metagenomic and 16S rRNA sequencing was performed on rumen and fecal samples collected from 91 peripartum dairy cows across six longitudinal time points.	UNIFORM	60	gut metagenome
PRJNA1161616	True	False		False		False		False		False	unknown	Sequenced samples came from mesocosms (water + fecal spike-ins), not from a living host organism.	NO_HOST_DATA	0	freshwater metagenome
PRJNA1163371	True	True	Sus scrofa	False		False		False		False	ENA only	Sequenced samples came from an in vitro bioreactor system (SPIME), not from living animals.	UNIFORM	174	pig gut metagenome
PRJNA1164203	True	True	Macaca fascicularis	True	cynomolgus macaques	True	cynomolgus macaques	False		False	ENA + paper	Sequenced samples came from intestinal content (six different intestinal regions from duodenum to distal colon) of 24 captive-bred cynomolgus macaques.	UNIFORM	161	
PRJNA1165944	True	True	Bos taurus	True	cattle	True	myostatin-knockout cattle	True	myostatin knockout (muscle hypertrophy model)	False	ENA + paper	[model of myostatin knockout (muscle hypertrophy model)] Metagenomic sequencing was performed on rumen samples from myostatin-knockout cattle, making them the host organism for the sequenced samples.	UNIFORM	8	Prevotella sp. CAG:732; Prevotella sp. MSX73
PRJNA1167890	True	True	Lasiorhinus latifrons	True	marsupials	True	marsupials	False		False	ENA + paper	Fecal microbiomes were sequenced from 33 samples of 14 marsupial species.	DIVERSE	36	feces metagenome; gut metagenome
PRJNA1171181	False	True	Siniperca chuatsi	False	N/A	False	N/A	False		False	ENA only	no linked paper -- deposit-only study	UNIFORM	8	fish gut metagenome
PRJNA1171501	True	True	mouse	False		True	mouse (model of psoriasis)	True	psoriasis	False	ENA + paper	[model of psoriasis] Metagenomic sequencing was performed on fecal samples from imiquimod-treated C57BL/6 mice.	UNIFORM	22	mouse gut metagenome
PRJNA1173401	False	True	Gallus gallus	False	N/A	False	N/A	False		False	ENA only	no linked paper -- deposit-only study	UNIFORM	6	chicken gut metagenome
PRJNA1175391	False	True	Micropterus salmoides	False	N/A	False	N/A	False		False	ENA only	no linked paper -- deposit-only study	UNIFORM	12	fish gut metagenome
PRJNA1175865	True	True	Alexandromys fortis	True	wild rodents	True	wild rodents	True	Enterocytozoon bieneusi infection	False	ENA + paper	[model of Enterocytozoon bieneusi infection] Metagenomic samples were sequenced from the gut microbiota of wild rodents naturally or experimentally infected with E. bieneusi.	DIVERSE	128	gut metagenome
PRJNA1180206	True	True	Mus musculus	True	mouse (model of aging)	True	mouse (model of aging)	True	aging	False	ENA + paper	[model of aging] Metagenomes and metabolomes were generated from gut samples of D-galactose-induced aging mice treated with BCAA metabolites.	UNIFORM	30	mouse gut metagenome
PRJNA1182340	True	True	Mus musculus	False		True	mouse (model of asthma)	True	asthma	False	ENA + paper	[model of asthma] Metagenomics sequencing was performed on gut microbiome samples from mice predisposed to asthma by maternal exposure to environmental particles.	UNIFORM	134	metagenome
PRJNA1184324	True	True	mouse	True	mouse (model of post-diet weight regain)	True	mouse (model of post-diet weight regain)	True	post-diet weight regain	False	ENA + paper	[model of post-diet weight regain] Fecal microbiota was sequenced from mice receiving FMT treatment to study weight regain prevention.	UNIFORM	20	feces metagenome
PRJNA1184454	True	True	calves 1	True	calf	True	calf	False		False	ENA + paper	Sequenced samples came from the gut microbiome of diarrhoea calves from multiple farms in Inner Mongolia.	UNIFORM	44	
PRJNA1186832	True	True	mouse	False		True	mouse (model of colonization resistance)	True	colonization resistance	False	ENA + paper	[model of colonization resistance] Metagenomic sequencing was performed on gut samples from mice that were used as a model to study how native gut microbiota affects probiotic colonization.	UNIFORM	112	mouse gut metagenome
PRJNA1187318	True	True	Mus musculus	True	female mice	True	female mice (model of osteoporosis)	True	osteoporosis	False	ENA + paper	[model of osteoporosis] Metagenome sequencing was performed on cecal content from female mice that were either sham or ovariectomized and treated with probiotics.	UNIFORM	40	mouse gut metagenome
PRJNA1187854	True	True	Bostaurus	True	dairy ruminants	True	dairy cows	False		False	ENA + paper	Metagenomic and multi-omics samples were sequenced from the hindgut microbiome of postpartum dairy cows with energy metabolism disorders in a case-control study.	UNIFORM	20	gut metagenome
PRJNA1187897	True	False		True	dairy ruminants	True	dairy cows	False		False	paper only	Metagenomics samples were sequenced from the hindgut microbiome of postpartum dairy cows/ruminants; hepatocyte culture was downstream validation only.	NO_HOST_DATA	0	bovine gut metagenome
PRJNA1190643	True	True	Mus musculus	False		True	mouse (model of gastrointestinal colonization)	True	gastrointestinal colonization	False	ENA + paper	[model of gastrointestinal colonization] Metagenomics sequencing was performed on a murine model of GI colonization with intact microbiota.	UNIFORM	63	mouse metagenome
PRJNA1192041	True	True	rat	True	rat	True	rat (model of painful diabetic neuropathy)	True	painful diabetic neuropathy	False	ENA + paper	[model of painful diabetic neuropathy] Fecal samples were collected from rats with induced type 2 diabetes and painful diabetic neuropathy for metagenomic sequencing.	UNIFORM	15	
PRJNA1193062	False	False		False	N/A	False	N/A	False		False	unknown	no linked paper -- deposit-only study	NO_HOST_DATA	0	feces metagenome; soil metagenome
PRJNA1193782	False	True	Sus scrofa	False	N/A	False	N/A	False		False	ENA only	no linked paper -- deposit-only study	UNIFORM	57	
PRJNA1199800	True	True	Canis lupus familiaris	True	dog	True	dog	False		False	ENA + paper	Fecal samples were collected from 10 dogs with leishmaniosis in Spain, Portugal, and Italy and subjected to shotgun metagenomic sequencing.	UNIFORM_WITH_GAPS	12	feces metagenome
PRJNA1202651	True	True	Mus musculus	False		True	mouse (model of colitis)	True	colitis	False	ENA + paper	[model of colitis] Metagenomic samples were sequenced from the colons of DSS-treated mice colonized with modified E. coli.	UNIFORM	72	Mus musculus
PRJNA1204506	False	True	Gallus gallus	False	N/A	False	N/A	False		False	ENA only	no linked paper -- deposit-only study	UNIFORM_WITH_GAPS	1	chicken gut metagenome
PRJNA1205011	False	True	fish	False	N/A	False	N/A	False		False	ENA only	no linked paper -- deposit-only study	UNIFORM_WITH_GAPS	5	
PRJNA1205074	True	True	Rattus norvegicus	True	rat (model of MASLD)	True	rat (model of MASLD)	True	MASLD	False	ENA + paper	[model of MASLD] Metagenomic and 16S rRNA sequencing was performed on gut microbiota from rats with diet-induced metabolic dysfunction-associated steatotic liver disease.	UNIFORM_WITH_GAPS	9	Rattus norvegicus
PRJNA1206451	True	True	Apis mellifera	True	European honey bee	True	honey bee	False		False	ENA + paper	Metagenomic samples were sequenced from the worker gut microbiome of honey bees (Apis mellifera).	UNIFORM	3	gut metagenome
PRJNA1206727	True	True	Homo sapiens	True	hospitalized patients	True	human	False		False	ENA + paper	Rectal swab samples were collected from hospitalized patients admitted to a university hospital in Brazil.	UNIFORM	8	human gut metagenome
PRJNA1206810	True	False		True	cat	True	cat	False		False	paper only	Shotgun metagenomic sequencing was performed on gut samples from cats during different stages of Toxoplasma gondii oocyst development and excretion.	NO_HOST_DATA	0	feces metagenome
PRJNA1208715	False	True	Sus scrofa	False	N/A	False	N/A	False		False	ENA only	no linked paper -- deposit-only study	UNIFORM	60	pig gut metagenome
PRJNA1209849	True	False		True	SAMP8 mice	True	human	False		True	human-by-biome-label	Metagenomics samples came from fecal samples of seven centenarians; SAMP8 mice were used for downstream mechanism validation only.	NO_HOST_DATA	0	gut metagenome
PRJNA1210771	True	True	Euphausia superba	True	Antarctic krill (Euphausia superba)	True	Antarctic krill (Euphausia superba)	False		False	ENA + paper	Metagenomic samples were sequenced directly from the gut of Antarctic krill specimens.	UNIFORM	22	invertebrate metagenome
PRJNA1211045	True	True	Bulinus sp.	True	freshwater snail	True	freshwater snail	False		False	ENA + paper	Faecal samples were collected from eight gastropod genera at 15 freshwater locations across Malawi, Uganda, Zanzibar and the UK.	DIVERSE	15	feces metagenome
PRJNA1211300	True	True	Homo sapiens	False		True	human	False		False	ENA + paper	Metagenomic samples came from 65 HCC patients; mice were used only for downstream FMT validation experiments.	UNIFORM	17	human gut metagenome; metagenomes
PRJNA1211805	True	True	Sus scrofa	True	pig	True	pig	False		False	ENA + paper	Faecal samples were collected from pigs at four production stages across 18 commercial farms and subjected to shotgun sequencing.	UNIFORM	78	gut metagenome; synthetic metagenome
PRJNA1212753	True	True	Canis lupus familiaris	False		True	vertebrate species (carnivores, omnivores, and avian)	False		False	ENA + paper	Sequenced samples came from gut microbiomes of 14 different vertebrate species including carnivores, omnivores, and birds.	UNIFORM	60	Canis lupus familiaris
PRJNA1214001	True	True	rat	True	rat (model of gastrointestinal dysfunction from simulated weightlessness)	True	rat (model of gastrointestinal dysfunction from simulated weightlessness)	True	gastrointestinal dysfunction from simulated weightlessness	False	ENA + paper	[model of gastrointestinal dysfunction from simulated weightlessness] Metagenomics was performed on gut microbiota samples from tail-suspended Sprague Dawley rats.	UNIFORM	17	metagenome
PRJNA1214037	True	True	Sus scrofa	False		True	pig	False		False	ENA + paper	Sequenced samples came from faeces, colonic contents, and mucosa of pigs challenged with Brachyspira hyodysenteriae.	UNIFORM	144	pig gut metagenome
PRJNA1215014	False	True	Sus	False	N/A	False	N/A	False		False	ENA only	no linked paper -- deposit-only study	UNIFORM	24	
PRJNA1217868	False	True	Sus scrofa	False	N/A	False	N/A	False		False	ENA only	no linked paper -- deposit-only study	UNIFORM	24	pig gut metagenome
PRJNA1218713	True	True	Sus scrofa	False		True	pig	False		False	ENA + paper	Metagenomic sequencing was performed on 102 faecal samples collected from 13 diseased and 13 non-diseased pigs on two farms.	UNIFORM	172	pig gut metagenome
PRJNA1219188	True	True	Sus scrofa domestica	False		True	piglet	False		False	ENA + paper	Fecal shotgun metagenomic samples were collected from piglets on high-copper and control diets in an on-farm study.	UNIFORM	185	gut metagenome
PRJNA1222153	True	False		True	dog	True	dog	False		False	paper only	Metagenomic samples were sequenced from the gut microbiome of healthy dogs across multiple cohorts.	NO_HOST_DATA	0	
PRJNA1224791	False	True	Gallus gallus domesticus	False	N/A	False	N/A	False		False	ENA only	no linked paper -- deposit-only study	UNIFORM	97	chicken gut metagenome
PRJNA1225188	False	True	Homo sapiens	False	N/A	False	N/A	False		False	ENA only	no linked paper -- deposit-only study	UNIFORM_WITH_GAPS	15	feces metagenome
PRJNA1225421	True	True	Homo sapiens	True	human	True	human	False		False	ENA + paper	Metagenomic sequences came from fecal samples of 53 pregnant women and 84 children in Ecuador.	UNIFORM	210	human gut metagenome
PRJNA1226362	True	True	SPF mice BALB/c	True	mouse	True	mouse (model organism - SPF mice)	True		False	ENA + paper	[model organism, disease unnamed] Metagenomic sequencing was conducted on cecal contents from C57BL/6 and BALB/c SPF mice from five Shanghai laboratory animal facilities; these are model organisms used as preclinical models, not modeling a specific disease state.	UNIFORM	30	
PRJNA1227156	False	True	Gallus gallus	False	N/A	False	N/A	False		False	ENA only	no linked paper -- deposit-only study	UNIFORM	26	
PRJNA1227608	True	True	Mazzaella japonica	True	ruminant	True	ruminant	False		False	ENA + paper	Metagenomic samples were sequenced from ruminant gastrointestinal tract microbiomes (rumen and feces), including samples from geographically and taxonomically distinct ruminants.	DIVERSE_AND_SPARSE	47	Bacteroides xylanisolvens; Bacteroides zhangwenhongii; Candidatus Ozemibacteraceae bacterium; metagenome
PRJNA1227753	True	True	mice	True	mouse	True	mouse (model of asthma)	True	asthma	False	ENA + paper	[model of asthma] Metagenomic sequencing was performed on gut samples from ovalbumin-induced asthmatic mice treated with or without Shenling Baizhu Powder.	UNIFORM	9	mouse gut metagenome
PRJNA1228539	True	True	Trachypithecus francoisi	True	limestone forest-dwelling langur	True	François' langur (Trachypithecus francoisi)	False		False	ENA + paper	Sequenced samples came from gut microbiome of François' langurs living in limestone forests across different habitat sites.	UNIFORM	45	gut metagenome
PRJNA1228986	False	True	Gallus gallus	False	N/A	False	N/A	False		False	ENA only	no linked paper -- deposit-only study	UNIFORM	34	chicken gut metagenome
PRJNA1229795	True	True	Mus musculus	False		True	mouse (model of colitis-associated colorectal cancer)	True	colitis-associated colorectal cancer	False	ENA + paper	[model of colitis-associated colorectal cancer] Metagenomic sequencing was performed on fecal samples from AOM/DSS-induced mouse models of colorectal cancer.	UNIFORM	62	gut metagenome
PRJNA1232341	False	True	Sus	False	N/A	False	N/A	False		False	ENA only	no linked paper -- deposit-only study	UNIFORM	32	
PRJNA1232403	True	True	Apis mellifera	True	honey bee	True	honey bee	False		False	ENA + paper	Metagenomic samples were sequenced from the gut microbiota of 49 individual honeybees.	UNIFORM	98	insect gut metagenome
PRJNA1233886	True	True	Holothuria glaberrima	True	Holothuria glaberrima	True	Holothuria glaberrima	False		False	ENA + paper	Sequenced samples came from the intestinal tissue of the brown rock sea cucumber (Holothuria glaberrima).	UNIFORM	4	gut metagenome
PRJNA1234694	True	True	Diaprepres abbreviatus	True	Diaprepes abbreviatus	True	Diaprepes abbreviatus	False		False	ENA + paper	Shotgun metagenomic sequencing was performed on dissected guts from adult male and female D. abbreviatus collected in Puerto Rico.	UNIFORM	9	metagenome
PRJNA1238482	True	True	snake	True	Red Back Pine Root Snake (Oligodon formosanus); Chinese Slug-Eating Snake (Pareas chinensis)	True	Red Back Pine Root Snake (Oligodon formosanus); Chinese Slug-Eating Snake (Pareas chinensis)	False		False	ENA + paper	Fecal samples were sequenced from six Red Back Pine Root Snakes and three Chinese Slug-Eating Snakes.	UNIFORM	9	gut metagenome
PRJNA1242249	True	True	Moschus berezovskii	True	forest musk deer	True	forest musk deer (Moschus berezovskii)	False		False	ENA + paper	Metagenomic sequencing of fecal samples from wild and captive forest musk deer populations in China.	UNIFORM	24	Acidobacteriota bacterium; Acinetobacter sp. ANC 3813; Escherichia coli
PRJNA1243555	True	True	Escherichia coli	True	chicken	True	broiler chicken	False		False	ENA + paper	Fecal samples from broiler chickens were cultured and E. coli isolates were sequenced via whole-genome sequencing.	UNIFORM_WITH_GAPS	13	Escherichia coli
PRJNA1244851	True	False		True	humans; animal models	True	human; ferret (model of cystic fibrosis); mouse (model of cystic fibrosis)	True	cystic fibrosis	False	paper only	[model of cystic fibrosis] Sequenced samples came from stool of children with and without cystic fibrosis, and from ferret and mouse cystic fibrosis models.	NO_HOST_DATA	0	
PRJNA1245063	False	True	Gallus gallus	False	N/A	False	N/A	False		False	ENA only	no linked paper -- deposit-only study	UNIFORM_WITH_GAPS	6	chicken gut metagenome
PRJNA1245445	True	True	Bos taurus	False		True	dairy cattle	False		False	ENA + paper	Metagenomic sequences came from pooled fecal samples collected from lactating dairy cows across hospital, fresh, and mid-lactation pens on 18 dairy farms.	UNIFORM_WITH_GAPS	20	gut metagenome
PRJNA1247471	True	False		True	giant panda (Ailuropoda melanoleuca)	True	giant panda (Ailuropoda melanoleuca)	False		False	paper only	Shotgun metagenomic sequencing was performed on fecal samples from captive adult and geriatric giant pandas.	NO_HOST_DATA	0	
PRJNA1253095	True	True	Nyctalus noctula	True	insectivorous bats	True	Nyctalus noctula; Vespertilio murinus	False		False	ENA + paper	Whole metagenome shotgun sequencing of intestinal samples from two insectivorous bat species at a rehabilitation center in Russia.	DIVERSE	10	bat gut metagenome
PRJNA1254096	True	True	Diptychus maculatus	True	Schizothorax biddulphi; Diptychus maculatus; Triplophysa yarkandensis	True	Schizothorax biddulphi; Diptychus maculatus; Triplophysa yarkandensis	False		False	ENA + paper	Shotgun metagenomics of gut microbiota was performed directly on these three fish species collected from the Kizil River.	DIVERSE	14	
PRJNA1257558	True	True	Pantholops hodgsonii	True	Tibetan antelope (Pantholops hodgsonii)	True	Tibetan antelope (Pantholops hodgsonii)	False		False	ENA + paper	Metagenomic samples were collected from gut tissues of Tibetan antelopes in the field, with and without Blastocystis infection.	UNIFORM	68	gut metagenome
PRJNA1260157	True	True	Mus musculus	True	mice	True	mouse (model of alveolar echinococcosis)	True	alveolar echinococcosis	False	ENA + paper	[model of alveolar echinococcosis] Sequenced samples (16S rRNA, metagenomics) came from fecal material of BALB/c mice with chronic E. multilocularis infection.	UNIFORM	6	mouse gut metagenome
PRJNA1261602	True	False		False		True	mouse (model of experimental autoimmune uveitis)	True	experimental autoimmune uveitis	False	paper only	[model of experimental autoimmune uveitis] Metagenomic sequencing was performed on gut samples from wild-type and PD-L1 knockout C57BL/6J mice with induced EAU.	NO_HOST_DATA	0	
PRJNA1263030	True	True	Ovis aries	True	ruminant	True	sheep	False		False	ENA + paper	Metagenomic samples came from the rumen microbiota of sheep treated with aflatoxin B1 and/or curcumin.	UNIFORM	18	sheep metagenome
PRJNA1264679	True	True	Sus scrofa	True	pig	True	pig	False		False	ENA + paper	Metagenomics samples were sequenced directly from the pig gut in a dietary intervention study comparing casein hydrolysate and intact casein diets.	UNIFORM	16	
PRJNA1264687	True	True	Protaetia brevitarsis	True	Protaetia brevitarsis larvae	True	Protaetia brevitarsis larvae	False		False	ENA + paper	Metagenomic sequencing was performed on hindgut contents samples from third-instar larvae of Protaetia brevitarsis obtained from five farms.	UNIFORM	10	metagenome
PRJNA1268041	False	True	Sus scrofa	False	N/A	False	N/A	False		False	ENA only	no linked paper -- deposit-only study	UNIFORM	16	pig gut metagenome
PRJNA1268758	False	True	Gallus gallus domesticus	False	N/A	False	N/A	False		False	ENA only	no linked paper -- deposit-only study	UNIFORM	24	chicken gut metagenome
PRJNA1269114	False	True	Sus scrofa	False	N/A	False	N/A	False		False	ENA only	no linked paper -- deposit-only study	UNIFORM	13	pig gut metagenome
PRJNA1269239	True	True	Duck	True	Mallards and domesticated Shaoxing ducks	True	Mallards and Shaoxing ducks	False		False	ENA + paper	Metagenomic and metabolomic samples were sequenced from the ileal and cecal microbiota of wild Mallards and domesticated Shaoxing ducks.	UNIFORM	33	gut metagenome
PRJNA1273701	True	True	Sprague-Dawley rats	True	rat	True	rat (model of toxoplasmosis)	True	toxoplasmosis	False	ENA + paper	[model of toxoplasmosis] Metagenomic sequencing was performed on intestinal samples from 18 Sprague-Dawley rats infected with Toxoplasma gondii at different infection stages.	UNIFORM	36	gut metagenome
PRJNA1280790	False	False		False	N/A	False	N/A	False		False	unknown	no linked paper -- deposit-only study	NO_HOST_DATA	0	fish gut metagenome; seawater metagenome; sediment metagenome
PRJNA1282711	False	True	Sus scrofa domesticus	False	N/A	False	N/A	False		False	ENA only	no linked paper -- deposit-only study	UNIFORM	45	pig gut metagenome
PRJNA1283350	True	False		True	Arbor Acres and Taoyuan chickens	True	Arbor Acres and Taoyuan chickens	False		False	paper only	Metagenomic sequencing was performed on gut microbiota samples from two chicken breeds (Arbor Acres and Taoyuan chickens); the in vitro myoblast assays were downstream mechanistic validation, not the source of sequenced samples.	NO_HOST_DATA	0	metagenomes
PRJNA1289129	True	True	Rattus norvegicus	False		True	Wistar rat (male)	True	developmental dysbiosis from cafeteria diet	False	ENA + paper	[model of developmental dysbiosis from cafeteria diet] Metagenomic sequencing was performed on gut samples from 21-day-old male Wistar rats exposed to a cafeteria diet during the developmental period (days 21-56).	UNIFORM	4	rat gut metagenome
PRJNA1293833	True	True	Bos taurus	True	beef calves	True	beef calves	False		False	ENA + paper	Fecal samples were collected from the rectum of 16 indigenous beef calves at 4 months of age for metagenomic sequencing.	UNIFORM	39	metagenome
PRJNA1293880	True	False		True	giant panda	True	giant panda	False		False	paper only	Metagenomic samples were sequenced from the gut microbiome of 142 giant panda individuals.	NO_HOST_DATA	0	
PRJNA1297587	True	True	Diaprepes abbreviatus	True	Diaprepes abbreviatus	True	Diaprepes abbreviatus	False		False	ENA + paper	Shotgun metagenomic sequencing was performed on dissected guts from adult citrus root weevils collected in Puerto Rico.	DIVERSE	16	insect gut metagenome; leaf metagenome
PRJNA1298367	True	True	Homo sapiens	False		True	human	False		False	ENA + paper	Shotgun metagenomic sequencing of stool samples from individuals with paediatric-onset multiple sclerosis and unaffected controls.	DIVERSE	104	human gut metagenome; mouse gut metagenome
PRJNA1298833	True	True	Canis lupus familiaris	True	canine	True	canine	False		False	ENA + paper	Metagenomic sequencing was performed on stool samples from a four-year-old Siberian Husky with chronic enteropathy following parvovirus infection, before and after fecal microbiota transplantation.	UNIFORM	4	
PRJNA1298916	True	True	Mus musculus	False		True	mouse	False		False	ENA + paper	Sequenced samples came from fecal material of gnotobiotic mice colonized with synthetic gut microbial communities.	UNIFORM	27	synthetic metagenome
PRJNA1301039	False	True	Gallus gallus	False	N/A	False	N/A	False		False	ENA only	no linked paper -- deposit-only study	UNIFORM	48	pig gut metagenome
PRJNA1302101	True	True	Phalacrocorax auritus	True	double-crested cormorant (Nannopterum auritum)	True	double-crested cormorant (Nannopterum auritum)	False		False	ENA + paper	Sequenced samples were fecal samples collected from two double-crested cormorants.	UNIFORM	2	gut metagenome
PRJNA1302757	True	False		True	female field cricket Teleogryllus occipitalis	True	female field cricket Teleogryllus occipitalis	False		False	paper only	Whole-genome shotgun metagenomics was performed on gut samples from female crickets reared under two different social conditions.	NO_HOST_DATA	0	gut metagenome
PRJNA1306187	True	False		True	wild mouse	True	deer mouse (Peromyscus maniculatus)	False		False	paper only	Sequenced samples came from gut microbiota of wild-living deer mouse populations sampled across the United States.	NO_HOST_DATA	0	
PRJNA1307965	True	True	Mus musculus	True	Balb/c mouse (model of acute lung injury)	True	Balb/c mouse (model of acute lung injury)	True	acute lung injury	False	ENA + paper	[model of acute lung injury] Metagenomic sequencing of gut microbiota from LPS-induced ALI Balb/c mice treated with triptolide.	UNIFORM	14	metagenome
PRJNA1320715	True	True	Mus musculus	False		True	mouse (model of aging-associated immune remodeling)	True	aging-associated immune remodeling	False	ENA + paper	[model of aging-associated immune remodeling] Fecal samples were collected from RAG1-/- recipient mice transplanted with young or aged donor hematopoietic stem cells and subjected to shotgun metagenomic sequencing.	UNIFORM	66	metagenome
PRJNA1320939	True	False		True	lactating sows	True	lactating sows	False		False	paper only	Shotgun metagenomes were obtained directly from 25 lactating sows exposed to heat stress conditions.	NO_HOST_DATA	0	
PRJNA1332038	False	True	Gallus gallus	False	N/A	False	N/A	False		False	ENA only	no linked paper -- deposit-only study	UNIFORM	1	
PRJNA1332145	False	True	Sus scrofa	False	N/A	False	N/A	False		False	ENA only	no linked paper -- deposit-only study	UNIFORM	112	pig gut metagenome
PRJNA1353630	True	False		True	Tibetan macaque (Macaca thibetana)	True	Tibetan macaque (Macaca thibetana)	False		False	paper only	Metagenomic samples were collected from the gut microbiome of a wild social group of Tibetan macaques in Huangshan.	NO_HOST_DATA	0	
PRJNA1356556	False	True	environment	False	N/A	False	N/A	False		False	ENA only	no linked paper -- deposit-only study	UNIFORM	28	air metagenome; chicken gut metagenome; poultry litter metagenome; soil metagenome
PRJNA1367213	True	True	Ovis aries	True	vertebrate	True	vertebrate	False		False	ENA + paper	Gut metagenomes were sequenced from 14 different vertebrate species including carnivores, omnivores, and birds.	UNIFORM	109	Ovis aries
PRJNA1375668	False	True	Sus scrofa	False	N/A	False	N/A	False		False	ENA only	no linked paper -- deposit-only study	UNIFORM	24	pig gut metagenome
PRJNA1376267	True	False		True	domestic cats	True	domestic cats	False		False	paper only	Gut microbiome and metabolome samples were sequenced from domestic cats that received oral administration of complex probiotics or control diet.	NO_HOST_DATA	0	gut metagenome
PRJNA1377454	True	True	Mus musculus	True	asthmatic mice	True	mouse (model of asthma)	True	asthma	False	ENA + paper	[model of asthma] Fecal samples from OVA-induced asthmatic BALB/c mice were collected for metagenomic sequencing.	UNIFORM	24	feces metagenome
PRJNA1389899	False	True	Gallus gallus	False	N/A	False	N/A	False		False	ENA only	no linked paper -- deposit-only study	UNIFORM	18	chicken gut metagenome
PRJNA1390420	True	True	Mus musculus	False		True	mouse (model of metabolic stress)	True	metabolic stress	False	ENA + paper	[model of metabolic stress] Deep shotgun metagenomic sequencing was performed on gut samples from hydrocortisone-induced murine metabolic stress model.	UNIFORM	15	
PRJNA1391520	True	False		True	pig	True	weaned pig	False		False	paper only	Metagenome sequencing and whole-genome sequencing were performed on fecal samples collected from weaned pigs on day 24 of the dietary treatment experiment.	NO_HOST_DATA	0	pig gut metagenome
PRJNA1393111	True	True	Ictalurus punctatus	True	channel catfish (Ictalurus punctatus)	True	channel catfish (Ictalurus punctatus)	False		False	ENA + paper	Metagenomic sequencing was performed on gut contents collected from oxytetracycline-treated channel catfish at different temperatures.	UNIFORM	25	
PRJNA1399069	True	False		True	freshwater fish	True	freshwater fish	False		False	paper only	Metagenomics samples were sequenced from the gut microbiomes of five dominant farmed freshwater fish species in China with distinct feeding habits.	NO_HOST_DATA	0	
PRJNA1399070	True	True	Manis javanica	True	Malayan pangolins	True	Malayan pangolins	False		False	ENA + paper	Fecal samples were collected from captive male Malayan pangolins for metagenomic and metabolomic analysis.	UNIFORM	13	Manis javanica
PRJNA1400761	False	False		False	N/A	False	N/A	False		False	unknown	no linked paper -- deposit-only study	NO_HOST_DATA	0	
PRJNA1405988	False	True	Sus scrofa	False	N/A	False	N/A	False		False	ENA only	no linked paper -- deposit-only study	UNIFORM	64	pig gut metagenome
PRJNA1415237	True	False		True	elephant	True	elephant	False		False	paper only	Sequenced samples came from elephant gut microbiome; mouse models were used only for downstream validation of isolated bacterium.	NO_HOST_DATA	0	
PRJNA1417531	True	False		False		True	mouse (model of Klebsiella pneumoniae infection)	True	Klebsiella pneumoniae infection	False	paper only	[model of Klebsiella pneumoniae infection] Metagenomics sequenced gut microbiota samples from mice in a murine infection model infected with the attenuated K. pneumoniae mutant strain.	NO_HOST_DATA	0	
PRJNA1428229	True	False		True	pygmy grasshopper (Tetrix japonica)	True	Tetrix japonica	False		False	paper only	Shotgun metagenomic sequencing was performed on gut samples from six populations of Tetrix japonica across diverse ecosystems in China.	NO_HOST_DATA	0	
PRJNA1434035	True	False		True	rat	True	rat	False		False	paper only	Metagenomic samples were sequenced from Sprague-Dawley rat faecal-derived microbial communities in ex vivo anaerobic fermentation.	NO_HOST_DATA	0	
PRJNA1442370	True	False		True	forest musk deer	True	forest musk deer (Moschus berezovskii)	False		False	paper only	Sequenced samples came from fecal material of 75 captive forest musk deer housed at high and low altitude facilities.	NO_HOST_DATA	0	
PRJNA1454930	False	True	Sus scrofa	False	N/A	False	N/A	False		False	ENA only	no linked paper -- deposit-only study	UNIFORM	10	
PRJNA1475489	True	True	Homo sapiens	False		True	human	False		False	ENA + paper	Shotgun metagenomic sequencing was performed on stool samples collected from human adults aged 50-90 years classified as healthy controls or with mild cognitive impairment.	UNIFORM	39	human gut metagenome
PRJNA1477333	True	False		True	broiler	True	broiler chickens	False		False	paper only	Metagenomic sequencing was performed on ileal and caecal digesta samples from 392 broiler chickens in the in vivo feeding study.	NO_HOST_DATA	0	
PRJNA158313	True	True	Rhinopithecus bieti	True	Iberian lynx	True	Iberian lynx (Lynx pardinus)	False		False	ENA + paper	Metagenome sequences were obtained from wild Iberian lynx fecal samples.	DIVERSE	2	Xanthonycticebus pygmaeus; gut metagenome
PRJNA193472	True	True	Macrotermes natalensis	True	termite	True	termite	False		False	ENA + paper	Gut metagenomes were sequenced from nine termite species with distinct diets (fungus-growing and wood-feeding termites).	UNIFORM	3	termite gut metagenome
PRJNA255439	True	True	Homo sapiens	True	human	True	human	False		False	ENA + paper	Shotgun metagenomic sequencing was performed on oropharyngeal microbiome samples from 16 individuals with schizophrenia and 16 controls.	UNIFORM	32	human metagenome
PRJNA255875	False	True	Sus scrofa domesticus	False	N/A	False	N/A	False		False	ENA only	no linked paper -- deposit-only study	UNIFORM	16	pig gut metagenome
PRJNA255936	False	True	Sus scrofa	False	N/A	False	N/A	False		False	ENA only	no linked paper -- deposit-only study	UNIFORM	15	
PRJNA269993	True	True	Cow	True	dairy cow	True	Holstein cow	False		False	ENA + paper	Sequenced samples came from feces of dairy cows (Holstein breed) following ceftiofur treatment and control conditions.	UNIFORM	1	bovine gut metagenome
PRJNA271123	True	False		False		False		False		False	unknown	This is a meta-analysis of 73 published metagenomic datasets from multiple environments; no new samples were sequenced from a single host organism.	NO_HOST_DATA	0	hot springs metagenome
PRJNA271618	True	True	Papio cynocephalus	True	baboon	True	wild baboons	False		False	ENA + paper	Shotgun metagenomic sequencing was performed on fecal samples from wild baboons in their natural population.	UNIFORM	48	
PRJNA273761	True	True	Homo sapiens	True	infant	True	infant	False		False	ENA + paper	Metagenomes were sequenced from fecal samples of 963 infants across six countries.	UNIFORM	60	human gut metagenome
PRJNA278393	True	True	Homo sapiens	False		True	human; mouse; koala; guinea pig	False		False	ENA + paper	Fecal samples were extracted and sequenced from four animal hosts: human, mouse, koala, and guinea pig.	UNIFORM	38	human gut metagenome
PRJNA290380	True	True	Homo sapiens	True	infant	True	infant	False		False	ENA + paper	Metagenomic samples came from fecal material of 963 infants across six countries.	UNIFORM	785	human gut metagenome
PRJNA290684	False	False		False	N/A	False	N/A	False		False	unknown	no linked paper -- deposit-only study	NO_HOST_DATA	0	
PRJNA290729	True	True	Homo sapiens	True	human	True	human	False		False	ENA + paper	Sequenced samples came from human gut metagenomics studies (1246 participants from 17 studies); cell and animal models were used only for downstream mechanistic validation.	UNIFORM	92	human gut metagenome
PRJNA291299	True	True	Hen	True	chicken	True	chicken	False		False	ENA + paper	Metagenomic sequencing was performed on fifty chicken faecal samples from two breeds, plus analysis of 582 publicly available chicken metagenomes.	UNIFORM	4	chicken gut metagenome
PRJNA293625	False	True	globefish	False	N/A	False	N/A	False		False	ENA only	no linked paper -- deposit-only study	UNIFORM	4	
PRJNA293646	False	True	Bos	False	N/A	False	N/A	False		False	ENA only	no linked paper -- deposit-only study	DIVERSE	13	bovine gut metagenome; chicken gut metagenome; pig gut metagenome
PRJNA294605	True	True	Homo sapiens	True	infant	True	infant	False		False	ENA + paper	Metagenomes were sequenced from fecal samples of 963 infants across six countries.	UNIFORM_WITH_GAPS	1	human gut metagenome
PRJNA297579	True	True	Gymnogyps californianus	True	California condor	True	California condor (Gymnogyps californianus)	False		False	ENA + paper	Shotgun metagenomic DNA sequences were analyzed from fecal and cloacal samples of captive California condors.	UNIFORM	31	gut metagenome
PRJNA298736	False	True	Gallus gallus	False	N/A	False	N/A	False		False	ENA only	no linked paper -- deposit-only study	UNIFORM	13	chicken gut metagenome
PRJNA301903	True	True	Homo sapiens	True	infant	True	infant	False		False	ENA + paper	Metagenomes were sequenced from fecal samples of 963 infants across six countries.	UNIFORM	422	human gut metagenome
PRJNA311136	False	True	Pristis pectinata	False	N/A	False	N/A	False		False	ENA only	no linked paper -- deposit-only study	UNIFORM	1	fish gut metagenome
PRJNA312048	False	True	Sus scrofa	False	N/A	False	N/A	False		False	ENA only	no linked paper -- deposit-only study	UNIFORM	6	pig gut metagenome
PRJNA312222	True	True	Homo sapiens	True	human	True	human	False		False	ENA + paper	Metagenomic sequencing was performed on stool samples from human subjects.	UNIFORM	4	human gut metagenome
PRJNA313232	True	True	Homo sapiens	True	homeothermic animals	True	human; mouse; koala; guinea pig	False		False	ENA + paper	Sequenced samples came from fecal samples of four different animal hosts: human, mouse, koala, and guinea pig.	DIVERSE	14	Bacteroidales bacterium GP1; Bacteroidales bacterium GP2; Bacteroidales bacterium GP3; Bacteroidales bacterium GP4; Bacteroidales bacterium H1; Bacteroidales bacterium H10; Bacteroidales bacterium H2; Bacteroidales bacterium H3; Bacteroidales bacterium H4; Bacteroidales bacterium H5; Bacteroidales bacterium H6; Bacteroidales bacterium H7; Bacteroidales bacterium H8; Bacteroidales bacterium H9
PRJNA316560	True	True	Anser indicus	False		True	180 predominantly wild animal species representing 5 classes	False		False	ENA + paper	Metagenomes were sequenced from the gut samples of 180 wild animal species across 5 vertebrate classes (mammals, birds, reptiles, amphibians, and fish).	UNIFORM	2	gut metagenome
PRJNA316570	True	True	Anser indicus	False		True	180 predominantly wild animal species representing 5 classes	False		False	ENA + paper	Sequenced samples came from gut metagenomes of 180 wild animal species across mammals, birds, reptiles, amphibians, and fish.	UNIFORM	2	gut metagenome
PRJNA321058	True	True	Homo sapiens	True	inflammatory bowel disease patients	True	inflammatory bowel disease patients and healthy subjects	False		False	ENA + paper	Metagenomic samples came from IBD patients and matched healthy controls; mice were used only for downstream functional validation.	UNIFORM	53	human gut metagenome
PRJNA327106	True	True	Homo sapiens	True	infant	True	infant	False		False	ENA + paper	Metagenomes were sequenced from fecal samples of 963 infants across six countries.	UNIFORM	45	human gut metagenome; human oral metagenome; human skin metagenome
PRJNA338370	False	True	broiler chickens	False	N/A	False	N/A	False		False	ENA only	no linked paper -- deposit-only study	UNIFORM	10	chicken gut metagenome
PRJNA339914	True	True	Homo sapiens	True	infant	True	infant	False		False	ENA + paper	Metagenomes were sequenced from fecal samples of 963 infants across six countries.	UNIFORM	28	
PRJNA340521	True	False		True	marsupials	True	marsupial	False		False	paper only	Fecal samples were collected from 14 marsupial species (predominantly captive animals) for metagenomic sequencing.	NO_HOST_DATA	0	gut metagenome
PRJNA340908	False	True	Gallus gallus	False	N/A	False	N/A	False		False	ENA only	no linked paper -- deposit-only study	UNIFORM	29	chicken gut metagenome
PRJNA347599	False	True	Gallus gallus	False	N/A	False	N/A	False		False	ENA only	no linked paper -- deposit-only study	UNIFORM	12	
PRJNA352475	True	True	Homo sapiens	True	infant	True	infant	False		False	ENA + paper	Metagenomes were sequenced from fecal samples of 963 infants across six countries.	UNIFORM	230	human gut metagenome; human metagenome
PRJNA354235	True	True	Homo sapiens	True	inflammatory bowel disease patients	True	inflammatory bowel disease patients and healthy subjects	False		False	ENA + paper	Metagenomic samples were sequenced from gut microbiota of IBD patients and matched healthy subjects; mouse models were only used for downstream validation of discovered molecules.	UNIFORM	1307	
PRJNA356225	True	True	Homo sapiens	False		True	human; mouse (model of experimental autoimmune uveitis)	True	experimental autoimmune uveitis	False	ENA + paper	[model of experimental autoimmune uveitis] Metagenomic samples came from human fecal and saliva; mice received fecal transplants in downstream validation experiment only.	UNIFORM	150	
PRJNA356809	True	True	Lynx lynx	True	giant panda (Ailuropoda melanoleuca)	True	giant panda (wild and captive)	False		False	ENA + paper	Fecal samples were sequenced from wild and captive giant pandas using 16S rRNA and shotgun metagenomics.	DIVERSE	77	gut metagenome
PRJNA358755	True	True	Panda	True	giant panda	True	giant panda	False		False	ENA + paper	Fecal samples were sequenced from wild and captive giant pandas using 16S rRNA and shotgun metagenomics.	DIVERSE	207	gut metagenome
PRJNA361402	True	True	Homo sapiens	False		True	human; mouse (model of type 2 diabetes)	True	type 2 diabetes	False	ENA + paper	[model of type 2 diabetes] Sequenced samples came from 1,000 human gut samples across 5 countries (primary host) and a murine experimental model (secondary model organism); mice were used to confirm metformin's impact on gut fungi.	UNIFORM	2	human gut metagenome; human metagenome
PRJNA371649	False	True	Sus scrofa	False	N/A	False	N/A	False		False	ENA only	no linked paper -- deposit-only study	UNIFORM	1	
PRJNA373834	False	True	Sus scrofa	False	N/A	False	N/A	False		False	ENA only	no linked paper -- deposit-only study	UNIFORM	22	pig gut metagenome
PRJNA374522	False	False		False	N/A	False	N/A	False		False	unknown	no linked paper -- deposit-only study	NO_HOST_DATA	0	fish gut metagenome
PRJNA375762	True	True	Gallus gallus	True	chicken	True	chicken	False		False	ENA + paper	Metagenomic sequencing was performed on chicken faecal samples from two breeds.	UNIFORM	12	chicken gut metagenome
PRJNA376566	True	True	Homo sapiens	True	infant	True	infant	False		False	ENA + paper	Metagenomes were sequenced from fecal samples of 963 infants across six countries.	DIVERSE_AND_SPARSE	2	
PRJNA376580	True	False		True	infant	True	infant	False		True	human-by-biome-label	Metagenomes were sequenced from fecal samples of 963 infants across six countries.	NO_HOST_DATA	0	indoor metagenome
PRJNA379709	True	True	Mus musculus	False		True	mouse (model of colon cancer)	True	colon cancer	False	ENA + paper	[model of colon cancer] Metagenomic sequencing was performed on gut microbiota samples from 40 genetically engineered mice (Smad3 knockout).	UNIFORM	8	mouse gut metagenome
PRJNA381379	True	True	Strigops habroptila	True	kakapo	True	kakapo	False		False	ENA + paper	Faecal samples were collected from kakapo (critically endangered parrot) for 16S rRNA gene and metagenomic sequencing.	UNIFORM	3	Escherichia fergusonii; Streptococcus gallolyticus; gut metagenome
PRJNA383926	False	True	broiler	False	N/A	False	N/A	False		False	ENA only	no linked paper -- deposit-only study	UNIFORM	6	
PRJNA384716	True	True	Homo sapiens	True	infant	True	infant	False		False	ENA + paper	Metagenomic sequencing was performed on fecal samples from 963 infants across six countries.	UNIFORM	96	human metagenome
PRJNA385134	True	True	Mus musculus	True	mouse	True	mouse	True	antibiotic-induced dysbiosis	False	ENA + paper	[model of antibiotic-induced dysbiosis] Metagenomic sequencing was performed on fecal samples from mice following antibiotic treatment and viral transfer.	UNIFORM	26	viral metagenome
PRJNA385949	True	False		True	human	True	human	False		True	human-by-biome-label	Metagenomic samples were sequenced from gut microbiome of IBD patients and healthy controls; mice were used only for downstream functional validation.	NO_HOST_DATA	0	human gut metagenome
PRJNA389280	True	True	Homo sapiens	True	human	True	human	False		False	ENA + paper	Metagenomic samples were sequenced from inflammatory bowel disease patients and healthy matched subjects; mouse models were only used for downstream functional validation.	UNIFORM	378	human gut metagenome
PRJNA389470	True	True	Mus musculus	True	mice	True	C57BL/6J mice	True	antibiotic- and chemotherapy-induced dysbiosis	False	ENA + paper	[model of antibiotic- and chemotherapy-induced dysbiosis] Fecal samples from treated C57BL/6J mice were directly sequenced via shotgun metagenomics.	UNIFORM	113	mouse gut metagenome
PRJNA389749	False	True	Sus scrofa	False	N/A	False	N/A	False		False	ENA only	no linked paper -- deposit-only study	UNIFORM	8	pig gut metagenome
PRJNA389927	True	True	Homo sapiens	True	human	True	human	False		False	ENA + paper	Sequenced samples came from stool metagenomes of 667 human participants with different health statuses (healthy, adenoma, and carcinoma).	UNIFORM	181	gut metagenome
PRJNA397041	False	True	Gallus gallus	False	N/A	False	N/A	False		False	ENA only	no linked paper -- deposit-only study	UNIFORM	18	
PRJNA397112	True	True	Homo sapiens	True	human	True	human	False		False	ENA + paper	Sequenced samples came from fecal material of 110 healthy Indian individuals from two distinct geographic locations (North-Central and Southern India).	UNIFORM	110	human gut metagenome
PRJNA397886	True	True	Mus musculus	True	laboratory mouse	True	laboratory mouse	False		False	ENA + paper	Sequenced samples came from stool of three laboratory mice.	UNIFORM	52	mouse gut metagenome
PRJNA398089	True	True	Homo sapiens	True	human	True	human	False		False	ENA + paper	Metagenomic samples were sequenced from IBD patients and matched healthy human subjects; mice were used only for downstream mechanistic validation.	UNIFORM	2979	human gut metagenome; viral metagenome
PRJNA399458	True	True	Indri indri	True	Indri indri	True	Indri indri	False		False	ENA + paper	Sequenced samples were fecal microbiome samples from wild Indri indri lemurs (22 samples total, 18 newly sequenced).	UNIFORM	1	Indri indri
PRJNA400072	True	True	Homo sapiens	False		True	human; coral; mouse; human	False		False	ENA + paper	Sequenced samples came from human gut microbiome (primary focus), coral-associated microbiomes, murine gut microbiomes, and human vaginal microbiomes used for validation of a predictive metabolomic framework.	UNIFORM	220	human gut metagenome
PRJNA400119	False	True	Sus scrofa	False	N/A	False	N/A	False		False	ENA only	no linked paper -- deposit-only study	UNIFORM	8	
PRJNA401977	True	False		False		True	human	False		True	human-by-biome-label	Metagenomic sequencing samples came from human GDM patients and controls from the SRA database; mice were used only for downstream validation.	NO_HOST_DATA	0	human gut metagenome
PRJNA407583	True	False		True	giant panda (Ailuropoda melanoleuca)	True	giant panda (Ailuropoda melanoleuca)	False		False	paper only	Metagenomic sequencing was performed on fecal samples from giant pandas.	NO_HOST_DATA	0	gut metagenome
PRJNA408020	True	True	avian	True	chicken	True	chicken	False		False	ENA + paper	Sequenced samples came from chicken gut microbiomes integrated from 799 public samples across ten countries.	UNIFORM	130	bird metagenome
PRJNA415003	True	True	Desmodus rotundus	True	common vampire bat	True	common vampire bat (Desmodus rotundus)	False		False	ENA + paper	Metagenomic samples were sequenced from the common vampire bat (Desmodus rotundus) to study hologenomic adaptations to blood-feeding.	DIVERSE	50	bat metagenome
PRJNA415307	True	True	Mus musculus	False		True	mouse (model of Clostridium difficile infection)	True	Clostridium difficile infection	False	ENA + paper	[model of Clostridium difficile infection] Metagenome and metatranscriptome samples were sequenced from cecal microbiomes of mice infected with C. difficile following different antibiotic pretreatments.	UNIFORM	9	mouse gut metagenome
PRJNA416199	False	True	mudskipper1	False	N/A	False	N/A	False		False	ENA only	no linked paper -- deposit-only study	UNIFORM	12	fish gut metagenome
PRJNA417359	True	True	Gallus gallus	True	chicken	True	chicken	False		False	ENA + paper	Metagenomic sequencing was performed on chicken faecal samples from two breeds.	UNIFORM	495	chicken gut metagenome
PRJNA419985	True	True	Rat	True	rat	False		False		False	ENA + paper	Metagenomics samples sequenced from rat colonic microbiota to identify bacteria producing saturated long-chain fatty acids associated with enhanced colonic motility.	UNIFORM	16	rat gut metagenome
PRJNA422434	True	False		False		True	human	False		True	human-by-biome-label	Sequenced samples came from 1,000 human subjects across 5 countries; mice were used only for downstream validation of metformin effects.	NO_HOST_DATA	0	
PRJNA430956	True	True	Papio kindae	True	baboon	True	baboon	False		False	ENA + paper	Metagenomic sequencing was performed on fecal samples from wild and captive baboon populations.	DIVERSE	8	gut metagenome
PRJNA431482	True	True	Homo sapiens	False		True	human	False		False	ENA + paper	Metagenomic samples came from fecal material of BD patients and healthy controls; mice were used only for downstream FMT validation, not as the host for sequencing.	UNIFORM	76	human gut metagenome
PRJNA433811	False	True	Salmo salar	False	N/A	False	N/A	False		False	ENA only	no linked paper -- deposit-only study	UNIFORM	4	
PRJNA434147	False	True	Hypomesus transpacificus	False	N/A	False	N/A	False		False	ENA only	no linked paper -- deposit-only study	UNIFORM	5	
PRJNA435487	False	True	Gallus gallus	False	N/A	False	N/A	False		False	ENA only	no linked paper -- deposit-only study	UNIFORM	10	chicken gut metagenome
PRJNA436633	True	True	Rhinopithecus roxellana	True	golden snub-nosed monkey	True	golden snub-nosed monkey (Rhinopithecus roxellana)	False		False	ENA + paper	Metagenomic and metabolomic samples were sequenced from fecal/gut samples of endangered golden snub-nosed monkeys under three conservation scenarios: natural wild, food provisioning, and captivity.	UNIFORM	40	gut metagenome
PRJNA447857	False	True	Fish	False	N/A	False	N/A	False		False	ENA only	no linked paper -- deposit-only study	UNIFORM_WITH_GAPS	3	
PRJNA453374	True	True	Bos taurus	True	feedlot cattle	True	cattle	False		False	ENA + paper	Fecal samples were collected from feedlot steers and sequenced for microbiome and resistome analysis.	UNIFORM	28	metagenome
PRJNA471402	False	True	Sus scrofa domesticus	False	N/A	False	N/A	False		False	ENA only	no linked paper -- deposit-only study	UNIFORM	39	
PRJNA473126	True	True	Homo sapiens	True	infant	True	infant	False		False	ENA + paper	Metagenomic samples were collected from fecal/gut specimens of 963 infants across six countries.	UNIFORM	402	
PRJNA473429	True	True	Mus	True	mouse	True	mouse	False		False	ENA + paper	Sequenced samples were fecal material from mice; this is a methods paper comparing proteomics workflows, not a disease model study.	UNIFORM	48	mouse gut metagenome
PRJNA475246	True	True	Homo sapiens	True	infant	True	infant	False		False	ENA + paper	Metagenomes were sequenced from fecal samples of 963 infants across six countries.	UNIFORM	286	Homo sapiens
PRJNA475948	True	True	Cortaritermes fulviceps	True	termite	True	Cortaritermes fulviceps; Nasutitermes aquilinus	False		False	ENA + paper	Metagenomic sequencing was performed on gut samples from two termite species.	DIVERSE	2	insect gut metagenome
PRJNA478457	True	True	mouse	True	mouse	True	mouse (model of E. coli infection)	True	E. coli infection	False	ENA + paper	[model of E. coli infection] Metagenomic sequencing was performed on gut samples from Balb/c mice infected with E. coli and treated with antibiotics.	UNIFORM	49	gut metagenome
PRJNA479518	True	True	vulture	True	vulture	True	black vulture (Coragyps atratus); turkey vulture (Cathartes aura)	False		False	ENA + paper	Shotgun DNA sequencing was performed on facial skin and large intestine microbiome samples from black vultures and turkey vultures.	UNIFORM	80	bird metagenome
PRJNA482836	False	True	Piaractus mesopotamicus	False	N/A	False	N/A	False		False	ENA only	no linked paper -- deposit-only study	UNIFORM	29	fish gut metagenome
PRJNA486795	True	True	Homo sapiens	False		True	human	False		False	ENA + paper	Sequenced samples came from 1,000 human gut samples across 5 countries; mice were used only for downstream validation of metformin effects.	UNIFORM	44	human gut metagenome
PRJNA488302	False	True	Sus scrofa	False	N/A	False	N/A	False		False	ENA only	no linked paper -- deposit-only study	UNIFORM	130	
PRJNA489090	True	True	Homo sapiens	True	infant	True	infant	False		False	ENA + paper	Metagenomic samples were sequenced from fecal material of 963 infants across six countries.	UNIFORM	429	human gut metagenome
PRJNA491335	True	True	Homo sapiens	True	hominids	True	human; chimpanzee; bonobo; gorilla	False		False	ENA + paper	Sequenced fecal microbiome samples from diverse human populations, wild-living chimpanzees, bonobos, and gorillas.	UNIFORM	208	feces metagenome
PRJNA491522	True	True	Mus musculus	False		True	mouse (model of pathogenic infection)	True	Salmonella enterica serovar Typhimurium and Candida albicans infection	False	ENA + paper	[model of Salmonella enterica serovar Typhimurium and Candida albicans infection] Metagenomics was performed on gnotobiotic mice infected with pathogens or colonized with synthetic human microbiota.	UNIFORM	44	human gut metagenome
PRJNA492361	False	True	Pristis pectinata	False	N/A	False	N/A	False		False	ENA only	no linked paper -- deposit-only study	UNIFORM	1	fish gut metagenome
PRJNA493817	False	False		False	N/A	False	N/A	False		False	unknown	no linked paper -- deposit-only study	NO_HOST_DATA	0	feces metagenome
PRJNA494387	False	True	Bos javanicus	False	N/A	False	N/A	False		False	ENA only	no linked paper -- deposit-only study	DIVERSE	3	
PRJNA494824	True	True	Homo sapiens	False		True	human; mouse (model of lung cancer)	True	lung cancer	False	ENA + paper	[model of lung cancer] Metagenomic sequencing was performed on human gut samples from cancer patients; mice were used only for downstream validation of mechanism.	UNIFORM	71	metagenome
PRJNA494875	True	True	Sus scrofa	True	weanling piglet	True	weanling piglet	False		False	ENA + paper	Metagenomic and culture-based sequencing samples were obtained from the gastrointestinal tract of weanling piglets.	UNIFORM	67	gut metagenome
PRJNA496479	True	True	Homo sapiens	True	child	True	child	False		False	ENA + paper	Metagenomic samples were collected from the gut of early school-aged children in a cross-sectional cohort study examining correlations between microbiome composition, psychosocial environment, and behavior.	UNIFORM	40	gut metagenome
PRJNA506751	False	False		False	N/A	False	N/A	False		False	unknown	no linked paper -- deposit-only study	NO_HOST_DATA	0	fish gut metagenome
PRJNA509211	True	True	Cryptotermes secundus	True	lower termite species	True	termite species	False		False	ENA + paper	Metagenomic shotgun sequencing was performed on samples from 29 replicate colonies of five termite species.	DIVERSE	28	termite gut metagenome
PRJNA515074	True	True	Mus musculus	True	mouse	True	mouse	False		False	ENA + paper	Metagenomic and metatranscriptomic samples were sequenced from the murine (mouse) gut microbiome directly.	UNIFORM	24	
PRJNA518164	True	True	Apostichopus japonicus	True	Apostichopus japonicus	True	Apostichopus japonicus	False		False	ENA + paper	Metagenomic samples were sequenced from the regenerating intestine tissue of the sea cucumber Apostichopus japonicus.	UNIFORM	4	Candidatus Entotheonella; Carlavirus; Cycloclasticus; Tamlana
PRJNA524980	False	True	Sus scrofa	False	N/A	False	N/A	False		False	ENA only	no linked paper -- deposit-only study	UNIFORM	9	pig gut metagenome
PRJNA526405	True	True	Porcine	True	piglet	True	piglet; sow	False		False	ENA + paper	Metagenomic sequencing was performed on faecal samples from 126 piglets and 42 sows post-weaning.	UNIFORM	877	metagenome; pig gut metagenome; synthetic metagenome
PRJNA527177	True	True	Human intestine	True	human	True	human	False		False	ENA + paper	The sequenced samples came from a mid-15th century palaeo-faecal specimen of a Bantu-speaking individual from South Africa.	DIVERSE	5	
PRJNA528960	False	True	Homo sapiens	False	N/A	False	N/A	False		False	ENA only	no linked paper -- deposit-only study	UNIFORM	133	feces metagenome
PRJNA529943	True	True	yak02	True	yak	True	yak	False		False	ENA + paper	Fecal samples were collected from wild, half-blood, and domestic yaks for 16S rDNA and shotgun-metagenomic sequencing.	DIVERSE	9	gut metagenome
PRJNA531273	True	True	Homo sapiens	True	human	True	human	False		False	ENA + paper	Metagenomic sequencing was performed on fecal samples from 30 colorectal cancer patients and 30 healthy controls from India.	UNIFORM	30	human gut metagenome
PRJNA532626	True	True	Diceros bicornis	True	black rhinoceros	True	black rhinoceros	False		False	ENA + paper	Metagenomic shotgun sequencing was performed on gut samples collected from both wild and captive black rhinoceros individuals.	UNIFORM	25	
PRJNA541820	True	True	C57BL/6	True	mouse (model of colitis)	True	mouse (model of colitis)	True	colitis	False	ENA + paper	[model of colitis] Shotgun metagenomic sequencing was performed on gut samples from Ap1m2-/- knockout mice with chronic colitis.	UNIFORM	8	mouse gut metagenome
PRJNA542645	True	True	Mus musculus	False		True	mouse	False		False	ENA + paper	Sequenced samples came from mice gut microbiota via meta3C libraries.	UNIFORM	1	metagenome
PRJNA542998	True	True	mice	True	mice	True	mouse (model of environmental exposure effects on gut microbiota development)	True	environmental exposure effects on gut microbiota development	False	ENA + paper	[model of environmental exposure effects on gut microbiota development] Metagenomic shotgun sequencing was performed on fecal samples from germ-free mice exposed to different soil-microbiota beddings during early life stages.	UNIFORM	201	feces metagenome
PRJNA543206	True	True	Gallus gallus	True	chicken	True	chicken	False		False	ENA + paper	Metagenomic sequencing was performed on fifty chicken faecal samples from two breeds, plus analysis of 582 publicly available chicken metagenomes.	UNIFORM	50	chicken gut metagenome
PRJNA543906	True	True	Homo sapiens	True	Tibetan antelope	True	Tibetan antelope	False		False	ENA + paper	Metagenome-assembled genomes were sequenced from fecal samples of 68 Tibetan antelopes (Pantholops hodgsonii) collected in the laboratory.	UNIFORM	27	gut metagenome
PRJNA544874	True	True	Mus musculus	True	wild-type mice	True	wild-type mice	True	acute graft-versus-host disease	False	ENA + paper	[model of acute graft-versus-host disease] Fecal samples were collected from wild-type mice pre- and post-cohousing and post-transplant for metagenomic sequencing.	UNIFORM	129	
PRJNA549182	True	True	Mus musculus	True	mouse	True	mouse (model of antibiotic-induced microbiome perturbation)	True	antibiotic-induced microbiome perturbation	False	ENA + paper	[model of antibiotic-induced microbiome perturbation] Metagenomic and metatranscriptomic sequencing was performed on samples from the murine gut microbiome following antibiotic treatment.	UNIFORM	48	mouse gut metagenome
PRJNA552411	False	True	Gallus gallus	False	N/A	False	N/A	False		False	ENA only	no linked paper -- deposit-only study	UNIFORM	2	chicken gut metagenome
PRJNA553191	True	True	Homo sapiens	True	human	True	human	False		False	ENA + paper	Metagenomic sequencing was performed on fecal samples from 86 Chinese individuals across three age groups (long-living, elderly, and young).	UNIFORM	62	human gut metagenome
PRJNA555120	True	True	Macaca mulatta	True	rhesus monkeys	True	rhesus monkeys	False		False	ENA + paper	Metagenomic sequencing was performed directly on gut samples from rhesus monkeys in a longitudinal cohort treated with antibiotics.	UNIFORM	12	feces metagenome
PRJNA559386	True	True	Mus musculus	False		True	mouse	False		False	ENA + paper	Sequenced samples came from individual bacterial species in vitro and from the mouse gut microbiome.	UNIFORM	2	mouse gut metagenome
PRJNA559605	True	True	Panthera tigris tigris	True	big cats	True	Panthera species (lion, leopard, tiger)	False		False	ENA + paper	Gut metagenomic samples came from 27-68 individual Panthera species (lions, leopards, tigers) of Indian origin housed in Van Vihar National Park.	DIVERSE	21	
PRJNA560329	True	True	Labiotermes labralis	True	termite	True	termite	False		False	ENA + paper	Metagenome-assembled genomes were recovered from gut metagenomes of 51 termite species across lower and higher termite families.	DIVERSE	589	Acidimicrobiaceae bacterium; Acidobacteriaceae bacterium; Acidobacteriota bacterium; Actinomycetes bacterium; Alphaproteobacteria bacterium; Bacillota bacterium; Bacteroidales bacterium; Bacteroidota bacterium; Betaproteobacteria bacterium; Brevinematales bacterium; Candidatus Azobacteroides sp.; Candidatus Bathycorpusculum acetigenes; Candidatus Bathycorpusculum acidaminoxidans; Candidatus Bathycorpusculum fermentans; Candidatus Bathycorpusculum grumuli; Candidatus Bathycorpusculum hydrogenotrophicum; Candidatus Bathycorpusculum sp.; Candidatus Bathycorpusculum terrae; Candidatus Cloacimonadota bacterium; Candidatus Endomicrobium embiratermitis
PRJNA562600	False	True	Homo sapiens	False	N/A	False	N/A	False		False	ENA only	no linked paper -- deposit-only study	UNIFORM	148	feces metagenome
PRJNA563204	False	True	rat	False	N/A	False	N/A	False		False	ENA only	no linked paper -- deposit-only study	UNIFORM	192	feces metagenome
PRJNA564888	True	True	Tupaia glis	False		True	small mammals	False		False	ENA + paper	Fecal samples were collected during small mammal trapping in the field during a single night survey.	DIVERSE	13	feces metagenome
PRJNA574033	True	True	Homo sapiens	True	mammalian	True	human; animal	False		False	ENA + paper	Sequenced samples were fecal samples from human and animal hosts; the study used targeted metagenomic sequencing to analyze bifidobacteria from these samples.	DIVERSE	2	metagenome
PRJNA574851	True	True	Macaca mulatta	True	monkey	True	monkey (model of Parkinson's disease)	True	Parkinson's disease	False	ENA + paper	[model of Parkinson's disease] Metagenomic sequencing was performed on gut samples from A53T transgenic monkeys with early Parkinson's symptoms.	UNIFORM	10	feces metagenome
PRJNA575543	True	True	Sus scrofa	True	pigs	True	pigs	False		False	ENA + paper	Metagenomic samples were sequenced from intestinal regions (ileum, cecum, colon) of 6 pigs with contrasting feed efficiency.	UNIFORM	18	
PRJNA589661	False	True	Migratory birds: bar-headed geese	False	N/A	False	N/A	False		False	ENA only	no linked paper -- deposit-only study	DIVERSE_AND_SPARSE	6	aquatic metagenome; feces metagenome; freshwater metagenome; soil metagenome
PRJNA590585	True	True	plateau pika01	True	plateau pika; yak	True	plateau pika; yak	False		False	ENA + paper	Sequenced samples were gut microbiota from plateau pikas and yaks collected in summer and winter.	DIVERSE	12	gut metagenome
PRJNA590977	True	True	Equus ferus caballus	True	equine	True	thoroughbred equine	False		False	ENA + paper	Metagenomic sequencing was performed on five equine (thoroughbred) faecal samples.	UNIFORM	5	
PRJNA593263	False	False		False	N/A	False	N/A	False		False	unknown	no linked paper -- deposit-only study	NO_HOST_DATA	0	feces metagenome
PRJNA594263	True	True	Rattus norvegicus	False		True	animals (model of colitis)	True	colitis	False	ENA + paper	[model of colitis] Metagenomic samples were sequenced from animals with induced ulcerative colitis treated with berberine or sodium butyrate.	UNIFORM	15	rat gut metagenome
PRJNA595610	False	False		False	N/A	False	N/A	False		False	unknown	no linked paper -- deposit-only study	NO_HOST_DATA	0	feces metagenome
PRJNA597688	False	True	Siganus canaliculatus	False	N/A	False	N/A	False		False	ENA only	no linked paper -- deposit-only study	UNIFORM	2	fish gut metagenome
PRJNA598094	True	True	Apis cerana japonica	True	honey bee	True	Apis mellifera; Apis cerana	False		False	ENA + paper	Shotgun metagenomics was performed on gut microbiota samples from two honey bee species.	DIVERSE	40	insect gut metagenome
PRJNA598414	False	False		False	N/A	False	N/A	False		False	unknown	no linked paper -- deposit-only study	NO_HOST_DATA	0	
PRJNA599288	True	False		True	Apis cerana; Apis mellifera	True	Apis cerana; Apis mellifera	False		False	paper only	Shotgun metagenomic sequencing was performed on gut samples from honey bee workers of two species collected from four regions of China.	NO_HOST_DATA	0	insect gut metagenome
PRJNA599289	True	False		True	Apis cerana; Apis mellifera	True	Apis cerana; Apis mellifera	False		False	paper only	Shotgun metagenomic sequencing was performed on gut samples from honey bee workers of two species collected from four regions of China.	NO_HOST_DATA	0	insect gut metagenome
PRJNA601052	False	True	Leghorn chicken	False	N/A	False	N/A	False		False	ENA only	no linked paper -- deposit-only study	UNIFORM	130	feces metagenome
PRJNA601162	True	True	Sus scrofa domesticus	True	pig	True	piglet	False		False	ENA + paper	Metagenomic sequences were obtained from rectal samples of piglets fed either control or tomato powder-supplemented diets over 14 days.	UNIFORM	62	pig gut metagenome
PRJNA601807	True	True	Microhyla fissipes	True	frog	True	ornamented pygmy frog (Microhyla fissipes)	False		False	ENA + paper	Metagenomics samples were sequenced from the gut of frogs during different developmental stages from metamorphosis to maturity.	UNIFORM	10	gut metagenome
PRJNA605640	True	True	Mouse	False		True	mouse (model of aging)	True	aging	False	ENA + paper	[model of aging] Metagenomic sequencing was performed on fecal samples from young and old mice fed prebiotic GOS diets.	UNIFORM	12	mouse gut metagenome
PRJNA609596	True	True	Rattus norvegicus	True	Sprague-Dawley rats	True	Sprague-Dawley rats	True	glyphosate toxicity	False	ENA + paper	[model of glyphosate toxicity] Cecal microbiome samples were collected from Sprague-Dawley rats exposed to glyphosate or Roundup MON 52276 and analyzed via shotgun metagenomics.	UNIFORM	74	rat gut metagenome
PRJNA612780	False	True	Homo sapiens	False	N/A	False	N/A	False		False	ENA only	no linked paper -- deposit-only study	DIVERSE	26	chicken gut metagenome; human gut metagenome
PRJNA613182	True	True	Mus musculus	True	mouse (model of Huntington's disease)	True	mouse (model of Huntington's disease)	True	Huntington's disease	False	ENA + paper	[model of Huntington's disease] Fecal samples were collected from R6/1 transgenic mice and wild-type littermate controls, which were then subjected to shotgun metagenomic sequencing.	UNIFORM	90	feces metagenome
PRJNA613834	False	True	Homo sapiens	False	N/A	False	N/A	False		False	ENA only	no linked paper -- deposit-only study	UNIFORM	76	feces metagenome
PRJNA616396	True	True	gut	False		True	human; mouse (model of obesity)	True	obesity	False	ENA + paper	[model of obesity] Metagenomics sequencing was performed on both a human high BMI cohort and HFD obesity-prone/obesity-resistant mice models.	UNIFORM	15	gut metagenome
PRJNA622417	False	True	rat	False	N/A	False	N/A	False		False	ENA only	no linked paper -- deposit-only study	UNIFORM	4	feces metagenome
PRJNA624223	True	True	Homo sapiens	True	human	True	human	False		False	ENA + paper	Fecal samples were collected from patients hospitalized with COVID-19 SARS-CoV-2 infection.	UNIFORM	73	human gut metagenome
PRJNA624740	True	True	Bos grunniens	True	yak	True	yak	False		False	ENA + paper	Metagenomic samples were sequenced from yak fecal material.	UNIFORM	5	gut metagenome
PRJNA626062	False	True	Homo sapiens	False	N/A	False	N/A	False		False	ENA only	no linked paper -- deposit-only study	UNIFORM	54	feces metagenome
PRJNA627251	True	True	Bos taurus	True	ruminant	True	ruminant	False		False	ENA + paper	Metagenomic samples came from the gastrointestinal tracts of 10 different ruminant species (2270 samples total).	UNIFORM	16	bovine gut metagenome
PRJNA628114	False	True	Mus musculus	False	N/A	False	N/A	False		False	ENA only	no linked paper -- deposit-only study	UNIFORM	42	feces metagenome
PRJNA630144	True	True	Martes zibellina	True	sable (Martes zibellina)	True	sable (Martes zibellina)	False		False	ENA + paper	Metagenomics sequencing was performed on intestinal samples collected from sable (Martes zibellina).	UNIFORM	12	gut metagenome
PRJNA630862	False	True	Sus scrofa	False	N/A	False	N/A	False		False	ENA only	no linked paper -- deposit-only study	UNIFORM	20	
PRJNA631724	False	False		False	N/A	False	N/A	False		False	unknown	no linked paper -- deposit-only study	NO_HOST_DATA	0	
PRJNA631951	True	True	Bos	True	ruminant	True	ruminant	False		False	ENA + paper	Metagenomic samples were sequenced from the gastrointestinal tracts of 10 different ruminant species (2270 samples total).	UNIFORM	24	gut metagenome; metagenome
PRJNA635116	True	True	Gorilla1	True	human; nonhuman primates	True	human (BaAka hunter-gatherers and traditional Bantu agriculturalists); western lowland gorilla (Gorilla gorilla gorilla)	False		False	ENA + paper	Fecal metagenomes were sequenced from BaAka and Bantu human populations and sympatric wild gorillas.	DIVERSE	51	gut metagenome
PRJNA635664	True	True	Labiotermes labralis	True	Labiotermes labralis	True	Labiotermes labralis	False		False	ENA + paper	Metagenomic and metatranscriptomic samples were sequenced directly from the gut compartments of the soil-feeding termite Labiotermes labralis.	UNIFORM	1	termite gut metagenome
PRJNA63661	True	True	Homo sapiens	True	infant	True	infant	False		False	ENA + paper	Metagenomes were sequenced from fecal samples of 963 infants across six countries.	UNIFORM_WITH_GAPS	188	human gut metagenome; unidentified;human gut metagenome
PRJNA637365	False	True	Homo sapiens	False	N/A	False	N/A	False		False	ENA only	no linked paper -- deposit-only study	UNIFORM	118	feces metagenome
PRJNA640717	False	True	not applicable-XM19C1	False	N/A	False	N/A	False		False	ENA only	no linked paper -- deposit-only study	UNIFORM	10	
PRJNA641245	True	True	breed2	True	chicken	True	broiler chicken	False		False	ENA + paper	Metagenomic DNA and amplicon sequencing were performed on gut content samples from experimental broiler chickens fed different dietary supplements.	UNIFORM	24	gut metagenome
PRJNA641765	True	True	Homo sapiens	True	human	True	human	False		False	ENA + paper	Shotgun metagenomic sequencing was performed on skin microbiome samples from human probands.	UNIFORM	1	human skin metagenome
PRJNA643301	False	True	Sus scrofa domesticus	False	N/A	False	N/A	False		False	ENA only	no linked paper -- deposit-only study	UNIFORM	63	
PRJNA645015	True	True	Apis mellifera	True	honey bee	True	honey bee	False		False	ENA + paper	Sequenced samples came from gut microbiota of honey bees from different subspecies and hybrid colonies via shotgun metagenomics.	UNIFORM	125	insect gut metagenome
PRJNA645191	False	True	Sus scrofa domesticus	False	N/A	False	N/A	False		False	ENA only	no linked paper -- deposit-only study	UNIFORM	90	pig gut metagenome
PRJNA646934	False	True	pig B6	False	N/A	False	N/A	False		False	ENA only	no linked paper -- deposit-only study	UNIFORM	14	pig gut metagenome
PRJNA647157	True	True	tibetan pig	True	Tibetan pig	True	Tibetan pig	False		False	ENA + paper	Metagenomic sequences were generated from fecal samples collected from 11 Tibetan pigs.	UNIFORM	11	gut metagenome
PRJNA650228	False	True	Homo sapiens	False	N/A	False	N/A	False		False	ENA only	no linked paper -- deposit-only study	DIVERSE_AND_SPARSE	10	feces metagenome; human gut metagenome; synthetic metagenome
PRJNA655594	True	True	C57BL/6J	True	mice	True	mice	False		False	ENA + paper	Shotgun metagenomic sequencing was performed on gut microbiome samples from mice fed different diets (grain-based vs purified ingredients-based).	UNIFORM	10	mouse gut metagenome
PRJNA656000	False	True	Pig P1	False	N/A	False	N/A	False		False	ENA only	no linked paper -- deposit-only study	UNIFORM	6	pig gut metagenome
PRJNA656141	True	True	Atelerix albiventris	True	Atelerix albiventris	True	Atelerix albiventris	False		False	ENA + paper	Shotgun metagenomic sequencing of gut samples (RNA and DNA viral community) from Atelerix albiventris.	UNIFORM	1	Acheta domestica densovirus
PRJNA656314	False	True	Danio rerio	False	N/A	False	N/A	False		False	ENA only	no linked paper -- deposit-only study	UNIFORM	15	
PRJNA656389	True	True	Bubalus bubalis	True	ruminant	True	ruminant	False		False	ENA + paper	Metagenomic samples were collected from the gastrointestinal tracts of 10 different ruminant species (2270 samples total).	UNIFORM	695	gut metagenome
PRJNA657304	True	True	Canis lupus familiaris	True	dog	True	dog	False		False	ENA + paper	Metagenomic and DNA sequencing was performed directly on ancient dog coprolites recovered from archaeological sites.	UNIFORM	19	feces metagenome; fossil metagenome; soil metagenome
PRJNA658643	False	True	Gallus gallus	False	N/A	False	N/A	False		False	ENA only	no linked paper -- deposit-only study	UNIFORM	9	chicken gut metagenome; feces metagenome
PRJNA660443	True	True	Homo sapiens	False		True	human	False		False	ENA + paper	Sequenced samples (stool DNA) came from 60 patients during enteric bacterial infection and after recovery.	UNIFORM	70	human gut metagenome
PRJNA660549	False	False		False	N/A	False	N/A	False		False	unknown	no linked paper -- deposit-only study	NO_HOST_DATA	0	chicken gut metagenome
PRJNA661076	False	True	Bos taurus	False	N/A	False	N/A	False		False	ENA only	no linked paper -- deposit-only study	UNIFORM	2	feces metagenome
PRJNA662107	False	True	Homo sapiens	False	N/A	False	N/A	False		False	ENA only	no linked paper -- deposit-only study	UNIFORM	522	feces metagenome; human metagenome; oral metagenome; synthetic metagenome; viral metagenome
PRJNA663646	False	True	Homo sapiens	False	N/A	False	N/A	False		False	ENA only	no linked paper -- deposit-only study	UNIFORM	20	feces metagenome
PRJNA663847	True	True	Sprague Dawley rat	True	rat	True	rat	True	depression	False	ENA + paper	[model of depression] Metagenomic sequencing was performed on gut samples from rats exposed to chronic unpredictable mild stress (CUMS-induced depression model) treated with antidepressants.	UNIFORM	12	rat gut metagenome
PRJNA665253	False	True	Sus scrofa	False	N/A	False	N/A	False		False	ENA only	no linked paper -- deposit-only study	UNIFORM	191	pig gut metagenome
PRJNA666163	True	True	Gallus gallus	True	broiler	True	broiler	False		False	ENA + paper	Metagenomics samples were from cecal bacterial communities of broiler chickens (Cobb 500) vaccinated or not against coccidiosis.	UNIFORM	40	
PRJNA667194	False	False		False	N/A	False	N/A	False		False	unknown	no linked paper -- deposit-only study	NO_HOST_DATA	0	pig gut metagenome
PRJNA667247	True	True	Bos taurus	True	bovine	True	cattle	False		False	ENA + paper	Sequenced samples came from duodenal lumen contents and mucosal biopsies collected from six dairy crossbred yearling steers via endoscopy.	UNIFORM	36	bovine metagenome
PRJNA669162	True	True	Rattus norvegicus	True	rat	True	rat	True	intestinal ischemia-reperfusion injury	False	ENA + paper	[model of intestinal ischemia-reperfusion injury] Metagenomics samples were sequenced from gut contents of rats (n=35) with experimentally induced intestinal ischemia-reperfusion injury.	UNIFORM	47	Rattus norvegicus
PRJNA671703	True	False		False		True	dairy cow	False		False	paper only	Sequenced samples came from fresh dairy cow manure, manure pits, and field soil on dairy farms	NO_HOST_DATA	0	manure metagenome; soil metagenome
PRJNA671745	True	False		True	red swamp crayfish (Procambarus clarkii)	True	red swamp crayfish (Procambarus clarkii)	False		False	paper only	Metagenomics samples were sequenced from the intestines/gut of red swamp crayfish grown in two different culture environments (aquaculture ponds and rice-crayfish cultivation environments).	NO_HOST_DATA	0	aquatic metagenome; invertebrate gut metagenome; sediment metagenome
PRJNA672868	False	True	Sus scrofa	False	N/A	False	N/A	False		False	ENA only	no linked paper -- deposit-only study	UNIFORM	5	pig gut metagenome
PRJNA673878	False	True	Gallus gallus	False	N/A	False	N/A	False		False	ENA only	no linked paper -- deposit-only study	UNIFORM	5	chicken gut metagenome
PRJNA673918	False	True	Homo sapiens	False	N/A	False	N/A	False		False	ENA only	no linked paper -- deposit-only study	UNIFORM_WITH_GAPS	45	
PRJNA678871	True	True	Homo sapiens	True	chicken	True	chicken	False		False	ENA + paper	Metagenomes were sequenced from samples collected from chickens on farms and in abattoirs, along with environmental samples from those facilities.	DIVERSE	152	metagenome
PRJNA681546	True	False		False		True	animal (model of ulcerative colitis)	True	ulcerative colitis	False	paper only	[model of ulcerative colitis] Metagenomic sequencing was performed on gut samples from UC-affected animals treated with berberine or sodium butyrate.	NO_HOST_DATA	0	gut metagenome
PRJNA681986	True	True	Bos taurus	True	cattle	True	cattle	False		False	ENA + paper	Metagenomes were sequenced from cattle fecal samples (proxy for large intestine microbiomes) from 436 samples across six countries.	UNIFORM	70	bovine gut metagenome
PRJNA685168	True	True	Homo sapiens	True	inflammatory bowel disease patients	True	human	False		False	ENA + paper	Metagenomic samples came from IBD patients and healthy human subjects; mice were used only for downstream functional validation.	UNIFORM	114	metagenome
PRJNA685398	True	True	Apis mellifera	True	honey bee	True	Apis mellifera	False		False	ENA + paper	Sequenced samples came from the gut microbiome of honey bees (Apis mellifera) collected in Hungary during the 2019 honey production season.	UNIFORM	40	metagenome
PRJNA688069	False	True	Gallus gallus	False	N/A	False	N/A	False		False	ENA only	no linked paper -- deposit-only study	UNIFORM_WITH_GAPS	2	
PRJNA688310	False	True	Sus scrofa	False	N/A	False	N/A	False		False	ENA only	no linked paper -- deposit-only study	DIVERSE	5	gut metagenome; pig gut metagenome
PRJNA690892	False	True	Camelus bactrianus ferus	False	N/A	False	N/A	False		False	ENA only	no linked paper -- deposit-only study	UNIFORM	13	feces metagenome
PRJNA691798	True	True	Mus musculus	False		True	mouse (model of listeriosis)	True	listeriosis	False	ENA + paper	[model of listeriosis] Metagenomics analyses were performed on fecal pellets collected from young-adult and old mice infected with L. monocytogenes.	UNIFORM	20	mouse gut metagenome
PRJNA691978	False	True	Sus scrofa	False	N/A	False	N/A	False		False	ENA only	no linked paper -- deposit-only study	DIVERSE_AND_SPARSE	45	feces metagenome; freshwater metagenome; gut metagenome; human gut metagenome; wastewater metagenome
PRJNA692042	True	True	Pan troglodytes verus	True	hominids	True	human; chimpanzee; bonobo; gorilla	False		False	ENA + paper	Sequenced fecal microbiome samples came from diverse human populations, wild-living chimpanzees, bonobos, and gorillas.	DIVERSE	216	metagenome
PRJNA692830	False	True	Homo sapiens	False	N/A	False	N/A	False		False	ENA only	no linked paper -- deposit-only study	UNIFORM	24	
PRJNA694380	False	True	Sus scrofa domesticus	False	N/A	False	N/A	False		False	ENA only	no linked paper -- deposit-only study	UNIFORM	2	
PRJNA694773	False	True	mouse	False	N/A	False	N/A	False		False	ENA only	no linked paper -- deposit-only study	UNIFORM	10	feces metagenome
PRJNA695396	False	True	Hypophthalmichthys nobilis	False	N/A	False	N/A	False		False	ENA only	no linked paper -- deposit-only study	UNIFORM	39	fish gut metagenome
PRJNA699146	False	True	Homo sapiens	False	N/A	False	N/A	False		False	ENA only	no linked paper -- deposit-only study	UNIFORM	48	feces metagenome
PRJNA699440	True	True	Mus musculus	True	mouse (model of metabolic disorder from maternal high-fat diet exposure)	True	mouse (model of metabolic disorder from maternal high-fat diet exposure)	True	metabolic disorder from maternal high-fat diet exposure	False	ENA + paper	[model of metabolic disorder from maternal high-fat diet exposure] Stool samples from adult offspring mice were collected at week 11 and used for 16S rRNA gene sequencing.	UNIFORM	1	mouse gut metagenome
PRJNA699677	True	True	Bombus terrestris	True	bumblebees	True	bumblebees	False		False	ENA + paper	Metagenomic sequencing was performed on individual bumblebee hindguts.	UNIFORM	29	insect gut metagenome
PRJNA704780	False	True	Gallus gallus	False	N/A	False	N/A	False		False	ENA only	no linked paper -- deposit-only study	UNIFORM	8	
PRJNA706869	True	True	Capra hircus	True	dairy goats	True	dairy goats	False		False	ENA + paper	Metagenomic samples came from the cecum (hindgut) of 18 lactating dairy goats fed different dietary treatments.	UNIFORM	18	gut metagenome
PRJNA712972	True	True	C57BL/6J	True	mouse (model of intestinal barrier dysfunction)	True	mouse (model of intestinal barrier dysfunction)	True	intestinal barrier dysfunction	False	ENA + paper	[model of intestinal barrier dysfunction] Metagenomic shotgun sequencing was performed on fecal samples from intestinal epithelium-specific Piga-knockout mice and wild-type control mice.	UNIFORM	6	mouse gut metagenome
PRJNA714611	False	False		False	N/A	False	N/A	False		False	unknown	no linked paper -- deposit-only study	NO_HOST_DATA	0	fish gut metagenome
PRJNA715601	True	True	Homo sapiens	True	infant	True	infant	False		False	ENA + paper	Metagenomic samples were sequenced from the gut microbiome of 662 Danish children in early life.	UNIFORM	662	human metagenome
PRJNA715658	True	True	Gallus gallus	True	chicken	True	chicken	False		False	ENA + paper	Metagenomic sequencing was performed on 751 chicken gastrointestinal tract (GIT) samples.	UNIFORM	751	gut metagenome
PRJNA717669	True	True	Rattus norvegicus	False		True	wild rodents	False		False	ENA + paper	Sequenced samples came from wild rodents; simulated and mouse model data were used for methodological comparison only.	DIVERSE	12	rat metagenome
PRJNA718160	True	True	Rhinopithecus roxellana	True	Rhinopithecus roxellana	True	Rhinopithecus roxellana	False		False	ENA + paper	Sequenced samples came from gut microbiomes of both captive and wild golden snub-nosed monkeys (Rhinopithecus roxellana).	DIVERSE	28	gut metagenome
PRJNA718322	True	True	Mus musculus	True	mouse; human	True	mouse	False		False	ENA + paper	Metagenomic sequencing (16S and shotgun) was performed on faecal samples from mice exposed to cholesterol; human samples mentioned in title but not sequenced in described methods.	UNIFORM	30	mouse gut metagenome
PRJNA721002	True	False		True	dog; human	True	dog; human	False		True	human-by-biome-label	Metagenomic sequences came from gut microbiota of 13 owned dogs, 16 owners, and 22 kennel dogs in families.	NO_HOST_DATA	0	feces metagenome
PRJNA721235	False	True	Romerolagus diazi	False	N/A	False	N/A	False		False	ENA only	no linked paper -- deposit-only study	UNIFORM	4	
PRJNA722063	True	False		True	Przewalski's horses	True	Przewalski's horses	False		False	paper only	Fecal samples were collected from Przewalski's horses before and after anthelmintic treatment for metagenomic sequencing.	NO_HOST_DATA	0	horse metagenome
PRJNA722129	False	True	Homo sapiens	False	N/A	False	N/A	False		False	ENA only	no linked paper -- deposit-only study	UNIFORM	93	feces metagenome
PRJNA722684	False	True	Alces?alces	False	N/A	False	N/A	False		False	ENA only	no linked paper -- deposit-only study	UNIFORM	59	feces metagenome
PRJNA723218	True	True	Dairy cattle	True	dairy cattle	True	dairy cattle (Bos taurus); Holstein cows	False		False	ENA + paper	Sequenced samples came from gastrointestinal digesta collected from Holstein dairy cows fed different diets.	UNIFORM	144	Bos taurus; gut metagenome
PRJNA723283	True	True	Anas platyrhynchos	True	Linwu duck	True	Linwu duck	False		False	ENA + paper	Metagenomic samples were sequenced from the gut of Linwu ducks that were experimentally treated with LPS and/or ferulic acid supplementation.	UNIFORM_WITH_GAPS	30	gut metagenome
PRJNA723444	True	True	Mice	False		True	animals (model of ulcerative colitis)	True	ulcerative colitis	False	ENA + paper	[model of ulcerative colitis] Sequenced samples came from UC-affected animals used as a disease model for ulcerative colitis.	UNIFORM	17	gut metagenome
PRJNA723631	False	True	Raphanus sativus	False	N/A	False	N/A	False		False	ENA only	no linked paper -- deposit-only study	DIVERSE	27	feces metagenome; soil metagenome
PRJNA726842	True	True	Macaca mulatta	True	macaques	True	rhesus macaques (Macaca mulatta)	False		False	ENA + paper	Fecal samples were sequenced from free-ranging and zoo-captive rhesus macaques in China.	UNIFORM	7	Macaca mulatta
PRJNA728091	False	True	Cow-dung	False	N/A	False	N/A	False		False	ENA only	no linked paper -- deposit-only study	UNIFORM	7	feces metagenome
PRJNA728379	False	False		False	N/A	False	N/A	False		False	unknown	no linked paper -- deposit-only study	NO_HOST_DATA	0	feces metagenome
PRJNA728669	True	True	Hermetia illucens	True	Black soldier fly larvae (Hermetia illucens)	True	Black soldier fly larvae (Hermetia illucens)	False		False	ENA + paper	Metagenomic samples were sequenced from the guts of black soldier fly larvae reared on organic waste streams.	UNIFORM	1	Hermetia illucens
PRJNA729899	True	True	Mus musculus	True	C57BL/6 mice	True	C57BL/6 mouse (model of hyperlipidemia)	True	hyperlipidemia	False	ENA + paper	[model of hyperlipidemia] Metagenomics (16S rRNA gene sequencing) was performed on gut samples from C57BL/6 mice in a diet-induced hyperlipidemia model.	UNIFORM	31	mouse gut metagenome
PRJNA730677	False	True	Homo sapiens	False	N/A	False	N/A	False		False	ENA only	no linked paper -- deposit-only study	UNIFORM	70	Escherichia coli; feces metagenome
PRJNA730805	True	True	Mus musculus	False		True	mouse (model of diet-induced obesity)	True	diet-induced obesity	False	ENA + paper	[model of diet-induced obesity] Fecal samples for shotgun metagenomic sequencing were collected from mice fed a western diet or chow diet.	UNIFORM	30	gut metagenome
PRJNA731974	True	True	Mus musculus	True	obese mice	True	mouse (model of obesity)	True	obesity	False	ENA + paper	[model of obesity] Metagenomic sequencing was performed on samples from genetically obese mice treated with engineered butyrate-producing bacteria as part of the intervention study.	UNIFORM	12	mouse gut metagenome
PRJNA732531	True	True	Glyptotermes sp.	True	termite	True	termite	False		False	ENA + paper	Metagenome-assembled genomes were recovered from gut metagenomes of 51 termite species (lower and higher termites).	DIVERSE	48	termite gut metagenome
PRJNA734100	False	True	swine	False	N/A	False	N/A	False		False	ENA only	no linked paper -- deposit-only study	UNIFORM_WITH_GAPS	18	feces metagenome; soil metagenome
PRJNA734104	True	True	Mouse	True	mouse	True	mouse (model of COVID-19)	True	COVID-19	False	ENA + paper	[model of COVID-19] Fecal metagenomes were sequenced from antibiotic-treated mice to investigate gut microbiota interactions with SARS-CoV-2.	UNIFORM	8	gut metagenome
PRJNA734720	True	True	rats	True	rat	True	rat	False		False	ENA + paper	Metagenome sequencing was performed on fecal samples collected from rats exposed to hypobaric hypoxia in a chamber and from normoxic control rats.	UNIFORM	79	metagenome
PRJNA734860	True	True	Homo sapiens	False		True	human	False		False	ENA + paper	Shotgun metagenomic sequencing samples came from 340 human subjects; mice were used only for downstream mechanistic validation.	UNIFORM	343	human gut metagenome
PRJNA736861	False	True	Homo sapiens	False	N/A	False	N/A	False		False	ENA only	no linked paper -- deposit-only study	UNIFORM	33	
PRJNA737271	False	True	Sus scrofa	False	N/A	False	N/A	False		False	ENA only	no linked paper -- deposit-only study	UNIFORM_WITH_GAPS	20	manure metagenome; pig gut metagenome
PRJNA738554	False	True	C57BL/6 mouse	False	N/A	False	N/A	False		False	ENA only	no linked paper -- deposit-only study	UNIFORM	24	feces metagenome
PRJNA738608	True	True	Canis lupus familiaris	True	canid	True	dog	False		False	ENA + paper	Fecal microbiome sequences from pet dogs (South Africa), shelter/stray dogs (India), village dogs (Laos), and dogs in a veterinary medical school dietary experiment.	UNIFORM	107	gut metagenome
PRJNA738684	False	True	Homo sapiens	False	N/A	False	N/A	False		False	ENA only	no linked paper -- deposit-only study	UNIFORM	52	feces metagenome
PRJNA739153	True	True	Mus musculus	True	mouse	True	mouse	False		False	ENA + paper	Sequenced samples came from gut microbiota of mice of different ages in a meta-analysis of publicly available 16S rRNA gene sequencing data.	UNIFORM	20	mouse gut metagenome
PRJNA741606	True	True	Capra hircus	True	goat	True	goat	False		False	ENA + paper	Metagenomics sequencing was performed on rumen content samples collected directly from goat kids at multiple timepoints during early life.	UNIFORM	43	gut metagenome
PRJNA741607	False	True	rat	False	N/A	False	N/A	False		False	ENA only	no linked paper -- deposit-only study	UNIFORM	59	feces metagenome
PRJNA741822	False	True	Homo sapiens	False	N/A	False	N/A	False		False	ENA only	no linked paper -- deposit-only study	UNIFORM	123	feces metagenome
PRJNA741980	False	True	Sus scrofa	False	N/A	False	N/A	False		False	ENA only	no linked paper -- deposit-only study	UNIFORM	28	pig gut metagenome; viral metagenome
PRJNA744213	True	True	Mus musculus	True	mouse	True	mouse	True		False	ENA + paper	[model organism, disease unnamed] Faecal metagenomics were sequenced from a genetically diverse mouse population; no specific disease model is mentioned.	UNIFORM	297	mouse gut metagenome
PRJNA744219	True	True	Bos taurus	True	beef cattle	True	beef cattle	False		False	ENA + paper	Sequenced samples were fecal/rectal samples collected from eight pregnant Angus × Simmental cows and heifers before and after fescue toxicosis induction.	UNIFORM	16	bovine gut metagenome
PRJNA744378	True	True	Rhodnius prolixus	True	Rhodnius prolixus	True	Rhodnius prolixus	False		False	ENA + paper	Metagenome shotgun sequencing was performed on intestinal samples from Rhodnius prolixus insects exposed to Trypanosoma parasites.	UNIFORM	30	insect metagenome
PRJNA748109	False	True	Gallus gallus	False	N/A	False	N/A	False		False	ENA only	no linked paper -- deposit-only study	UNIFORM	5	chicken gut metagenome
PRJNA750156	False	False		False	N/A	False	N/A	False		False	unknown	no linked paper -- deposit-only study	NO_HOST_DATA	0	
PRJNA750644	True	True	Pardosa agraria	True	wolf spider	True	Pardosa agraria; Pardosa laura	False		False	ENA + paper	Metagenomic sequences were obtained from the gut microbiota of two Pardosa wolf spider species from different ecosystems.	DIVERSE	6	spider metagenome
PRJNA751718	True	True	Vespa mandarinia	True	Vespa mandarinia	True	Vespa mandarinia	False		False	ENA + paper	Gut microbiota samples were collected from Vespa mandarinia wasps at three different developmental stages (larval, pupal, and adult).	UNIFORM	2	insect gut metagenome
PRJNA752224	True	False		True	marsupials	True	marsupials	False		False	paper only	Fecal microbiome samples were sequenced from 14 marsupial species (predominantly captive animals).	NO_HOST_DATA	0	gut metagenome
PRJNA753312	True	True	Bos taurus	True	cow; mouse (model of mastitis)	True	cow; mouse (model of mastitis)	True	mastitis	False	ENA + paper	[model of mastitis] Sequenced samples came from both dairy cows (fecal and milk) and mice that received cow microbiota transplants.	DIVERSE	24	gut metagenome; milk metagenome; mouse metagenome
PRJNA755866	False	True	Myotis daubentonii	False	N/A	False	N/A	False		False	ENA only	no linked paper -- deposit-only study	DIVERSE	10	feces metagenome
PRJNA756556	False	True	Homo sapiens	False	N/A	False	N/A	False		False	ENA only	no linked paper -- deposit-only study	UNIFORM	38	
PRJNA757176	False	True	Sus scrofa	False	N/A	False	N/A	False		False	ENA only	no linked paper -- deposit-only study	UNIFORM	12	
PRJNA757579	False	True	mouse	False	N/A	False	N/A	False		False	ENA only	no linked paper -- deposit-only study	UNIFORM	162	feces metagenome
PRJNA758898	True	True	Felis catus	True	cat	True	cat	False		False	ENA + paper	Whole-genome shotgun metagenomic sequencing was performed on fecal samples from eight overweight/obese and eight normal domestic cats.	UNIFORM	16	gut metagenome
PRJNA760651	True	True	Jinhua pig	True	pig	True	pig	False		False	ENA + paper	Metagenomic sequencing was performed on colon content samples collected from 10 Jinhua pigs (5 high-fat and 5 low-fat).	UNIFORM	10	
PRJNA761967	True	True	Gallus gallus domesticus	True	broiler chicken	True	broiler chicken	False		False	ENA + paper	Shotgun metagenomics sequencing was performed on cecal samples from broiler chickens treated with different doses of enrofloxacin with or without synbiotic supplementation.	UNIFORM	84	
PRJNA763692	True	True	Homo sapiens	True	pig	True	pig	False		False	ENA + paper	Metagenomic sequences came from 5784 pig gut samples used to construct the unified pig gastrointestinal genome (UPGG) catalog.	DIVERSE	1859	archaeon; bacterium; feces metagenome
PRJNA769425	False	True	Sus scrofa domesticus	False	N/A	False	N/A	False		False	ENA only	no linked paper -- deposit-only study	UNIFORM	18	pig gut metagenome
PRJNA769748	False	True	mouse	False	N/A	False	N/A	False		False	ENA only	no linked paper -- deposit-only study	UNIFORM	70	feces metagenome
PRJNA769968	False	True	Homo sapiens	False	N/A	False	N/A	False		False	ENA only	no linked paper -- deposit-only study	UNIFORM	222	
PRJNA770101	False	True	Homo sapiens	False	N/A	False	N/A	False		False	ENA only	no linked paper -- deposit-only study	UNIFORM	71	feces metagenome
PRJNA772288	False	True	Domestic animals	False	N/A	False	N/A	False		False	ENA only	no linked paper -- deposit-only study	DIVERSE	4	Enterobacteriaceae bacterium; feces metagenome; pond metagenome; soil metagenome
PRJNA772888	True	True	Prionailurus bengalensis	True	Eurasian otter (Lutra lutra); leopard cat (Prionailurus bengalensis)	True	Eurasian otter (Lutra lutra); leopard cat (Prionailurus bengalensis)	False		False	ENA + paper	Metagenomic sequencing was performed on environmental feces collected from wild Eurasian otters and leopard cats.	DIVERSE	18	
PRJNA773596	False	True	Homo sapiens	False	N/A	False	N/A	False		False	ENA only	no linked paper -- deposit-only study	UNIFORM	83	feces metagenome
PRJNA777422	False	False		False	N/A	False	N/A	False		False	unknown	no linked paper -- deposit-only study	NO_HOST_DATA	0	feces metagenome
PRJNA777737	False	True	Ochotona curzoniae	False	N/A	False	N/A	False		False	ENA only	no linked paper -- deposit-only study	UNIFORM	26	feces metagenome
PRJNA778431	False	True	swine	False	N/A	False	N/A	False		False	ENA only	no linked paper -- deposit-only study	UNIFORM	12	feces metagenome
PRJNA778925	False	False		False	N/A	False	N/A	False		False	unknown	no linked paper -- deposit-only study	NO_HOST_DATA	0	feces metagenome
PRJNA779106	False	True	piglet	False	N/A	False	N/A	False		False	ENA only	no linked paper -- deposit-only study	UNIFORM	236	feces metagenome
PRJNA779845	True	True	Gallus gallus	True	broiler	True	broiler	False		False	ENA + paper	Metagenomic shotgun sequencing was performed on intestinal segment contents from 20 broiler chickens (10 obese-line and 10 lean-line), making broilers the direct source of sequenced samples.	UNIFORM	80	gut metagenome
PRJNA782061	False	True	Ctenopharyngodon idella	False	N/A	False	N/A	False		False	ENA only	no linked paper -- deposit-only study	UNIFORM	6	fish gut metagenome
PRJNA782533	False	False		False	N/A	False	N/A	False		False	unknown	no linked paper -- deposit-only study	NO_HOST_DATA	0	feces metagenome
PRJNA783381	True	True	sheep101	True	sheep	True	sheep	True	MSTN deficiency	False	ENA + paper	[model of MSTN deficiency] Metagenomic sequencing was performed directly on MSTN-edited and wild-type sheep gut samples.	DIVERSE	32	sheep gut metagenome
PRJNA784741	True	True	Mus musculus	True	mouse (model of lupus)	True	mouse (model of lupus)	True	lupus	False	ENA + paper	[model of lupus] Metagenomic sequencing was performed on fecal/gut microbiota from pristane-induced lupus model mice after fecal microbiota transplantation.	UNIFORM	28	mouse gut metagenome
PRJNA786358	True	True	Bos taurus	True	dairy cow	True	dairy cow	False		False	ENA + paper	Sequenced samples (16S rRNA, metagenomics, metabolomics) came from fecal microbiota of postpartum dairy cows; mice received only a downstream FMT experiment.	UNIFORM	2	
PRJNA786887	True	True	Felis catus	True	cat	True	cat	False		False	ENA + paper	The sequenced samples (fecal microbiome) came from 20 healthy adult cats randomized into two dietary groups.	UNIFORM	40	
PRJNA787384	True	True	Rhinopithecus bieti	True	Yunnan snub-nosed monkey; bamboo-eating panda	True	Yunnan snub-nosed monkey; bamboo-eating panda	False		False	ENA + paper	Sequenced samples came from gut microbiomes of wild Yunnan snub-nosed monkey populations in Weixi County, China, and wild bamboo-eating panda populations.	UNIFORM	24	gut metagenome
PRJNA787952	True	True	Homo sapiens	False		True	human	False		False	ENA + paper	Shotgun metagenomic sequencing was performed on serial stool samples from 20 HCT patients randomized to gut decontamination or control arms.	UNIFORM	155	
PRJNA788462	True	True	Sus scrofa	True	growing pigs	True	growing pigs	False		False	ENA + paper	Metagenomic sequencing was performed directly on fecal samples collected from growing pigs.	UNIFORM	216	pig gut metagenome
PRJNA788958	True	True	Equus caballus	True	horse	True	horse	False		False	ENA + paper	Fecal samples were collected from Quarter horses (n=20) at multiple timepoints and subjected to Nanopore shotgun metagenomics.	UNIFORM	135	gut metagenome
PRJNA788972	True	True	Homo sapiens	True	human	True	human	False		False	ENA + paper	Sequenced samples were stool samples from 77 crew members during seafaring expeditions.	UNIFORM	2	human gut metagenome
PRJNA792023	True	True	Gallus gallus	True	broiler chicks	True	broiler chicks	False		False	ENA + paper	Metagenomic samples were sequenced from the gut (fecal and cecal) of broiler chicks in the probiotic treatment experiment.	UNIFORM	29	chicken gut metagenome
PRJNA792486	False	True	Black goat	False	N/A	False	N/A	False		False	ENA only	no linked paper -- deposit-only study	DIVERSE	45	goat gut metagenome; pig gut metagenome
PRJNA793776	True	True	Homo sapiens	False		True	human	False		False	ENA + paper	Sequenced samples were fecal and colonic biopsy metagenomes from treatment-naive Crohn's disease patients; mice were used only for downstream mechanistic validation.	UNIFORM	130	Homo sapiens
PRJNA794972	False	False		False	N/A	False	N/A	False		False	unknown	no linked paper -- deposit-only study	NO_HOST_DATA	0	fish gut metagenome
PRJNA795985	True	True	Homo sapiens	True	vertebrate	True	vertebrate (carnivores, omnivores, birds)	False		False	ENA + paper	Sequenced samples came from gut metagenomes across 14 vertebrate species including carnivores, omnivores, and birds.	UNIFORM	290	human gut metagenome
PRJNA796172	False	True	Sus scrofa	False	N/A	False	N/A	False		False	ENA only	no linked paper -- deposit-only study	UNIFORM	48	feces metagenome
PRJNA798875	False	True	broiler	False	N/A	False	N/A	False		False	ENA only	no linked paper -- deposit-only study	DIVERSE	2	chicken gut metagenome
PRJNA799796	True	True	Mus musculus	False		True	mouse (model of colorectal cancer)	True	colorectal cancer	False	ENA + paper	[model of colorectal cancer] Metagenomic and metabolomic analyses were performed on samples from tumor-bearing mice treated with FMT and/or anti-PD-1 therapy.	UNIFORM	40	mouse gut metagenome
PRJNA801062	True	True	Rattus norvegicus	True	rat (model of collagen-induced arthritis)	True	rat (model of collagen-induced arthritis)	True	collagen-induced arthritis	False	ENA + paper	[model of collagen-induced arthritis] Metagenomic sequencing was performed on gut microbiota samples from collagen-induced arthritis rat models with or without spleen deficiency, treated with Xiong Fu Powder.	UNIFORM	10	Rattus norvegicus
PRJNA801070	True	True	Zophobas morio	True	superworm (Zophobas morio)	True	superworm (Zophobas morio)	False		False	ENA + paper	Metagenomic samples were sequenced from the gut microbiome of superworms reared on different diets including styrofoam.	UNIFORM	14	insect gut metagenome
PRJNA801645	False	True	Sus scrofa	False	N/A	False	N/A	False		False	ENA only	no linked paper -- deposit-only study	UNIFORM	12	feces metagenome
PRJNA801914	False	True	piglet	False	N/A	False	N/A	False		False	ENA only	no linked paper -- deposit-only study	UNIFORM	24	feces metagenome
PRJNA804100	True	True	Micropterus salmoides	True	freshwater mussels; host fish	True	Lampsilis cardium; Micropterus salmoides	False		False	ENA + paper	Gut microbiota samples were sequenced from both freshwater mussels (Lampsilis cardium) and their host fish (Micropterus salmoides) after contaminant exposure.	DIVERSE	53	
PRJNA805352	True	True	Cnaphalocrocis medinalis	True	Cnaphalocrocis medinalis	True	Cnaphalocrocis medinalis	False		False	ENA + paper	Metagenomic samples were sequenced from the gut microbiota of the rice leafroller insect Cnaphalocrocis medinalis during baculovirus infection.	UNIFORM	1	insect gut metagenome
PRJNA806371	False	True	Danio rerio	False	N/A	False	N/A	False		False	ENA only	no linked paper -- deposit-only study	UNIFORM	5	fish gut metagenome
PRJNA806482	False	True	RAT	False	N/A	False	N/A	False		False	ENA only	no linked paper -- deposit-only study	UNIFORM	18	feces metagenome
PRJNA807368	True	True	Sus scrofa domesticus	True	weaned piglets	True	weaned piglets	False		False	ENA + paper	Metagenomic sequencing was performed on rectal samples from Duorc × (Landrace × Large White) weaned piglets in control and berberine-supplemented groups.	UNIFORM	12	
PRJNA809514	False	False		False	N/A	False	N/A	False		False	unknown	no linked paper -- deposit-only study	NO_HOST_DATA	0	feces metagenome
PRJNA809764	True	True	Mus musculus	False		True	mouse (model of immunosuppression)	True	immunosuppression	False	ENA + paper	[model of immunosuppression] Metagenomic samples were sequenced from gut lumen and circulation of mice treated with tacrolimus and/or antibiotics to profile metabolic changes in an immunosuppressed environment.	UNIFORM	132	mouse metagenome
PRJNA811648	True	False		False		True	mouse (model of periodontitis)	True	periodontitis	False	paper only	[model of periodontitis] Metagenomic sequencing was performed on fecal samples from mice administered P. gingivalis.	NO_HOST_DATA	0	gut metagenome
PRJNA811727	False	True	Homo sapiens	False	N/A	False	N/A	False		False	ENA only	no linked paper -- deposit-only study	UNIFORM	96	feces metagenome
PRJNA812273	False	True	Nomascus hainanus	False	N/A	False	N/A	False		False	ENA only	no linked paper -- deposit-only study	UNIFORM	1	feces metagenome
PRJNA812583	False	True	Homo sapiens	False	N/A	False	N/A	False		False	ENA only	no linked paper -- deposit-only study	UNIFORM	12	
PRJNA813004	True	True	Angus cattle	True	Angus cattle; Xinjiang brown cattle	True	Angus cattle; Xinjiang brown cattle	False		False	ENA + paper	Metagenomics samples came from rectal feces of 18-month-old male Angus cattle and Xinjiang brown cattle raised under identical conditions.	DIVERSE	10	
PRJNA814825	True	True	Equus przewalskii	True	wild horses; Asiatic wild asses	True	Przewalski's horses; Asiatic wild asses	False		False	ENA + paper	Metagenomic shotgun sequencing was performed on gut microbiome samples from sympatric Przewalski's horses and Asiatic wild asses in the Gobi Desert Steppe.	DIVERSE	15	gut metagenome
PRJNA815745	False	True	Sow	False	N/A	False	N/A	False		False	ENA only	no linked paper -- deposit-only study	UNIFORM	222	feces metagenome
PRJNA816829	True	False		False		True	rat (model of osteoporosis)	True	osteoporosis	False	paper only	[model of osteoporosis] Metagenomic and metabolomic samples were sequenced from gut microbiota of ovariectomized (OVX) rats, a model of osteoporosis.	NO_HOST_DATA	0	rat gut metagenome
PRJNA818062	False	True	Homo sapiens	False	N/A	False	N/A	False		False	ENA only	no linked paper -- deposit-only study	UNIFORM	45	feces metagenome
PRJNA820553	False	True	Equus asinus	False	N/A	False	N/A	False		False	ENA only	no linked paper -- deposit-only study	DIVERSE_AND_SPARSE	9	feces metagenome
PRJNA821230	True	True	Felis catus	True	cat	True	domestic short-haired cat	False		False	ENA + paper	Fecal samples for metagenomic sequencing came from eight domestic short-haired cats housed in a research facility.	UNIFORM	16	gut metagenome
PRJNA821272	False	True	Mice	False	N/A	False	N/A	False		False	ENA only	no linked paper -- deposit-only study	UNIFORM	30	feces metagenome
PRJNA821505	False	True	Gallus gallus	False	N/A	False	N/A	False		False	ENA only	no linked paper -- deposit-only study	UNIFORM	156	chicken gut metagenome
PRJNA821641	True	True	Sus scrofa	True	pig	True	pig	False		False	ENA + paper	Shotgun metagenomic sequences were generated from fecal samples of piglets 7 days postweaning across three trials.	UNIFORM	75	gut metagenome; metagenome
PRJNA822495	False	True	shrimp	False	N/A	False	N/A	False		False	ENA only	no linked paper -- deposit-only study	UNIFORM	3	feces metagenome
PRJNA822929	True	True	Bos grunniens	True	Zhongdian yak cows	True	Zhongdian yak cows	False		False	ENA + paper	Gut samples were collected from ten Zhongdian yak cows via rectal palpation for metagenomics analysis.	UNIFORM	10	bovine gut metagenome
PRJNA823519	True	True	Sus scrofa	True	domestic pig (Sus scrofa); common carp (Cyprinus carpio)	True	domestic pig (Sus scrofa); common carp (Cyprinus carpio)	False		False	ENA + paper	Sequenced samples were intestinal content from 12 domestic pigs and 1 common carp.	DIVERSE	16	gut metagenome
PRJNA825121	False	True	shrimp	False	N/A	False	N/A	False		False	ENA only	no linked paper -- deposit-only study	UNIFORM	3	feces metagenome
PRJNA825132	False	True	shrimp	False	N/A	False	N/A	False		False	ENA only	no linked paper -- deposit-only study	UNIFORM	3	feces metagenome
PRJNA825133	False	True	Gallus gallus	False	N/A	False	N/A	False		False	ENA only	no linked paper -- deposit-only study	UNIFORM_WITH_GAPS	4	dust metagenome; feces metagenome
PRJNA825520	True	True	Bos taurus	True	cattle	True	cattle	False		False	ENA + paper	Metagenomics samples were collected as fecal samples from dairy cows at multiple timepoints during dry-off and lactation.	UNIFORM	159	bovine gut metagenome
PRJNA825732	False	True	Anguilla anguilla	False	N/A	False	N/A	False		False	ENA only	no linked paper -- deposit-only study	UNIFORM	50	fish gut metagenome
PRJNA827933	False	True	mouse	False	N/A	False	N/A	False		False	ENA only	no linked paper -- deposit-only study	UNIFORM	9	feces metagenome
PRJNA828385	False	True	Sus scrofa	False	N/A	False	N/A	False		False	ENA only	no linked paper -- deposit-only study	UNIFORM_WITH_GAPS	12	pig gut metagenome; pig metagenome
PRJNA831632	False	True	Hoolock tianxing	False	N/A	False	N/A	False		False	ENA only	no linked paper -- deposit-only study	UNIFORM	145	
PRJNA835973	False	True	rat	False	N/A	False	N/A	False		False	ENA only	no linked paper -- deposit-only study	UNIFORM	16	feces metagenome
PRJNA841806	True	True	Gallus gallus	True	chicken	True	chicken	False		False	ENA + paper	Metagenomic samples were collected from birds (chickens), carcasses, and environments at chicken farms and abattoirs in China.	DIVERSE	361	
PRJNA843079	True	True	Mus musculus	True	mouse (model of colitis)	True	mouse (model of IBD)	True	colitis	False	ENA + paper	[model of colitis] Metagenomic samples were sequenced directly from dysbiotic IBD mouse models.	UNIFORM	51	mouse gut metagenome
PRJNA843354	True	True	Bos taurus	True	Simmental calf	True	Simmental calf	False		False	ENA + paper	Fecal metagenomic samples were sequenced from diarrheic and healthy Simmental calves.	UNIFORM	32	bovine gut metagenome
PRJNA843963	False	True	Homo sapiens	False	N/A	False	N/A	False		False	ENA only	no linked paper -- deposit-only study	DIVERSE	263	bovine gut metagenome; chicken gut metagenome; feces metagenome; goat gut metagenome; human metagenome; sheep metagenome
PRJNA844176	False	True	Sus scrofa	False	N/A	False	N/A	False		False	ENA only	no linked paper -- deposit-only study	UNIFORM	15	pig gut metagenome
PRJNA844237	True	True	RWA-Fecal-Sow1-time1	True	sow	True	sow	False		False	ENA + paper	Fecal and nasopharynx samples were collected from sows in RWA and conventional barns over a 13-month period and subjected to whole genome sequencing.	UNIFORM	40	gut metagenome; upper respiratory tract metagenome
PRJNA844935	True	True	Mus musculus	False		True	human; mouse (model of sepsis)	True	sepsis	False	ENA + paper	[model of sepsis] Sequenced samples came from both aged human subjects and aged mouse models of sepsis.	UNIFORM	16	Enterococcus faecalis; Escherichia coli; metagenome
PRJNA845803	True	True	Grainfed Angus 1	True	beef cattle	True	beef cattle	False		False	ENA + paper	Fecal samples were collected from six grain-fed and six grass-fed Angus beef cattle for viral metagenomic sequencing.	UNIFORM	12	
PRJNA847006	True	True	Sus scrofa	True	neonatal piglets	True	neonatal piglets	False		False	ENA + paper	Metagenomic sequencing was performed on fecal samples from neonatal piglets (both healthy and diarrheal).	UNIFORM	60	gut metagenome
PRJNA847183	False	True	Homo sapiens	False	N/A	False	N/A	False		False	ENA only	no linked paper -- deposit-only study	DIVERSE	24	feces metagenome
PRJNA847753	True	True	seagull	True	migratory seagulls	True	migratory seagulls	False		False	ENA + paper	Gut microbiome samples were collected from migratory seagulls in Kunming city for metagenomic, DNA virome, and RNA virome sequencing.	UNIFORM	8	gut metagenome
PRJNA848116	False	False		False	N/A	False	N/A	False		False	unknown	no linked paper -- deposit-only study	NO_HOST_DATA	0	feces metagenome; freshwater metagenome; soil metagenome
PRJNA848403	True	True	seagull	True	seagulls	True	migratory seagulls	False		False	ENA + paper	Metagenomics samples were sequenced from the gut microbiome of migratory seagulls in Kunming city.	UNIFORM	8	
PRJNA849257	True	True	Canis lupus familiaris	True	dog	True	dog	False		False	ENA + paper	Fecal samples were collected from 12 dogs with idiopathic epilepsy before and after phenobarbital treatment, then analyzed using shotgun metagenomic sequencing.	UNIFORM	24	gut metagenome
PRJNA849401	True	True	seagull	True	seagulls	True	migratory seagulls	False		False	ENA + paper	Metagenomics samples were sequenced from the gut microbiome of migratory seagulls in Kunming city.	UNIFORM	8	gut metagenome
PRJNA852373	False	True	Homo sapiens	False	N/A	False	N/A	False		False	ENA only	no linked paper -- deposit-only study	DIVERSE	5	chicken gut metagenome; human gut metagenome
PRJNA853153	True	True	Bacillota	False		True	human; mouse (model of metabolically healthy obesity)	True	metabolically healthy obesity	False	ENA + paper	[model of metabolically healthy obesity] Metagenomic sequencing was performed on both human subjects (314 samples from GMrepo database) and a murine MHO model.	DIVERSE	12	Bacillota; Bacteroidota
PRJNA855128	False	False		False	N/A	False	N/A	False		False	unknown	no linked paper -- deposit-only study	NO_HOST_DATA	0	feces metagenome
PRJNA855286	False	True	Suidae	False	N/A	False	N/A	False		False	ENA only	no linked paper -- deposit-only study	UNIFORM	30	pig gut metagenome
PRJNA861020	False	True	Felis catus	False	N/A	False	N/A	False		False	ENA only	no linked paper -- deposit-only study	DIVERSE	36	
PRJNA861716	True	True	Homo sapiens	True	human	True	human	False		False	ENA + paper	Fecal microbiome samples from 359 human subjects living in areas with different levels of environmental pollution in Campania region, Southern Italy.	UNIFORM	359	gut metagenome
PRJNA861719	True	True	Coturnix	True	quail	True	quail	False		False	ENA + paper	Sequenced samples came from fecal and cecum luminal content from 3 quail breeds (Chinese yellow quails and Japanese quails).	UNIFORM	30	gut metagenome
PRJNA862309	True	True	Penaeus vannamei	True	Litopenaeus vannamei	True	Litopenaeus vannamei	False		False	ENA + paper	Metagenomic sequenced samples came from the intestinal microbiota of shrimp (Litopenaeus vannamei) exposed to microcystin-LR.	UNIFORM	12	shrimp gut metagenome
PRJNA862908	True	True	Homo sapiens	False		True	human	False		False	ENA + paper	Sequenced samples were stool DNA from 60 human patients during enteric bacterial infection and after recovery.	UNIFORM	151	
PRJNA863566	False	True	mice	False	N/A	False	N/A	False		False	ENA only	no linked paper -- deposit-only study	UNIFORM	6	feces metagenome
PRJNA865396	False	True	Eriocheir sinensis	False	N/A	False	N/A	False		False	ENA only	no linked paper -- deposit-only study	UNIFORM	6	feces metagenome
PRJNA865544	True	True	Mus musculus	False		True	human; mouse (model of pressure-overloaded left ventricular remodeling)	True	pressure-overloaded left ventricular remodeling	False	ENA + paper	[model of pressure-overloaded left ventricular remodeling] Shotgun metagenomics performed on fecal samples from both patient cohorts and pressure-overloaded mouse models.	UNIFORM	1	Mus musculus
PRJNA872265	False	True	Ailuropoda melanoleuca	False	N/A	False	N/A	False		False	ENA only	no linked paper -- deposit-only study	UNIFORM	98	
PRJNA873123	False	True	Gallus gallus	False	N/A	False	N/A	False		False	ENA only	no linked paper -- deposit-only study	UNIFORM	32	chicken gut metagenome
PRJNA874173	False	True	Alpha-synuclein transgenic c57bl/10 mice	False	N/A	False	N/A	False		False	ENA only	no linked paper -- deposit-only study	UNIFORM	9	feces metagenome
PRJNA874500	False	True	Gallus gallus	False	N/A	False	N/A	False		False	ENA only	no linked paper -- deposit-only study	UNIFORM	4	
PRJNA875084	True	True	Mustela putorius	True	domestic ferret (Mustela putorius)	True	domestic ferret (Mustela putorius)	False		False	ENA + paper	Metagenome-assembled genomes were recovered from gut microbiome samples of domestic ferrets.	UNIFORM	3	metagenome
PRJNA876316	True	True	Ruminococcus sp.	True	rat (model of obesity-associated kidney function decline)	True	rat (model of obesity-associated kidney function decline)	True	obesity-associated kidney function decline	False	ENA + paper	[model of obesity-associated kidney function decline] Metagenomic sequencing was performed on colon contents from Sprague-Dawley rats fed high-fat or normal diets.	UNIFORM	1	Ruminococcus sp.
PRJNA876956	True	True	Nannospalax galili	True	blind mole rat	True	blind mole rat	False		False	ENA + paper	Sequenced samples came from the gut microbiomes of two sympatric blind mole rat species in Upper Galilee, Israel.	UNIFORM	12	gut metagenome
PRJNA877780	False	True	Mus musculus feces	False	N/A	False	N/A	False		False	ENA only	no linked paper -- deposit-only study	UNIFORM	15	feces metagenome
PRJNA878467	False	True	wildlife	False	N/A	False	N/A	False		False	ENA only	no linked paper -- deposit-only study	UNIFORM	1	feces metagenome
PRJNA880353	True	True	Equus caballus	True	feral horses	True	feral horses	False		False	ENA + paper	Sequenced samples came from 2394 fecal samples collected from 794 individual feral horses on Sable Island, Canada between 2013-2019.	UNIFORM	86	feces metagenome
PRJNA881985	True	True	Mus musculus	True	APOE4 mice	True	mouse (model of Alzheimer's disease)	True	Alzheimer's disease	False	ENA + paper	[model of Alzheimer's disease] Shotgun metagenomic sequencing was performed on gut samples from APOE4 and APOE3 transgenic mice fed control or ketogenic diets.	UNIFORM	119	mouse gut metagenome
PRJNA883557	True	True	Rattus norvegicus	True	rat	True	rat (model of Parkinson's disease)	True	Parkinson's disease	False	ENA + paper	[model of Parkinson's disease] Fecal samples were collected from 6-OHDA induced PD rats and healthy rats for metagenomic sequencing.	UNIFORM	20	feces metagenome
PRJNA884830	True	False		True	Rhinopithecius bieti	True	Rhinopithecius bieti	False		False	paper only	Metagenomic and culture-dependent samples were sequenced from the gut of Rhinopithecius bieti, an endangered primate endemic to China.	NO_HOST_DATA	0	feces metagenome
PRJNA886985	True	True	mouse	False		True	mouse	True		False	ENA + paper	[model organism, disease unnamed] Metagenomic samples were sequenced from the gut microbiome of Balb/c mice treated with various antibiotic combinations.	UNIFORM	167	mouse gut metagenome
PRJNA888429	False	True	Sus scrofa	False	N/A	False	N/A	False		False	ENA only	no linked paper -- deposit-only study	UNIFORM	23	
PRJNA890321	True	True	Cygnus cygnus	True	wild birds	True	wild birds	False		False	ENA + paper	Metagenomes were sequenced from gut microbiomes of 52 wild bird species across China, covering 340 metagenome samples.	DIVERSE	28	metagenome
PRJNA892774	True	True	Mus musculus	False		True	mouse (model of colitis)	True	colitis	False	ENA + paper	[model of colitis] Fecal microbiota from Balb/c mice infected with larval Echinococcus multilocularis were subjected to shotgun metagenomic sequencing.	UNIFORM	26	gut metagenome
PRJNA894152	False	True	Homo sapiens	False	N/A	False	N/A	False		False	ENA only	no linked paper -- deposit-only study	DIVERSE	82	feces metagenome; metagenome
PRJNA894343	True	True	Sus scrofa	True	pig	True	pig	False		False	ENA + paper	Shotgun metagenomic sequencing was performed on faecal and environmental samples collected from piglets on 10 farms during the first 14 days post-weaning.	UNIFORM_WITH_GAPS	36	gut metagenome; metagenome
PRJNA898082	True	True	beagle	True	beagle	True	beagle	True	acute radiation syndrome	False	ENA + paper	[model of acute radiation syndrome] Fecal samples were sequenced from beagles exposed to 60Co-γ ray radiation to model acute radiation syndrome (ARS).	UNIFORM	51	gut metagenome
PRJNA899060	False	True	Sus scrofa domesticus	False	N/A	False	N/A	False		False	ENA only	no linked paper -- deposit-only study	UNIFORM	57	pig gut metagenome
PRJNA902000	True	True	5xFAD (B6.Cg-Tg(APPSwFlLon;PSEN1*M146L*L286V)6799Vas/Mmjax;Stock number 34848-JAX;MMRRC);5xFAD	True	mouse (model of Alzheimer's disease)	True	mouse (model of Alzheimer's disease)	True	Alzheimer's disease	False	ENA + paper	[model of Alzheimer's disease] Cecal and fecal samples from 5xfAD transgenic mice and wild-type B6J mice aged 4-18 months were subjected to shotgun metagenomic sequencing.	UNIFORM	236	mouse metagenome
PRJNA902117	False	True	Gallus gallus	False	N/A	False	N/A	False		False	ENA only	no linked paper -- deposit-only study	UNIFORM	33	
PRJNA902684	False	True	Rattus	False	N/A	False	N/A	False		False	ENA only	no linked paper -- deposit-only study	UNIFORM	110	feces metagenome
PRJNA902833	True	True	Mus musculus	False		True	mouse (model of NAFLD)	True	NAFLD	False	ENA + paper	[model of NAFLD] Metagenomic sequencing was performed on gut samples from mice with high-fat diet-induced NAFLD.	UNIFORM	32	mouse gut metagenome
PRJNA903767	False	True	Ochotona curzoniae	False	N/A	False	N/A	False		False	ENA only	no linked paper -- deposit-only study	UNIFORM	34	feces metagenome
PRJNA903810	False	True	Sus scrofa domesticus	False	N/A	False	N/A	False		False	ENA only	no linked paper -- deposit-only study	UNIFORM	335	
PRJNA906124	True	True	Felis catus	True	cat	True	domestic shorthair cat	False		False	ENA + paper	Sequenced samples were fecal samples collected from 12 healthy adult domestic shorthair cats fed different diets in a Latin square design.	UNIFORM	33	
PRJNA906507	False	True	Gallus gallus	False	N/A	False	N/A	False		False	ENA only	no linked paper -- deposit-only study	UNIFORM	32	chicken gut metagenome
PRJNA906625	True	True	Daphnia magna	True	Daphnia magna	True	Daphnia magna	False		False	ENA + paper	Sequenced samples came from Daphnia magna individuals; hologenome assembly includes genome and metagenome sequencing.	UNIFORM	1	invertebrate gut metagenome
PRJNA908260	True	True	domestic Feline	True	cat	True	cat	False		False	ENA + paper	Sequenced samples came from fecal microbiota of American Shorthair and British Shorthair cats with and without acute diarrhea.	UNIFORM	8	gut metagenome
PRJNA908720	True	True	Canine	True	canine	True	canine	False		False	ENA + paper	Sequenced samples came from 1,970 canine fecal samples collected from the plateau region of China.	UNIFORM	1	
PRJNA909042	False	False		False	N/A	False	N/A	False		False	unknown	no linked paper -- deposit-only study	NO_HOST_DATA	0	chicken gut metagenome
PRJNA909453	False	True	Homo sapiens	False	N/A	False	N/A	False		False	ENA only	no linked paper -- deposit-only study	UNIFORM	50	feces metagenome
PRJNA913183	False	True	Homo sapiens	False	N/A	False	N/A	False		False	ENA only	no linked paper -- deposit-only study	UNIFORM	119	feces metagenome; synthetic metagenome
PRJNA913689	False	True	Larimichthys polyactis	False	N/A	False	N/A	False		False	ENA only	no linked paper -- deposit-only study	DIVERSE	63	fish gut metagenome
PRJNA913821	True	True	Rangifer tarandus platyrhynchus	True	reindeer	True	reindeer	False		False	ENA + paper	Sequenced samples came from gastrointestinal tract tissues and faeces of two geographically separated reindeer subspecies.	UNIFORM	9	metagenome
PRJNA915251	False	True	Homo sapiens	False	N/A	False	N/A	False		False	ENA only	no linked paper -- deposit-only study	UNIFORM	683	feces metagenome
PRJNA915351	True	True	Mus musculus	True	mouse	True	mouse (model of Chagas disease)	True	Chagas disease	False	ENA + paper	[model of Chagas disease] Shotgun metagenomic sequencing was performed on gut samples from BALB/c and C57BL/6 mice infected with Trypanosoma cruzi.	UNIFORM	16	gut metagenome
PRJNA916642	True	True	Hippocampus abdominalis	True	big-belly seahorse	True	big-belly seahorse (Hippocampus abdominalis)	False		False	ENA + paper	Metagenomic and metabolomic samples were sequenced from the intestines of big-belly seahorses infected with Edwardsiella piscicida.	UNIFORM	12	gut metagenome
PRJNA919082	False	True	Homo sapiens	False	N/A	False	N/A	False		False	ENA only	no linked paper -- deposit-only study	UNIFORM_WITH_GAPS	21	feces metagenome
PRJNA924548	True	True	Bovine	True	calf	True	calf	False		False	ENA + paper	Fecal samples were collected from calves with bloody diarrhea, watery diarrhea, and normal calves for metagenomic sequencing.	UNIFORM	15	gut metagenome
PRJNA924947	True	True	bovine	True	Holstein calves	True	Holstein calves	False		False	ENA + paper	Metagenome sequencing was performed on gut samples from newborn Holstein calves fed with compound probiotics for 60 days.	UNIFORM	12	gut metagenome
PRJNA925857	True	True	Canis lupus familiaris	True	companion animal	True	dog; cat; human	False		False	ENA + paper	Sequenced stool samples came from 2272 dogs, 367 cats, and 350 humans across multiple cohorts.	UNIFORM	226	gut metagenome
PRJNA926485	False	True	Sus scrofa domesticus	False	N/A	False	N/A	False		False	ENA only	no linked paper -- deposit-only study	UNIFORM	23	pig gut metagenome
PRJNA932553	True	True	Homo sapiens	True	giant panda	True	giant panda; Asiatic black bear; human	False		False	ENA + paper	Oral (supragingival) and fecal samples from wild giant pandas, Asiatic black bears, and humans	UNIFORM	48	human oral metagenome
PRJNA932774	True	True	mouse	False		True	mouse (model of aging)	True	aging	False	ENA + paper	[model of aging] Metagenomic and 16S rRNA sequencing was performed on gut microbiota samples from long-lived and short-lived mice.	UNIFORM	24	mouse gut metagenome
PRJNA935053	False	True	Chanodichthys erythropterus	False	N/A	False	N/A	False		False	ENA only	no linked paper -- deposit-only study	UNIFORM	1	fish gut metagenome
PRJNA935534	True	True	Bos taurus	True	neonatal calf	True	neonatal calf	False		False	ENA + paper	Metagenomic sequencing was performed on faecal swab samples collected from neonatal calves within the first week of life.	UNIFORM	60	gut metagenome
PRJNA937780	True	True	Ovis aries	True	Tan sheep	True	Tan sheep; Dorper sheep	False		False	ENA + paper	16S rDNA and metagenomic sequencing were performed on gastrointestinal samples from Tan sheep and Dorper sheep.	UNIFORM	22	sheep gut metagenome
PRJNA938989	True	True	Acinetobacter baumannii	True	half-smooth tongue sole (Cynoglossus semilaevis)	True	half-smooth tongue sole (Cynoglossus semilaevis)	False		False	ENA + paper	Metagenomic sequencing was performed on intestinal samples from half-smooth tongue sole experimentally infected with Vibrio alginolyticus.	DIVERSE	41	Acinetobacter baumannii; Brevinema andersonii; Chlamydia abortus; Tenacibaculum maritimum; Vibrio alginolyticus; Vibrio ponticus
PRJNA940065	True	True	Mus musculus	False		True	human; mouse (model of type 2 diabetes)	False		False	ENA + paper	Sequenced samples came from 1,000 human subjects across 5 countries, with mice used for downstream mechanistic validation of metformin effects.	UNIFORM	14	metagenome
PRJNA940650	False	False		False	N/A	False	N/A	False		False	unknown	no linked paper -- deposit-only study	NO_HOST_DATA	0	chicken gut metagenome
PRJNA942254	True	True	Proteles cristata	True	myrmecophagous mammals	True	myrmecophagous mammals	False		False	ENA + paper	Gut metagenomes were sequenced from nine myrmecophagous mammal species (ant-eating and termite-eating mammals across five placental orders).	DIVERSE	33	gut metagenome
PRJNA942468	True	True	HV001_G05_0464_BDME190634659-1a_HMJH7DSXX_L1;HV001 G05 0464 BDME190634659-1a HMJH7DSXX L1	True	inflammatory bowel disease patients	True	inflammatory bowel disease patients and healthy subjects	False		False	ENA + paper	Metagenomic samples were sequenced from human IBD patients and matched healthy controls; mice were only used in downstream mechanistic validation.	UNIFORM	517	gut metagenome
PRJNA943611	True	True	Mus musculus	True	mouse	True	mouse (model of microbiota-host interactions)	True	microbiota-host interactions	False	ENA + paper	[model of microbiota-host interactions] Metagenomic sequencing was performed on gut samples from gnotobiotic mouse models (Oligo-MM12, ASF, and SPF mice).	UNIFORM	1	Muribaculaceae bacterium
PRJNA944265	True	True	Mouse	False		True	mouse (model of colitis)	True	colitis	False	ENA + paper	[model of colitis] Shotgun metagenomic sequencing was performed on gut microbiota samples from C57BL/6J mice treated with DSS-induced colitis and red cabbage juice.	UNIFORM	11	mouse gut metagenome
PRJNA944612	False	True	Sus scrofa domesticus	False	N/A	False	N/A	False		False	ENA only	no linked paper -- deposit-only study	UNIFORM	691	aquatic metagenome; pig gut metagenome; synthetic metagenome
PRJNA945347	True	True	Ctenopharyngodon idella	True	grass carp	True	grass carp	False		False	ENA + paper	Metagenomic sequencing was performed on intestinal content samples from grass carp.	UNIFORM	36	gut metagenome
PRJNA945365	True	True	Micropterus salmoides	True	grass carp	True	grass carp	False		False	ENA + paper	Metagenomic sequencing was performed on intestinal content samples from grass carp.	UNIFORM	15	fish gut metagenome
PRJNA946383	False	True	Gallus gallus	False	N/A	False	N/A	False		False	ENA only	no linked paper -- deposit-only study	UNIFORM	80	
PRJNA946412	False	True	Felis catus	False	N/A	False	N/A	False		False	ENA only	no linked paper -- deposit-only study	UNIFORM	20	
PRJNA947193	False	True	Homo sapiens	False	N/A	False	N/A	False		False	ENA only	no linked paper -- deposit-only study	UNIFORM	44	feces metagenome; synthetic metagenome
PRJNA947387	False	True	C57BL/6J	False	N/A	False	N/A	False		False	ENA only	no linked paper -- deposit-only study	UNIFORM	27	feces metagenome
PRJNA947914	False	True	Salmo salar	False	N/A	False	N/A	False		False	ENA only	no linked paper -- deposit-only study	UNIFORM	79	fish gut metagenome
PRJNA947933	True	True	Gallus gallus domesticus	True	chicken	True	chicken	False		False	ENA + paper	Metagenomics sequenced from stool samples of chickens raised in different production systems (barns vs. free-range).	UNIFORM	44	gut metagenome
PRJNA948893	False	True	Acrossocheilus fasciatus	False	N/A	False	N/A	False		False	ENA only	no linked paper -- deposit-only study	UNIFORM	6	
PRJNA949809	True	True	Coilia nasus	True	Coilia nasus	True	Coilia nasus	False		False	ENA + paper	Metagenomic and transcriptomic samples were sequenced directly from the intestinal tissue of Coilia nasus fish subjected to transport stress.	UNIFORM	1	Coilia nasus
PRJNA951204	True	True	Sus scrofa	True	Tunchang pigs	True	hybrid Batun (BT, Berkshire × Tunchang) pigs; purebred Tunchang (TC) pigs	False		False	ENA + paper	Metagenomic sequencing was performed on gut samples from hybrid and purebred Tunchang pigs to compare microbial diversity and composition.	UNIFORM	1	pig gut metagenome
PRJNA951897	False	False		False	N/A	False	N/A	False		False	unknown	no linked paper -- deposit-only study	NO_HOST_DATA	0	feces metagenome
PRJNA952227	True	True	Mus musculus	True	C57BL/6J mouse	True	mouse (conventional, germ-free, and Ahr-null)	True	effects of TCDF exposure on metabolic homeostasis	False	ENA + paper	[model of effects of TCDF exposure on metabolic homeostasis] Metagenomic samples were sequenced directly from conventional, germ-free, and Ahr-null C57BL/6J mice exposed to TCDF.	UNIFORM	28	mouse gut metagenome; synthetic metagenome
PRJNA953147	True	True	Acutalibacter muris	True	aged mice	True	mouse (model of spermatogenic dysfunction)	True	spermatogenic dysfunction	False	ENA + paper	[model of spermatogenic dysfunction] Cecal shotgun metagenomics was performed on young and old mice to identify microbiota and metabolite differences.	DIVERSE	20	Acutalibacter muris; Helicobacter typhlonius
PRJNA953833	True	False		True	mouse	True	mouse (BXD strains)	True	obesity; aging	False	paper only	[model of obesity; aging] Cecal metagenome, metatranscriptome, and host transcriptome were sequenced directly from 232 mice across the BXD population.	NO_HOST_DATA	0	
PRJNA956273	True	True	Mus musculus	False		True	mouse (model of obesity)	True	obesity	False	ENA + paper	[model of obesity] Metagenomic sequences came from intestinal contents of male mice on various diet regimens.	UNIFORM	12	mouse gut metagenome
PRJNA956982	True	True	Bos taurus	True	calf	True	calf	False		False	ENA + paper	Fecal metagenomic and metabolomic samples were sequenced directly from diarrheal and healthy calves.	UNIFORM	19	bovine gut metagenome
PRJNA961946	False	True	child	False	N/A	False	N/A	False		False	ENA only	no linked paper -- deposit-only study	UNIFORM	29	feces metagenome
PRJNA966790	True	True	Mus musculus	True	mouse (model of autism)	True	mouse (model of autism)	True	autism	False	ENA + paper	[model of autism] Shotgun metagenomics analysis was performed on gut samples from VPA-induced autism mouse models treated with or without Probio-M8.	UNIFORM	105	mouse gut metagenome
PRJNA972320	True	True	Ovis aries	True	sheep; goat	True	sheep; goat	False		False	ENA + paper	Metagenomic sequences were obtained from the gut microbiomes of sheep and goat samples.	DIVERSE	320	gut metagenome
PRJNA974094	False	True	Danio rerio	False	N/A	False	N/A	False		False	ENA only	no linked paper -- deposit-only study	UNIFORM	18	fish gut metagenome
PRJNA974554	False	True	Homo sapiens	False	N/A	False	N/A	False		False	ENA only	no linked paper -- deposit-only study	UNIFORM	72	
PRJNA974556	False	True	Mus musculus	False	N/A	False	N/A	False		False	ENA only	no linked paper -- deposit-only study	UNIFORM	52	feces metagenome
PRJNA977416	True	True	Apis mellifera	True	honey bee	True	honey bee	False		False	ENA + paper	Metagenomic sequencing was performed on gut samples from experimentally treated western honey bees (Apis mellifera).	UNIFORM	21	bee metagenome
PRJNA981100	False	True	Sus scrofa	False	N/A	False	N/A	False		False	ENA only	no linked paper -- deposit-only study	UNIFORM	48	pig gut metagenome
PRJNA982563	False	True	Homo sapiens	False	N/A	False	N/A	False		False	ENA only	no linked paper -- deposit-only study	DIVERSE	232	dust metagenome; feces metagenome; skin metagenome
PRJNA983076	False	True	Camelus bactrianus	False	N/A	False	N/A	False		False	ENA only	no linked paper -- deposit-only study	DIVERSE	67	feces metagenome; oral metagenome
PRJNA983093	False	True	Homo sapiens	False	N/A	False	N/A	False		False	ENA only	no linked paper -- deposit-only study	UNIFORM	194	feces metagenome
PRJNA983744	False	True	Mus musculus	False	N/A	False	N/A	False		False	ENA only	no linked paper -- deposit-only study	UNIFORM	18	feces metagenome
PRJNA984595	True	True	Sus scrofa	True	pig	True	piglet	False		False	ENA + paper	Shotgun metagenome sequencing was performed on faecal samples from piglets during the first two weeks post weaning across three treatment groups on commercial farms.	UNIFORM	84	gut metagenome; metagenome
PRJNA986525	False	True	Mus musculus	False	N/A	False	N/A	False		False	ENA only	no linked paper -- deposit-only study	UNIFORM	17	feces metagenome
PRJNA987703	True	True	Bathycoelia distincta	True	two-spotted stink bug	True	Bathycoelia distincta (two-spotted stink bug)	False		False	ENA + paper	Metagenomic samples (16S rRNA and MAGs) came from gut compartments of Bathycoelia distincta stink bug specimens collected across geographic locations and life stages.	UNIFORM	1	insect gut metagenome
PRJNA987743	True	True	Bos indicus	True	Bos indicus beef cattle	True	Nelore (Bos indicus)	False		False	ENA + paper	Shotgun metagenomic sequencing was performed on rumen and fecal samples collected from Nelore beef cattle.	UNIFORM	104	gut metagenome
PRJNA988023	True	True	Meleagris gallopavo	False		True	vertebrate (carnivore, omnivore, avian)	False		False	ENA + paper	Gut metagenomes from 1,197 samples across 14 vertebrate species with different feeding ecologies.	UNIFORM	90	gut metagenome
PRJNA988937	False	True	Gallus gallus	False	N/A	False	N/A	False		False	ENA only	no linked paper -- deposit-only study	DIVERSE_AND_SPARSE	23	chicken gut metagenome; fish gut metagenome; freshwater metagenome; sludge metagenome
PRJNA990717	False	False		False	N/A	False	N/A	False		False	unknown	no linked paper -- deposit-only study	NO_HOST_DATA	0	chicken gut metagenome
PRJNA991262	False	False		False	N/A	False	N/A	False		False	unknown	no linked paper -- deposit-only study	NO_HOST_DATA	0	chicken gut metagenome
PRJNA991276	False	True	Sus scrofa	False	N/A	False	N/A	False		False	ENA only	no linked paper -- deposit-only study	UNIFORM	8	
PRJNA991623	False	False		False	N/A	False	N/A	False		False	unknown	no linked paper -- deposit-only study	NO_HOST_DATA	0	feces metagenome
PRJNA995784	True	True	Mus musculus musculus	True	house mouse	True	mouse (model of obesity)	True	obesity	False	ENA + paper	[model of obesity] Shotgun metagenomic sequencing was performed on gut samples from genetically engineered Mup knockout and wild-type house mice.	UNIFORM	52	mouse gut metagenome
PRJNA996880	False	True	mouse_1;mouse 1	False	N/A	False	N/A	False		False	ENA only	no linked paper -- deposit-only study	UNIFORM	419	feces metagenome
PRJNA997718	True	True	Trachypithecus francoisi	True	Francois' langur (Trachypithecus francoisi)	True	Francois' langur (Trachypithecus francoisi)	False		False	ENA + paper	Metagenomic sequencing was performed on gut samples from Francois' langurs under different environmental and dietary conditions (anthropogenic disturbed, wild, and captive populations).	UNIFORM	13	gut metagenome
PRJNA999451	True	False		True	piglet	True	piglet	False		False	paper only	Metagenomic sequences came from cecal samples of suckling and weaned piglets.	NO_HOST_DATA	0	metagenome
PRJNA999720	True	True	Apis mellifera	True	honey bee (Apis mellifera)	True	honey bee (Apis mellifera)	False		False	ENA + paper	Metagenomic sequencing samples came from gut microbiomes of European honey bees collected near and far from eight crops across Canada.	UNIFORM	120	bee metagenome
