study_accession	verdict	confidence	body_site_signal	evidence	reasoning	host_species	n_samples	library_source	library_strategy	paper_title	tier
PRJNA909983	NOT_METAGENOMIC	high	explicit	library_strategy: AMPLICON	The study uses AMPLICON sequencing strategy (16S), not shotgun/WGS metagenomics, despite the gut body site being explicitly stated in the title and biome labels.		33	METAGENOMIC	AMPLICON	Characterization of the Nero Siciliano Pig Fecal Microbiota after a Liquid Whey-Supplemented Diet.	EXCLUDED
PRJNA918387	NOT_METAGENOMIC	high	explicit	library_strategy: AMPLICON	Although the study targets gut microbiota (explicit fecal samples from mouse), the library_strategy is AMPLICON, not shotgun/WGS metagenomics, making this a 16S amplicon study rather than shotgun metagenomic study.	Mus musculus	38	METAGENOMIC	AMPLICON	TRPV6 deficiency attenuates stress and corticosterone-mediated exacerbation of alcohol-induced gut barrier dysfunction and systemic inflammation.	EXCLUDED
PRJEB29346	GUT_WGS	high	explicit	Paper title: 'Co-diversification of an intestinal Mycoplasma and its salmonid host'; library_source: 'METAGENOMIC'; host organism: Gadus morhua (Atlantic cod, a salmonid fish)	The paper title explicitly states 'intestinal Mycoplasma' indicating gut-associated microbiota, library_source is METAGENOMIC (shotgun community DNA), and the host is a salmonid fish (Atlantic cod), confirming this is a shotgun metagenomic study of fish gut microbiome.	Gadus morhua	57	METAGENOMIC	OTHER	Co-diversification of an intestinal Mycoplasma and its salmonid host.	CONFIRMED_GUT
PRJEB38061	UNCERTAIN	low	inferred	Paper title mentions 'intestinal Mycoplasma' and host is Salmo salar (Atlantic salmon, a fish); library_source=GENOMIC and library_strategy=WGS are stated. However, library_source=GENOMIC typically indicates single-organism sequencing, not metagenomic community DNA.	The paper title strongly suggests intestinal sampling of a fish host, but the metadata field library_source is marked GENOMIC (not METAGENOMIC), which contradicts a metagenomics classification and suggests this may be a single-organism genome study of the Mycoplasma itself rather than a community microbiome survey.	Salmo salar	489	GENOMIC	WGS	Co-diversification of an intestinal Mycoplasma and its salmonid host.	REVIEW
PRJEB59886	GUT_WGS	medium	inferred	Paper title: 'Co-diversification of an intestinal Mycoplasma and its salmonid host'; library_source: METAGENOMIC; library_strategy: WGS; host organism: Salmo salar (salmon)	The paper title explicitly mentions 'intestinal Mycoplasma' indicating gut-associated microbiome study, combined with confirmed shotgun metagenomic method (WGS + METAGENOMIC source) on a salmonid host, but body site is not stated in metadata fields and must be inferred from title.	Salmo salar	76	METAGENOMIC	WGS	Co-diversification of an intestinal Mycoplasma and its salmonid host.	CONFIRMED_GUT
PRJNA894380	NOT_METAGENOMIC	high	explicit	library_strategy: AMPLICON; library_source: METATRANSCRIPTOMIC	The study used AMPLICON sequencing strategy (not WGS/shotgun) and METATRANSCRIPTOMIC library source (RNA, not community DNA), making it ineligible as shotgun metagenomic despite explicit gut/fecal body site confirmation.	Anser erythropus	1	METATRANSCRIPTOMIC	AMPLICON	Metagenomic analysis of gut microbiota and antibiotic-resistant genes in Anser erythropus wintering at Shengjin and Caizi Lakes in China.	EXCLUDED
PRJNA904819	NOT_METAGENOMIC	high	explicit	library_strategy: AMPLICON	The library_strategy is explicitly AMPLICON, which indicates 16S/marker gene sequencing rather than shotgun metagenomics (WGS/METAGENOMIC), regardless of the gut body site being explicitly stated in the biome label and sample titles.	Mus musculus	124	METAGENOMIC	AMPLICON	Biotin Deficiency Induces Intestinal Dysbiosis Associated with an Inflammatory Bowel Disease-like Phenotype.	EXCLUDED
PRJNA923763	NOT_METAGENOMIC	high	explicit	library_source: METATRANSCRIPTOMIC; library_strategy: RNA-Seq	This is a metatranscriptomic (RNA) study using RNA-Seq, not shotgun metagenomic DNA sequencing, so it does not qualify as a WGS metagenomic study despite the gut microbiome context being explicit.	Nomascus annamensis	10	METATRANSCRIPTOMIC	RNA-Seq	Metatranscriptomic Analyses Reveal Important Roles of the Gut Microbiome in Primate Dietary Adaptation.	EXCLUDED
PRJNA884174	NOT_METAGENOMIC	high	explicit	library_strategy: AMPLICON	The library_strategy is AMPLICON, which indicates 16S rRNA gene sequencing rather than shotgun metagenomics (WGS), despite the metagenomic framing in the title and biome labels.	Mus musculus	34	METAGENOMIC	AMPLICON	Anti-PD-L1 Antibody and/or 17β-Estradiol Treatment Induces Changes in the Gut Microbiome in MC38 Colon Tumor Model.	EXCLUDED
PRJNA866156	NOT_METAGENOMIC	high	none	library_strategy: AMPLICON	AMPLICON sequencing (16S rRNA) is explicitly stated and is not shotgun metagenomic sequencing, regardless of the paper's focus on gut microbiome changes in rats.	Rattus norvegicus	55	GENOMIC	AMPLICON	Intake of slow-digesting carbohydrates is related to changes in the microbiome and its functional pathways in growing rats with obesity induced by diet.	EXCLUDED
PRJNA733698	NOT_METAGENOMIC	high	explicit	library_strategy: AMPLICON	The library_strategy is explicitly marked as AMPLICON, which is 16S/targeted amplicon sequencing, not shotgun metagenomic sequencing (WGS/METAGENOMIC), despite the biome label and paper title suggesting gut microbiome content.	Not Applicable	16	METAGENOMIC	AMPLICON	Polystyrene microplastics induce gut microbiome and metabolome changes in Javanese medaka fish (Oryzias javanicus Bleeker, 1854).	EXCLUDED
PRJNA822929	GUT_WGS	high	explicit	Biome label: 'bovine gut metagenome'; Paper title states 'gut microbiome'; library_source: 'METAGENOMIC'; library_strategy: 'POOLCLONE' (shotgun approach)	The biome label explicitly identifies this as gut metagenome, the paper title explicitly mentions gut microbiome, the library source is metagenomic (community DNA), and the pooling strategy indicates shotgun sequencing of the microbial community.	Bos grunniens	10	METAGENOMIC	POOLCLONE	Multi-omics analyses reveal that the gut microbiome and its metabolites promote milk fat synthesis in Zhongdian yak cows.	CONFIRMED_GUT
PRJEB40819	NOT_METAGENOMIC	high	explicit	library_strategy: AMPLICON	The library_strategy is explicitly AMPLICON, which is 16S/amplicon sequencing, not shotgun/WGS metagenomic sequencing required for GUT_WGS classification.		63	GENOMIC	AMPLICON	Microbiome-mediated fructose depletion restricts murine gut colonization by vancomycin-resistant Enterococcus.	EXCLUDED
PRJEB40849	NOT_METAGENOMIC	high	explicit	library_strategy: AMPLICON	The study uses AMPLICON sequencing strategy (16S), not shotgun/WGS metagenomic sequencing, so it does not qualify as a shotgun metagenomic study despite targeting the mouse gut microbiome.		30	GENOMIC	AMPLICON	Microbiome-mediated fructose depletion restricts murine gut colonization by vancomycin-resistant Enterococcus.	EXCLUDED
PRJEB40858	NOT_METAGENOMIC	high	explicit	library_source: METATRANSCRIPTOMIC; library_strategy: RNA-Seq	This is a metatranscriptomic (RNA-Seq) study, not shotgun metagenomic (DNA) sequencing, so it does not qualify as WGS metagenomics despite the gut body site being explicitly stated.		72	METATRANSCRIPTOMIC	RNA-Seq	Microbiome-mediated fructose depletion restricts murine gut colonization by vancomycin-resistant Enterococcus.	EXCLUDED
PRJEB40866	GUT_WGS	high	explicit	Isolation source(s): mouse cecum; library_strategy: WGS; library_source: GENOMIC; Paper title explicitly mentions 'murine gut colonization'	WGS metagenomic sequencing (shotgun) of mouse cecal samples, which is an explicit gut-proxy body site, classifies this as a shotgun metagenomics study of an animal gut microbiome.	Alistipes sp. CU970	5	GENOMIC	WGS	Microbiome-mediated fructose depletion restricts murine gut colonization by vancomycin-resistant Enterococcus.	CONFIRMED_GUT
PRJNA693413	UNCERTAIN	low	inferred	Paper title mentions 'gut microbial taxa' and 'pig model'; ENA study title states 'pig metagenome'; library_source is 'METATRANSCRIPTOMIC' (not METAGENOMIC); library_strategy is 'OTHER' (not WGS or METAGENOMIC)	While the paper title and biome label strongly suggest gut microbiome of pig, the library_source is explicitly METATRANSCRIPTOMIC (RNA-based) rather than METAGENOMIC (DNA-based shotgun), and library_strategy is OTHER rather than WGS/METAGENOMIC, making this potentially a metatranscriptomics study rather than shotgun metagenomics, which disqualifies it from GUT_WGS classification.	growing pigs	16	METATRANSCRIPTOMIC	OTHER	Reduction of Redox Potential Exerts a Key Role in Modulating Gut Microbial Taxa and Function by Dietary Supplementation of Pectin in a Pig Model.	REVIEW
PRJNA861720	NOT_METAGENOMIC	high	explicit	library_strategy: AMPLICON	Although the study targets fecal microbiota of a pig (Sus scrofa), the library_strategy is explicitly AMPLICON, which is 16S rRNA gene sequencing, not shotgun metagenomics (WGS), and therefore does not qualify as GUT_WGS.	Sus scrofa	8	METAGENOMIC	AMPLICON	Reduction of Redox Potential Exerts a Key Role in Modulating Gut Microbial Taxa and Function by Dietary Supplementation of Pectin in a Pig Model.	EXCLUDED
PRJNA876956	GUT_WGS	high	explicit	ENA study title: 'gut metagenome'; Biome label: 'gut metagenome'; Isolation source: 'Gut sample'; library_source: 'METAGENOMIC'; library_strategy: 'WGS'	Multiple explicit statements confirm shotgun metagenomic sequencing (WGS + METAGENOMIC library source) of gut microbiome from animal host Nannospalax galili.	Nannospalax galili	12	METAGENOMIC	WGS	Host diet shapes functionally differentiated gut microbiomes in sympatric speciation of blind mole rats in Upper Galilee, Israel.	CONFIRMED_GUT
PRJNA855620	NOT_METAGENOMIC	high	explicit	library_strategy: AMPLICON	The study used AMPLICON sequencing (16S rRNA), not shotgun/WGS metagenomic sequencing, which disqualifies it from the GUT_WGS category regardless of the gut sample presence.	Homo sapiens	59	GENOMIC	AMPLICON	The oral-gut axis: Salivary and fecal microbiome dysbiosis in patients with inflammatory bowel disease.	EXCLUDED
PRJNA736988	NOT_METAGENOMIC	high	explicit	library_strategy: AMPLICON	The study used AMPLICON sequencing (16S rRNA), not shotgun/WGS metagenomic sequencing, despite the metagenomic framing in titles and biome labels.	Sciaenops ocellatus	16	METAGENOMIC	AMPLICON	Dietary Supplementation of a Commercial Prebiotic, Probiotic and Their Combination Affected Growth Performance and Transient Intestinal Microbiota of Red Drum (Sciaenops ocellatus L.).	EXCLUDED
PRJNA734720	GUT_WGS	high	explicit	Isolation source: 'feces'; library_source: 'METAGENOMIC'; library_strategy: 'WGS'; Paper title mentions 'gut microbiota in rats'	The study explicitly reports fecal samples analyzed via shotgun metagenomic sequencing (WGS) from rats, and the paper title explicitly names the gut microbiota as the subject.	rats	79	METAGENOMIC	WGS	Dynamics of the gut microbiota in rats after hypobaric hypoxia exposure.	CONFIRMED_GUT
PRJNA862309	GUT_WGS	high	explicit	ENA study title: 'Intestinal microbiota metagenome raw sequences of Penaeus vannamei'; Biome label: 'shrimp gut metagenome'; Isolation source: 'intestine'; library_source: 'METAGENOMIC'	Multiple explicit statements confirm shotgun metagenomic sequencing of the intestinal/gut microbiota of a shrimp (Penaeus vannamei/Litopenaeus vannamei).	Penaeus vannamei	12	METAGENOMIC	OTHER	Integration of metagenomic and metabolomic insights into the effects of microcystin-LR on intestinal microbiota of Litopenaeus vannamei.	CONFIRMED_GUT
PRJNA786015	NOT_METAGENOMIC	high	explicit	library_strategy: AMPLICON	The library_strategy is explicitly AMPLICON, which indicates 16S/targeted amplicon sequencing, not shotgun WGS metagenomic sequencing; therefore this study does not qualify as a shotgun metagenomic study regardless of the gut-associated body sites mentioned.	Homo sapiens	3	GENOMIC	AMPLICON	Rural environment reduces allergic inflammation by modulating the gut microbiota.	EXCLUDED
PRJNA681986	GUT_WGS	high	explicit	Paper title states 'large intestine bacterial community'; ENA study titles contain 'Fecal'; biome label is 'bovine gut metagenome'; library_source is 'METAGENOMIC'	Multiple explicit references to fecal and gut origin combined with metagenomic sequencing method clearly establish this as a shotgun metagenomic study of cattle gut microbiome.	Bos taurus	70	METAGENOMIC	OTHER	A global phylogenomic and metabolic reconstruction of the large intestine bacterial community of domesticated cattle.	CONFIRMED_GUT
PRJNA765929	NOT_METAGENOMIC	high	explicit	library_strategy: AMPLICON	The library_strategy is explicitly AMPLICON, which indicates 16S amplicon sequencing, not shotgun metagenomics (WGS/METAGENOMIC), despite the metagenomic source label and gut body site.	BALB/c mice	2	METAGENOMIC	AMPLICON	Commensal Fungus Candida albicans Maintains a Long-Term Mutualistic Relationship with the Host To Modulate Gut Microbiota and Metabolism.	EXCLUDED
PRJNA811648	GUT_WGS	high	explicit	ENA study title: 'gut microbiota sample'; Biome label: 'gut metagenome'; Sample title: 'gut microbiota sample'; library_source: GENOMIC; library_strategy: WGS	Multiple explicit statements identify this as a shotgun metagenomic study of gut microbiota (WGS strategy on community DNA from gut samples).	missing	16	GENOMIC	WGS	Multi-omics insights reveal the remodeling of gut mycobiome with P. gingivalis.	CONFIRMED_GUT
PRJNA669162	GUT_WGS	medium	inferred	Paper title: 'Integrated multi-omics reveal important roles of gut contents in intestinal ischemia-reperfusion induced injuries in rats.' Library_source: METAGENOMIC. Library_strategy: WGS. Host: Rattus norvegicus.	The paper title explicitly mentions 'gut contents' and 'intestinal' injury in rats, combined with shotgun metagenomic sequencing (WGS + METAGENOMIC library), clearly indicating a gut microbiome study; confidence is medium rather than high because the actual sample body site field is not populated in the metadata (inferred from title only).	Rattus norvegicus	47	METAGENOMIC	WGS	Integrated multi-omics reveal important roles of gut contents in intestinal ischemia-reperfusion induced injuries in rats.	CONFIRMED_GUT
PRJNA797557	NOT_METAGENOMIC	high	explicit	library_strategy: AMPLICON	The study uses 16S rRNA amplicon sequencing (AMPLICON strategy), not shotgun metagenomics (WGS/METAGENOMIC strategy), which excludes it from the GUT_WGS category despite explicit mention of honey bee gut as the body site.	Apis mellifera carnica	216	METAGENOMIC	AMPLICON	Community Dynamics in Structure and Function of Honey Bee Gut Bacteria in Response to Winter Dietary Shift.	EXCLUDED
PRJNA734104	GUT_WGS	high	explicit	Isolation source: 'Feces sample'; ENA study title: 'Metagenome or environmental sample from gut metagenome'; Biome label: 'gut metagenome'; library_source: 'METAGENOMIC'; library_strategy: 'WGS'	Multiple explicit statements confirm shotgun metagenomic sequencing (WGS + METAGENOMIC) of fecal samples from a gut microbiome.	Mouse	8	METAGENOMIC	WGS	Antibiotic-Induced Primary Biles Inhibit SARS-CoV-2 Endoribonuclease Nsp15 Activity in Mouse Gut.	CONFIRMED_GUT
PRJEB53563	NOT_METAGENOMIC	high	explicit	library_strategy: AMPLICON (indicated as NOT shotgun); library_source: METAGENOMIC; Host body site: UBERON:cecum (gut-proxy, explicitly stated)	Although the study targets gut microbiota (cecum) in a mouse, the library_strategy is AMPLICON, which indicates 16S/targeted amplicon sequencing rather than shotgun WGS metagenomic sequencing, making this NOT_METAGENOMIC despite the METAGENOMIC library_source label.	Mus musculus	99	METAGENOMIC	AMPLICON	Acetate reprograms gut microbiota during alcohol consumption.	EXCLUDED
PRJNA834938	NOT_METAGENOMIC	high	explicit	library_strategy: AMPLICON; Sample titles explicitly state '16S-23S rRNA sequencing'; Isolation source confirms 'fecal sample'	This is a 16S rRNA amplicon study (AMPLICON strategy), not shotgun metagenomics (WGS/METAGENOMIC strategy), despite the gut/fecal origin and METAGENOMIC library_source label.	Mus musculus	8	METAGENOMIC	AMPLICON	Investigation of memory-enhancing effects of Streptococcus thermophilus EG007 in mice and elucidating molecular and metagenomic characteristics using nanopore sequencing.	EXCLUDED
PRJNA799796	GUT_WGS	high	explicit	Biome label: 'mouse gut metagenome'; ENA study title: 'MIMARKS Survey related sample from mouse gut metagenome'; library_source: 'METAGENOMIC'; library_strategy: 'WGS'	Multiple sources explicitly state 'gut' as the body site, host is mouse (Mus musculus), library_source confirms metagenomic community DNA, and library_strategy confirms shotgun WGS approach.	Mus musculus	40	METAGENOMIC	WGS	Metagenomic and metabolomic analyses reveal synergistic effects of fecal microbiota transplantation and anti-PD-1 therapy on treating colorectal cancer.	CONFIRMED_GUT
PRJNA801062	GUT_WGS	medium	inferred	Paper title explicitly mentions 'Intestinal Microenvironment'; library_source=METAGENOMIC; library_strategy=WGS; host=Rattus norvegicus (rat)	The paper title explicitly states 'Intestinal Microenvironment' indicating gut focus, combined with shotgun metagenomic methodology (WGS+METAGENOMIC) in rats; however, no isolation_source or explicit body_site field confirms gut sampling, so body_site inference from title is required.	Rattus norvegicus	10	METAGENOMIC	WGS	Xiong Fu Powder Regulates the Intestinal Microenvironment to Protect Bones Against Destruction in Collagen-Induced Arthritis Rat Models.	CONFIRMED_GUT
PRJNA812961	NOT_METAGENOMIC	high	explicit	library_strategy: AMPLICON	Although the study is about gut microbiome of chickens (cecal, explicit body site), the library_strategy is AMPLICON, not WGS/METAGENOMIC shotgun sequencing, making this a 16S amplicon study rather than shotgun metagenomics.	Gallus gallus	34	METAGENOMIC	AMPLICON	Cecal Microbial Hydrogen Cycling Potential Is Linked to Feed Efficiency Phenotypes in Chickens.	EXCLUDED
PRJNA778056	NOT_METAGENOMIC	high	none	library_strategy: AMPLICON	AMPLICON sequencing (16S) is explicitly stated, not shotgun/WGS metagenomics, which disqualifies this from GUT_WGS classification regardless of other factors.	moso bamboo	21	METAGENOMIC	AMPLICON	The functional microbiota of on- and off-year moso bamboo (Phyllostachys edulis) influences the development of the bamboo pest Pantana phyllostachysae.	EXCLUDED
PRJNA772551	NOT_METAGENOMIC	high	none	library_strategy: RNA-Seq	RNA-Seq is a transcriptomic method, not shotgun metagenomics (which requires WGS or METAGENOMIC strategy), so this does not qualify as a WGS metagenomic study regardless of the gut-related title or METAGENOMIC library_source designation.	Mus musculus	1	METAGENOMIC	RNA-Seq	Tetragenococcus halophilus Alleviates Intestinal Inflammation in Mice by Altering Gut Microbiota and Regulating Dendritic Cell Activation via CD83.	EXCLUDED
PRJNA555826	NOT_METAGENOMIC	high	none	library_source: TRANSCRIPTOMIC; library_strategy: RNA-Seq	This is a transcriptomic RNA-Seq study of mosquito neurotranscriptomics, not shotgun metagenomic sequencing of community DNA.	Vertebrate	1	TRANSCRIPTOMIC	RNA-Seq	Bidirectional Microbiome-Gut-Brain-Axis Communication Influences Metabolic Switch-Associated Responses in the Mosquito Anopheles culicifacies.	EXCLUDED
PRJNA801070	GUT_WGS	high	explicit	ENA study titles explicitly state 'superworm gut microbiome metagenome' (multiple replicates) and 'superworm fecies microbiome'; isolation sources confirm 'superworm gut microbiome' and 'superworm feces microbiome'; library_source=METAGENOMIC; library_strategy=WGS; biome label='insect gut metagenome'	Multiple explicit statements of gut and fecal sampling combined with WGS metagenomic methodology clearly establish this as a shotgun metagenomics study of animal gut microbiome.	Zophobas morio	14	METAGENOMIC	WGS	Insights into plastic biodegradation: community composition and functional capabilities of the superworm (Zophobas morio) microbiome in styrofoam feeding trials.	CONFIRMED_GUT
PRJNA722696	NOT_METAGENOMIC	high	none	library_strategy: AMPLICON	The library_strategy is AMPLICON, not WGS or METAGENOMIC, which means this is 16S/amplicon sequencing rather than shotgun metagenomic sequencing.	Mus musculus	20	METAGENOMIC	AMPLICON	Short-chain fatty acids promote the effect of environmental signals on the gut microbiome and metabolome in mice.	EXCLUDED
PRJNA805262	NOT_METAGENOMIC	high	explicit	library_strategy: RNA-Seq	RNA-Seq is a transcriptomic sequencing method, not shotgun metagenomic sequencing (WGS/METAGENOMIC), despite the gut biome label and sample descriptions suggesting a gut microbiome study.		1	OTHER	RNA-Seq	Effects of therapeutic levels of dietary antibiotics on the cecal microbiome composition of broiler chickens.	EXCLUDED
PRJNA737742	NOT_METAGENOMIC	high	explicit	library_strategy: AMPLICON	Although the study is explicitly identified as gut microbiome work on mice with fecal samples, the library_strategy is AMPLICON (not WGS or METAGENOMIC shotgun), which disqualifies it from the GUT_WGS category; amplicon sequencing is not shotgun metagenomics.	Mus musculus	16	METAGENOMIC	AMPLICON	Murine Gut Microbiome Meta-analysis Reveals Alterations in Carbohydrate Metabolism in Response to Aging.	EXCLUDED
PRJNA739153	GUT_WGS	high	explicit	Paper title: 'Murine Gut Microbiome Meta-analysis...'; ENA study title: 'mouse gut metagenome'; Biome label: 'mouse gut metagenome'; Isolation source: 'feces-old-1' through 'feces-old-7'; library_source: 'METAGENOMIC'; library_strategy: 'WGS'	Multiple explicit declarations confirm this is shotgun metagenomic sequencing (WGS + METAGENOMIC) of mouse fecal samples from the gut microbiome.	Mus musculus	20	METAGENOMIC	WGS	Murine Gut Microbiome Meta-analysis Reveals Alterations in Carbohydrate Metabolism in Response to Aging.	CONFIRMED_GUT
PRJNA731974	GUT_WGS	high	explicit	ENA study title: 'Metagenome or environmental sample from mouse gut metagenome'; Biome label: 'mouse gut metagenome'; Isolation source: 'mouse fecal'; library_strategy: 'WGS'; library_source: 'GENOMIC'	Multiple explicit statements confirm shotgun metagenomic sequencing (WGS with GENOMIC library source) of mouse fecal/gut samples, meeting all criteria for GUT_WGS classification.	Mus musculus	12	GENOMIC	WGS	Positive Interventional Effect of Engineered Butyrate-Producing Bacteria on Metabolic Disorders and Intestinal Flora Disruption in Obese Mice.	CONFIRMED_GUT
PRJNA765168	NOT_METAGENOMIC	high	explicit	library_strategy: AMPLICON	This is a 16S amplicon study (AMPLICON library_strategy), not shotgun metagenomics (WGS/METAGENOMIC), despite the gut microbiome context.	Solea senegalensis	28	METAGENOMIC	AMPLICON	Solea senegalensis Bacterial Intestinal Microbiota Is Affected by Low Dietary Inclusion of Ulva ohnoi.	EXCLUDED
PRJNA494875	GUT_WGS	high	explicit	Isolation source: 'Feces_Pig19; Feces_Pig21; Feces_Pig6; feces pig1 day 0 after weanning; feces pig1 day 21 after weanning; feces pig1 day 7 after weanning; feces pig12 day 14 after weanning; feces pig12 day 21 after weanning'; Biome label: 'gut metagenome'; Library source: 'METAGENOMIC'; Library strategy: 'WGS'; Host: Sus scrofa (pig).	Isolation source explicitly specifies fecal samples from pigs, biome is labeled gut metagenome, and library strategy is WGS (shotgun metagenomic), confirming this is a shotgun metagenomics study of animal gut microbiome.	Sus scrofa	67	METAGENOMIC	WGS	A Bacterial Genome and Culture Collection of Gut Microbial in Weanling Piglet.	CONFIRMED_GUT
PRJNA561470	NOT_METAGENOMIC	high	explicit	library_strategy: AMPLICON	The library_strategy is explicitly stated as AMPLICON, which indicates 16S/amplicon sequencing rather than shotgun metagenomic sequencing (WGS), despite the metagenomic source label and gut-related sample descriptions.	Porcine	63	METAGENOMIC	AMPLICON	A Bacterial Genome and Culture Collection of Gut Microbial in Weanling Piglet.	EXCLUDED
PRJNA785094	NOT_METAGENOMIC	high	explicit	library_source: TRANSCRIPTOMIC; library_strategy: RNA-Seq; Sample title: '16S rRNA-Seq'	This is a 16S rRNA amplicon study (RNA-Seq of 16S rRNA), not shotgun metagenomic sequencing, despite the gut/fecal body site being explicitly stated.	Rhinopithecus bieti	1	TRANSCRIPTOMIC	RNA-Seq	Functional convergence of Yunnan snub-nosed monkey and bamboo-eating panda gut microbiomes revealing the driving by dietary flexibility on mammal gut microbiome.	EXCLUDED
PRJNA787384	GUT_WGS	high	explicit	Biome label(s): 'gut metagenome'; library_source: 'METAGENOMIC'; library_strategy: 'WGS'; Paper title explicitly mentions 'gut microbiomes'	The biome label explicitly states 'gut metagenome', the library source is metagenomic community DNA, the library strategy is WGS (shotgun), and the paper title confirms this is a gut microbiome study of Yunnan snub-nosed monkey (Rhinopithecus bieti).	Rhinopithecus bieti	24	METAGENOMIC	WGS	Functional convergence of Yunnan snub-nosed monkey and bamboo-eating panda gut microbiomes revealing the driving by dietary flexibility on mammal gut microbiome.	CONFIRMED_GUT
PRJEB48695	NOT_METAGENOMIC	high	explicit	library_strategy: AMPLICON	The library_strategy is explicitly AMPLICON, which indicates 16S rRNA gene profiling rather than shotgun metagenomics (WGS/METAGENOMIC), despite the gut body site being explicitly stated in sample titles.	Oncorhynchus mykiss	250	OTHER	AMPLICON	A multi-omics approach unravels metagenomic and metabolic alterations of a probiotic and synbiotic additive in rainbow trout (Oncorhynchus mykiss).	EXCLUDED
PRJNA657145	UNCERTAIN	low	inferred	Paper title mentions 'Fecal Microbiome Analysis' and 'healthy mice', but ENA metadata shows library_source='GENOMIC' (single-organism) not METAGENOMIC, isolation_source='Korean fermented food' (not animal), and sample is 'Lactobacillus acidophilus' (pure culture, not community).	Despite the paper title suggesting fecal mouse microbiome analysis, the ENA submission metadata indicates a single-organism genome (GENOMIC source, isolated from fermented food), not a shotgun metagenomic community sample, creating a critical mismatch between paper claims and actual submission classification.	Lactobacillus acidophilus	2	GENOMIC	WGS	Positive Effect of Lactobacillus acidophilus EG004 on Cognitive Ability of Healthy Mice by Fecal Microbiome Analysis Using Full-Length 16S-23S rRNA Metagenome Sequencing.	REVIEW
PRJNA781018	NOT_METAGENOMIC	high	explicit	library_strategy: AMPLICON; Paper title mentions '16S-23S rRNA metagenome sequencing'; isolation_source: 'fecal of mouse'	Although the study involves mouse gut fecal samples (explicit body site), the library_strategy is explicitly AMPLICON (16S rRNA gene sequencing), not shotgun/WGS metagenomic sequencing, making this a 16S amplicon study rather than WGS metagenomics.	Mus musculus	12	METAGENOMIC	AMPLICON	Positive Effect of Lactobacillus acidophilus EG004 on Cognitive Ability of Healthy Mice by Fecal Microbiome Analysis Using Full-Length 16S-23S rRNA Metagenome Sequencing.	EXCLUDED
PRJNA718160	GUT_WGS	high	explicit	ENA study title: 'MIMS Environmental/Metagenome sample from gut metagenome'; Biome label: 'gut metagenome'; library_source: 'METAGENOMIC'; library_strategy: 'WGS'	Multiple explicit references to 'gut metagenome' combined with shotgun metagenomic sequencing (WGS + METAGENOMIC library source) of animal hosts (primates) confirm this is a gut-specific WGS metagenomic study.	Rhinopithecus roxellana	28	METAGENOMIC	WGS	Captivity Influences the Gut Microbiome of Rhinopithecus roxellana.	CONFIRMED_GUT
PRJNA760288	NOT_METAGENOMIC	high	explicit	library_strategy: AMPLICON	AMPLICON sequencing (16S) is explicitly stated as the library strategy, which is not shotgun metagenomics despite the metagenomic source material and explicit fecal body site confirmation.	Rats	72	METAGENOMIC	AMPLICON	The effects of Levilactobacillus brevis on the physiological parameters and gut microbiota composition of rats subjected to desynchronosis.	EXCLUDED
PRJEB46472	NOT_METAGENOMIC	high	explicit	library_strategy: AMPLICON	Although the study targets rat gut microbiota (explicit in paper title and biome label), the library_strategy is AMPLICON, which indicates 16S rRNA gene sequencing, not shotgun/WGS metagenomics.	Rattus norvegicus	16	METAGENOMIC	AMPLICON	Time-restricted feeding induces Lactobacillus- and Akkermansia-specific functional changes in the rat fecal microbiota.	EXCLUDED
PRJNA448009	NOT_METAGENOMIC	high	explicit	library_strategy: AMPLICON	The library_strategy is explicitly AMPLICON, which indicates 16S rRNA gene sequencing, not shotgun metagenomics (WGS/METAGENOMIC), despite the gut context and metagenomic library_source label.	Mus musculus	166	METAGENOMIC	AMPLICON	Muribaculaceae Genomes Assembled from Metagenomes Suggest Genetic Drivers of Differential Response to Acarbose Treatment in Mice.	EXCLUDED
PRJNA699677	GUT_WGS	high	explicit	Isolation source: 'hindgut'; Sample title: 'Bumblebee hindgut'; ENA study title: 'Bumblebee hindgut'; Biome label: 'insect gut metagenome'; library_source: 'METAGENOMIC'	Multiple explicit statements confirm hindgut as the body site and metagenomic (shotgun community DNA) as the method for this animal gut microbiome study.	Bombus terrestris	29	METAGENOMIC	OTHER	Gut microbiome drives individual memory variation in bumblebees.	CONFIRMED_GUT
PRJNA408020	GUT_WGS	medium	inferred	Paper title explicitly states 'chicken gut microbiome'; library_strategy is 'WGS'; library_source is 'GENOMIC' (metagenomic); sample biome is 'bird metagenome'.	The paper title explicitly identifies the study as focusing on chicken gut microbiome with shotgun WGS metagenomic data, but the ENA metadata fields (Host body site, Isolation source) do not explicitly state 'gut' or 'fecal', requiring inference from the paper title rather than relying solely on structured metadata fields.	avian	130	GENOMIC	WGS	Metagenome-assembled genomes and gene catalog from the chicken gut microbiome aid in deciphering antibiotic resistomes.	CONFIRMED_GUT
PRJNA473429	GUT_WGS	high	explicit	Paper title: 'An integrated workflow for enhanced taxonomic and functional coverage of the mouse fecal metaproteome.' Biome label: 'mouse gut metagenome'. Library_source: 'METAGENOMIC'. Library_strategy: 'WGS'.	The paper title explicitly mentions 'fecal' and the biome label explicitly states 'mouse gut metagenome', combined with WGS metagenomic sequencing strategy, confirming this is a shotgun metagenomic study of mouse gut microbiome.	Mus	48	METAGENOMIC	WGS	An integrated workflow for enhanced taxonomic and functional coverage of the mouse fecal metaproteome.	CONFIRMED_GUT
PRJNA202303	NOT_METAGENOMIC	high	explicit	library_source: TRANSCRIPTOMIC; library_strategy: RNA-Seq	This is an RNA-Seq study (transcriptomic), not shotgun metagenomics of community DNA, despite the gut microbiome context in the biome label and paper title.		59	TRANSCRIPTOMIC	RNA-Seq	The Capacity to Produce Hydrogen Sulfide (H(2)S) via Cysteine Degradation Is Ubiquitous in the Human Gut Microbiome.	EXCLUDED
PRJNA671745	GUT_WGS	high	explicit	Isolation source(s) include 'gut of red swamp crayfish'; library_strategy: WGS; library_source: METAGENOMIC; ENA biome label includes 'invertebrate gut metagenome'; paper title explicitly states 'Gut Microbiota'	Multiple explicit statements confirm shotgun metagenomic sequencing (WGS, METAGENOMIC library source) of gut samples from red swamp crayfish (an animal), with gut clearly identified as the primary body site of interest in isolation source and study title.	sediment metagenome	44	METAGENOMIC	WGS	Metagenomics Analysis Reveals Compositional and Functional Differences in the Gut Microbiota of Red Swamp Crayfish, Procambarus clarkii, Grown on Two Different Culture Environments.	CONFIRMED_GUT
PRJNA705073	NOT_METAGENOMIC	high	explicit	library_strategy: AMPLICON	Although the body site is explicitly gut (isolation source specifies 'bumble bee gut', 'queen bumble bee gut', 'worker bumble bee gut'), the library_strategy is AMPLICON, which indicates 16S/amplicon sequencing rather than shotgun metagenomic sequencing, disqualifying it from GUT_WGS classification.	Bombus terrestris	188	METAGENOMIC	AMPLICON	Strain-level analysis reveals the vertical microbial transmission during the life cycle of bumblebee.	EXCLUDED
PRJNA729899	GUT_WGS	high	explicit	Isolation source: 'Cecal contents'; Biome label: 'mouse gut metagenome'; Library strategy: 'WGS'; Library source: 'GENOMIC'	Cecal contents is an explicit gut-proxy body site, the biome is explicitly labeled as gut metagenome, WGS with GENOMIC source indicates shotgun metagenomic sequencing of community DNA from the mouse gut.	Mus musculus	31	GENOMIC	WGS	Integrated Metagenomics and Metabolomics to Reveal the Effects of Policosanol on Modulating the Gut Microbiota and Lipid Metabolism in Hyperlipidemic C57BL/6 Mice.	CONFIRMED_GUT
PRJNA695151	NOT_METAGENOMIC	high	explicit	library_strategy: AMPLICON	The library_strategy is explicitly AMPLICON, which indicates 16S/targeted amplicon sequencing rather than shotgun metagenomic sequencing (WGS/METAGENOMIC), disqualifying it from GUT_WGS classification regardless of the gut-associated body site (midgut).	bee metagenome	18	METAGENOMIC	AMPLICON	The Native Dietary Habits of the Two Sympatric Bee Species and Their Effects on Shaping Midgut Microorganisms.	EXCLUDED
PRJEB47865	NOT_METAGENOMIC	high	explicit	library_strategy: AMPLICON	AMPLICON sequencing (16S) is explicitly stated as the strategy, which is not shotgun metagenomics, so this does not qualify as WGS metagenomics despite the gut metagenome biome label.		315	METAGENOMIC	AMPLICON	Cross-Sectional Analysis of the Microbiota of Human Gut and Its Direct Environment in a Household Cohort with High Background of Antibiotic Use.	EXCLUDED
PRJEB44507	GUT_WGS	high	explicit	Sample titles: 'Human paleofeces, Eurac ID 2604; Human paleofeces, Eurac ID 2610; Human paleofeces, Eurac ID 2611; Human paleofeces, Eurac ID 2612'; library_source: 'METAGENOMIC'; library_strategy: 'WGS'	Paleofeces are explicitly identified as the sample type (fecal material), and WGS metagenomic library preparation confirms this is shotgun metagenomics of gut microbiome from ancient human fecal samples.	Homo sapiens	4	METAGENOMIC	WGS	Hallstatt miners consumed blue cheese and beer during the Iron Age and retained a non-Westernized gut microbiome until the Baroque period.	CONFIRMED_GUT
PRJDB8800	NOT_METAGENOMIC	high	explicit	library_strategy: AMPLICON	The library_strategy is explicitly AMPLICON (16S), not shotgun/WGS metagenomic sequencing, which disqualifies this from GUT_WGS classification despite the gut body site being explicitly stated.	Lumbriculus variegatus	1	GENOMIC	AMPLICON	Differences of Gut Microbiota in the Freshwater Blackworm (Lumbriculus variegatus: Oligochaeta) in Two Different Habitat Conditions.	EXCLUDED
PRJNA683934	NOT_METAGENOMIC	high	explicit	library_strategy: AMPLICON	AMPLICON sequencing (16S) is not shotgun metagenomics, even though the body site (cecal) is explicitly gut-related and explicitly stated.	Mus musculus	73	GENOMIC	AMPLICON	Data on cecal and fecal microbiota and predicted metagenomes profiles of female mice receiving whole flaxseed or its oil and secoisolariciresinol diglucoside components.	EXCLUDED
PRJNA728669	GUT_WGS	high	explicit	Paper title: 'A Molecular Survey of Bacterial Species in the Guts of Black Soldier Fly Larvae (Hermetia illucens)'; library_source: GENOMIC with library_strategy: WGA (whole genome amplification, a shotgun approach for metagenomic community DNA)	The paper title explicitly states 'guts' as the body site, the host is an animal (Black Soldier Fly larvae), and WGA applied to GENOMIC material represents shotgun metagenomic sequencing of gut microbiota.	Hermetia illucens	1	GENOMIC	WGA	A Molecular Survey of Bacterial Species in the Guts of Black Soldier Fly Larvae (Hermetia illucens) Reared on Two Urban Organic Waste Streams in Kenya.	CONFIRMED_GUT
PRJNA665061	NOT_METAGENOMIC	high	explicit	library_strategy: AMPLICON	Although isolation source is explicitly 'feces' (gut proxy) and library_source is METAGENOMIC, the library_strategy is AMPLICON, which indicates 16S/marker gene sequencing rather than shotgun metagenomics and therefore does not qualify as WGS metagenomic.	Homo sapiens	105	METAGENOMIC	AMPLICON	The East Asian gut microbiome is distinct from colocalized White subjects and connected to metabolic health.	EXCLUDED
PRJNA750668	NOT_METAGENOMIC	high	explicit	library_strategy: AMPLICON	AMPLICON sequencing (16S rRNA) is not shotgun metagenomics; the study uses targeted amplicon approach rather than WGS/shotgun metagenomic sequencing.	Cicadidae	343	METAGENOMIC	AMPLICON	Fly-over phylogeny across invertebrate to vertebrate: The giant panda and insects share a highly similar gut microbiota.	EXCLUDED
PRJNA750776	UNCERTAIN	low	none	Biome label includes 'gut metagenome' and 'plant metagenome'; host organisms listed as Bambusa oldhamii, Cerambycidae, Phyllostachys edulis, Pyralidae; library_source=METAGENOMIC, library_strategy=WGS; however, no explicit animal host specified and no body_site field provided	While 'gut metagenome' appears in biome labels and WGS/METAGENOMIC methods are confirmed, the host organisms listed are primarily plants (bamboo species) and insects (beetle/moth families), with no explicit statement that these are the animal subjects or that gut samples were taken from them rather than from the plants or their associated microbiota.	Cerambycidae	12	METAGENOMIC	WGS	Fly-over phylogeny across invertebrate to vertebrate: The giant panda and insects share a highly similar gut microbiota.	REVIEW
PRJNA722063	GUT_WGS	high	explicit	Paper title explicitly states 'Fecal' analysis; Isolation source explicitly lists 'Fecal1; Fecal2; Fecal3; Fecal4; Fecal5; Fecal6'; library_strategy is 'WGS'; library_source is 'GENOMIC' (metagenomic community DNA).	This is a shotgun metagenomic study of fecal samples from an animal (Przewalski's horses), meeting all criteria for gut microbiome WGS metagenomics.	horse metagenome	6	GENOMIC	WGS	Metagenomic Analysis of Fecal Archaea, Bacteria, Eukaryota, and Virus in Przewalski's Horses Following Anthelmintic Treatment.	CONFIRMED_GUT
PRJNA715941	NOT_METAGENOMIC	high	none	library_strategy: AMPLICON	The study uses AMPLICON sequencing strategy (16S), not shotgun/WGS metagenomic sequencing, which disqualifies it from GUT_WGS classification regardless of the host organism or body site.	Capsicum pubescens	119	METAGENOMIC	AMPLICON	Metagenomic Survey of the Highly Polyphagous Anastrepha ludens Developing in Ancestral and Exotic Hosts Reveals the Lack of a Stable Microbiota in Larvae and the Strong Influence of Metamorphosis on Adult Gut Microbiota.	EXCLUDED
PRJNA658839	UNCERTAIN	low	inferred	library_source: METAGENOMIC; library_strategy: RNA-Seq; Paper title mentions 'Intestinal Microbiota'; Host: Mus musculus (mouse); Body site field is empty; Isolation source is empty	While the paper title explicitly mentions 'Intestinal Microbiota' suggesting gut origin, the library_strategy is listed as RNA-Seq rather than WGS/METAGENOMIC (shotgun), which contradicts the shotgun metagenomics requirement for GUT_WGS classification, creating uncertainty about the actual sequencing method used.	Mus musculus	32	METAGENOMIC	RNA-Seq	Targeting Purinergic Receptor P2RX1 Modulates Intestinal Microbiota and Alleviates Inflammation in Colitis.	REVIEW
PRJEB41222	GUT_WGS	high	explicit	Paper title: 'The link between broiler flock heterogeneity and cecal microbiome composition.' Library_strategy: WGS. Library_source: METAGENOMIC.	The paper title explicitly names 'cecal microbiome' (cecum is part of the gut), the methodology is shotgun metagenomics (WGS + METAGENOMIC), and broilers are chickens (animals).		60	METAGENOMIC	WGS	The link between broiler flock heterogeneity and cecal microbiome composition.	CONFIRMED_GUT
PRJEB40788	NOT_METAGENOMIC	high	explicit	library_strategy: AMPLICON	Although the sample is from pig fecal microbiota (gut source, explicitly stated), the library_strategy is AMPLICON, which indicates 16S rRNA gene sequencing rather than shotgun metagenomics (WGS/METAGENOMIC), so this does not qualify as a GUT_WGS study.	Sus scrofa	1	METAGENOMIC	AMPLICON	Assessment of Biolog Ecoplate(TM) method for functional metabolic diversity of aerotolerant pig fecal microbiota.	EXCLUDED
PRJNA738540	NOT_METAGENOMIC	high	explicit	library_strategy: AMPLICON	Although the isolation source is cecum (gut-proxy) and library_source is METAGENOMIC, the library_strategy is explicitly AMPLICON, which indicates 16S/targeted amplicon sequencing rather than shotgun metagenomic sequencing.	Mus musculus	43	METAGENOMIC	AMPLICON	Ear wound healing in MRL/MpJ mice is associated with gut microbiome composition and is transferable to non-healer mice via microbiome transplantation.	EXCLUDED
PRJNA648173	NOT_METAGENOMIC	high	explicit	library_strategy: AMPLICON	The library_strategy is explicitly AMPLICON, which is 16S/marker-gene sequencing, not shotgun metagenomics (WGS), despite the gut context and METAGENOMIC library_source label.	Alicella gigantea	9	METAGENOMIC	AMPLICON	Metagenomic Insights Into the Structure and Function of Intestinal Microbiota of the Hadal Amphipods.	EXCLUDED
PRJNA706869	GUT_WGS	high	explicit	Paper title explicitly states 'Hindgut Microbiota'; isolation source explicitly listed as 'cecum' (hindgut component); ENA study title and biome label both state 'gut metagenome'; library_source is 'METAGENOMIC'; host is Capra hircus (dairy goat, an animal).	Multiple explicit statements confirm shotgun metagenomic analysis (METAGENOMIC library_source) of an animal gut microbiome (cecum/hindgut of dairy goat), meeting all criteria for GUT_WGS classification.	Capra hircus	18	METAGENOMIC	OTHER	A Metagenomic Insight Into the Hindgut Microbiota and Their Metabolites for Dairy Goats Fed Different Rumen Degradable Starch.	CONFIRMED_GUT
PRJNA558047	NOT_METAGENOMIC	high	explicit	library_strategy: AMPLICON	The library_strategy is explicitly AMPLICON, which indicates 16S/amplicon sequencing rather than shotgun metagenomic sequencing (WGS/METAGENOMIC), disqualifying this as a shotgun metagenomics study regardless of the gut body site being explicitly stated in the biome label.	pangolin	9	GENOMIC	AMPLICON	The gut microbiome of the Sunda pangolin (Manis javanica) reveals its adaptation to specialized myrmecophagy.	EXCLUDED
PRJNA644640	NOT_METAGENOMIC	high	none	library_strategy: AMPLICON; Abstract notes '16S rRNA Gene Sequence Data'; isolation_source includes Lab reagents, PBS, Sucrose solution, Fish food pellet—not gut samples	This is a 16S rRNA amplicon study (not shotgun metagenomics) of mosquito tissues with control/contamination samples, not a gut microbiome study.	Aedes albopictus	92	GENOMIC	AMPLICON	Identification and Removal of Potential Contaminants in 16S rRNA Gene Sequence Data Sets from Low-Microbial-Biomass Samples: an Example from Mosquito Tissues.	EXCLUDED
PRJNA687492	UNCERTAIN	low	inferred	Paper title mentions 'Wild Drosophila Gut Microbiome'; host organism is 'Drosophila melanogaster'; library_source='GENOMIC' and library_strategy='WGS'; but isolation_source lists 'Apple dumpster; Kitchen A/B/C/D/E' not gut samples; sample titles describe individual Acetobacter and Enterobacter isolates not community samples.	Although the paper title explicitly states 'Gut Microbiome' and the host is Drosophila (an animal), the library_source='GENOMIC' (single-organism genomes) and isolation_sources (kitchen/dumpster environments) contradict a shotgun metagenomic study of gut community DNA, suggesting these are instead sequenced bacterial isolates cultured from the gut rather than direct community sequencing.	Drosophila melanogaster	81	GENOMIC	WGS	Genome-Inferred Correspondence between Phylogeny and Metabolic Traits in the Wild Drosophila Gut Microbiome.	REVIEW
PRJNA495032	NOT_METAGENOMIC	high	explicit	library_strategy: AMPLICON	Although the study targets gut microbiota of animals (lemurs) using fecal samples, the library_strategy is AMPLICON (16S), not WGS/METAGENOMIC shotgun sequencing, which disqualifies it from the GUT_WGS category.	Propithecus edwardsi	129	METAGENOMIC	AMPLICON	Gut microbiota of frugo-folivorous sifakas across environments.	EXCLUDED
PRJEB41306	GUT_WGS	high	explicit	Paper title: 'Interkingdom Gut Microbiome and Resistome of the Cockroach Blattella germanica'; Biome label: 'insect gut metagenome'; library_source: 'METAGENOMIC'; library_strategy: 'WGS'	The paper title explicitly states 'Gut Microbiome', the biome label explicitly identifies 'insect gut metagenome', the library source is metagenomic community DNA, and the strategy is shotgun WGS sequencing of the cockroach (Blattella germanica, an animal) gut microbiome.	insect gut metagenome	75	METAGENOMIC	WGS	Interkingdom Gut Microbiome and Resistome of the Cockroach Blattella germanica.	CONFIRMED_GUT
PRJNA646026	NOT_METAGENOMIC	high	explicit	library_strategy: AMPLICON	The library_strategy is explicitly stated as AMPLICON, which indicates 16S amplicon sequencing rather than shotgun metagenomics (WGS), disqualifying it from the GUT_WGS category regardless of the gut microbiome target.	Cyprinus carpio	25	METAGENOMIC	AMPLICON	Effects of phytonutrient-supplemented diets on the intestinal microbiota of Cyprinus carpio.	EXCLUDED
PRJNA667196	NOT_METAGENOMIC	high	explicit	library_strategy: AMPLICON; library_source: METAGENOMIC; isolation_source: cecal content samples	Although the study targets an animal gut site (mouse cecal content) and uses metagenomic library source, the library_strategy is explicitly AMPLICON, which indicates 16S/marker-gene sequencing rather than shotgun metagenomics, disqualifying it from GUT_WGS classification.	Mus musculus	92	METAGENOMIC	AMPLICON	Berberine attenuates choline-induced atherosclerosis by inhibiting trimethylamine and trimethylamine-N-oxide production via manipulating the gut microbiome.	EXCLUDED
PRJNA667205	NOT_METAGENOMIC	high	explicit	library_strategy: AMPLICON	The study uses AMPLICON sequencing (16S rRNA gene amplicon), not shotgun/WGS metagenomic sequencing, despite the metagenomic source material and explicit gut body site (cecal content).	Mus musculus	60	METAGENOMIC	AMPLICON	Berberine attenuates choline-induced atherosclerosis by inhibiting trimethylamine and trimethylamine-N-oxide production via manipulating the gut microbiome.	EXCLUDED
PRJNA404082	UNCERTAIN	low	mixed	ENA study title includes 'Adult mouse fecal pellets' (gut signal), but library_source='GENOMIC' (not METAGENOMIC), and biome labels include both 'gut metagenome'/'human gut metagenome' AND pure culture isolates (E. coli strains, H. pylori, C. israelensis). Isolation sources mix gut samples (fecal pellets, infant gut) with non-gut pathogens (duodenal ulcer H. pylori, cultured ATCC samples, plasmid DNA).	This study conflates metagenomic samples (fecal, gut) with pure isolate genomes and single-organism sequencing; the library_source='GENOMIC' contradicts metagenomic classification, and the sample composition is too heterogeneous to confirm this is primarily a shotgun gut microbiome study rather than a mixed methods study of bacterial genomes including some gut-derived isolates.	Homo sapiens	18	GENOMIC	WGS	Discovering multiple types of DNA methylation from bacteria and microbiome using nanopore sequencing.	REVIEW
PRJNA559199	NOT_METAGENOMIC	high	none	library_source: GENOMIC (not METAGENOMIC); Sample titles indicate pure cultures of individual bacterial species (e.g., 'Microbe sample from Bacillus amyloliquefaciens'); biome labels list single species, not communities	This is a study of isolated bacterial genomes using whole-genome amplification (WGA), not shotgun metagenomics of a microbial community from any body site.	Nocardia otitidiscaviarum	9	GENOMIC	WGA	Discovering multiple types of DNA methylation from bacteria and microbiome using nanopore sequencing.	EXCLUDED
PRJNA559386	GUT_WGS	high	explicit	Isolation source: 'fecal pellets; fecal pellets after Tylosin treatment'; ENA study title: 'Metagenome or environmental sample from mouse gut metagenome'; Biome label: 'mouse gut metagenome'; library_source: 'GENOMIC' (metagenomic community DNA); library_strategy: 'WGA' (whole-genome amplification, shotgun approach)	Fecal samples from mouse (Mus musculus) with explicit metagenomic library source and shotgun sequencing strategy constitute a gut microbiome WGS study.	Mus musculus	2	GENOMIC	WGA	Discovering multiple types of DNA methylation from bacteria and microbiome using nanopore sequencing.	CONFIRMED_GUT
PRJNA699440	GUT_WGS	high	explicit	Isolation source: 'feces'; ENA study title: 'Metagenome or environmental sample from mouse gut metagenome'; library_source: 'METAGENOMIC'; library_strategy: 'WGS'	Multiple explicit indicators confirm shotgun metagenomic sequencing of fecal/gut samples from mouse: fecal isolation source, WGS library strategy, METAGENOMIC library source, and gut metagenome labeling.	Mus musculus	1	METAGENOMIC	WGS	Neonatal Milk Fat Globule Membrane Supplementation During Breastfeeding Ameliorates the Deleterious Effects of Maternal High-Fat Diet on Metabolism and Modulates Gut Microbiota in Adult Mice Offspring in a Sex-Specific Way.	CONFIRMED_GUT
PRJEB39818	UNCERTAIN	low	inferred	library_source: GENOMIC; library_strategy: WGS; biome contains gut-associated bacteria (Akkermansia mucinophila, Bacteroides caecimuris, Bifidobacterium animalis, Enterococcus faecalis, Escherichia coli); sample titles include 'virions' and cryptic codes (EHS_C1, EHS_I1); no explicit host organism or body site stated	While the bacterial taxa are strongly gut-associated and the title mentions 'gut microbial strains,' the library_source is GENOMIC (single-organism) not METAGENOMIC (community), the samples appear to be cultured/isolated strains and virions rather than direct environmental samples, and no explicit host organism or body site is stated—making this appear to be in vitro work with isolated gut bacteria rather than a direct gut microbiome study.	Salmonella enterica subsp. enterica serovar Typhimurium	92	GENOMIC	WGS	High throughput sequencing provides exact genomic locations of inducible prophages and accurate phage-to-host ratios in gut microbial strains.	REVIEW
PRJNA698475	NOT_METAGENOMIC	high	explicit	library_strategy: AMPLICON	The library_strategy is explicitly AMPLICON (16S), not WGS/METAGENOMIC shotgun sequencing, which disqualifies this as a shotgun metagenomic study despite the gut microbiome sampling context.	Haemonchus contortus	2	METAGENOMIC	AMPLICON	Bacterial profiling of Haemonchus contortus gut microbiome infecting Dohne Merino sheep in South Africa.	EXCLUDED
PRJNA680753	NOT_METAGENOMIC	high	explicit	library_strategy: AMPLICON	AMPLICON sequencing (16S rRNA) is not shotgun metagenomic sequencing, regardless of the stated body site (midgut) or host organism.	Culex quinquefasciatus	9	GENOMIC	AMPLICON	Metagenome Sequencing Reveals the Midgut Microbiota Makeup of Culex pipiens quinquefasciatus and Its Possible Relationship With Insecticide Resistance.	EXCLUDED
PRJNA668192	NOT_METAGENOMIC	high	explicit	library_strategy: AMPLICON	AMPLICON sequencing (16S) is explicitly stated, not shotgun/WGS metagenomic sequencing, despite the gut microbiome context.	Cyclonaias_asperata;Cyclonaias asperata	60	GENOMIC	AMPLICON	Gut Microbiomes of Freshwater Mussels (Unionidae) Are Taxonomically and Phylogenetically Variable across Years but Remain Functionally Stable.	EXCLUDED
PRJNA609527	NOT_METAGENOMIC	high	explicit	library_strategy: AMPLICON	The study used AMPLICON sequencing (16S rRNA gene amplification), not shotgun metagenomics (WGS), as explicitly indicated by the library_strategy field, so it does not meet the definition of shotgun/WGS metagenomic study regardless of the gut body site.	Sprague Dawley rat	31	OTHER	AMPLICON	Antidepressants fluoxetine and amitriptyline induce alterations in intestinal microbiota and gut microbiome function in rats exposed to chronic unpredictable mild stress.	EXCLUDED
PRJNA663847	GUT_WGS	high	explicit	Isolation source: 'fecal sample'; ENA study title: 'faece'; Biome label: 'rat gut metagenome'; library_source: 'METAGENOMIC'; Paper title explicitly mentions 'intestinal microbiota and gut microbiome'	Multiple explicit statements confirm this is shotgun metagenomic sequencing (library_source=METAGENOMIC) of fecal/gut samples from rats, directly matching the GUT_WGS category.	Sprague Dawley rat	12	METAGENOMIC	OTHER	Antidepressants fluoxetine and amitriptyline induce alterations in intestinal microbiota and gut microbiome function in rats exposed to chronic unpredictable mild stress.	CONFIRMED_GUT
PRJEB37860	UNCERTAIN	low	none	library_source=METAGENOMIC; library_strategy=RNA-Seq; host organism=Blattella germanica (German cockroach); body_site not explicitly stated; isolation_source not provided	While the host is an animal (cockroach) and library_source is METAGENOMIC, the library_strategy is RNA-Seq (transcriptomic) rather than WGS/shotgun, and no body site is explicitly stated; without explicit confirmation of gut sampling and with transcriptomic rather than genomic methodology, classification cannot be determined.	Blattella germanica	24	METAGENOMIC	RNA-Seq	gNOMO: a multi-omics pipeline for integrated host and microbiome analysis of non-model organisms.	REVIEW
PRJEB39545	NOT_METAGENOMIC	high	none	library_strategy: AMPLICON	AMPLICON sequencing (16S/rRNA) is explicitly stated, not shotgun metagenomics (WGS/METAGENOMIC), so this does not qualify as a shotgun metagenomic study regardless of the animal host or gut-related paper title.	Hermetia illucens	45	GENOMIC	AMPLICON	Impact of Processed Food (Canteen and Oil Wastes) on the Development of Black Soldier Fly (Hermetia illucens) Larvae and Their Gut Microbiome Functions.	EXCLUDED
PRJEB38845	NOT_METAGENOMIC	high	explicit	library_strategy: AMPLICON	The study uses AMPLICON sequencing (16S rRNA gene amplicon), not shotgun/WGS metagenomics, which disqualifies it from the GUT_WGS category regardless of the gut body site being explicitly mentioned.	Oncorhynchus mykiss	32	METAGENOMIC	AMPLICON	Effects of full replacement of dietary fishmeal with insect meal from Tenebrio molitor on rainbow trout gut and skin microbiota.	EXCLUDED
PRJNA605019	NOT_METAGENOMIC	high	none	library_source: TRANSCRIPTOMIC; library_strategy: RNA-Seq	This is an RNA-Seq transcriptomic study, not shotgun metagenomic sequencing of community DNA.	Mus musculus	43	TRANSCRIPTOMIC	RNA-Seq	The pleiotropic effects of prebiotic galacto-oligosaccharides on the aging gut.	EXCLUDED
PRJNA605460	NOT_METAGENOMIC	high	explicit	library_strategy: AMPLICON	AMPLICON sequencing (16S, not shotgun) is explicitly stated as the library strategy, disqualifying this from shotgun metagenomic classification despite the gut body site being explicitly mentioned in the study and biome labels.	Mouse	328	METAGENOMIC	AMPLICON	The pleiotropic effects of prebiotic galacto-oligosaccharides on the aging gut.	EXCLUDED
PRJNA605640	GUT_WGS	high	explicit	Biome label: 'mouse gut metagenome'; Paper title: 'The pleiotropic effects of prebiotic galacto-oligosaccharides on the aging gut'; library_strategy: 'WGS'; library_source: 'GENOMIC'	The biome label explicitly identifies 'mouse gut metagenome', the paper title explicitly mentions 'aging gut', library strategy is WGS (shotgun), and library source is GENOMIC (community DNA), confirming this is a shotgun metagenomic study of mouse gut microbiome.	Mouse	12	GENOMIC	WGS	The pleiotropic effects of prebiotic galacto-oligosaccharides on the aging gut.	CONFIRMED_GUT
PRJNA606062	NOT_METAGENOMIC	high	explicit	library_strategy: AMPLICON (explicitly stated as AMPLICON, not WGS or METAGENOMIC)	The library_strategy is AMPLICON, which indicates 16S amplicon sequencing rather than shotgun metagenomic sequencing, regardless of the gut microbiome context.	Mouse	111	METAGENOMIC	AMPLICON	The pleiotropic effects of prebiotic galacto-oligosaccharides on the aging gut.	EXCLUDED
PRJNA647157	GUT_WGS	high	explicit	Paper title: 'Characterization of Metagenome-Assembled Genomes and Carbohydrate-Degrading Genes in the Gut Microbiota of Tibetan Pig'; ENA study title: 'Metagenome or environmental sample from gut metagenome'; Biome label: 'gut metagenome'; Isolation source: 'fresh feces'; library_source: 'METAGENOMIC'; library_strategy: 'WGS'	Multiple explicit statements confirm shotgun metagenomic sequencing of gut microbiota from fecal samples of an animal (Tibetan pig).	tibetan pig	11	METAGENOMIC	WGS	Characterization of Metagenome-Assembled Genomes and Carbohydrate-Degrading Genes in the Gut Microbiota of Tibetan Pig.	CONFIRMED_GUT
PRJNA657669	NOT_METAGENOMIC	high	explicit	library_strategy: AMPLICON	The study uses AMPLICON sequencing (16S rRNA gene amplicon), not shotgun/WGS metagenomic sequencing, despite the gut microbiome focus and metagenomic biome label.	gilthead sea bream	85	METAGENOMIC	AMPLICON	Effect of dietary oil from Camelina sativa on the growth performance, fillet fatty acid profile and gut microbiome of gilthead Sea bream (Sparus aurata).	EXCLUDED
PRJNA628144	NOT_METAGENOMIC	high	explicit	library_strategy: AMPLICON	AMPLICON library strategy indicates 16S rRNA gene sequencing, not shotgun metagenomics, despite the metagenomic source designation and gut body site information.	Molpadia musculus	36	METAGENOMIC	AMPLICON	Genomic Characterization of a Novel Tenericutes Bacterium from Deep-Sea Holothurian Intestine.	EXCLUDED
PRJNA656992	NOT_METAGENOMIC	high	explicit	library_strategy: AMPLICON	AMPLICON sequencing (16S) is explicitly stated, which is not shotgun metagenomic sequencing; therefore this does not qualify as a WGS metagenomic study regardless of body site.	Mus musculus	51	GENOMIC	AMPLICON	Selective Bacterial Colonization of the Murine Larynx in a Gnotobiotic Model.	EXCLUDED
PRJNA667247	GUT_WGS	high	explicit	Isolation source(s): 'Duodenum Biopsy; Duodenum Lumen'; library_source: 'METAGENOMIC'; library_strategy: 'WGA' (shotgun metagenomics); host organism: 'Bos taurus'	The duodenum is part of the small intestine and qualifies as a gut/intestinal microbiome site; the study uses shotgun metagenomic sequencing (WGA strategy) of community DNA from an animal gut location.	Bos taurus	36	METAGENOMIC	WGA	In vivo Microbiome Profiling of the Luminal and Mucosal Surface of the Duodenum Using a Cannulated Yearling Bovine Model.	CONFIRMED_GUT
PRJNA609985	NOT_METAGENOMIC	high	inferred	library_strategy: AMPLICON; Paper title mentions 'intestinal microbiota'	This is a 16S rRNA amplicon study (AMPLICON library strategy), not shotgun metagenomics (WGS/METAGENOMIC), despite the paper discussing intestinal microbiota of gilthead sea bream.	Sparus aurata	60	METAGENOMIC	AMPLICON	Genetic selection for growth drives differences in intestinal microbiota composition and parasite disease resistance in gilthead sea bream.	EXCLUDED
PRJNA645287	NOT_METAGENOMIC	high	none	library_strategy: AMPLICON	AMPLICON sequencing (16S) is explicitly stated, which is not shotgun metagenomic sequencing regardless of the gut context.	Triatoma rubrofasciata	49	OTHER	AMPLICON	Dynamic of Composition and Diversity of Gut Microbiota in Triatoma rubrofasciata in Different Developmental Stages and Environmental Conditions.	EXCLUDED
PRJNA601771	NOT_METAGENOMIC	high	explicit	library_strategy: AMPLICON	Although the biome label explicitly states 'fish gut metagenome' and the study clearly targets zebrafish gut microbiota, the library_strategy is AMPLICON (not WGS/METAGENOMIC shotgun), which disqualifies it from the GUT_WGS category as amplicon sequencing is not shotgun metagenomics.	Danio rerio 'biological replicate = 1'	12	METAGENOMIC	AMPLICON	Alterations in the Gut Microbiota of Zebrafish (Danio rerio) in Response to Water-Soluble Crude Oil Components and Its Mixture With a Chemical Dispersant.	EXCLUDED
PRJNA603642	NOT_METAGENOMIC	high	explicit	library_strategy: AMPLICON	The library_strategy is AMPLICON, which indicates 16S amplicon sequencing rather than shotgun metagenomic sequencing; shotgun metagenomics requires WGS or METAGENOMIC strategy designation.	Capra	16	METAGENOMIC	AMPLICON	Cryptosporidium parvum Infection Depletes Butyrate Producer Bacteria in Goat Kid Microbiome.	EXCLUDED
PRJNA602878	NOT_METAGENOMIC	high	none	library_strategy: AMPLICON	The library_strategy is explicitly AMPLICON, which indicates 16S rRNA gene sequencing, not shotgun metagenomics (WGS/METAGENOMIC), regardless of the paper title mentioning gut microbiome.	Mus musculus	9	METAGENOMIC	AMPLICON	Alterations of Gut Microbiome and Metabolite Profiling in Mice Infected by Schistosoma japonicum.	EXCLUDED
PRJNA602960	NOT_METAGENOMIC	high	inferred	library_strategy: AMPLICON	The library_strategy is explicitly AMPLICON, which indicates 16S/targeted sequencing rather than shotgun metagenomics, disqualifying this as a WGS metagenomic study regardless of the gut context suggested by the paper title.	Mus musculus	30	OTHER	AMPLICON	Alterations of Gut Microbiome and Metabolite Profiling in Mice Infected by Schistosoma japonicum.	EXCLUDED
PRJEB23642	GUT_WGS	high	explicit	ENA study title and sample titles explicitly list gut anatomical sites: 'Jejunum', 'Ileum', 'Colon'; library_source: METAGENOMIC; library_strategy: WGS; host organism is Balaenoptera acutorostrata (minke whale, an animal).	Multiple samples explicitly identify specific intestinal segments (jejunum, ileum, colon) from a whale, with shotgun metagenomic sequencing (WGS + METAGENOMIC library source), confirming this is a gut microbiome study.	Balaenoptera acutorostrata	12	METAGENOMIC	WGS	Large-Scale Metagenome Assembly Reveals Novel Animal-Associated Microbial Genomes, Biosynthetic Gene Clusters, and Other Genetic Diversity.	CONFIRMED_GUT
PRJEB38078	UNCERTAIN	low	none	library_source: METAGENOMIC; library_strategy: WGS; sample titles include animal names (Horse, Kulan, Eurasian_Blackcap, House_Mouse, Red_Fox, etc.); no explicit body_site or isolation_source provided	While the study is clearly shotgun metagenomic (WGS + METAGENOMIC), the body site is completely unstated—it could be gut, skin, oral, environmental, or other animal-associated habitats—and cannot be reliably inferred from animal species names alone without additional context.	Anser anser	289	METAGENOMIC	WGS	Large-Scale Metagenome Assembly Reveals Novel Animal-Associated Microbial Genomes, Biosynthetic Gene Clusters, and Other Genetic Diversity.	REVIEW
PRJNA316560	GUT_WGS	high	explicit	ENA study title: 'Metagenome or environmental sample from gut metagenome'; Biome label: 'gut metagenome'; library_source: 'METAGENOMIC'; library_strategy: 'WGS'; Host organism: 'Anser indicus' (a bird)	Multiple explicit statements confirm this is shotgun metagenomic sequencing of gut microbiota from an animal host, with the body site directly specified in the ENA study title and biome label.	Anser indicus	2	METAGENOMIC	WGS	Large-Scale Metagenome Assembly Reveals Novel Animal-Associated Microbial Genomes, Biosynthetic Gene Clusters, and Other Genetic Diversity.	CONFIRMED_GUT
PRJNA316570	GUT_WGS	high	explicit	ENA study title: 'wild Bar-headed goose gut metagenome_1; wild Bar-headed goose gut metagenome_2'; Biome label: 'gut metagenome'; library_source: 'METAGENOMIC'; library_strategy: 'WGS'	Multiple explicit statements confirm shotgun metagenomics of animal gut: study titles and biome labels directly state 'gut metagenome', library source is METAGENOMIC (community DNA), and library strategy is WGS (shotgun).	Anser indicus	2	METAGENOMIC	WGS	Large-Scale Metagenome Assembly Reveals Novel Animal-Associated Microbial Genomes, Biosynthetic Gene Clusters, and Other Genetic Diversity.	CONFIRMED_GUT
PRJNA624740	GUT_WGS	high	explicit	Isolation source: 'fecal sample 1; fecal sample 2; fecal sample 3; fecal sample 4; fecal sample 5'; library_source: 'METAGENOMIC'; library_strategy: 'WGS'; Paper title: 'Metagenomic insights into the diversity of carbohydrate-degrading enzymes in the yak fecal microbial community'; ENA study title and biome label both reference 'gut metagenome'.	Multiple explicit signals confirm this is shotgun metagenomic sequencing (WGS + METAGENOMIC library source) of fecal samples from yak (Bos grunniens), a ruminant gut microbiome study.	Bos grunniens	5	METAGENOMIC	WGS	Metagenomic insights into the diversity of carbohydrate-degrading enzymes in the yak fecal microbial community.	CONFIRMED_GUT
PRJNA629058	NOT_METAGENOMIC	high	explicit	library_strategy: AMPLICON	Although the study targets gut microbiome (explicit body site signal), the library_strategy is AMPLICON, which indicates 16S rRNA gene sequencing rather than shotgun/WGS metagenomics, making it NOT_METAGENOMIC by the classification criteria.	Large intestine	1	METAGENOMIC	AMPLICON	A network approach to investigating the key microbes and stability of gut microbial communities in a mouse neuropathic pain model.	EXCLUDED
PRJEB38000	GUT_WGS	medium	inferred	Paper title explicitly states 'Gut Microbiomes of Adults'; library_source='METAGENOMIC'; library_strategy='WGS'	The paper title explicitly mentions 'Gut Microbiomes', the library_source and strategy confirm shotgun metagenomic sequencing, but host organism and body site fields are empty in the ENA metadata, so gut assignment relies on the paper title rather than structured metadata fields.		94	METAGENOMIC	WGS	Strain-Level Analysis of Bifidobacterium spp. from Gut Microbiomes of Adults with Differing Lactase Persistence Genotypes.	CONFIRMED_GUT
PRJNA593335	NOT_METAGENOMIC	high	none	library_strategy: AMPLICON	AMPLICON sequencing (16S rRNA) is explicitly stated, which is not shotgun metagenomics regardless of the gut-related context in the paper title.	zebrafish metagenome	64	GENOMIC	AMPLICON	Polyphenols in the Fermentation Liquid of Dendrobium candidum Relieve Intestinal Inflammation in Zebrafish Through the Intestinal Microbiome-Mediated Immune Response.	EXCLUDED
PRJNA634365	NOT_METAGENOMIC	high	explicit	library_strategy: AMPLICON; Paper title explicitly states '16S rRNA Gene Fecal Microbiota Analysis'	This is a 16S rRNA amplicon study, not shotgun metagenomics (WGS), despite the fecal/gut origin being explicitly stated in the paper title.	Sus scrofa	938	METAGENOMIC	AMPLICON	Discovery of Predictors of Mycoplasma hyopneumoniae Vaccine Response Efficiency in Pigs: 16S rRNA Gene Fecal Microbiota Analysis.	EXCLUDED
PRJNA561088	NOT_METAGENOMIC	high	explicit	library_strategy: AMPLICON	The study uses AMPLICON sequencing (16S rRNA gene amplicon), not shotgun/WGS metagenomic sequencing, which disqualifies it from the GUT_WGS category despite having explicit gut sample evidence (mouse feces).	Mus musculus	30	METAGENOMIC	AMPLICON	Bioinformatics Analysis of Gut Microbiota and CNS Transcriptome in Virus-Induced Acute Myelitis and Chronic Inflammatory Demyelination; Potential Association of Distinct Bacteria With CNS IgA Upregulation.	EXCLUDED
PRJNA597953	NOT_METAGENOMIC	high	none	Host organism: Orbicella faveolata and Pseudodiploria strigosa (corals, not animals with guts); Isolation source: coral reef; Biome label: coral metagenome	This is a metagenomics study of coral-associated microbiota, not an animal gut microbiome; the hosts are cnidarians (corals) which lack a true gastrointestinal tract, and the study explicitly targets coral reef/coral metagenome samples, not gut/fecal material.	Orbicella faveolata	18	METAGENOMIC	WGS	A multiomic analysis of in situ coral-turf algal interactions.	EXCLUDED
PRJNA528812	NOT_METAGENOMIC	high	explicit	library_strategy: AMPLICON	The study used AMPLICON sequencing strategy (16S), not shotgun/WGS metagenomic sequencing, therefore it does not meet the definition of a shotgun metagenomic study despite the gut microbiome subject matter.	mouse	1	GENOMIC	AMPLICON	Administration of Exogenous Melatonin Improves the Diurnal Rhythms of the Gut Microbiota in Mice Fed a High-Fat Diet.	EXCLUDED
PRJNA528844	NOT_METAGENOMIC	high	explicit	library_strategy: AMPLICON	AMPLICON sequencing (16S rRNA) is not shotgun metagenomics, regardless of the explicit gut body site and metagenomic labeling.		1	GENOMIC	AMPLICON	Administration of Exogenous Melatonin Improves the Diurnal Rhythms of the Gut Microbiota in Mice Fed a High-Fat Diet.	EXCLUDED
PRJEB32496	GUT_WGS	high	explicit	Paper title: 'Antibiotic resistomes discovered in the gut microbiomes of Korean swine and cattle'; ENA study title: 'Animal gut microbiome'; Biome label: 'gut metagenome'; Sample title: 'Animal gut microbiome'; library_source: 'METAGENOMIC'; library_strategy: 'WGS'	Multiple explicit statements identify this as shotgun metagenomic sequencing (WGS + METAGENOMIC) of animal gut microbiomes from swine and cattle.	Bos	77	METAGENOMIC	WGS	Antibiotic resistomes discovered in the gut microbiomes of Korean swine and cattle.	CONFIRMED_GUT
PRJEB31298	NOT_METAGENOMIC	high	explicit	library_strategy: AMPLICON	AMPLICON sequencing (not WGS/shotgun metagenomic) is explicitly stated, making this a 16S study rather than shotgun metagenomics, despite the gut body site being clearly indicated.		636	OTHER	AMPLICON	Influenza infection elicits an expansion of gut population of endogenous Bifidobacterium animalis which protects mice against infection.	EXCLUDED
PRJNA579886	NOT_GUT	high	explicit	Host body site: (none); Sample title: 'Viral Metagenome from Belgian Honey bees'; Biome label: 'insect metagenome'; Library source: METAGENOMIC	This is shotgun metagenomics (library_source=METAGENOMIC, library_strategy=OTHER applied to community DNA) of honey bees, but no body site is specified and the sample title indicates viral metagenome from the whole organism without gut-specific isolation language, making it a non-gut insect microbiome study.	Apis mellifera	2	METAGENOMIC	OTHER	Honey-bee-associated prokaryotic viral communities reveal wide viral diversity and a profound metabolic coding potential.	EXCLUDED
PRJEB31051	GUT_WGS	high	explicit	Paper title explicitly states 'Gut Microbiota'; biome label states 'insect gut metagenome'; library_source=METAGENOMIC; library_strategy=WGS	Multiple explicit statements confirm this is shotgun metagenomic sequencing (WGS + METAGENOMIC) of the gut microbiota of an insect host (Blattella germanica, the German cockroach).	insect gut metagenome	113	METAGENOMIC	WGS	Unraveling Assemblage, Functions and Stability of the Gut Microbiota of Blattella germanica by Antibiotic Treatment.	CONFIRMED_GUT
PRJNA478457	GUT_WGS	high	explicit	ENA study title: 'mouse gut metagenome'; Biome label: 'gut metagenome'; library_strategy: 'WGS'; library_source: 'GENOMIC'	Multiple explicit statements confirm shotgun metagenomics (WGS strategy) of mouse gut microbiome, with no conflicting evidence.	mouse	49	GENOMIC	WGS	The effect of antibiotics on the gut microbiome: a metagenomics analysis of microbial shift and gut antibiotic resistance in antibiotic treated mice.	CONFIRMED_GUT
PRJNA542015	NOT_METAGENOMIC	high	explicit	library_strategy: AMPLICON	The study uses AMPLICON sequencing (16S), not shotgun/WGS metagenomic approach, making it ineligible for GUT_WGS classification despite clear evidence of gut body site and animal host.	Penaeus vannamei	5	GENOMIC	AMPLICON	Microecological Koch's postulates reveal that intestinal microbiota dysbiosis contributes to shrimp white feces syndrome.	EXCLUDED
PRJNA560474	NOT_METAGENOMIC	high	explicit	library_strategy: AMPLICON	AMPLICON sequencing (16S rRNA) is not shotgun metagenomics, regardless of the explicit gut/fecal body site signals in the study and sample titles.	Gazella subgutturosa	49	GENOMIC	AMPLICON	Gut Microbiota Plasticity Influences the Adaptability of Wild and Domestic Animals in Co-inhabited Areas.	EXCLUDED
PRJNA560663	NOT_METAGENOMIC	high	explicit	library_strategy: AMPLICON	AMPLICON sequencing (16S) is explicitly stated, which is not shotgun metagenomics regardless of the gut-related metadata and METAGENOMIC library_source label.	Gazella subgutturosa	8	METAGENOMIC	AMPLICON	Gut Microbiota Plasticity Influences the Adaptability of Wild and Domestic Animals in Co-inhabited Areas.	EXCLUDED
PRJNA533250	NOT_METAGENOMIC	high	explicit	library_strategy: AMPLICON	The library_strategy is explicitly marked as AMPLICON, which indicates 16S rRNA gene sequencing rather than shotgun metagenomics (WGS), disqualifying this from GUT_WGS classification despite the gut body site being explicitly stated.	Gallus gallus domesticus	96	METAGENOMIC	AMPLICON	Tendentious effects of automated and manual metagenomic DNA purification protocols on broiler gut microbiome taxonomic profiling.	EXCLUDED
PRJDB4202	NOT_METAGENOMIC	high	explicit	library_strategy: AMPLICON; biome label: 'uncultured human oral bacterium'; paper title mentions 'Mouse Gut' but samples are human oral	This is an AMPLICON study (not shotgun metagenomics), and the biome and host organism indicate human oral samples, not animal gut microbiome.	Homo sapiens	66	METAGENOMIC	AMPLICON	The Mouse Gut Microbial Biobank expands the coverage of cultured bacteria.	EXCLUDED
PRJNA388263	NOT_METAGENOMIC	high	explicit	library_strategy: AMPLICON	AMPLICON sequencing (16S rRNA gene amplicon) is not shotgun metagenomics; the study uses AMPLICON library_strategy, not WGS/METAGENOMIC, making it ineligible for GUT_WGS classification regardless of gut origin.	Homo sapiens	829	METAGENOMIC	AMPLICON	The Mouse Gut Microbial Biobank expands the coverage of cultured bacteria.	EXCLUDED
PRJNA393083	NOT_METAGENOMIC	high	none	library_strategy: AMPLICON	The library_strategy is explicitly AMPLICON (not WGS or METAGENOMIC), which means this is 16S/amplicon sequencing, not shotgun metagenomic sequencing, regardless of the gut-related title and biome label.	9606	72	METAGENOMIC	AMPLICON	The Mouse Gut Microbial Biobank expands the coverage of cultured bacteria.	EXCLUDED
PRJNA400789	NOT_METAGENOMIC	high	explicit	library_strategy: AMPLICON	The library_strategy is explicitly marked as AMPLICON, which indicates 16S amplicon sequencing rather than shotgun metagenomic sequencing (WGS/METAGENOMIC), disqualifying it from GUT_WGS classification despite the explicit gut body site (caecum) and metagenomic biome label.	Mus musculus	359	METAGENOMIC	AMPLICON	The Mouse Gut Microbial Biobank expands the coverage of cultured bacteria.	EXCLUDED
PRJNA417284	NOT_METAGENOMIC	high	explicit	library_strategy: AMPLICON	The library_strategy is explicitly AMPLICON, which indicates 16S/amplicon sequencing rather than shotgun metagenomics (WGS), disqualifying this from GUT_WGS classification despite explicit gut body site identification.		1	METAGENOMIC	AMPLICON	The Mouse Gut Microbial Biobank expands the coverage of cultured bacteria.	EXCLUDED
PRJNA418420	NOT_METAGENOMIC	high	explicit	library_strategy: AMPLICON	Although the biome label and isolation source clearly indicate mouse gut samples, the library_strategy is AMPLICON (16S), not WGS/METAGENOMIC shotgun sequencing, which disqualifies this as a shotgun metagenomic study.		36	METAGENOMIC	AMPLICON	The Mouse Gut Microbial Biobank expands the coverage of cultured bacteria.	EXCLUDED
PRJNA453406	NOT_METAGENOMIC	high	explicit	library_strategy: AMPLICON	The library_strategy is explicitly AMPLICON (16S), not WGS/METAGENOMIC shotgun sequencing, which disqualifies this as a shotgun metagenomic study regardless of host or body site.	Homo sapiens	48	METAGENOMIC	AMPLICON	The Mouse Gut Microbial Biobank expands the coverage of cultured bacteria.	EXCLUDED
PRJEB31742	GUT_WGS	high	explicit	Paper title: 'Characterization of the Pig Gut Microbiome and Antibiotic Resistome in Industrialized Feedlots in China'; Biome label: 'gut metagenome'; library_source: 'METAGENOMIC'; library_strategy: 'WGS'	Title explicitly identifies pig gut microbiome, biome label explicitly states 'gut metagenome', and library strategy confirms shotgun metagenomics (WGS + METAGENOMIC source).		4	METAGENOMIC	WGS	Characterization of the Pig Gut Microbiome and Antibiotic Resistome in Industrialized Feedlots in China.	CONFIRMED_GUT
PRJEB27835	NOT_METAGENOMIC	high	explicit	library_strategy: AMPLICON	Although the study targets gut (feces) of an animal (Mus musculus), the library_strategy is explicitly AMPLICON, which is not shotgun metagenomic sequencing (16S/amplicon surveys are excluded from WGS/shotgun metagenomics).	mus musculus	12	METAGENOMIC	AMPLICON	Gut Dysbiosis with Minimal Enteritis Induced by High Temperature and Humidity.	EXCLUDED
PRJNA554554	NOT_METAGENOMIC	high	explicit	library_strategy: AMPLICON	This is a 16S rRNA amplicon study (AMPLICON library strategy), not shotgun metagenomics (WGS/METAGENOMIC), despite the paper's focus on intestinal microbiota of Sparus aurata (gilthead seabream).	Sparus aurata	30	METAGENOMIC	AMPLICON	Sex, Age, and Bacteria: How the Intestinal Microbiota Is Modulated in a Protandrous Hermaphrodite Fish.	EXCLUDED
PRJEB29448	NOT_METAGENOMIC	high	explicit	library_source: TRANSCRIPTOMIC; library_strategy: RNA-Seq; sample titles specify 'Transcriptome from... anterior gut' and 'Transcriptome from... dorsal skin'	This is a transcriptomic (RNA-Seq) study, not a shotgun metagenomic study of community DNA, despite the gut body site being explicitly mentioned in sample titles.	Solea senegalensis	4	TRANSCRIPTOMIC	RNA-Seq	Understanding pseudo-albinism in sole (Solea senegalensis): a transcriptomics and metagenomics approach.	EXCLUDED
PRJEB29449	NOT_METAGENOMIC	high	explicit	library_strategy: AMPLICON	Although gut samples are explicitly mentioned in sample titles, the library_strategy is AMPLICON (16S/marker gene sequencing), not shotgun/WGS metagenomics, which disqualifies this as a GUT_WGS study.	fish metagenome	10	METAGENOMIC	AMPLICON	Understanding pseudo-albinism in sole (Solea senegalensis): a transcriptomics and metagenomics approach.	EXCLUDED
PRJEB29749	NOT_METAGENOMIC	high	explicit	library_strategy: AMPLICON	AMPLICON sequencing (16S/marker gene) is not shotgun metagenomics, regardless of the gut samples present in the study.	fish metagenome	14	METAGENOMIC	AMPLICON	Understanding pseudo-albinism in sole (Solea senegalensis): a transcriptomics and metagenomics approach.	EXCLUDED
PRJNA291441	NOT_METAGENOMIC	high	explicit	library_strategy: AMPLICON; Paper title explicitly states 'amplicon sequencing'; Isolation sources include 'Gut Digesta sample', 'Egested fecal pellet sample', and 'Gut Tissue sample'	Although gut-associated samples are present and explicitly stated, the library_strategy is AMPLICON (16S/rRNA gene sequencing), not shotgun metagenomics (WGS), which disqualifies this as a GUT_WGS study.	Lytechinus variegatus	10	METAGENOMIC	AMPLICON	High-throughput amplicon sequencing datasets of the metacommunity DNA of the gut microbiota of naturally occurring and laboratory aquaculture green sea urchins Lytechinus variegatus.	EXCLUDED
PRJNA326427	NOT_METAGENOMIC	high	explicit	library_strategy: AMPLICON	The study uses AMPLICON sequencing (16S rRNA gene amplification), not shotgun/WGS metagenomic sequencing, so it does not qualify as a WGS metagenomic study despite being from gut samples.	Lytechinus variegatus	18	METAGENOMIC	AMPLICON	High-throughput amplicon sequencing datasets of the metacommunity DNA of the gut microbiota of naturally occurring and laboratory aquaculture green sea urchins Lytechinus variegatus.	EXCLUDED
PRJNA542645	GUT_WGS	high	explicit	Isolation source: 'fecal matter'; Host organism: 'Mus musculus'; Library source: 'GENOMIC' (metagenomic community DNA); Library strategy: 'Hi-C' (shotgun-based proximity-ligation approach for metagenomics)	Fecal matter from a mammalian host (mouse) with metagenomic sequencing strategy explicitly indicates shotgun metagenomic sampling of gut microbiota, despite the Hi-C method being specialized for recovering bins rather than standard WGS.	Mus musculus	1	GENOMIC	Hi-C	MetaTOR: A Computational Pipeline to Recover High-Quality Metagenomic Bins From Mammalian Gut Proximity-Ligation (meta3C) Libraries.	CONFIRMED_GUT
PRJNA509897	UNCERTAIN	low	explicit	Isolation source: 'Rectal Faeces' (gut-proxy); library_source: 'METAGENOMIC'; library_strategy: 'RNA-Seq'	While isolation source and library_source support gut WGS classification, the library_strategy is listed as 'RNA-Seq' rather than 'WGS' or 'METAGENOMIC', creating a contradiction that cannot be resolved from the evidence provided.	Sus scrofa	1	METAGENOMIC	RNA-Seq	Beneficial roles of probiotics on the modulation of gut microbiota and immune response in pigs.	REVIEW
PRJNA510200	NOT_METAGENOMIC	high	none	library_source: TRANSCRIPTOMIC; library_strategy: RNA-Seq	The study is RNA-Seq transcriptomics, not shotgun metagenomics of community DNA; TRANSCRIPTOMIC library_source and RNA-Seq strategy explicitly exclude this from shotgun metagenomic classification.		1	TRANSCRIPTOMIC	RNA-Seq	Beneficial roles of probiotics on the modulation of gut microbiota and immune response in pigs.	EXCLUDED
PRJNA555120	GUT_WGS	high	explicit	Biome label: 'feces metagenome'; Sample titles: 'Invivo Fecal Sample1-12'; ENA study title references 'Fecal Sample'; Paper title: 'gut virome community'; library_source: 'METAGENOMIC'; Host: 'Macaca mulatta' (rhesus monkey).	Fecal samples from a primate are explicitly identified as the source material, the library source is metagenomic (shotgun community sequencing), and the paper title confirms gut/virome focus, meeting all criteria for gut WGS metagenomics.	Macaca mulatta	12	METAGENOMIC	OTHER	The altered gut virome community in rhesus monkeys is correlated with the gut bacterial microbiome and associated metabolites.	CONFIRMED_GUT
PRJNA545913	NOT_METAGENOMIC	high	explicit	library_strategy: AMPLICON; paper title explicitly mentions 'ITS Profiling' (fungal amplicon marker gene); biome label 'human gut metagenome' and host 'Homo sapiens' confirm gut origin but NOT shotgun method	This is an amplicon study (ITS profiling of fungi) not shotgun/WGS metagenomics, despite being from the human gut microbiome.	Homo sapiens	22	METAGENOMIC	AMPLICON	Longitudinal Survey of Fungi in the Human Gut: ITS Profiling, Phenotyping, and Colonization.	EXCLUDED
PRJNA541181	NOT_METAGENOMIC	high	explicit	library_strategy: AMPLICON	The library_strategy is explicitly AMPLICON, which indicates 16S rRNA gene sequencing, not shotgun metagenomics (WGS/METAGENOMIC), regardless of the gut body site being explicit in isolation sources and sample titles.	Mus musculus	84	METAGENOMIC	AMPLICON	Spatial metagenomic characterization of microbial biogeography in the gut.	EXCLUDED
PRJNA411766	UNCERTAIN	low	inferred	Paper title mentions 'commensal microbiome' of sperm whale; library_source='GENOMIC' and library_strategy='WGS' confirm shotgun metagenomic method; host body site field is empty; isolation_source field is empty.	While the method is clearly shotgun metagenomics (WGS) of a marine mammal, the specific body site (gut vs. skin vs. oral vs. other commensal site) is not explicitly stated in any provided field, and 'commensal microbiome' in the title is ambiguous without access to the full paper.	Physeter macrocephalus	24	GENOMIC	WGS	A survey of the sperm whale (Physeter catodon) commensal microbiome.	REVIEW
PRJNA512056	NOT_METAGENOMIC	high	none	library_strategy: AMPLICON	The study used AMPLICON sequencing strategy (not WGS/METAGENOMIC shotgun), which typically targets 16S rRNA and is not shotgun metagenomics.	Apostichopus japonicus	9	GENOMIC	AMPLICON	Genomic and Metagenomic Insights Into the Microbial Community in the Regenerating Intestine of the Sea Cucumber Apostichopus japonicus.	EXCLUDED
PRJNA518164	GUT_WGS	high	explicit	Paper title explicitly states 'Microbial Community in the Regenerating Intestine'; library_source: METAGENOMIC; library_strategy: WGS; host organism Apostichopus japonicus (sea cucumber).	The paper title explicitly specifies the intestine as the body site, the study employs shotgun metagenomic sequencing (WGS + METAGENOMIC), and the host is an animal (sea cucumber), meeting all criteria for gut WGS metagenomics.	Apostichopus japonicus	4	METAGENOMIC	WGS	Genomic and Metagenomic Insights Into the Microbial Community in the Regenerating Intestine of the Sea Cucumber Apostichopus japonicus.	CONFIRMED_GUT
PRJNA541010	NOT_METAGENOMIC	high	explicit	library_strategy: AMPLICON	The library_strategy is explicitly AMPLICON, which indicates 16S rRNA gene sequencing, not shotgun metagenomics (WGS/METAGENOMIC), despite the biome label and metagenomic library source designation.	Macaca mulatta	129	METAGENOMIC	AMPLICON	Correlation between Disease Severity and the Intestinal Microbiome in Mycobacterium tuberculosis-Infected Rhesus Macaques.	EXCLUDED
PRJEB23858	NOT_METAGENOMIC	high	explicit	library_strategy: AMPLICON	Although the study targets gut microbiota of piglets during weaning (explicit from paper title and biome label), the library_strategy is AMPLICON (16S), not WGS/METAGENOMIC shotgun sequencing, making this an amplicon study rather than shotgun metagenomics.		42	METAGENOMIC	AMPLICON	Faecal microbiota shift during weaning transition in piglets and evaluation of AO blood types as shaping factor for the bacterial community profile.	EXCLUDED
PRJNA193472	GUT_WGS	high	explicit	ENA study title: 'Generic sample from termite gut metagenome'; Biome label: 'termite gut metagenome'; library_source: 'METAGENOMIC'; library_strategy: 'WGS'	The study explicitly identifies the body site as termite gut in both the ENA study title and biome label, uses shotgun metagenomic sequencing (WGS + METAGENOMIC library source) of community DNA from an animal host.	Macrotermes natalensis	3	METAGENOMIC	WGS	Fungiculture in Termites Is Associated with a Mycolytic Gut Bacterial Community.	CONFIRMED_GUT
PRJNA508806	NOT_METAGENOMIC	high	explicit	library_strategy: AMPLICON	The library_strategy is AMPLICON, which indicates 16S/amplicon sequencing rather than shotgun metagenomic sequencing, making this ineligible for GUT_WGS classification despite the explicit gut microbiome body site.	Macaca fuscata	1	METAGENOMIC	AMPLICON	The development and ecology of the Japanese macaque gut microbiome from weaning to early adolescence in association with diet.	EXCLUDED
PRJNA486876	NOT_METAGENOMIC	high	explicit	library_strategy: AMPLICON	This is a 16S rRNA amplicon study (AMPLICON library strategy), not shotgun metagenomic sequencing (WGS/METAGENOMIC strategy), so it does not qualify as a GUT_WGS study regardless of the gut-related sample sources.	Gallus gallus	97	METAGENOMIC	AMPLICON	Characterization of microbial communities in the chicken oviduct and the origin of chicken embryo gut microbiota.	EXCLUDED
PRJNA521510	NOT_METAGENOMIC	high	explicit	library_strategy: AMPLICON	The study used AMPLICON sequencing (16S), not shotgun/WGS metagenomic sequencing, despite having a gut microbiome focus and metagenomic library source label.	Sus scrofa	45	METAGENOMIC	AMPLICON	Influence of the Intestinal Microbiota on Colonization Resistance to Salmonella and the Shedding Pattern of Naturally Exposed Pigs.	EXCLUDED
PRJEB21490	GUT_WGS	medium	inferred	Paper title: 'Subchronic low-dose 2,4-D exposure changed plasma acylcarnitine levels and induced gut microbiome perturbations in mice.' library_source: METAGENOMIC, library_strategy: WGS	The paper title explicitly mentions 'gut microbiome' and the study used shotgun metagenomic sequencing (WGS + METAGENOMIC), but the formal ENA metadata fields for host organism and body site are not populated, so gut origin is inferred from the paper title rather than explicit in structured metadata.	metagenomes	10	METAGENOMIC	WGS	Subchronic low-dose 2,4-D exposure changed plasma acylcarnitine levels and induced gut microbiome perturbations in mice.	CONFIRMED_GUT
PRJNA481237	NOT_METAGENOMIC	high	explicit	library_strategy: AMPLICON	The study uses AMPLICON sequencing strategy (16S), not shotgun/WGS metagenomic sequencing, despite the gut microbiome being explicitly identified in the biome label.	Mouse01	48	OTHER	AMPLICON	Fto Deficiency Reduces Anxiety- and Depression-Like Behaviors in Mice via Alterations in Gut Microbiota.	EXCLUDED
PRJNA415259	UNCERTAIN	low	explicit	library_strategy: RNA-Seq (not WGS or METAGENOMIC); library_source: METAGENOMIC; isolation_source: Control_faeces, Dose_0.5g/kg_faeces, Dose_1g/kg_faeces	While gut origin is explicitly confirmed by fecal isolation source and biome label 'pig gut metagenome', the library_strategy is listed as 'RNA-Seq' rather than shotgun WGS/METAGENOMIC, creating a critical conflict: RNA-Seq typically indicates transcriptomics (NOT_METAGENOMIC) rather than community DNA shotgun sequencing, so the classification cannot be confidently determined.	Sus scrofa	3	METAGENOMIC	RNA-Seq	Dietary Lysozyme Alters Sow's Gut Microbiota, Serum Immunity and Milk Metabolite Profile.	REVIEW
PRJNA355137	NOT_GUT	medium	explicit	Isolation source(s): 'hemolymph and gut'; library_source: 'METATRANSCRIPTOMIC' (not metagenomic DNA); library_strategy: 'RNA-Seq' (not WGS/shotgun)	Although gut is mentioned in isolation source, this is metatranscriptomic (RNA) analysis via RNA-Seq rather than shotgun metagenomic DNA sequencing, and the primary focus appears to be on a hemocoel-associated bacterial symbiont (Dactylopiibacterium carminicum) across multiple body sites including hemolymph, disqualifying it from the WGS metagenomic gut category.	Dactylopius coccus	1	METATRANSCRIPTOMIC	RNA-Seq	Metatranscriptomic Analysis of the Bacterial Symbiont Dactylopiibacterium carminicum from the Carmine Cochineal Dactylopius coccus (Hemiptera: Coccoidea: Dactylopiidae).	EXCLUDED
PRJNA487659	NOT_METAGENOMIC	high	explicit	library_strategy: AMPLICON	The library_strategy is explicitly AMPLICON, which indicates 16S amplicon sequencing, not shotgun metagenomics (WGS/METAGENOMIC), disqualifying this as a shotgun metagenomic study despite the gut source.	Astyanax mexicanus	6	METAGENOMIC	AMPLICON	Microbiome differences between river-dwelling and cave-adapted populations of the fish Astyanax mexicanus (De Filippi, 1853).	EXCLUDED
PRJNA422950	NOT_METAGENOMIC	high	explicit	library_strategy: AMPLICON	The study uses AMPLICON sequencing strategy (16S), not shotgun/WGS metagenomic sequencing, which disqualifies it from GUT_WGS classification regardless of the explicit gut body site and metagenomic source designation.	Penaeus vannamei	68	METAGENOMIC	AMPLICON	Microbiome analysis of Pacific white shrimp gut and rearing water from Malaysia and Vietnam: implications for aquaculture research and management.	EXCLUDED
PRJEB28368	NOT_METAGENOMIC	high	explicit	library_strategy: AMPLICON	Although the study targets gut microbiota (cecal samples from wild mice) and uses metagenomic library source, the AMPLICON library strategy indicates 16S rRNA gene sequencing rather than shotgun metagenomics, which excludes it from GUT_WGS classification.	Mus musculus domesticus	92	METAGENOMIC	AMPLICON	Altitudinal variation of the gut microbiota in wild house mice.	EXCLUDED
PRJNA464414	NOT_METAGENOMIC	high	none	library_strategy: AMPLICON	The study uses 16S rRNA amplicon sequencing (AMPLICON strategy), not shotgun metagenomics (WGS/METAGENOMIC), so it does not qualify as a shotgun metagenomic study regardless of body site.	Homo sapiens	69	GENOMIC	AMPLICON	Comparison of Microbiota in Patients Treated by Surgery or Chemotherapy by 16S rRNA Sequencing Reveals Potential Biomarkers for Colorectal Cancer Therapy.	EXCLUDED
PRJNA430956	GUT_WGS	high	explicit	Biome label: 'gut metagenome'; Library source: 'METAGENOMIC'; Library strategy: 'WGS'; Paper title explicitly mentions 'Gut Microbiota'	The biome label explicitly states 'gut metagenome', the library source and strategy confirm shotgun metagenomic sequencing (WGS/METAGENOMIC), and the paper title confirms the study characterizes gut microbiota of baboons.	Papio kindae	8	METAGENOMIC	WGS	Characterization of Wild and Captive Baboon Gut Microbiota and Their Antibiotic Resistomes.	CONFIRMED_GUT
PRJNA472839	NOT_METAGENOMIC	high	explicit	library_strategy: AMPLICON	The study used AMPLICON sequencing (16S), not shotgun/WGS metagenomic methods, despite being from a gut site; AMPLICON is explicitly not shotgun metagenomics.	Rattus norvegicus	6	OTHER	AMPLICON	Responses of Intestinal Mucosal Barrier Functions of Rats to Simulated Weightlessness.	EXCLUDED
PRJNA419985	GUT_WGS	high	explicit	Biome label: 'rat gut metagenome'; Isolation source: 'stool'; Library source: 'METAGENOMIC'; Library strategy: 'WGS'	Multiple explicit markers confirm this is shotgun metagenomic sequencing of rat gut microbiome: the biome label directly states 'rat gut metagenome', stool is an explicit gut-proxy body site, and WGS metagenomic library construction confirms community DNA shotgun approach.	Rat	16	METAGENOMIC	WGS	Saturated long-chain fatty acid-producing bacteria contribute to enhanced colonic motility in rats.	CONFIRMED_GUT
PRJNA329560	NOT_METAGENOMIC	high	explicit	library_strategy: AMPLICON	The study uses AMPLICON sequencing (16S rRNA gene), not shotgun/WGS metagenomic sequencing, despite the paper title mentioning gut microbiota and biome labels including 'gut metagenome'.	Ictalurus punctatus	89	METAGENOMIC	AMPLICON	Comparison of Channel Catfish and Blue Catfish Gut Microbiota Assemblages Shows Minimal Effects of Host Genetics on Microbial Structure and Inferred Function.	EXCLUDED
PRJNA381379	GUT_WGS	high	explicit	Paper title explicitly states 'faecal microbiota'; ENA study title states 'kakapo fecal metagenomes'; sample titles state 'kakapo feces'; isolation source states 'kakapo feces'; biome label includes 'gut metagenome'; library_strategy is WGS.	Multiple explicit references to fecal/faecal samples and gut metagenome designation, combined with WGS shotgun sequencing strategy, confirm this is a shotgun metagenomic study of an animal gut microbiome.	Strigops habroptila	3	GENOMIC	WGS	Network-guided genomic and metagenomic analysis of the faecal microbiota of the critically endangered kakapo.	CONFIRMED_GUT
PRJNA342544	NOT_METAGENOMIC	high	explicit	library_strategy: AMPLICON (not WGS or METAGENOMIC); isolation_source: feces	Although the study targets mouse gut microbiota from fecal samples, the library_strategy is AMPLICON (16S), not shotgun metagenomics, so it does not qualify as a WGS metagenomic study.	Mus musculus	1	METAGENOMIC	AMPLICON	Modulation of Active Gut Microbiota by Lactobacillus rhamnosus GG in a Diet Induced Obesity Murine Model.	EXCLUDED
PRJEB22905	NOT_METAGENOMIC	high	explicit	library_strategy: AMPLICON	The library_strategy is explicitly AMPLICON, which represents 16S/targeted amplicon sequencing, not shotgun metagenomics (WGS/METAGENOMIC), disqualifying it from GUT_WGS classification regardless of the gut body site.	Aedes aegypti	92	METAGENOMIC	AMPLICON	Diverse laboratory colonies of Aedes aegypti harbor the same adult midgut bacterial microbiome.	EXCLUDED
PRJNA414273	NOT_METAGENOMIC	high	none	library_source: GENOMIC (not METAGENOMIC); paper title indicates 'hologenomic adaptations' suggesting host genome sequencing; sample described as 'Model organism or animal sample from Desmodus rotundus' without any gut/fecal/intestinal specification	The library_source is explicitly GENOMIC (single-organism genome), not METAGENOMIC (community DNA), and there is no indication of gut microbiome sampling in any field.	Desmodus rotundus	1	GENOMIC	WGS	Hologenomic adaptations underlying the evolution of sanguivory in the common vampire bat.	EXCLUDED
PRJNA415003	GUT_WGS	high	explicit	Isolation source(s): feces; library_source: METAGENOMIC; library_strategy: WGS	Shotgun metagenomic sequencing (WGS + METAGENOMIC) of fecal samples from bat hosts, which is an explicit gut-proxy body site.	Desmodus rotundus	50	METAGENOMIC	WGS	Hologenomic adaptations underlying the evolution of sanguivory in the common vampire bat.	CONFIRMED_GUT
PRJNA279212	NOT_METAGENOMIC	high	explicit	library_strategy: AMPLICON	The study uses AMPLICON sequencing (16S), not shotgun/WGS metagenomic methods, despite the metagenomic biome label and intestinal origin.	Fejervarya limnocharis	1	METAGENOMIC	AMPLICON	Composition and Functional Specialists of the Gut Microbiota of Frogs Reflect Habitat Differences and Agricultural Activity.	EXCLUDED
PRJNA89097	NOT_METAGENOMIC	high	explicit	library_strategy: AMPLICON	The library_strategy is explicitly stated as AMPLICON, which indicates 16S rRNA gene sequencing rather than shotgun metagenomics (WGS), disqualifying this as a shotgun metagenomic study despite the gut microbiome context.	Mus musculus	37	GENOMIC	AMPLICON	Modulation of the intestinal bile acid/farnesoid X receptor/fibroblast growth factor 15 axis improves alcoholic liver disease in mice.	EXCLUDED
PRJEB19895	NOT_METAGENOMIC	high	none	library_strategy: AMPLICON	AMPLICON sequencing (16S) is explicitly stated, which is not shotgun metagenomics and therefore does not qualify as WGS metagenomics regardless of the gut microbiome context.	human-healthy children	13	METAGENOMIC	AMPLICON	Diet, Environments, and Gut Microbiota. A Preliminary Investigation in Children Living in Rural and Urban Burkina Faso and Italy.	EXCLUDED
PRJNA343678	NOT_METAGENOMIC	high	explicit	library_strategy: AMPLICON	The library_strategy is explicitly stated as AMPLICON, which indicates 16S rRNA gene sequencing, not shotgun metagenomics (WGS/METAGENOMIC); therefore this is not a shotgun metagenomic study despite the gut metagenome classification labels.	Gallus gallus	115	METAGENOMIC	AMPLICON	Feed-additive probiotics accelerate yet antibiotics delay intestinal microbiota maturation in broiler chicken.	EXCLUDED
PRJEB21054	NOT_METAGENOMIC	high	explicit	library_strategy: AMPLICON; library_source: METAGENOMIC; Isolation source: stool	Although the study targets gut material (stool) from an animal host, the library_strategy is AMPLICON (not WGS/METAGENOMIC shotgun), which means this is 16S amplicon sequencing, not shotgun metagenomics.	Tremarctos ornatus	21	METAGENOMIC	AMPLICON	Captivity Shapes the Gut Microbiota of Andean Bears: Insights into Health Surveillance.	EXCLUDED
PRJNA362233	NOT_METAGENOMIC	high	explicit	library_strategy: AMPLICON; biome label: 'gut metagenome'; sample title: 'Asimplex v4 16s sequences'	Although the study targets the Mormon cricket (Anabrus simplex) gut microbiome, the sequencing strategy is AMPLICON (16S rRNA gene sequencing), not shotgun/WGS metagenomic sequencing, which disqualifies it from the GUT_WGS category.	Anabrus simplex	59	METAGENOMIC	AMPLICON	Spatial Structure of the Mormon Cricket Gut Microbiome and its Predicted Contribution to Nutrition and Immune Function.	EXCLUDED
PRJNA341914	NOT_METAGENOMIC	high	none	library_strategy: AMPLICON	AMPLICON sequencing (16S) is explicitly stated, which excludes this from shotgun metagenomics regardless of the metagenomic library source label.	brown tree frog	2	METAGENOMIC	AMPLICON	Inferring Microbial Interactions in the Gut of the Hong Kong Whipping Frog (Polypedates megacephalus) and a Validation Using Probiotics.	EXCLUDED
PRJNA371720	NOT_METAGENOMIC	high	explicit	library_strategy: AMPLICON	Although the study targets mouse gut microbiome (explicit), the library_strategy is AMPLICON (16S), not WGS/METAGENOMIC shotgun sequencing, which disqualifies it from the GUT_WGS category.	Mus musculus	91	METAGENOMIC	AMPLICON	Microbiome and metabolome modifying effects of several cardiovascular disease interventions in apo-E(-/-) mice.	EXCLUDED
PRJNA320968	NOT_METAGENOMIC	high	explicit	library_strategy: AMPLICON	The library_strategy is explicitly AMPLICON, which indicates 16S rRNA gene sequencing rather than shotgun metagenomics, disqualifying this as a WGS metagenomic study despite the gut source and metagenomic biome label.	Salamandra salamandra	213	METAGENOMIC	AMPLICON	Amphibian gut microbiota shifts differentially in community structure but converges on habitat-specific predicted functions.	EXCLUDED
PRJEB8035	NOT_METAGENOMIC	high	none	library_strategy: AMPLICON	AMPLICON sequencing (16S rRNA gene) is explicitly stated, which is not shotgun metagenomic sequencing and therefore does not meet the WGS/shotgun metagenomics requirement for GUT_WGS classification.	Mus musculus	538	OTHER	AMPLICON	Dietary Emulsifier-Induced Low-Grade Inflammation Promotes Colon Carcinogenesis.	EXCLUDED
PRJEB13279	NOT_METAGENOMIC	high	explicit	library_strategy: AMPLICON	The library_strategy is explicitly AMPLICON, which indicates 16S amplicon sequencing, not shotgun/WGS metagenomic sequencing, despite the metagenomic biome label and metagenomic library source.		159	METAGENOMIC	AMPLICON	Prolonged transfer of feces from the lean mice modulates gut microbiota in obese mice.	EXCLUDED
PRJEB12306	NOT_METAGENOMIC	high	explicit	library_strategy: AMPLICON	The library_strategy is explicitly marked as AMPLICON, which indicates 16S amplicon sequencing rather than shotgun metagenomic sequencing, despite the metagenomic library_source designation and gut-related metadata.	rat gut metagenome	136	METAGENOMIC	AMPLICON	Effect of postnatal low-dose exposure to environmental chemicals on the gut microbiome in a rodent model.	EXCLUDED
PRJNA297907	NOT_METAGENOMIC	high	explicit	library_strategy: AMPLICON	Although the samples are from cow feces (a gut-proxy site), the sequencing method is AMPLICON (16S), not shotgun/WGS metagenomic, which disqualifies this as a GUT_WGS study.	cow dung metagenome	80	METAGENOMIC	AMPLICON	Rapid Microbiome Changes in Freshly Deposited Cow Feces under Field Conditions.	EXCLUDED
PRJNA281761	NOT_METAGENOMIC	high	explicit	library_strategy: AMPLICON	The study uses AMPLICON sequencing strategy (not WGS/METAGENOMIC shotgun), which typically targets 16S rRNA and is not shotgun metagenomics despite the metagenomic library source annotation.	Mus musculus	30	METAGENOMIC	AMPLICON	Influence of whole-wheat consumption on fecal microbial community structure of obese diabetic mice.	EXCLUDED
PRJNA269993	GUT_WGS	high	explicit	Paper title: 'Metagenomic Analysis of Antibiotic Resistance Genes in Dairy Cow Feces...'; ENA study title: 'Bacterial metagenome isolated from cow feces'; Biome label: 'bovine gut metagenome'; Sample title: 'Bacterial metagenome isolated from cow feces'; library_source: METAGENOMIC; library_strategy: WGS	Multiple explicit statements identify this as shotgun metagenomic sequencing (WGS + METAGENOMIC library source) of cow feces (gut-proxy), with consistent terminology across title, biome label, and sample metadata.	Cow	1	METAGENOMIC	WGS	Metagenomic Analysis of Antibiotic Resistance Genes in Dairy Cow Feces following Therapeutic Administration of Third Generation Cephalosporin.	CONFIRMED_GUT
PRJNA280489	NOT_METAGENOMIC	high	explicit	library_strategy: AMPLICON	Although the study is of an animal gut microbiome (Macrobrachium nipponense shrimp gut, explicitly stated), the library_strategy is AMPLICON (16S), not WGS/METAGENOMIC shotgun sequencing, which disqualifies it from the GUT_WGS category.	Macrobrachium nipponense	6	METAGENOMIC	AMPLICON	Effects of Host Phylogeny and Habitats on Gut Microbiomes of Oriental River Prawn (Macrobrachium nipponense).	EXCLUDED
PRJEB8312	NOT_METAGENOMIC	high	explicit	library_strategy: AMPLICON	The study uses AMPLICON sequencing (16S), not shotgun/WGS metagenomic sequencing, which excludes it from the GUT_WGS category despite having explicit gut body site evidence and metagenomic source metadata.	Apodemus flavicollis	131	METAGENOMIC	AMPLICON	Interactions between multiple helminths and the gut microbiota in wild rodents.	EXCLUDED
PRJNA283552	NOT_METAGENOMIC	high	none	library_strategy: AMPLICON	AMPLICON sequencing (16S) is explicitly stated, which is not shotgun metagenomics and therefore does not qualify as WGS metagenomic regardless of body site.	Mus musculus	448	METAGENOMIC	AMPLICON	Metabolic and metagenomic outcomes from early-life pulsed antibiotic treatment.	EXCLUDED
PRJEB6941	UNCERTAIN	low	none	Paper title mentions 'intestinal viromes' but sample biome label is 'synthetic metagenome' with no host organism, host body site, or isolation source specified.	Although the paper title explicitly references intestinal viromes, the ENA metadata indicates a synthetic metagenome with no animal host or body site information, making it impossible to confirm this is a genuine animal gut study versus a methodological benchmark using synthetic samples.	synthetic metagenome	8	METAGENOMIC	WGS	Evaluation of methods to purify virus-like particles for metagenomic sequencing of intestinal viromes.	REVIEW
PRJEB5969	NOT_METAGENOMIC	high	none	library_strategy: AMPLICON	The study used AMPLICON sequencing (16S, not shotgun WGS/metagenomic), which disqualifies it from the GUT_WGS category regardless of the rat host or likely gut sampling.	Rattus norvegicus	67	GENOMIC	AMPLICON	Age and microenvironment outweigh genetic influence on the Zucker rat microbiome.	EXCLUDED
PRJNA240141	NOT_METAGENOMIC	high	explicit	library_strategy: AMPLICON	The library_strategy is explicitly AMPLICON, which indicates 16S amplicon sequencing, not shotgun/WGS metagenomic sequencing, despite the gut/fecal sample origin being clearly stated.	Elephas maximus indicus	2	METAGENOMIC	AMPLICON	A comparative metagenome survey of the fecal microbiota of a breast- and a plant-fed Asian elephant reveals an unexpectedly high diversity of glycoside hydrolase family enzymes.	EXCLUDED
PRJNA237098	NOT_METAGENOMIC	high	explicit	library_strategy: AMPLICON	The study uses AMPLICON sequencing (16S rRNA gene amplification), not shotgun/WGS metagenomic sequencing, so it does not qualify as a WGS metagenomic study despite having gut samples and metagenomic biome labels.	Hirudo verbana	4	METAGENOMIC	AMPLICON	Metagenomic analysis of the medicinal leech gut microbiota.	EXCLUDED
PRJNA158313	GUT_WGS	high	explicit	Sample titles: 'feccal sample of Rhinopithecus bieti; feccal sample of pygmy loris'; library_source: METAGENOMIC; library_strategy: WGS; Biome label includes 'gut metagenome'	Fecal samples are explicitly stated, library_source is METAGENOMIC with WGS strategy indicating shotgun metagenomics, and gut metagenome is explicitly labeled in biome information.	Rhinopithecus bieti	2	METAGENOMIC	WGS	Gene sets for utilization of primary and secondary nutrition supplies in the distal gut of endangered Iberian lynx.	CONFIRMED_GUT
