study_accession	verdict	confidence	body_site_signal	evidence	reasoning	host_species	n_samples	library_source	library_strategy	paper_title	tier
PRJNA1218022	NOT_METAGENOMIC	high	explicit	library_strategy: AMPLICON	The study uses AMPLICON sequencing (16S), not shotgun/WGS metagenomic sequencing, despite the metagenomic biome label and gut isolation source.	Chanos chanos	26	METAGENOMIC	AMPLICON	Gut microbiome composition and diversity of wild-caught and hatchery-bred milkfish (Chanos chanos) fry.	EXCLUDED
PRJNA1211045	GUT_WGS	high	explicit	Sample titles explicitly state 'feces metagenome' (e.g., 'Anisus feces metagenome Uk1'); library_strategy='WGS'; library_source='METAGENOMIC'; biome label='feces metagenome'.	Multiple explicit references to fecal samples combined with shotgun metagenomics methodology (WGS, metagenomic community DNA) from animal hosts (freshwater snails) confirm this is shotgun metagenomic analysis of an animal gut microbiome.	Bulinus sp.	15	METAGENOMIC	WGS	Freshwater snail faecal metagenomes reveal environmental reservoirs of antimicrobial resistance genes across two continents.	CONFIRMED_GUT
PRJNA1210771	GUT_WGS	high	explicit	Isolation source(s): 'gut sample 1; gut sample 13; gut sample 14; gut sample 15; gut sample 2; gut sample 3; gut sample 4; gut sample 5'; library_source: 'METAGENOMIC'; library_strategy: 'WGS'; Paper title: 'Metabolic potentials of the gut microbes in Antarctic krill (Euphausia superba)'	The isolation source explicitly states 'gut sample' for all eight samples, library_source is METAGENOMIC, library_strategy is WGS (shotgun), and the paper title confirms gut microbiota analysis, meeting all criteria for GUT_WGS classification.	Euphausia superba	22	METAGENOMIC	WGS	Metabolic potentials of the gut microbes in Antarctic krill (Euphausia superba).	CONFIRMED_GUT
PRJNA1084222	GUT_WGS	high	explicit	Paper title: 'Intestinal microbial dysbiosis under nitrite stress in juvenile three-keeled pond turtles'; ENA study title: 'Metagenome or environmental sample from gut metagenome'; Biome label: 'gut metagenome'; Isolation source: 'intestinal microbial'; library_source: 'METAGENOMIC'; Host organism: Mauremys reevesii (animal)	Multiple explicit statements confirm shotgun metagenomic sequencing (METAGENOMIC library source) of an animal's gut microbiome (intestinal/gut metagenome from a turtle).	Mauremys reevesii	20	METAGENOMIC	OTHER	Intestinal microbial dysbiosis under nitrite stress in juvenile three-keeled pond turtles, Mauremys reevesii.	CONFIRMED_GUT
PRJNA1218276	NOT_METAGENOMIC	high	explicit	library_strategy: AMPLICON; Sample title explicitly states 'Gut amplicon 16S metagenome sample'	This is a 16S amplicon study, not shotgun/WGS metagenomics, as indicated by the AMPLICON library strategy despite the metagenomic source classification.	Arsenura armida	1	METAGENOMIC	AMPLICON	Diversity and Functional Potential of Gut Bacteria Associated with the Insect Arsenura armida (Lepidoptera: Saturniidae).	EXCLUDED
PRJNA1148150	GUT_WGS	high	explicit	Paper title: 'Dietary impact on the gut resistome: western diet independently increases the prevalence of antibiotic resistance genes within the gut microbiota.' ENA study title: 'MIMS Environmental/Metagenome sample from mouse metagenome.' library_source: METAGENOMIC. library_strategy: WGS. Host organism: Mus musculus.	Paper title explicitly states 'gut resistome' and 'gut microbiota,' combined with shotgun metagenomic sequencing (WGS + METAGENOMIC library source) of mouse samples, definitively identifying this as a gut WGS metagenomic study.	Mus musculus	34	METAGENOMIC	WGS	Dietary impact on the gut resistome: western diet independently increases the prevalence of antibiotic resistance genes within the gut microbiota.	CONFIRMED_GUT
PRJEB89425	GUT_WGS	high	inferred	Paper title: 'Bacterial transmission within social groups shapes the underexplored gut microbiome in the lemur Indri indri.' Library_source: METAGENOMIC. Library_strategy: WGS. Host organism: lemur (Indri indri).	The paper title explicitly states 'gut microbiome' and the host is an animal (lemur); library_source and library_strategy confirm shotgun metagenomic sequencing, meeting all GUT_WGS criteria, though body site is inferred from the title rather than explicitly stated in metadata fields.		32	METAGENOMIC	WGS	Bacterial transmission within social groups shapes the underexplored gut microbiome in the lemur Indri indri.	CONFIRMED_GUT
PRJNA399458	GUT_WGS	medium	inferred	Paper title states 'gut microbiome in the lemur Indri indri'; library_source='GENOMIC' with library_strategy='WGS' indicates shotgun sequencing of community DNA; body site (gut) is stated in title but NOT in structured metadata fields (Host body site, Isolation source both empty).	The paper title explicitly mentions 'gut microbiome' and WGS of an animal, meeting criteria for GUT_WGS, but confidence is medium because body site is absent from structured ENA fields and only present in the paper title (inferred from context rather than explicitly recorded in sample metadata).	Indri indri	1	GENOMIC	WGS	Bacterial transmission within social groups shapes the underexplored gut microbiome in the lemur Indri indri.	CONFIRMED_GUT
PRJNA1229795	GUT_WGS	high	explicit	Isolation source(s): feces; Biome label(s): gut metagenome; library_strategy: WGS; library_source: METAGENOMIC; Host organism(s): Mus musculus	Fecal samples from mouse with shotgun metagenomic sequencing (WGS library strategy, METAGENOMIC library source) explicitly identifies this as a gut microbiome study.	Mus musculus	62	METAGENOMIC	WGS	Theabrownin combined with zearalenone suppresses colitis-associated colorectal cancer by inhibiting PI3K/AKT pathway and enhancing microbial propionate production.	CONFIRMED_GUT
PRJNA1244851	GUT_WGS	medium	inferred	Paper title: 'Profiling Bile Acids in the Stools of Humans and Animal Models of Cystic Fibrosis'; library_source: METAGENOMIC; library_strategy: WGS	The paper title explicitly mentions 'Stools' (fecal material) as the sample source and indicates animal models are included, and WGS metagenomic sequencing is confirmed, but no host organism species is explicitly stated so body site must be inferred from 'Stools' mention in the title.		36	METAGENOMIC	WGS	Profiling Bile Acids in the Stools of Humans and Animal Models of Cystic Fibrosis.	CONFIRMED_GUT
PRJNA1209808	UNCERTAIN	low	none	library_source: GENOMIC; library_strategy: WGS; host: Mus musculus; no body_site, isolation_source, or sample_title information provided	While the paper title suggests a gut microbiome study (Bifidobacterium pseudocatenulatum is a gut commensal), the library_source is labeled GENOMIC (not METAGENOMIC) and no explicit body site or isolation source is stated, making it impossible to confirm this is metagenomic community DNA rather than a single-organism genome sequencing study.	Mus musculus	1	GENOMIC	WGS	L-Tryptophan Produced by Bifidobacterium pseudocatenulatum NCU-08 Delays Aging in SAMP8 Mice by Activating the Sirt1/P53/P21/Rb Signaling Pathway.	REVIEW
PRJNA1209822	UNCERTAIN	low	none	library_source: GENOMIC; library_strategy: WGS; host organism: Mus musculus; no body_site, isolation_source, or sample_title fields provided	While the paper title mentions aging in SAMP8 mice and a beneficial bacterium (Bifidobacterium), the library_source is marked GENOMIC (not METAGENOMIC) and no body_site is explicitly stated; without isolation_source or sample_title confirming gut origin, this could be a single-organism genome study rather than community metagenomic sequencing, so classification cannot be determined.	Mus musculus	1	GENOMIC	WGS	L-Tryptophan Produced by Bifidobacterium pseudocatenulatum NCU-08 Delays Aging in SAMP8 Mice by Activating the Sirt1/P53/P21/Rb Signaling Pathway.	REVIEW
PRJNA1209832	UNCERTAIN	low	none	library_source: GENOMIC; library_strategy: WGS; Host body site: (none); Isolation source: (none); Sample titles: (none)	Although the paper title mentions mice and a gut-relevant bacterium (Bifidobacterium), the library_source is marked as GENOMIC (not METAGENOMIC), which typically indicates single-organism genome sequencing rather than community metagenomics, and critically, no body site (gut/fecal/intestinal/etc.) is explicitly stated in any field, making classification impossible without speculation.	Mus musculus	1	GENOMIC	WGS	L-Tryptophan Produced by Bifidobacterium pseudocatenulatum NCU-08 Delays Aging in SAMP8 Mice by Activating the Sirt1/P53/P21/Rb Signaling Pathway.	REVIEW
PRJNA1209849	GUT_WGS	high	explicit	Biome label: 'gut metagenome'; library_source: 'METAGENOMIC'; library_strategy: 'WGS'; paper title explicitly studies Bifidobacterium pseudocatenulatum in mice with focus on gut microbiota effects on aging.	The biome label explicitly states 'gut metagenome', library_source is METAGENOMIC (community DNA), library_strategy is WGS (shotgun), and the paper title confirms this is a study of microbial effects on aging in mice consistent with gut microbiome research.		1	METAGENOMIC	WGS	L-Tryptophan Produced by Bifidobacterium pseudocatenulatum NCU-08 Delays Aging in SAMP8 Mice by Activating the Sirt1/P53/P21/Rb Signaling Pathway.	CONFIRMED_GUT
PRJNA1188364	UNCERTAIN	low	none	library_strategy: WGS; library_source: GENOMIC; sample titles describe 'Invertebrate sample from [Drosophila/Zaprionus species]'; no body site information provided; no explicit mention of gut, intestinal, fecal, or other microbiome sampling	While WGS metagenomic sequencing of Drosophila-associated samples is described, no body site is explicitly stated, and 'GENOMIC' library_source rather than 'METAGENOMIC' combined with absence of microbiome-specific language (gut/fecal/intestinal) leaves it unclear whether this is host genome sequencing, microbiome community sequencing, or MAGs reconstructed from either; Drosophila gut microbiome studies exist but cannot be assumed without explicit evidence.	Drosophila immigrans	37	GENOMIC	WGS	Phylogenetic and functional diversity among Drosophila-associated metagenome-assembled genomes.	REVIEW
PRJNA1225640	NOT_METAGENOMIC	high	explicit	library_strategy: AMPLICON	The library_strategy is explicitly AMPLICON, which indicates 16S/amplicon sequencing rather than shotgun metagenomic sequencing (WGS/METAGENOMIC), disqualifying this from the GUT_WGS category despite the explicit gut body site.	Ovis aries	60	METAGENOMIC	AMPLICON	Metagenomic insights into the effects of Chive seed flavonoid on intestinal fermentation, morphology, and microbiota composition in sheep.	EXCLUDED
PRJNA1018811	NOT_METAGENOMIC	high	none	library_source: TRANSCRIPTOMIC; library_strategy: RNA-Seq	The study is RNA-Seq transcriptomics (RNA from host and/or microbiota), not shotgun metagenomics of community DNA, regardless of the intestinal context mentioned in the paper title.	Coilia nasus	1	TRANSCRIPTOMIC	RNA-Seq	Characteristics of Intestinal Microbiota and Host Gene Regulation in Coilia nasus Responding to Stress.	EXCLUDED
PRJNA949809	GUT_WGS	medium	inferred	Paper title: 'Characteristics of Intestinal Microbiota and Host Gene Regulation in Coilia nasus Responding to Stress'; library_source: METAGENOMIC; library_strategy: WGS	The paper title explicitly mentions 'Intestinal Microbiota' and the sequencing method is confirmed as shotgun metagenomic (WGS + METAGENOMIC), but the ENA records lack explicit body_site metadata, requiring inference from the paper title.	Coilia nasus	1	METAGENOMIC	WGS	Characteristics of Intestinal Microbiota and Host Gene Regulation in Coilia nasus Responding to Stress.	CONFIRMED_GUT
PRJNA1225421	GUT_WGS	high	explicit	Isolation source: 'human feces'; Biome label: 'human gut metagenome'; library_source: 'METAGENOMIC'; library_strategy: 'WGS'	Study explicitly uses fecal samples (isolation source) from human subjects with shotgun metagenomic sequencing (WGS library_strategy, METAGENOMIC library_source), which directly identifies this as a gut microbiome study.	Homo sapiens	210	METAGENOMIC	WGS	Environmental Exposures and the Human Gut Resistome in Northwest Ecuador.	CONFIRMED_GUT
PRJNA1255302	NOT_METAGENOMIC	high	none	library_strategy: AMPLICON	AMPLICON library strategy indicates 16S/targeted amplicon sequencing, not shotgun metagenomics, regardless of the METAGENOMIC library_source label.		92	METAGENOMIC	AMPLICON	A suite of selective pressures supports the maintenance of alleles of a Drosophila immune peptide.	EXCLUDED
PRJNA1233886	GUT_WGS	high	explicit	ENA study title: 'Metagenome or environmental sample from gut metagenome'; Biome label: 'gut metagenome'; Isolation source(s): 'H. glaberrima eviscerated digestive system', 'H. glaberrima fecal content', 'H. glaberrima intestine', 'H. glaberrima intestine (content)'; library_source: 'METAGENOMIC'; library_strategy: 'WGS'	Study explicitly targets gut microbiome using shotgun metagenomics (WGS) from digestive system, intestinal, and fecal samples of the sea cucumber Holothuria glaberrima.	Holothuria glaberrima	4	METAGENOMIC	WGS	Intestinal microbiome profile of the brown rock sea cucumber (Holothuria glaberrima) using ITS and 16S rDNA amplicons from direct mechanical, enzymatic, and chemical metagenomic extraction.	CONFIRMED_GUT
PRJNA1192515	NOT_METAGENOMIC	high	none	library_strategy: AMPLICON	AMPLICON sequencing (16S rRNA gene) is explicitly stated, which is not shotgun metagenomics regardless of body site or host organism.	Spodoptera frugiperda	47	METAGENOMIC	AMPLICON	Gut symbiotic bacteria enhance reproduction in Spodoptera frugiperda (J.E. Smith) by regulating juvenile hormone III and 20-hydroxyecdysone pathways.	EXCLUDED
PRJNA1149551	NOT_METAGENOMIC	high	none	library_strategy: AMPLICON	AMPLICON sequencing (16S rRNA gene) is explicitly stated, which is not shotgun metagenomics regardless of the metagenomic sample source label.		20	METAGENOMIC	AMPLICON	Effects of USP25 knockout on the gut microbial diversity and composition in mice.	EXCLUDED
PRJNA1182340	GUT_WGS	medium	inferred	Paper title explicitly mentions 'gut microbiome'; Host organism is Mus musculus (mouse); library_source is METAGENOMIC; library_strategy is WGS	The paper title explicitly states 'gut microbiome' and describes a shotgun metagenomic study (WGS, METAGENOMIC library source) of a mouse, but the ENA metadata fields for 'Host body site' and 'Isolation source' are empty, so the gut site is inferred from the paper title rather than explicitly stated in the structured metadata.	Mus musculus	134	METAGENOMIC	WGS	Live bacteria in gut microbiome dictate asthma onset triggered by environmental particles via modulation of DNA methylation in dendritic cells.	CONFIRMED_GUT
PRJNA1186832	GUT_WGS	high	explicit	ENA study title: 'Metagenome or environmental sample from mouse gut metagenome'; Biome label: 'mouse gut metagenome'; Isolation source: 'mouse intestine sample1' through 'mouse intestine sample105'; library_source: 'METAGENOMIC'; library_strategy: 'WGS'	Multiple explicit statements confirm shotgun metagenomic sequencing of mouse gut/intestinal samples with appropriate library source and strategy.	mouse	112	METAGENOMIC	WGS	Gut microbiota drives structural variation of exogenous probiotics to enhance colonization.	CONFIRMED_GUT
PRJNA934833	NOT_METAGENOMIC	high	explicit	library_strategy: AMPLICON	Although the study involves feces from a human (gut-relevant), the library_strategy is explicitly AMPLICON, which indicates 16S rRNA gene sequencing rather than shotgun metagenomics (WGS), disqualifying it from the GUT_WGS category.	Homo sapiens	125	GENOMIC	AMPLICON	Gut microbiota drives structural variation of exogenous probiotics to enhance colonization.	EXCLUDED
PRJNA1238482	GUT_WGS	high	explicit	Isolation source: 'feces'; Biome label: 'gut metagenome'; library_source: 'METAGENOMIC'; Paper title explicitly states 'fecal bacterial microbiota'	The study explicitly identifies fecal samples from animal hosts using metagenomic sequencing (community DNA), meeting all criteria for gut metagenomics classification despite library_strategy being labeled 'OTHER' rather than 'WGS'.	snake	9	METAGENOMIC	OTHER	Characterization and comparison of the fecal bacterial microbiota in Red Back Pine Root Snake (Oligodon formosanus) and Chinese Slug-Eating Snake (Pareas chinensis).	CONFIRMED_GUT
PRJNA1150550	UNCERTAIN	low	explicit	library_strategy: RNA-Seq; library_source: METAGENOMIC; Sample titles mention 'Fecal Sample'; Isolation source mentions 'Cecal sample'	While body site is explicitly gut (fecal/cecal), the library_strategy is RNA-Seq rather than WGS/METAGENOMIC shotgun sequencing, creating a fundamental contradiction about whether this is shotgun metagenomic sequencing of community DNA.	Gallus gallus domesticus	2	METAGENOMIC	RNA-Seq	Probiotic Lactocaseibacillus casei NK1 Enhances Growth and Gut Microbiota in Avian Pathogenic Escherichia coli Challenged Broilers.	REVIEW
PRJNA1112101	NOT_METAGENOMIC	high	explicit	library_strategy: AMPLICON	The study uses AMPLICON sequencing (16S), not shotgun/WGS metagenomic sequencing, which disqualifies it from GUT_WGS classification despite explicit gut/fecal body site designation.	Mus musculus	36	METAGENOMIC	AMPLICON	Gut microbiota diversity in obese rats treated with intermittent fasting, probiotic-fermented camel milk with or without dates and their combinations.	EXCLUDED
PRJNA1202651	GUT_WGS	medium	inferred	library_source: METAGENOMIC; library_strategy: WGS; Paper title mentions 'colonic wound healing during DSS insult' (DSS is dextran sulfate sodium, a standard colonic inflammation model in mice); host organism is Mus musculus (mouse)	The study is explicitly shotgun metagenomic (WGS + METAGENOMIC library source) of mouse samples, and the paper title's mention of 'colonic wound healing' and DSS treatment strongly indicates gut/colon samples, but body site is not explicitly stated in the ENA metadata fields, so confidence is medium and body_site_signal is inferred.	Mus musculus	72	METAGENOMIC	WGS	E. coli genetically modified for purine nucleobase release promotes butyrate generation and colonic wound healing during DSS insult.	CONFIRMED_GUT
PRJEB60852	GUT_WGS	medium	inferred	Paper title: 'Gut microbiota contribute to cold adaptation in mammals-primates and ungulates'; Host organism: Rangifer tarandus platyrhynchus (reindeer); library_source: GENOMIC; library_strategy: WGS	The paper title explicitly mentions 'gut microbiota' and the host is an ungulate (reindeer), strongly suggesting a gut microbiome study, but the ENA metadata fields for body_site and isolation_source are empty, so the gut location is inferred from the paper title rather than explicitly stated in the structured metadata.	Rangifer tarandus platyrhynchus	1	GENOMIC	WGS	Gut microbiota contribute to cold adaptation in mammals-primates and ungulates.	CONFIRMED_GUT
PRJNA438286	NOT_GUT	medium	explicit	Sample titles explicitly state 'Esophagus_1month_1', 'Esophagus_1month_2', 'Esophagus_1month_3', and 'Heart tissue isolated from a male of Elaphurus davidianus'; library_source='GENOMIC' indicates single-organism genomic DNA, not metagenomic community DNA.	While the paper title mentions gut microbiota and WGS strategy is shotgun-compatible, the explicit body site labels (esophagus, heart) are non-gut tissues, and the GENOMIC library source contradicts metagenomic classification (metagenomic studies require library_source=METAGENOMIC for community DNA).	Muntiacus crinifrons	125	GENOMIC	WGS	Gut microbiota contribute to cold adaptation in mammals-primates and ungulates.	EXCLUDED
PRJNA1133968	NOT_METAGENOMIC	high	explicit	library_strategy: AMPLICON	The study uses AMPLICON sequencing (16S), not shotgun metagenomics (WGS/METAGENOMIC), so it does not meet the definition of a shotgun metagenomic study despite having a gut/stool isolation source.	Bacillota	20	METAGENOMIC	AMPLICON	Creatine-mediated ferroptosis inhibition is involved in the intestinal radioprotection of daytime-restricted feeding.	EXCLUDED
PRJNA1134280	NOT_METAGENOMIC	high	explicit	library_strategy: AMPLICON	The study used AMPLICON sequencing (16S rRNA gene targeting), not shotgun/WGS metagenomic sequencing, despite the metagenomic isolation source (stool) and metagenomic library_source label.	Bacillota	12	METAGENOMIC	AMPLICON	Creatine-mediated ferroptosis inhibition is involved in the intestinal radioprotection of daytime-restricted feeding.	EXCLUDED
PRJNA1134918	GUT_WGS	high	explicit	isolation_source: 'stool'; library_source: 'METAGENOMIC'; library_strategy: 'WGS'; paper title mentions 'intestinal radioprotection'	Shotgun metagenomic (WGS) sequencing of microbial communities from stool (explicit gut-proxy body site), confirmed by paper's focus on intestinal physiology.	Bifidobacterium animalis	12	METAGENOMIC	WGS	Creatine-mediated ferroptosis inhibition is involved in the intestinal radioprotection of daytime-restricted feeding.	CONFIRMED_GUT
PRJNA1188055	NOT_METAGENOMIC	high	explicit	library_strategy: AMPLICON; Paper title specifies '16S rRNA gene-based metagenomics'; Isolation source: Fecal Matter	Although the body site is explicitly gut/fecal, the library_strategy is AMPLICON (16S rRNA gene sequencing), not shotgun/WGS metagenomic sequencing, making this a 16S amplicon study rather than shotgun metagenomics.	chicken gut metagenome	53	METAGENOMIC	AMPLICON	Fecal microbiota landscape of commercial poultry farms in Faisalabad, Pakistan: A 16S rRNA gene-based metagenomics study.	EXCLUDED
PRJEB77113	NOT_METAGENOMIC	high	none	library_strategy: AMPLICON	The library_strategy is explicitly AMPLICON, which indicates 16S amplicon sequencing, not shotgun/WGS metagenomic sequencing.	Mus musculus	362	METAGENOMIC	AMPLICON	Life-long microbiome rejuvenation improves intestinal barrier function and inflammaging in mice.	EXCLUDED
PRJNA594263	GUT_WGS	high	explicit	Isolation source: 'feces'; Biome label: 'rat gut metagenome'; ENA study title includes 'rat gut metagenome'; library_source: 'METAGENOMIC'; library_strategy: 'OTHER' (with paper title indicating shotgun metagenomic analysis)	Fecal isolation source combined with explicit 'gut metagenome' labels and metagenomic library source clearly identify this as a shotgun metagenomic study of rat gut microbiota.	Rattus norvegicus	18	METAGENOMIC	OTHER	Absolute Quantitative Metagenomic Analysis Provides More Accurate Insights for the Anti-Colitis Effect of Berberine via Modulation of Gut Microbiota.	CONFIRMED_GUT
PRJNA667196	NOT_METAGENOMIC	high	explicit	library_strategy: AMPLICON	The study used AMPLICON sequencing strategy (not shotgun/WGS), which is typically 16S rRNA gene amplicon sequencing, not whole-genome shotgun metagenomic sequencing.	Mus musculus	92	METAGENOMIC	AMPLICON	Absolute Quantitative Metagenomic Analysis Provides More Accurate Insights for the Anti-Colitis Effect of Berberine via Modulation of Gut Microbiota.	EXCLUDED
PRJNA681546	GUT_WGS	high	explicit	Biome label: 'gut metagenome'; Paper title explicitly states 'gut microbiota'; library_source: 'METAGENOMIC'; library_strategy: 'WCS' (shotgun metagenomic approach)	The study is explicitly labeled as gut metagenome with shotgun metagenomic sequencing (WCS strategy) focused on gut microbiota modulation, meeting all criteria for a shotgun WGS metagenomic study of animal gut microbiome.		10	METAGENOMIC	WCS	Absolute Quantitative Metagenomic Analysis Provides More Accurate Insights for the Anti-Colitis Effect of Berberine via Modulation of Gut Microbiota.	CONFIRMED_GUT
PRJNA723444	GUT_WGS	high	explicit	Isolation source: 'stool'; Biome label: 'gut metagenome'; ENA study title: 'Metagenome or environmental sample from gut metagenome'; library_source: 'METAGENOMIC'; library_strategy: 'POOLCLONE' (shotgun)	Explicit stool isolation source and gut metagenome designation with shotgun metagenomic sequencing (METAGENOMIC library source) clearly identify this as a shotgun WGS study of an animal gut microbiome.	Mice	17	METAGENOMIC	POOLCLONE	Absolute Quantitative Metagenomic Analysis Provides More Accurate Insights for the Anti-Colitis Effect of Berberine via Modulation of Gut Microbiota.	CONFIRMED_GUT
PRJNA753953	NOT_METAGENOMIC	high	explicit	library_strategy: AMPLICON	AMPLICON library strategy indicates 16S/targeted amplicon sequencing, not shotgun metagenomics (WGS), despite the gut source being explicitly stated.	Mus musculus	18	METAGENOMIC	AMPLICON	Absolute Quantitative Metagenomic Analysis Provides More Accurate Insights for the Anti-Colitis Effect of Berberine via Modulation of Gut Microbiota.	EXCLUDED
PRJNA769853	NOT_METAGENOMIC	high	explicit	library_strategy: AMPLICON	The study used AMPLICON library strategy (16S rRNA gene amplicon sequencing), not shotgun/WGS metagenomic sequencing, despite the biome label indicating 'gut metagenome'.	Mus musculus	22	METAGENOMIC	AMPLICON	Absolute Quantitative Metagenomic Analysis Provides More Accurate Insights for the Anti-Colitis Effect of Berberine via Modulation of Gut Microbiota.	EXCLUDED
PRJNA789741	NOT_METAGENOMIC	high	none	library_strategy: AMPLICON	The library_strategy is explicitly AMPLICON, which indicates 16S amplicon sequencing rather than shotgun metagenomics (WGS/METAGENOMIC), disqualifying this as a shotgun metagenomic study regardless of the gut context.	mice	21	METAGENOMIC	AMPLICON	Absolute Quantitative Metagenomic Analysis Provides More Accurate Insights for the Anti-Colitis Effect of Berberine via Modulation of Gut Microbiota.	EXCLUDED
PRJNA848954	NOT_METAGENOMIC	high	explicit	library_strategy: AMPLICON	Although the study involves fecal samples from a feline (gut-proxy) as explicitly stated in isolation_source, the library_strategy is AMPLICON, not WGS/METAGENOMIC shotgun sequencing, which disqualifies it from GUT_WGS classification.	feces metagenome	12	METAGENOMIC	AMPLICON	Absolute Quantitative Metagenomic Analysis Provides More Accurate Insights for the Anti-Colitis Effect of Berberine via Modulation of Gut Microbiota.	EXCLUDED
PRJNA982533	NOT_METAGENOMIC	high	explicit	library_strategy: AMPLICON	The library_strategy is explicitly AMPLICON, which indicates 16S rRNA gene sequencing rather than shotgun metagenomics (WGS/METAGENOMIC), disqualifying this from GUT_WGS classification despite explicit gut body site identification.	C57BL/6	15	METAGENOMIC	AMPLICON	Absolute Quantitative Metagenomic Analysis Provides More Accurate Insights for the Anti-Colitis Effect of Berberine via Modulation of Gut Microbiota.	EXCLUDED
PRJNA1026909	GUT_WGS	high	explicit	Biome label: 'mouse gut metagenome'; library_source: 'METAGENOMIC'; library_strategy: 'WGS'	The biome label explicitly identifies this as 'mouse gut metagenome', library_source confirms metagenomic community DNA, and library_strategy confirms WGS shotgun approach on host Mus musculus.	Mus musculus	4	METAGENOMIC	WGS	Dietary protein source alters gut microbiota composition and function.	CONFIRMED_GUT
PRJNA1225847	UNCERTAIN	low	inferred	Paper title mentions 'parasite-gut microbiome-shrimp' axis; however, no explicit body site stated in metadata fields (Host body site: none, Isolation source: none). ENA sample title and biome label only say 'crustacean metagenome' without specifying gut.	While the paper title strongly suggests gut microbiome sampling, the structured metadata lacks explicit confirmation of body site, and WGS metagenomic classification alone does not distinguish gut from other crustacean sites without stated isolation source or body site field.	Penaeus vannamei	24	METAGENOMIC	WGS	Pathogenic mechanisms of Enterocytozoon hepatopenaei through the parasite-gut microbiome-shrimp ( Litopenaeus vannamei) physiology axis.	REVIEW
PRJNA703475	NOT_METAGENOMIC	high	explicit	library_strategy: AMPLICON	AMPLICON sequencing (16S) is explicitly stated, which is not shotgun metagenomics (WGS) despite the METAGENOMIC library_source designation.	Mus musculus	28	METAGENOMIC	AMPLICON	Maternal high-fat diet disrupts intestinal mucus barrier of offspring by regulating gut immune receptor LRRC19.	EXCLUDED
PRJNA1146191	NOT_METAGENOMIC	high	explicit	library_strategy: AMPLICON	The library_strategy is AMPLICON (not WGS/METAGENOMIC), which indicates 16S rRNA gene sequencing rather than shotgun metagenomics, despite the paper title mentioning 'gut microbiome' and host being forest-dwelling ungulates.	Moschus berezovskii	28	GENOMIC	AMPLICON	Gut microbiome reveals the trophic variation and significant adaption of three sympatric forest-dwelling ungulates on the eastern Qinghai-Xizang Plateau.	EXCLUDED
PRJNA1146968	GUT_WGS	high	explicit	Paper title explicitly states 'Gut microbiome'; library_source='METAGENOMIC'; library_strategy='WGS'; host organisms are forest-dwelling ungulates (Capricornis sumatraensis, Cervus albirostris, Moschus berezovskii)	The paper title explicitly identifies this as a gut microbiome study using shotgun metagenomic sequencing (WGS) of animal hosts.	Moschus berezovskii	13	METAGENOMIC	WGS	Gut microbiome reveals the trophic variation and significant adaption of three sympatric forest-dwelling ungulates on the eastern Qinghai-Xizang Plateau.	CONFIRMED_GUT
PRJNA1173238	NOT_METAGENOMIC	high	explicit	library_strategy: AMPLICON	Although the study involves fecal samples from cattle (Bos taurus), the library_strategy is explicitly AMPLICON, which indicates 16S rRNA gene sequencing rather than shotgun metagenomics (WGS/METAGENOMIC), disqualifying it from the GUT_WGS category.	Bos taurus	32	METAGENOMIC	AMPLICON	Analysis of the fecal microbiome and metabolome in dairy cows with different body condition scores.	EXCLUDED
PRJNA686215	NOT_METAGENOMIC	high	explicit	library_strategy: AMPLICON	The study uses AMPLICON library strategy (16S), not shotgun/WGS metagenomics, which disqualifies it from GUT_WGS classification despite explicit gut microbiome labeling.	mouse	89	METAGENOMIC	AMPLICON	Effects of post-adulthood environmental hygiene improvement on gut microbiota and immune tolerance in mice.	EXCLUDED
PRJNA1132597	NOT_METAGENOMIC	high	explicit	library_strategy: AMPLICON	The library_strategy is explicitly AMPLICON, which is 16S/amplicon sequencing, not shotgun metagenomics (WGS/METAGENOMIC), therefore this does not qualify as a shotgun metagenomic study regardless of the gut source material.	Elaphurus davidianus 3	3	METAGENOMIC	AMPLICON	Characterization and Optimization of Cellulose-Degrading Bacteria Isolated from Fecal Samples of Elaphurus davidianus Through Response Surface Methodology.	EXCLUDED
PRJNA1214001	GUT_WGS	medium	inferred	Paper title mentions 'Gastrointestinal Function'; library_source=METAGENOMIC; library_strategy=WGS; biome_label=metagenome	The paper title explicitly references 'Gastrointestinal Function' and the study uses shotgun metagenomic sequencing (WGS + METAGENOMIC), strongly suggesting a gut microbiome study, but the actual body site is not stated in metadata fields (isolation_source, host_body_site are absent) so the gut association is inferred from the title rather than explicitly declared in structured fields.	rat	17	METAGENOMIC	WGS	Alteration of Gastrointestinal Function and the Ameliorative Effects of Hericium erinaceus Polysaccharides in Tail Suspension Rats.	CONFIRMED_GUT
PRJNA1140353	GUT_WGS	medium	inferred	Paper title: 'Gut Microbiome Diversity in European Honeybees'; Biome label: 'bee metagenome'; library_source: 'METAGENOMIC'; library_strategy: 'WGS'	The paper title explicitly states 'Gut Microbiome' and the study uses shotgun metagenomics (WGS, METAGENOMIC library source), but the body site is not stated in structured fields—it is inferred from the paper title and the common practice of studying bee gut microbiomes in such research.	Apis mellifera bacteriome	16	METAGENOMIC	WGS	Gut Microbiome Diversity in European Honeybees (Apis mellifera L.) from La Union, Northern Luzon, Philippines.	CONFIRMED_GUT
PRJNA1187318	GUT_WGS	high	explicit	Isolation source: 'Cecal content'; Biome label: 'mouse gut metagenome'; library_source: 'METAGENOMIC'; library_strategy: 'WGS'	Cecal content is explicitly stated as the isolation source (a gut compartment), the biome label explicitly identifies it as gut metagenome, and the library strategy (WGS) and source (METAGENOMIC) confirm this is shotgun metagenomic sequencing of a mouse gut microbiome.	Mus musculus	40	METAGENOMIC	WGS	The beneficial effects of a probiotic mix on bone and lean mass are dependent on the diet in female mice.	CONFIRMED_GUT
PRJEB79769	GUT_WGS	medium	inferred	Paper title: 'Discovery of BilV reveals a multienzymatic basis for bilirubin reduction across vertebrate gut microbiomes.' Host organism: Felis catus (domestic cat). Library_source: METAGENOMIC. Library_strategy: WGS.	The paper title explicitly mentions 'gut microbiomes' and bilirubin reduction (a gut-relevant metabolic process), the host is a vertebrate animal (cat), and the method is shotgun metagenomic (WGS), but body site is not stated in metadata fields—it is inferred from the paper title and biological context.	Felis catus	96	METAGENOMIC	WGS	Discovery of BilV reveals a multienzymatic basis for bilirubin reduction across vertebrate gut microbiomes.	CONFIRMED_GUT
PRJNA816829	GUT_WGS	high	explicit	ENA study title: 'TFRD rat feces; model rat feces; sham rat feces'; Biome label: 'rat gut metagenome'; Sample titles: 'TFRD rat feces; model rat feces; sham rat feces'; library_source: 'METAGENOMIC'; library_strategy: 'WGS'	Multiple explicit references to feces and gut metagenome combined with WGS metagenomic sequencing methodology confirm this is a shotgun metagenomic study of rat gut microbiota.	rat gut metagenome	9	METAGENOMIC	WGS	Integrated metagenomic and metabolomic analyses of the effects of total flavonoids of Rhizoma Drynariae on reducing ovariectomized-induced osteoporosis by regulating gut microbiota and related metabolites.	CONFIRMED_GUT
PRJNA1044797	GUT_WGS	high	explicit	Isolation source(s): 'Bumble bee gut'; library_source: 'METAGENOMIC'; library_strategy: 'WGS'	The isolation source explicitly states 'Bumble bee gut', the library source is metagenomic (community DNA), and the library strategy is WGS (shotgun), meeting all criteria for a shotgun metagenomic study of an animal gut microbiome.	Bombus impatiens	39	METAGENOMIC	WGS	Bumble bee gut microbial community structure differs between species and commercial suppliers, but metabolic potential remains largely consistent.	CONFIRMED_GUT
PRJNA1033630	GUT_WGS	high	explicit	Isolation source: 'gut microbiome'; Library strategy: 'WGS'; Library source: 'METAGENOMIC'; Paper title explicitly mentions 'Gut microbiome metagenomic sequences'	Multiple explicit statements confirm this is shotgun metagenomic sequencing (WGS + METAGENOMIC library source) of the gut microbiome of Apis mellifera, with body site unambiguously declared in isolation source and paper title.	Apis mellifera	225	METAGENOMIC	WGS	Gut microbiome metagenomic sequences of honey bees (Apis mellifera) exposed to crops.	CONFIRMED_GUT
PRJNA1124990	GUT_WGS	high	explicit	Isolation source: 'gut microbiome'; library_source: 'METAGENOMIC'; library_strategy: 'WGS'; Paper title explicitly mentions 'Gut microbiome metagenomic sequences'	The isolation source explicitly states 'gut microbiome', the sequencing method is WGS (shotgun) metagenomics of community DNA, and the paper title confirms this is a gut microbiome study of Apis mellifera.	Apis mellifera	60	METAGENOMIC	WGS	Gut microbiome metagenomic sequences of honey bees (Apis mellifera) exposed to crops.	CONFIRMED_GUT
PRJNA999720	GUT_WGS	high	explicit	Isolation source: 'gut microbiome'; Paper title: 'Gut microbiome metagenomic sequences'; library_strategy: 'WGS'; library_source: 'METAGENOMIC'	Isolation source explicitly states 'gut microbiome', library_strategy is WGS (shotgun), library_source is METAGENOMIC (community DNA), and host is Apis mellifera (animal), meeting all criteria for GUT_WGS classification.	Apis mellifera	120	METAGENOMIC	WGS	Gut microbiome metagenomic sequences of honey bees (Apis mellifera) exposed to crops.	CONFIRMED_GUT
PRJNA1029993	NOT_METAGENOMIC	high	explicit	library_strategy: AMPLICON	The library_strategy is explicitly AMPLICON, which indicates 16S/amplicon sequencing rather than shotgun metagenomics (WGS/METAGENOMIC), disqualifying this as a shotgun metagenomic study regardless of the gut body site.	Mus musculus	18	OTHER	AMPLICON	Effects of traditional Chinese medicine Zuo-Gui-Wan on gut microbiota in an osteoporotic mouse model.	EXCLUDED
PRJNA916472	NOT_METAGENOMIC	high	explicit	library_strategy: AMPLICON	The library_strategy is explicitly AMPLICON (16S rRNA gene amplicon sequencing), not WGS/METAGENOMIC shotgun sequencing, disqualifying this as a shotgun metagenomic study despite the gut body site being clearly stated.		28	METAGENOMIC	AMPLICON	Interactions between gut microbes and host promote degradation of various fiber components in Meishan pigs.	EXCLUDED
PRJNA917555	NOT_METAGENOMIC	high	explicit	library_source: TRANSCRIPTOMIC; library_strategy: RNA-Seq	This is an RNA-Seq transcriptomic study, not shotgun metagenomic sequencing of community DNA, despite the gut metagenome labels in metadata.		27	TRANSCRIPTOMIC	RNA-Seq	Interactions between gut microbes and host promote degradation of various fiber components in Meishan pigs.	EXCLUDED
PRJNA1130047	GUT_WGS	high	explicit	Paper title explicitly states 'gut microbiome'; library_source='METAGENOMIC'; library_strategy='WGS'; host organism is Mus musculus (mouse)	The paper title explicitly mentions 'gut microbiome', the library source and strategy confirm shotgun metagenomic sequencing, and the host is a mouse, satisfying all criteria for a gut WGS metagenomic study.	Mus musculus	8	METAGENOMIC	WGS	Faecalibacterium prausnitzii regulates carbohydrate metabolic functions of the gut microbiome in C57BL/6 mice.	CONFIRMED_GUT
PRJNA1104669	NOT_METAGENOMIC	high	none	library_strategy: RNA-Seq	Library strategy is RNA-Seq (transcriptomic), not WGS/METAGENOMIC shotgun sequencing, so this is not a shotgun metagenomic study regardless of body site.	Drosophila melanogaster	101	METAGENOMIC	RNA-Seq	Microbiome transplants may not improve health and longevity in Drosophila melanogaster.	EXCLUDED
PRJEB43192	GUT_WGS	high	explicit	Host body site explicitly lists: 'Caecum content; Caecum mucosa; Distal gut content; Ileum content; Ileum mucosa'. Biome labels include 'chicken gut metagenome; fish gut metagenome'. Library_strategy: WGS. Library_source: GENOMIC (metagenomic community DNA). Host organisms: Gallus gallus (chicken) and Salmo salar (salmon).	Study explicitly reports gut/intestinal sites (caecum, ileum, distal gut) from animal hosts with shotgun WGS metagenomic sequencing of community DNA.	Gallus gallus	999	GENOMIC	WGS	HoloFood Data Portal: holo-omic datasets for analysing host-microbiota interactions in animal production.	CONFIRMED_GUT
PRJNA1119635	NOT_METAGENOMIC	high	explicit	library_strategy: AMPLICON	The study uses AMPLICON sequencing (16S/marker gene approach), not shotgun/WGS metagenomic sequencing, despite the biome label and paper topic mentioning gut microbiota.	missing	32	METAGENOMIC	AMPLICON	Impact of Edible Insect Polysaccharides on Mouse Gut Microbiota: A Study on White-Spotted Flower Chafer Larva (Protaetia brevitarsis seulensis) and Silkworm Pupa (Bombyx mori).	EXCLUDED
PRJNA1108898	GUT_WGS	medium	inferred	Paper title: 'How Host Phylogeny, Diet, and Habitat Affect Gut Microbial Diversity in Wild Snakes.' Library_source: METAGENOMIC. Library_strategy: WGS. Host organism: Trimeresurus stejnegeri (a snake). Host body site field is empty.	The paper title explicitly states 'gut microbial diversity' and the study uses shotgun metagenomic sequencing (WGS + METAGENOMIC) of a snake host, but the body_site field is not populated; the gut designation is inferred from the paper title rather than explicit metadata, warranting medium confidence and 'inferred' signal.	Trimeresurus stejnegeri	1	METAGENOMIC	WGS	How Host Phylogeny, Diet, and Habitat Affect Gut Microbial Diversity in Wild Snakes.	CONFIRMED_GUT
PRJNA1108923	GUT_WGS	medium	inferred	Paper title: 'How Host Phylogeny, Diet, and Habitat Affect Gut Microbial Diversity in Wild Snakes'; ENA study title: 'Metagenome or environmental sample from snake metagenome'; library_source: METAGENOMIC; library_strategy: WGS; Host organism: Trimeresurus stejnegeri (a snake species)	The paper title explicitly mentions 'gut microbial diversity' and the study involves shotgun metagenomics (WGS + METAGENOMIC) of a snake host, but the specific body site is not stated in the structured metadata fields, requiring inference from the paper title.	Trimeresurus stejnegeri	13	METAGENOMIC	WGS	How Host Phylogeny, Diet, and Habitat Affect Gut Microbial Diversity in Wild Snakes.	CONFIRMED_GUT
PRJNA1180206	GUT_WGS	high	explicit	Isolation source: 'stool'; Biome label: 'mouse gut metagenome'; library_strategy: 'WGS'; library_source: 'METAGENOMIC'	Stool is an explicit gut-proxy body site, combined with shotgun metagenomics (WGS + METAGENOMIC) of a mouse host, meeting all criteria for gut WGS study.	Mus musculus	30	METAGENOMIC	WGS	Gut microbiota metabolism of branched-chain amino acids and their metabolites can improve the physiological function of aging mice.	CONFIRMED_GUT
PRJNA1071271	NOT_METAGENOMIC	high	explicit	library_strategy: AMPLICON	The library_strategy is explicitly stated as AMPLICON, which indicates 16S/amplicon sequencing rather than shotgun metagenomic sequencing, disqualifying this from GUT_WGS classification despite the clear gut body site (feces) and metagenomic biome label.	Sus scrofa	70	METAGENOMIC	AMPLICON	Multiomics comparative analysis of feces AMRGs of Duroc pigs and Tibetan and the effect of fecal microbiota transplantation on AMRGs upon antibiotic exposure.	EXCLUDED
PRJNA1077706	NOT_METAGENOMIC	high	explicit	library_source: METATRANSCRIPTOMIC	The library_source is explicitly stated as METATRANSCRIPTOMIC (RNA-based), not METAGENOMIC (DNA-based community), which disqualifies this as a shotgun metagenomics study regardless of the gut body site being explicitly confirmed.	Sus scrofa	16	METATRANSCRIPTOMIC	OTHER	Multiomics comparative analysis of feces AMRGs of Duroc pigs and Tibetan and the effect of fecal microbiota transplantation on AMRGs upon antibiotic exposure.	EXCLUDED
PRJNA1119726	NOT_METAGENOMIC	high	none	library_source: TRANSCRIPTOMIC; library_strategy: RNA-Seq	This is a transcriptomic study (RNA-Seq) of host gene expression, not shotgun metagenomic sequencing of microbial communities, despite the paper title mentioning gut microbiota analysis.	Mus musculus	6	TRANSCRIPTOMIC	RNA-Seq	Multi-omics mechanical analysis of gut microbiota, carboxylic acids, and cardiac gene expression interaction triggering diabetic cardiomyopathy.	EXCLUDED
PRJNA1098064	NOT_METAGENOMIC	high	none	library_strategy: AMPLICON	AMPLICON sequencing (16S) is not shotgun metagenomics and therefore does not meet the WGS/shotgun metagenomic requirement, regardless of body site or host organism.	Bos	4	METAGENOMIC	AMPLICON	A comparative study of the microbiomes of the ticks Rhipicephalus microplus and Hyalomma anatolicum.	EXCLUDED
PRJNA1100935	NOT_METAGENOMIC	high	none	library_strategy: AMPLICON	The study used AMPLICON sequencing (16S), not shotgun metagenomic sequencing (WGS), so it cannot be classified as a shotgun metagenomics study regardless of body site.	Bovine	4	METAGENOMIC	AMPLICON	A comparative study of the microbiomes of the ticks Rhipicephalus microplus and Hyalomma anatolicum.	EXCLUDED
PRJNA1102166	GUT_WGS	medium	inferred	Paper title states 'Probiotics Enhance Coilia nasus Growth Performance...by Regulating Glucolipid Metabolism via the Gut-Liver Axis'; library_source='METAGENOMIC'; library_strategy='WGS'	The paper title explicitly mentions the gut-liver axis and probiotics' effect on the animal, strongly suggesting gut microbiome samples, though the body site is not explicitly stated in the metadata fields; the shotgun metagenomic method is confirmed by WGS/METAGENOMIC classification.	Coilia nasus	1	METAGENOMIC	WGS	Probiotics Enhance Coilia nasus Growth Performance and Nutritional Value by Regulating Glucolipid Metabolism via the Gut-Liver Axis.	CONFIRMED_GUT
PRJNA421870	NOT_METAGENOMIC	high	explicit	library_source: GENOMIC (not METAGENOMIC); Sample title: 'female Coilia nasus muscle' (muscle tissue, not gut); ENA study title: 'female Coilia nasus muscle'	The study is a single-organism genomic sequencing (GENOMIC library_source) of muscle tissue from a fish host, not a shotgun metagenomic study of a gut microbiome.	Coilia nasus	1	GENOMIC	WGS	Probiotics Enhance Coilia nasus Growth Performance and Nutritional Value by Regulating Glucolipid Metabolism via the Gut-Liver Axis.	EXCLUDED
PRJEB47719	NOT_METAGENOMIC	high	explicit	library_strategy: AMPLICON	The study used AMPLICON sequencing strategy (16S), not shotgun/WGS metagenomic sequencing, so it does not meet the criteria for GUT_WGS classification despite the explicit gut microbiome focus in the paper title.	Equus caballus	36	GENOMIC	AMPLICON	Preliminary Functional Analysis of the Gut Microbiome in Colic Horses.	EXCLUDED
PRJNA1165944	GUT_WGS	high	explicit	Isolation source: 'Rumen fluid'; library_source: 'METAGENOMIC'; library_strategy: 'WGS'; Host organism: 'Bos taurus'	Rumen fluid is an explicit gut-proxy body site for cattle, combined with shotgun metagenomic sequencing (WGS) of community DNA from a ruminant host.	Bos taurus	8	METAGENOMIC	WGS	Increased rumen Prevotella enhances BCAA synthesis, leading to synergistically increased skeletal muscle in myostatin-knockout cattle.	CONFIRMED_GUT
PRJNA1181640	NOT_METAGENOMIC	high	none	library_source: TRANSCRIPTOMIC; library_strategy: RNA-Seq	The study is transcriptomic (RNA-Seq), not shotgun metagenomic sequencing of community DNA, despite the paper title mentioning rumen microbiota.	Bos taurus	6	TRANSCRIPTOMIC	RNA-Seq	Increased rumen Prevotella enhances BCAA synthesis, leading to synergistically increased skeletal muscle in myostatin-knockout cattle.	EXCLUDED
PRJNA940600	NOT_METAGENOMIC	high	explicit	library_strategy: AMPLICON	Although the study targets termite gut microbiomes (explicitly stated in title, ENA study title, and biome label), the library_strategy is AMPLICON, which indicates 16S rRNA gene sequencing rather than shotgun metagenomics (WGS/METAGENOMIC), disqualifying it from the GUT_WGS category.	Coptotermes formosanus	20	METAGENOMIC	AMPLICON	Comparison of microbial diversity and carbohydrate-active enzymes in the hindgut of two wood-feeding termites, Globitermes sulphureus (Blattaria: Termitidae) and Coptotermes formosanus (Blattaria: Rhinotermitidae).	EXCLUDED
PRJNA1075216	NOT_METAGENOMIC	high	explicit	library_strategy: RNA-Seq	The library_strategy is RNA-Seq (transcriptomic), not WGS or METAGENOMIC shotgun sequencing, which disqualifies this as a shotgun metagenomic study despite the gut source and metagenomic labeling.	Mus musculus	3	METAGENOMIC	RNA-Seq	Lactobacillus plantarum KAD protects against high-fat diet-induced hepatic complications in Swiss albino mice: Role of inflammation and gut integrity.	EXCLUDED
PRJNA737742	NOT_METAGENOMIC	high	explicit	library_strategy: AMPLICON	Although the study targets mouse gut microbiome (explicit body site signal), the library_strategy is AMPLICON (16S), not WGS/METAGENOMIC shotgun sequencing, which disqualifies it from GUT_WGS classification.	Mus musculus	16	METAGENOMIC	AMPLICON	Bone loss with aging is independent of gut microbiome in mice.	EXCLUDED
PRJEB77306	NOT_METAGENOMIC	high	explicit	library_strategy: AMPLICON	The library_strategy is explicitly listed as AMPLICON, which means 16S rRNA gene amplicon sequencing, not shotgun metagenomics (WGS/METAGENOMIC), regardless of the metagenomic source designation.	Carollia perspicillata	60	METAGENOMIC	AMPLICON	Microbial community dynamics in blood, faeces and oral secretions of neotropical bats in Casanare, Colombia.	EXCLUDED
PRJNA560329	GUT_WGS	high	explicit	Isolation source(s) explicitly state 'P1 gut compartment', 'P3 gut compartment', 'P4 gut compartment', 'P5 gut compartment', and 'midgut'; library_source: METAGENOMIC; library_strategy: WGS; host organisms are termites (animals); paper title confirms 'termite gut'	Shotgun metagenomic study with explicit gut body site annotations (gut compartments and midgut) from termite hosts, matching all criteria for GUT_WGS classification.	Labiotermes labralis	589	METAGENOMIC	WGS	Unveiling lignocellulolytic potential: a genomic exploration of bacterial lineages within the termite gut.	CONFIRMED_GUT
PRJNA732531	GUT_WGS	high	explicit	ENA study titles explicitly state 'Termite gut metagenome'; sample titles explicitly state 'Termite gut metagenome'; isolation_source explicitly states 'termite gut'; library_source: METAGENOMIC; library_strategy: WGS	Multiple independent fields explicitly identify this as shotgun metagenomic sequencing (WGS + METAGENOMIC) of termite gut samples, with gut body site stated directly in study/sample titles and isolation source.	Glyptotermes sp.	48	METAGENOMIC	WGS	Genome reduction and horizontal gene transfer in the evolution of Endomicrobia-rise and fall of an intracellular symbiosis with termite gut flagellates.	CONFIRMED_GUT
PRJEB73709	GUT_WGS	high	explicit	Biome label: 'mouse gut metagenome'; Paper title: 'Dietary fiber intake impacts gut bacterial and viral populations in a hypertensive mouse model'; library_source: 'METAGENOMIC'; library_strategy: 'WGS'	Multiple explicit indicators confirm this is shotgun metagenomic sequencing of mouse gut microbiome: the biome label explicitly states 'gut metagenome', the paper title explicitly mentions 'gut bacterial and viral populations', and the library source/strategy are both appropriate for shotgun metagenomics.		1	METAGENOMIC	WGS	Dietary fiber intake impacts gut bacterial and viral populations in a hypertensive mouse model.	CONFIRMED_GUT
PRJNA1150390	NOT_METAGENOMIC	high	explicit	library_strategy: AMPLICON	Although feces samples from animal hosts are explicitly mentioned and would indicate a gut site, the library_strategy is AMPLICON (16S), not WGS/METAGENOMIC shotgun sequencing, which disqualifies this as a shotgun metagenomic study.	Semnopithecus schistaceus	48	METAGENOMIC	AMPLICON	Geographic and environmental impacts on gut microbiome in Himalayan langurs (Semnopithecus schistaceus) and Xizang macaques (Macaca mulatta vestita).	EXCLUDED
PRJNA1151203	GUT_WGS	high	explicit	ENA study title: 'MIMS Environmental/Metagenome sample from feces metagenome'; Biome label: 'feces metagenome'; library_source: 'METAGENOMIC'; library_strategy: 'WGS'	Multiple explicit statements identify this as shotgun metagenomic sequencing of fecal samples from two primate species, which are animal gut-proxy samples.	Semnopithecus schistaceus	30	METAGENOMIC	WGS	Geographic and environmental impacts on gut microbiome in Himalayan langurs (Semnopithecus schistaceus) and Xizang macaques (Macaca mulatta vestita).	CONFIRMED_GUT
PRJNA1123873	GUT_WGS	high	explicit	isolation_source='whole gut'; library_source='METAGENOMIC'; library_strategy='WGS'; paper title explicitly states 'gut microbiota in Fall Armyworm'	Study explicitly states whole gut as isolation source, uses shotgun metagenomic sequencing (WGS library strategy on metagenomic DNA), and the paper title confirms this is a gut microbiota profiling study of an animal (Fall Armyworm larvae).	Enterococcus casseliflavus	15	METAGENOMIC	WGS	Metagenomic profiling of gut microbiota in Fall Armyworm (Spodoptera frugiperda) larvae fed on different host plants.	CONFIRMED_GUT
PRJNA1102157	UNCERTAIN	medium	explicit	library_strategy: RNA-Seq (not WGS or METAGENOMIC); library_source: METAGENOMIC; Isolation source: stool; ENA title and biome label both indicate 'mouse gut metagenome'	The isolation source and metadata explicitly confirm gut (stool) sampling of a mouse, but the library_strategy is listed as RNA-Seq rather than WGS/METAGENOMIC, which conflicts with the shotgun requirement for GUT_WGS classification.	Mus musculus	12	METAGENOMIC	RNA-Seq	Immunomodulatory Effects of a Probiotic Mixture: Alleviating Colitis in a Mouse Model through Modulation of Cell Activation Markers and the Gut Microbiota.	REVIEW
PRJNA1105891	NOT_METAGENOMIC	high	explicit	library_strategy: AMPLICON	The study uses AMPLICON sequencing (not shotgun/WGS metagenomics), which is explicitly stated as the library_strategy and disqualifies it from the GUT_WGS category regardless of body site.	Mus musculus	47	METAGENOMIC	AMPLICON	Exploring the associations between gut microbiota composition and SARS-CoV-2 inactivated vaccine response in mice with type 2 diabetes mellitus.	EXCLUDED
PRJNA1106354	NOT_METAGENOMIC	high	explicit	library_strategy: AMPLICON	The library_strategy is explicitly listed as AMPLICON, which is 16S/amplicon sequencing, not shotgun WGS metagenomic sequencing, despite the gut body site being explicitly stated as fecal microbiota.	Mus musculus	98	METAGENOMIC	AMPLICON	Exploring the associations between gut microbiota composition and SARS-CoV-2 inactivated vaccine response in mice with type 2 diabetes mellitus.	EXCLUDED
PRJNA1030954	NOT_METAGENOMIC	high	explicit	library_strategy: AMPLICON	The study uses AMPLICON sequencing strategy (16S), not shotgun/WGS metagenomic sequencing, despite the metagenomic library_source label and gut-associated sample descriptions.	Mus musculus	79	METAGENOMIC	AMPLICON	Gut microbiota dysbiosis deteriorates immunoregulatory effects of tryptophan via colonic indole and LBP/HTR2B-mediated macrophage function.	EXCLUDED
PRJNA1031700	GUT_WGS	high	explicit	Biome label: 'mouse gut metagenome'; Isolation source: 'colonic content from Mus musculus' and 'feces from Mus musculus'; library_source: 'METAGENOMIC'; library_strategy: 'OTHER' (not amplicon)	Study explicitly targets gut microbiota (colonic content and feces) using metagenomic library sequencing, which is consistent with shotgun WGS metagenomic analysis of an animal gut microbiome.	Mus musculus	32	METAGENOMIC	OTHER	Gut microbiota dysbiosis deteriorates immunoregulatory effects of tryptophan via colonic indole and LBP/HTR2B-mediated macrophage function.	CONFIRMED_GUT
PRJNA1032707	NOT_METAGENOMIC	high	none	library_source: TRANSCRIPTOMIC; library_strategy: OTHER; isolation_source: 'RNA sample from Mus musculus'	This is a transcriptomic study (RNA-based), not shotgun metagenomic (community DNA); despite the paper title suggesting gut microbiota focus, the sequencing method is transcriptomic rather than WGS metagenomic.	Mus musculus	36	TRANSCRIPTOMIC	OTHER	Gut microbiota dysbiosis deteriorates immunoregulatory effects of tryptophan via colonic indole and LBP/HTR2B-mediated macrophage function.	EXCLUDED
PRJNA1135459	GUT_WGS	high	explicit	Biome label: 'mouse gut metagenome'; Sample title: 'Metagenome or environmental sample from mouse gut metagenome'; library_source: 'METAGENOMIC'; library_strategy: 'WGS'; Host organism: 'Mus musculus'	Multiple explicit statements confirm shotgun metagenomic sequencing of mouse gut microbiome with WGS library strategy and METAGENOMIC source.	Mus musculus	18	METAGENOMIC	WGS	Assessment of the potential risks in SD rats gavaged with genetically modified yeast containing the cp4-epsps gene.	CONFIRMED_GUT
PRJNA952227	GUT_WGS	high	explicit	Biome label 'mouse gut metagenome'; Paper title explicitly states 'Gut Microbiota'; library_strategy 'WGS'; library_source 'METAGENOMIC'; Host organism 'Mus musculus'	The biome label explicitly identifies this as 'mouse gut metagenome' and the paper title confirms the study of gut microbiota, combined with WGS metagenomic sequencing methodology of a mouse host.	Mus musculus	28	METAGENOMIC	WGS	Effects of Early Life Exposures to the Aryl Hydrocarbon Receptor Ligand TCDF on Gut Microbiota and Host Metabolic Homeostasis in C57BL/6J Mice.	CONFIRMED_GUT
PRJNA1108955	GUT_WGS	high	inferred	Paper title: 'How Host Phylogeny, Diet, and Habitat Affect Gut Microbial Diversity in Wild Snakes'; ENA study title: 'Metagenome or environmental sample from snake metagenome'; library_source: METAGENOMIC; library_strategy: WGS	The paper title explicitly states 'Gut Microbial Diversity in Wild Snakes' and uses shotgun metagenomic sequencing (WGS + METAGENOMIC), but the specific body site (gut) is inferred from the paper title rather than stated in structured metadata fields.	Lycodon rufozonatus	21	METAGENOMIC	WGS	How Host Phylogeny, Diet, and Habitat Affect Gut Microbial Diversity in Wild Snakes.	CONFIRMED_GUT
PRJNA1144187	GUT_WGS	medium	inferred	Paper title: 'How Host Phylogeny, Diet, and Habitat Affect Gut Microbial Diversity in Wild Snakes'; library_source: METAGENOMIC; library_strategy: WGS; biome label: 'snake metagenome'	The paper title explicitly mentions 'Gut Microbial Diversity' in snakes, the library strategy is WGS (shotgun metagenomics), and the source is METAGENOMIC, but the ENA record itself does not state body site explicitly—only the paper title indicates gut sampling, so confidence is medium and body_site_signal is inferred.	missing	48	METAGENOMIC	WGS	How Host Phylogeny, Diet, and Habitat Affect Gut Microbial Diversity in Wild Snakes.	CONFIRMED_GUT
PRJNA1041488	NOT_METAGENOMIC	high	none	library_strategy: AMPLICON	AMPLICON sequencing (16S) is explicitly stated, which is not shotgun/WGS metagenomic sequencing regardless of the gut context implied by the paper title.	Mus musculus	50	OTHER	AMPLICON	Dynamic alterations and potential roles of gut microbiota and metabolites in Angiostrongylus cantonensis-infected mice and rats.	EXCLUDED
PRJNA1041579	NOT_METAGENOMIC	high	none	library_strategy: AMPLICON	AMPLICON sequencing (16S) is explicitly stated, which is not shotgun metagenomics (WGS), regardless of the animal host or inferred gut body site.	Rattus norvegicus	70	OTHER	AMPLICON	Dynamic alterations and potential roles of gut microbiota and metabolites in Angiostrongylus cantonensis-infected mice and rats.	EXCLUDED
PRJNA1302101	GUT_WGS	high	explicit	Paper title states 'fecal samples'; isolation source states 'Nannopterum auritus fecal samples'; biome label states 'gut metagenome'; library_source: 'METAGENOMIC'; library_strategy: 'Hi-C' (shotgun-based)	Fecal samples from an avian host with explicit gut metagenome classification and shotgun metagenomic methodology meet all criteria for GUT_WGS classification.	Phalacrocorax auritus	2	METAGENOMIC	Hi-C	Hi-C Metagenome Deconvolution of Double-Crested Cormorant (Nannopterum auritum) Fecal Samples Demonstrates Feasibility of Linking Microbial Genomes, AMR Genes, and Mobile Elements in Avian Microbiomes.	CONFIRMED_GUT
PRJNA1477333	GUT_WGS	medium	inferred	Paper title contains 'Broiler Intestinal Fermentation'; library_source='METAGENOMIC'; library_strategy='WGS'	The paper title explicitly mentions 'Broiler Intestinal Fermentation' indicating gut/intestinal sampling of a broiler chicken, combined with metagenomic WGS methodology, but body site is not stated in structured fields so confidence is reduced.		48	METAGENOMIC	WGS	Investigation of the Effect of TiO(2) as a Dietary Marker on Broiler Intestinal Fermentation: Combination of Ex Vivo Simulation and In Vivo Approach.	CONFIRMED_GUT
PRJNA1258580	NOT_METAGENOMIC	high	none	Biome label: 'Elysia papillosa' (the organism itself, not a microbiome sample); Sample title: 'Invertebrate sample from Elysia papillosa'; Isolation source: 'Marine'	This is a whole-organism shotgun genome study of a sea slug (Elysia papillosa), not a metagenome of its microbiome; the sequencing targets the host organism's own DNA including plastid content, not the microbial community within it.	Elysia papillosa	4	METAGENOMIC	WGS	Bacterial Community Composition and Functional Potential of the Kleptoplastic Sea Slug Elysia papillosa.	EXCLUDED
PRJNA1442370	GUT_WGS	high	explicit	Paper title: 'Altitude-Associated Divergence of the Gut Microbiome in Endangered Forest Musk Deer'; library_source: METAGENOMIC; library_strategy: WGS	The paper title explicitly states 'Gut Microbiome' and the study uses shotgun metagenomic sequencing (WGS strategy on metagenomic source DNA) of an animal host.		75	METAGENOMIC	WGS	Altitude-Associated Divergence of the Gut Microbiome in Endangered Forest Musk Deer: Evidence From Integrated Metagenomics, Metabolomics, and Culturomics.	CONFIRMED_GUT
PRJEB107655	GUT_WGS	high	explicit	Paper title explicitly states 'gut metagenome-assembled genomes'; library_strategy is WGS; library_source is METAGENOMIC; host is Callithrix jacchus (marmoset, an animal)	The paper title unambiguously identifies this as a shotgun metagenomic study of gut microbiota in marmosets following antibiotic treatment, with WGS strategy and metagenomic source confirming the shotgun approach.	Callithrix jacchus	64	METAGENOMIC	WGS	Mapping the metagenomic landscape: combined shotgun sequencing and quantitative PCR to profile gut metagenome-assembled genomes in marmosets following treatment with a broad-spectrum antibiotic cocktail.	CONFIRMED_GUT
PRJNA952655	UNCERTAIN	low	inferred	Paper title states 'Gut microbiome' of grape berry moth larvae; library_strategy is 'RNA-Seq' not WGS/METAGENOMIC; library_source is 'METAGENOMIC' but contradicts RNA-Seq strategy.	Although the paper title explicitly mentions 'gut microbiome' and the host is an insect larva (Paralobesia viteana), the library_strategy is RNA-Seq rather than shotgun WGS/METAGENOMIC sequencing, which disqualifies this as a shotgun metagenomic study; the mismatch between METAGENOMIC library_source and RNA-Seq strategy creates ambiguity about the actual method used.	Paralobesia viteana	14	METAGENOMIC	RNA-Seq	Gut microbiome of the grape berry moth, Paralobesia viteana (Lepidoptera: Tortricidae) larvae through the grape ripening process revealed by high-throughput 16S and 18S rRNA sequencing.	REVIEW
PRJEB50625	GUT_WGS	high	explicit	Paper title: 'Metagenomic analysis of fecal microbiomes...'; ENA study title: 'rabbit gut metagenome'; Host body site: 'intestine'; Sample title: 'rabbit gut metagenome'; library_source: 'METAGENOMIC'; library_strategy: 'WGS'	Multiple explicit declarations of gut/fecal sampling (paper title, study title, sample title, body site field) combined with WGS metagenomic library strategy confirm this is shotgun metagenomics of an animal gut microbiome.	rabbit gut metagenome	30	METAGENOMIC	WGS	Metagenomic analysis of fecal microbiomes reveals genetic potential for diverse hydrogen management strategies in marsupials.	CONFIRMED_GUT
PRJEB82776	GUT_WGS	medium	inferred	library_source: METAGENOMIC; library_strategy: WGS; Host organism: Sus scrofa (pig); Paper title mentions 'gut microbiomes' and 'bilirubin reduction' (a gut microbial function); Biome label: 'pig metagenome'	Shotgun metagenomic study (WGS + METAGENOMIC) of a pig host with strong contextual evidence (paper title explicitly states 'gut microbiomes', bilirubin reduction is a characteristic gut microbial function), but body site is not explicitly stated in metadata fields, so confidence is medium and body_site_signal is marked as inferred.	Sus scrofa	279	METAGENOMIC	WGS	Discovery of BilV reveals a multienzymatic basis for bilirubin reduction across vertebrate gut microbiomes.	CONFIRMED_GUT
PRJNA1056763	GUT_WGS	high	explicit	ENA study title: 'Shotgun metagenomic sequencing of bovine gut microbiome: rectal swab'; Sample title(s): 'Shotgun metagenomic sequencing of bovine gut microbiome: rectal swab'; library_strategy: WGS; library_source: METAGENOMIC; Biome label: 'bovine gut metagenome'; Host organism: Bos taurus	The study explicitly states shotgun metagenomic sequencing (WGS + METAGENOMIC library strategy) of bovine gut microbiome from rectal swab samples, which is a gut-proxy body site in an animal host.	Bos taurus	327	METAGENOMIC	WGS	Discovery of BilV reveals a multienzymatic basis for bilirubin reduction across vertebrate gut microbiomes.	CONFIRMED_GUT
PRJNA1212753	GUT_WGS	medium	inferred	library_source: METAGENOMIC; library_strategy: WGS; host organism: Canis lupus familiaris (domestic dog); paper title mentions 'bilirubin reduction across vertebrate gut microbiomes'	The paper title explicitly references 'gut microbiomes' and bilirubin reduction (a gut-relevant metabolic function), the library indicates shotgun metagenomics of community DNA, and the host is a dog; however, the study metadata itself contains no explicit body_site field, so the gut origin is inferred from the paper title rather than stated in the structured metadata.	Canis lupus familiaris	60	METAGENOMIC	WGS	Discovery of BilV reveals a multienzymatic basis for bilirubin reduction across vertebrate gut microbiomes.	CONFIRMED_GUT
PRJNA1367213	GUT_WGS	high	explicit	ENA study title states 'Metagenomic sequencing of different gastrointestinal segments in sheep'; paper title mentions 'gut microbiomes'; library_source=METAGENOMIC; library_strategy=WGS; host organism is Ovis aries (sheep).	Study explicitly targets gastrointestinal segments in an animal host using shotgun metagenomic sequencing, matching the GUT_WGS criteria.	Ovis aries	109	METAGENOMIC	WGS	Discovery of BilV reveals a multienzymatic basis for bilirubin reduction across vertebrate gut microbiomes.	CONFIRMED_GUT
PRJNA795985	GUT_WGS	high	explicit	Isolation source: 'feces'; ENA study title: 'human gut metagenome'; Biome label: 'human gut metagenome'; library_strategy: 'WGS'; library_source: 'GENOMIC'; Host organism: 'Homo sapiens'	Fecal isolation source combined with explicit gut metagenome labeling, WGS shotgun strategy, and human host clearly indicate shotgun metagenomic sequencing of the human gut microbiome.	Homo sapiens	290	GENOMIC	WGS	Discovery of BilV reveals a multienzymatic basis for bilirubin reduction across vertebrate gut microbiomes.	CONFIRMED_GUT
PRJNA988023	GUT_WGS	high	explicit	Isolation source: 'cecal contents' and 'pooled cecal contents'; ENA study title: 'MIMS Environmental/Metagenome sample from gut metagenome'; Biome label: 'gut metagenome'; library_source: 'METAGENOMIC'; library_strategy: 'WGS'; Host: Meleagris gallopavo (turkey)	Multiple explicit statements confirm shotgun metagenomic sequencing of gut microbiota (cecal contents from turkey), meeting all criteria for GUT_WGS classification.	Meleagris gallopavo	90	METAGENOMIC	WGS	Discovery of BilV reveals a multienzymatic basis for bilirubin reduction across vertebrate gut microbiomes.	CONFIRMED_GUT
PRJNA1475489	GUT_WGS	high	explicit	ENA study title: 'Human Stool'; Biome label: 'human gut metagenome'; Sample title: 'Human Stool'; library_source: 'METAGENOMIC'; library_strategy: 'WGS'	Multiple explicit statements identify this as shotgun metagenomic sequencing (WGS + METAGENOMIC library_source) of human stool/gut microbiome.	Homo sapiens	39	METAGENOMIC	WGS	Brain health and the gut microbiome (bMicrobiome Study): a proof-of-concept, feasibility study integrating shotgun metagenomics, metrology, and multidimensional phenotyping across the cognitive aging spectrum.	CONFIRMED_GUT
PRJNA1320715	GUT_WGS	high	explicit	Isolation source: 'stool'; library_source: 'METAGENOMIC'; library_strategy: 'WGS'; host organism: 'Mus musculus'; paper title mentions 'gut microbiome'	Stool is an explicit gut-proxy sample type, WGS with metagenomic library source confirms shotgun metagenomics of microbial community, and the paper title directly references gut microbiome in a mouse model.	Mus musculus	66	METAGENOMIC	WGS	Aging of the adaptive immune system affects the gut microbiome and systemic levels of vitamin B6.	CONFIRMED_GUT
PRJNA1097789	GUT_WGS	medium	inferred	Paper title: 'A diverse gut virome in natural populations of Drosophila melanogaster'; library_source: METAGENOMIC; library_strategy: WCS (shotgun); Host organism: Drosophila melanogaster	The paper title explicitly states 'gut virome' and the methodology is shotgun metagenomic (WCS/METAGENOMIC), but the body site is not explicitly stated in the structured metadata fields, requiring inference from the title.	Drosophila melanogaster	4	METAGENOMIC	WCS	A diverse gut virome in natural populations of Drosophila melanogaster.	CONFIRMED_GUT
PRJEB106514	GUT_WGS	medium	inferred	Paper title: 'The Gut Microbiome Profile of Lions in Etosha National Park, Namibia'; library_source: METAGENOMIC; library_strategy: WGS; host_organism: Panthera leo (lion)	The paper title explicitly states 'Gut Microbiome Profile' and methodology is shotgun metagenomic (WGS + METAGENOMIC), but body_site field itself is empty so the gut designation is inferred from the paper title rather than from structured metadata fields.	Panthera leo	23	METAGENOMIC	WGS	The Gut Microbiome Profile of Lions in Etosha National Park, Namibia.	CONFIRMED_GUT
PRJNA1399069	GUT_WGS	high	explicit	Paper title explicitly states 'freshwater fish gut microbiomes'; library_source: METAGENOMIC; library_strategy: WGS	Title explicitly identifies the study as examining gut microbiomes of freshwater fish using shotgun metagenomic sequencing (WGS library strategy on metagenomic community DNA).		30	METAGENOMIC	WGS	Dietary niches drive microbial community assembly, network reorganization, and symbiont evolution in freshwater fish gut microbiomes.	CONFIRMED_GUT
PRJNA1241462	NOT_METAGENOMIC	high	explicit	library_source: GENOMIC (not METAGENOMIC); library_strategy: WGS; isolation_source: feces; biome labels list culturable isolates (Escherichia coli, Klebsiella species, Scandinavium sp.) rather than community composition	The library_source is explicitly GENOMIC (single-organism genome sequencing), not METAGENOMIC (community DNA), and the named organisms are individual culturable bacterial isolates sequenced from fecal samples, not shotgun metagenomics of the gut microbiome community.	Phascolarctos cinereus	23	GENOMIC	WGS	Detection of amoxicillin-resistant and multidrug-resistant Escherichia coli in young Australian bats (grey-headed flying fox, Pteropus poliocephalus).	EXCLUDED
PRJNA1355441	NOT_METAGENOMIC	high	explicit	library_strategy: AMPLICON	The library_strategy is explicitly AMPLICON, not WGS or METAGENOMIC shotgun sequencing, making this a 16S amplicon study rather than shotgun metagenomics despite the metagenomic biome label and cecal gut source.	Gallus gallus	36	METAGENOMIC	AMPLICON	Recombinant LAB vector-based multicomponent vaccine against Campylobacter jejuni potentially promoting a healthier microbial balance in the poultry gut.	EXCLUDED
PRJEB100772	NOT_METAGENOMIC	high	none	library_strategy: AMPLICON	The library_strategy is explicitly listed as AMPLICON, which indicates 16S/amplicon sequencing rather than shotgun metagenomics (WGS), regardless of the gut-related context suggested by the paper title.	Mus musculus	441	OTHER	AMPLICON	Host genetics shapes the recovery of the gut microbiome after antibiotic treatment: the role of the blood group related B4galnt2 gene.	EXCLUDED
PRJNA1438093	NOT_METAGENOMIC	high	none	library_strategy: AMPLICON	AMPLICON library strategy indicates 16S rRNA gene sequencing, not shotgun metagenomics, regardless of the metagenomic source designation.		92	METAGENOMIC	AMPLICON	Early-life development of the microbiome and resistome in antibiotic-naïve dairy calves.	EXCLUDED
PRJEB88111	GUT_WGS	high	explicit	Isolation source(s): faeces; library_source: METAGENOMIC; library_strategy: WGS; Paper title mentions 'pig diarrhoea' linking to gut pathology	Fecal samples from Sus scrofa (pig) sequenced via shotgun metagenomic WGS unambiguously constitute gut microbiome analysis.	Sus scrofa	108	METAGENOMIC	WGS	Metagenomics provides broad detection of pathogens, antimicrobial resistance, and virulence genes in pig diarrhoea and complement conventional methods.	CONFIRMED_GUT
PRJNA1376267	GUT_WGS	high	explicit	ENA study title: 'Metagenome or environmental sample from gut metagenome'; Biome label: 'gut metagenome'; Isolation source: 'cat gut'; library_source: 'METAGENOMIC'; Paper title explicitly mentions 'Gut Microbiome...of Domestic Cats'	Multiple explicit statements confirm this is shotgun metagenomic sequencing (METAGENOMIC library_source) of cat gut microbiome (isolation source, biome label, and paper title all specify gut), matching the GUT_WGS category.		8	METAGENOMIC	OTHER	The Gut Microbiome and Metabolome of Domestic Cats Were Altered by the Oral Administration of Complex Probiotics.	CONFIRMED_GUT
PRJNA1434035	GUT_WGS	high	explicit	Paper title explicitly states 'rat faecal-derived microbiome'; library_source='METAGENOMIC'; library_strategy='WGS'	The paper title explicitly identifies faecal (gut-proxy) microbiome from rats with shotgun metagenomic sequencing (WGS library strategy on community DNA).		6	METAGENOMIC	WGS	Metagenomic insights into urolithin formation from rambutan rind extract by rat faecal-derived microbiome.	CONFIRMED_GUT
PRJNA1155878	NOT_METAGENOMIC	high	none	library_source: TRANSCRIPTOMIC; library_strategy: RNA-Seq	This is a transcriptomic study (RNA-Seq) of host tissue, not shotgun metagenomic sequencing of microbial community DNA, despite the paper title indicating gut microbiota research.	Mus musculus	12	TRANSCRIPTOMIC	RNA-Seq	Gut microbiota induces dysspermatogenesis via microbial-derived phenylacetylglycine in Ggt1-deficient mice.	EXCLUDED
PRJNA1157396	GUT_WGS	high	explicit	Biome label: 'feces metagenome'; Isolation source: 'Fecal from a mouse numbered FMT-KO1' (and 7 other fecal samples); library_source: 'METAGENOMIC'; Host organism: 'Mus musculus'	Multiple explicit statements confirm fecal/gut sampling (feces metagenome, fecal isolation sources) from mouse, with metagenomic library source indicating shotgun community DNA analysis.	Mus musculus	24	METAGENOMIC	OTHER	Gut microbiota induces dysspermatogenesis via microbial-derived phenylacetylglycine in Ggt1-deficient mice.	CONFIRMED_GUT
PRJNA1274967	NOT_METAGENOMIC	high	explicit	library_strategy: AMPLICON	The study used AMPLICON sequencing (16S), not shotgun/WGS metagenomic sequencing, despite the gut metagenome metadata labels and fecal isolation source.	rodent	20	METAGENOMIC	AMPLICON	Diet-Driven Divergence in Gut Microbiota Variation Between Two Sympatric Gerbil Species.	EXCLUDED
PRJNA1263030	GUT_WGS	high	inferred	Paper title explicitly states 'rumen microbiota'; library_source='METAGENOMIC'; library_strategy='WGS'; host organism=Ovis aries (sheep)	The paper title explicitly mentions 'rumen microbiota' (a gut compartment in ruminants), combined with shotgun metagenomic sequencing (WGS/METAGENOMIC) of sheep samples, confirming this is a gut microbiome study, though body_site is not explicitly stated in the metadata fields.	Ovis aries	18	METAGENOMIC	WGS	Curcumin modulates hepatic pyroptosis-autophagy crosstalk induced by aflatoxin B1 via rumen microbiota-blood-liver axis.	CONFIRMED_GUT
PRJNA1283548	NOT_METAGENOMIC	high	explicit	library_source: TRANSCRIPTOMIC	Although the study targets mouse gut (cecal contents) with shotgun sequencing strategy (WGS), the library_source is explicitly stated as TRANSCRIPTOMIC (RNA), not METAGENOMIC (community DNA), making this a metatranscriptomic study rather than shotgun metagenomic.	Mus musculus	8	TRANSCRIPTOMIC	WGS	Intestinal dysbiosis associates with silica-induced pulmonary fibrosis in mice via arginine and tryptophan pathways.	EXCLUDED
PRJNA1154995	GUT_WGS	high	explicit	ENA study title: 'Metagenome or environmental sample from feces metagenome'; Biome label: 'feces metagenome'; Isolation source: 'feces'; library_source: 'METAGENOMIC'; Paper title explicitly states 'gut microbiota'; library_strategy: 'OTHER' (but paper title and sample descriptions confirm shotgun metagenomics)	Fecal samples from wildlife are explicit proxy for gut microbiota, metagenomic library source confirms community DNA sequencing, and the paper title explicitly references 'gut microbiota' in a metagenomic study.	feces metagenome	34	METAGENOMIC	OTHER	Dietary drivers of gut microbiota diversity and function in wildlife of Wolong Nature Reserve: a metagenomic study.	CONFIRMED_GUT
PRJNA1300300	NOT_METAGENOMIC	high	explicit	library_strategy: AMPLICON; biome label: feces metagenome	Although the biome label explicitly indicates feces (gut-proxy) from rats, the library_strategy is AMPLICON (16S rRNA gene sequencing), not WGS/METAGENOMIC shotgun sequencing, which disqualifies this as a shotgun metagenomic study.	Rattus norvegicus	52	METAGENOMIC	AMPLICON	Limosilactobacillus reuteri normalizes gut microbiota dysfunction and social deficits of rat offspring associated with prenatal exposure to stress.	EXCLUDED
PRJNA1320514	NOT_METAGENOMIC	high	none	library_strategy: AMPLICON	AMPLICON sequencing (16S rRNA) is explicitly stated, which is not shotgun metagenomics regardless of the gut-related paper title.		233	METAGENOMIC	AMPLICON	A naturalized gut microbiome interacts with dietary fibers to protect against colonic inflammation.	EXCLUDED
PRJEB29232	GUT_WGS	medium	inferred	Paper title explicitly states 'Gut microbiome'; library_source='METAGENOMIC'; library_strategy='WGS'; host=Vulpes vulpes (fox)	Paper title explicitly identifies this as a gut microbiome study with shotgun metagenomic methods (WGS), though the structured metadata fields lack explicit body_site annotation.	Vulpes vulpes	131	METAGENOMIC	WGS	Gut microbiome community structure correlates with different behavioral phenotypes in the Belyaev Farm-Fox Experiment.	CONFIRMED_GUT
PRJNA1242727	NOT_METAGENOMIC	high	explicit	library_strategy: AMPLICON	The library_strategy is explicitly listed as AMPLICON, which indicates 16S/amplicon sequencing, not shotgun metagenomics (WGS/METAGENOMIC), disqualifying this from GUT_WGS classification despite the gut microbiome context.	Bos taurus	39	METAGENOMIC	AMPLICON	Sulfoquinovose degradation by cow rumen microbiota.	EXCLUDED
PRJEB105080	NOT_METAGENOMIC	high	none	library_source: TRANSCRIPTOMIC; library_strategy: RNA-Seq; sample titles indicate 'scRNA-seq'	This is a single-cell RNA-sequencing study of mouse tissues (not shotgun metagenomic sequencing of microbial communities), as explicitly indicated by transcriptomic library source and RNA-Seq strategy.	Mus musculus	33	TRANSCRIPTOMIC	RNA-Seq	Diverse high-fat diets drive multi-omic reprogramming that persists after dietary reversal.	EXCLUDED
PRJNA1322081	NOT_METAGENOMIC	high	explicit	library_strategy: AMPLICON	Although the study targets gut microbiome of an animal (Aedes albopictus), the library_strategy is AMPLICON (not WGS/METAGENOMIC), which means it is 16S amplicon sequencing, not shotgun metagenomics, and therefore does not qualify as GUT_WGS.	Aedes albopictus	2	METAGENOMIC	AMPLICON	Bacterially expressed recombinant TMOF induces mortality and gut microbial alterations in Aedes albopictus larvae.	EXCLUDED
PRJNA1399070	GUT_WGS	medium	inferred	Paper title: 'Comparative Analysis of Gut Microbiota and Metabolome of Captive Male Malayan Pangolins with Normal and Abnormal Reproduction'; library_source: METAGENOMIC; library_strategy: OTHER	The paper title explicitly states 'Gut Microbiota' and the host organism is Malayan pangolin (Manis javanica), an animal; library_source is METAGENOMIC (shotgun community DNA), but body site is not independently confirmed in metadata fields so confidence is medium and body_site_signal is inferred from the paper title rather than explicit metadata.	Manis javanica	13	METAGENOMIC	OTHER	Comparative Analysis of Gut Microbiota and Metabolome of Captive Male Malayan Pangolins with Normal and Abnormal Reproduction.	CONFIRMED_GUT
PRJNA1257937	NOT_METAGENOMIC	high	explicit	library_strategy: AMPLICON	The library_strategy is explicitly AMPLICON, which indicates 16S/rRNA gene sequencing, not shotgun metagenomics (WGS/METAGENOMIC), despite the gut/intestinal/fecal isolation source being explicitly stated.	Environment	27	GENOMIC	AMPLICON	Metagenomic analysis of gut bacteria in different developmental instars of Spodoptera litura.	EXCLUDED
PRJNA1299316	NOT_METAGENOMIC	high	explicit	library_strategy: AMPLICON	The library_strategy is explicitly stated as AMPLICON, which indicates 16S amplicon sequencing rather than shotgun metagenomics (WGS/METAGENOMIC), despite the misleading study titles mentioning 'shotgun metagenomics'.	missing	36	METAGENOMIC	AMPLICON	Gut microbiome modulation by cricket, pea, and whey protein using the SHIME in vitro simulator.	EXCLUDED
PRJNA1002222	NOT_METAGENOMIC	high	none	library_source: TRANSCRIPTOMIC; library_strategy: RNA-Seq	The library_source is explicitly TRANSCRIPTOMIC and library_strategy is RNA-Seq, which indicates this is a transcriptomic study (RNA-based), not shotgun metagenomic sequencing of community DNA.	Mus musculus	75	TRANSCRIPTOMIC	RNA-Seq	Estropausal gut microbiota transplant improves measures of ovarian function in adult mice.	EXCLUDED
PRJNA1076509	NOT_METAGENOMIC	high	none	library_strategy: AMPLICON	AMPLICON sequencing (16S/marker gene) is explicitly stated, which is not shotgun metagenomics regardless of the metagenomic source designation.	Mus musculus	91	METAGENOMIC	AMPLICON	Estropausal gut microbiota transplant improves measures of ovarian function in adult mice.	EXCLUDED
PRJNA1054518	GUT_WGS	high	explicit	Isolation source: 'stool'; ENA study title includes 'mouse gut metagenome'; Paper title mentions 'gut bacteriophage'; library_strategy: 'WGS'; library_source: 'METAGENOMIC'	Multiple explicit indicators confirm shotgun metagenomic sequencing of mouse gut microbiome: stool isolation source, explicit 'gut metagenome' designation, WGS strategy, and metagenomic library source.	Mus musculus	993	METAGENOMIC	WGS	Dynamics of gut bacteriophage in diversity outbred mice studied over lifespan and during extreme caloric restriction.	CONFIRMED_GUT
PRJNA890321	GUT_WGS	high	explicit	isolation source: stool; library_strategy: WGS; library_source: METAGENOMIC; paper title mentions 'gut microbiome'	Stool is an explicit gut-proxy body site, WGS with metagenomic library source confirms shotgun community sequencing of animal (swan) microbiota.	Cygnus cygnus	28	METAGENOMIC	WGS	Metagenomic analysis of gut microbiome and resistome of Whooper and Black Swans: a one health perspective.	CONFIRMED_GUT
PRJNA1104663	NOT_METAGENOMIC	high	explicit	library_strategy: AMPLICON	Although the study explicitly targets gut microbiome (isolation source: feces, biome label: gut metagenome, host: Mus musculus), the library_strategy is AMPLICON, which indicates 16S rRNA sequencing rather than shotgun whole-genome metagenomics, thus disqualifying it from GUT_WGS classification.	Mus musculus	98	METAGENOMIC	AMPLICON	Antibiotic-induced gut microbiome remodeling reduces neuroinflammation in traumatic brain injury.	EXCLUDED
PRJNA1216228	UNCERTAIN	low	none	Biome label: 'dust metagenome'; Library source: 'METAGENOMIC'; Library strategy: 'WGS'; Paper title mentions 'gut microbiome' but sample metadata shows 'dust metagenome' with no host organism or body site specified.	While the paper title suggests a gut microbiome study, the actual sample metadata explicitly labels samples as 'dust metagenome' with no host organism or body site information, creating a direct conflict that cannot be resolved from the evidence provided.	dust metagenome	2	METAGENOMIC	WGS	Antibiotic-induced gut microbiome remodeling reduces neuroinflammation in traumatic brain injury.	REVIEW
PRJNA1191222	NOT_METAGENOMIC	high	none	library_strategy: AMPLICON	The study used 16S rRNA AMPLICON sequencing (stated explicitly in library_strategy field), not shotgun/WGS metagenomic methods, making it ineligible for GUT_WGS classification regardless of host organism or suspected gut origin.	Capra ibex	767	METAGENOMIC	AMPLICON	Gut microbiomes of wild and domesticated mammals and birds in Slovenia, Europe: 16S rRNA sequencing data.	EXCLUDED
PRJNA1412623	NOT_METAGENOMIC	high	explicit	library_strategy: AMPLICON	The study uses AMPLICON sequencing strategy (16S), not shotgun/WGS metagenomic sequencing, which disqualifies it from the GUT_WGS category regardless of the gut-derived samples.	Aves	53	METAGENOMIC	AMPLICON	Convergent gut microbiome adaptation and pervasive antibiotic resistome in Qinghai-Tibet Plateau passerines.	EXCLUDED
PRJNA610239	NOT_METAGENOMIC	high	explicit	library_strategy: AMPLICON	The library_strategy is explicitly AMPLICON, which indicates 16S rRNA gene sequencing rather than shotgun metagenomics (WGS), disqualifying this as a shotgun metagenomic study despite the gut microbiome biome label and metagenomic library source.		20	METAGENOMIC	AMPLICON	FK506-binding protein-5 in high-fat diet-induced metabolic dysfunction-associated steatotic liver disease.	EXCLUDED
PRJNA1175865	GUT_WGS	high	explicit	Isolation source(s): cecum; Biome label(s): gut metagenome; library_source: METAGENOMIC; library_strategy: WGS	Cecum is an explicit gut-proximal site (part of the large intestine), combined with shotgun metagenomic sequencing (WGS + METAGENOMIC library source) of animal hosts.	Alexandromys fortis	128	METAGENOMIC	WGS	Metagenomic analysis of gut microbiota composition and function in wild mice (Rattus flavipectus) infected with Enterocytozoon bieneusi.	CONFIRMED_GUT
PRJNA792023	GUT_WGS	high	explicit	ENA study title: 'Chicken ceca metagenome'; Isolation source: 'caecal content'; library_source: 'METAGENOMIC'; library_strategy: 'WXS' (shotgun); Biome label: 'chicken gut metagenome'	Multiple explicit indicators confirm this is shotgun metagenomic sequencing of chicken cecal (gut) microbiota: caecal isolation source, metagenomics library source, and WXS sequencing strategy.	Gallus gallus	29	METAGENOMIC	WXS	Effectiveness of probiotic supplementation on growth performance, gut microbiota, and Salmonella reduction in broiler chicks challenged with Salmonella Typhimurium.	CONFIRMED_GUT
PRJNA1079352	NOT_METAGENOMIC	high	none	library_strategy: AMPLICON	AMPLICON sequencing (16S/rRNA) is explicitly stated, which is not shotgun metagenomic sequencing regardless of the gut context.	Phlebotomus duboscqi	45	METAGENOMIC	AMPLICON	Phlebotomus duboscqi gut microbiota dynamics in the context of Leishmania infection.	EXCLUDED
PRJNA1127327	NOT_METAGENOMIC	high	explicit	library_strategy: AMPLICON	The study uses AMPLICON sequencing (16S), not shotgun/WGS metagenomic sequencing, despite the fecal/gut context and metagenomic library_source designation.	Mus musculus	84	METAGENOMIC	AMPLICON	Phloretin-induced modulation in gut microbiome, mitigates colonic inflammation and alleviates colitis-associated colorectal cancer in mice.	EXCLUDED
PRJEB89408	GUT_WGS	high	explicit	Host body site: Faeces; library_source: METAGENOMIC; library_strategy: WGS; Paper title explicitly states 'faecal microbiomes'	Study uses shotgun metagenomic sequencing (WGS + METAGENOMIC source) of faecal samples from multiple marsupial species, which is explicitly stated as fecal/gut microbiome sampling.	Trichosurus vulpecula	117	METAGENOMIC	WGS	A molecular inventory of the faecal microbiomes of 23 marsupial species.	CONFIRMED_GUT
PRJNA1036837	NOT_METAGENOMIC	high	explicit	library_strategy: AMPLICON; library_source: METAGENOMIC; ENA study title states '16S rRNA sequence data'	This is 16S rRNA amplicon sequencing (AMPLICON strategy), not shotgun/WGS metagenomic sequencing, despite the metagenomic label and gut isolation source.	Arma custos	79	METAGENOMIC	AMPLICON	Gut microbiome convergence and functional adaptation underlie the evolution of predation in stink bugs (Heteroptera: Pentatomidae).	EXCLUDED
PRJNA1353854	NOT_METAGENOMIC	high	explicit	library_strategy: AMPLICON	AMPLICON sequencing (16S/ITS) is explicitly stated as the method, which is not shotgun metagenomics even though the study includes multiple body sites including gut.	Odorrana schmackeri	46	METAGENOMIC	AMPLICON	Comparative Analysis of Environmental and Host-Associated Microbiome in Odorrana schmackeri (Auran: Ranidae): Insights into Tissue-Specific Colonization and Microbial Adaptation.	EXCLUDED
PRJNA1167890	GUT_WGS	high	explicit	Paper title explicitly states 'fecal microbiomes'; ENA study title and biome labels explicitly state 'gut metagenome' and 'feces metagenome'; library_source='METAGENOMIC'; library_strategy='WGA' (whole genome amplification, shotgun approach); host organisms are all marsupials (animals).	Multiple explicit statements of fecal/gut origin combined with metagenomic shotgun sequencing of animal hosts definitively classify this as a gut WGS metagenomic study.	Lasiorhinus latifrons	36	METAGENOMIC	WGA	Metagenomic analysis of fecal microbiomes reveals genetic potential for diverse hydrogen management strategies in marsupials.	CONFIRMED_GUT
PRJNA340521	GUT_WGS	high	explicit	Paper title: 'Metagenomic analysis of fecal microbiomes...'; Biome label: 'gut metagenome'; Isolation source: 'Capybara group feces'; library_source: 'METAGENOMIC'; library_strategy: 'WGS'	Multiple explicit statements confirm shotgun metagenomic sequencing of fecal/gut microbiome from a mammalian host (capybara).		1	METAGENOMIC	WGS	Metagenomic analysis of fecal microbiomes reveals genetic potential for diverse hydrogen management strategies in marsupials.	CONFIRMED_GUT
PRJNA752224	GUT_WGS	high	explicit	Paper title: 'Metagenomic analysis of fecal microbiomes reveals genetic potential for diverse hydrogen management strategies in marsupials.' ENA study title: 'Metagenome or environmental sample from gut metagenome'. Biome label: 'gut metagenome'. Library_source: 'METAGENOMIC'. Library_strategy: 'WGS'.	The paper explicitly states fecal microbiome analysis, ENA metadata explicitly designates gut metagenome, and both metagenomic library source and WGS strategy are explicitly confirmed.		20	METAGENOMIC	WGS	Metagenomic analysis of fecal microbiomes reveals genetic potential for diverse hydrogen management strategies in marsupials.	CONFIRMED_GUT
PRJEB53209	UNCERTAIN	low	conflicting	Paper title states 'gut microbiome of Tibetan antelopes' (animal gut); biome label states 'human gut metagenome' (human, not animal); host organism field is empty; library_source=METAGENOMIC and library_strategy=WGS confirm shotgun metagenomic method	The paper title explicitly describes a Tibetan antelope (animal) gut microbiome study, but the biome label contradictorily specifies 'human gut metagenome'; without clarification of which organism was actually sampled, the verdict cannot be confidently assigned.		17	METAGENOMIC	WGS	Comprehensive profiling of antibiotic resistance, virulence genes, and mobile genetic elements in the gut microbiome of Tibetan antelopes.	REVIEW
PRJNA543906	GUT_WGS	high	explicit	ENA study title: 'fecal'; Biome label: 'gut metagenome'; Sample title(s): 'fecal'; library_source: 'METAGENOMIC'; Paper title mentions 'gut microbiome'	Multiple explicit indicators (fecal samples, gut metagenome label, metagenomic library source) confirm this is shotgun metagenomic sequencing of an animal gut microbiome, despite the host organism field anomaly (Homo sapiens vs. Tibetan antelope in title).	Homo sapiens	27	METAGENOMIC	OTHER	Comprehensive profiling of antibiotic resistance, virulence genes, and mobile genetic elements in the gut microbiome of Tibetan antelopes.	CONFIRMED_GUT
PRJNA1183575	NOT_METAGENOMIC	high	explicit	library_strategy: AMPLICON (explicitly stated as 16S amplicon, not WGS or METAGENOMIC shotgun)	Although samples mention 'Stool DNA Kit' and biome labels include 'feces metagenome' and 'gut metagenome', the library_strategy is AMPLICON (16S rRNA gene sequencing), which is by definition not shotgun metagenomic sequencing and therefore disqualifies this from GUT_WGS classification.	Magallana gigas	168	METAGENOMIC	AMPLICON	Benchmarking Cost-Effective DNA Extraction Kits for Diverse Metagenomic Samples.	EXCLUDED
PRJNA1219777	NOT_METAGENOMIC	high	none	library_strategy: AMPLICON	The study used AMPLICON sequencing (16S/marker gene), not shotgun metagenomics (WGS), so it does not meet the definition of shotgun metagenomic study regardless of the gut origin of samples.	Honeybee	51	METAGENOMIC	AMPLICON	Characterization of Gut Microbiota of Honey Bees in Korea.	EXCLUDED
PRJNA1298916	GUT_WGS	high	explicit	Isolation source(s): 'Gnotobiotic Mouse Feces'; Host organism: Mus musculus; library_source: METAGENOMIC; library_strategy: WGS	The study explicitly states fecal samples from mice analyzed via shotgun metagenomics, which is a clear match for gut microbiome WGS classification.	Mus musculus	27	METAGENOMIC	WGS	A synthetic gut microbiota provides an understanding of the maintenance and functional impact of phage.	CONFIRMED_GUT
PRJNA1328360	NOT_METAGENOMIC	high	explicit	library_strategy: AMPLICON	The library_strategy is explicitly AMPLICON, which indicates 16S amplicon sequencing, not shotgun metagenomic sequencing (WGS/METAGENOMIC), despite the gut body site being explicitly stated.	Penaeus vannamei	10	METAGENOMIC	AMPLICON	Exploring the gut microbiota of Pacific white shrimp (Litopenaeus vannamei) suffering pale shrimp disease.	EXCLUDED
PRJNA1336314	NOT_METAGENOMIC	high	explicit	library_source: TRANSCRIPTOMIC; library_strategy: AMPLICON	This is an amplicon study (16S, not shotgun) with transcriptomic library source, not shotgun metagenomics, despite the gut body site being explicitly stated.	Mus musculus	54	TRANSCRIPTOMIC	AMPLICON	Colonization by Akkermansia muciniphila modulates central nervous system autoimmunity in an ecological context-dependent manner.	EXCLUDED
PRJEB85982	NOT_METAGENOMIC	high	none	library_source: GENOMIC (not METAGENOMIC); sample is 'B. subtilis sample 01' indicating single-organism isolate, not community DNA	This is a single bacterial strain genome (Bacillus subtilis GM_03 isolated from Galleria mellonella), not a shotgun metagenomic community study, as indicated by GENOMIC library_source and the specific strain designation.	Bacillus subtilis	2	GENOMIC	WGS	Characterising the Multiple-Plastic Degrading Strain of Bacillus subtilis GM_03 From the Galleria mellonella Microbiome.	EXCLUDED
PRJNA1088789	GUT_WGS	high	explicit	Paper title: 'The Influence of Diet on the Composition and Function of Gut Microbiota in Four Snake Species'; library_source: METAGENOMIC; library_strategy: WGS; host organisms are snake species (Elaphe taeniura, Pareas formosensis, Protobothrops jerdonii, Rhabdophis chiwen)	The paper title explicitly states this is a study of 'Gut Microbiota' in snakes, with shotgun metagenomic sequencing (WGS library_strategy, METAGENOMIC library_source) of animal hosts.	Elaphe taeniura	12	METAGENOMIC	WGS	The Influence of Diet on the Composition and Function of Gut Microbiota in Four Snake Species.	CONFIRMED_GUT
PRJNA1306187	GUT_WGS	medium	inferred	Paper title: 'Isolation by distance promotes strain diversification in the wild mouse gut microbiota.' Library_source: METAGENOMIC. Library_strategy: WGS.	The paper title explicitly mentions 'mouse gut microbiota' and the library metadata confirm shotgun metagenomic approach (WGS + METAGENOMIC), but body site is not stated in structured metadata fields—only inferred from the paper title.		94	METAGENOMIC	WGS	Isolation by distance promotes strain diversification in the wild mouse gut microbiota.	CONFIRMED_GUT
PRJNA1206451	GUT_WGS	high	explicit	Biome label: 'gut metagenome'; library_source: 'METAGENOMIC'; library_strategy: 'Hi-C' (shotgun metagenomics approach); host organism: 'Apis mellifera' (honey bee)	The biome label explicitly states 'gut metagenome', the library source is metagenomic (community DNA), and Hi-C is a shotgun metagenomics method applied to an animal host.	Apis mellifera	3	METAGENOMIC	Hi-C	Hi-C-resolved metagenomics reveals host range variation among mobile genetic elements within the European honey bee.	CONFIRMED_GUT
PRJNA1270017	NOT_METAGENOMIC	high	explicit	library_strategy: AMPLICON (16S rRNA metagenome analysis); biome label: gut metagenome; host organism: Labeo rohita (fish)	This is 16S rRNA amplicon sequencing, not shotgun/WGS metagenomics, despite the biome label stating 'gut metagenome' and the paper title mentioning 'metagenome analysis'—the AMPLICON strategy explicitly indicates targeted 16S rRNA gene surveys rather than whole-genome shotgun sequencing.	Labeo rohita	20	METAGENOMIC	AMPLICON	16S rRNA metagenome analysis of gut bacteriome of Rohu (Labeo rohita) from Halda River and Kaptai Lake, Bangladesh.	EXCLUDED
PRJNA1264687	GUT_WGS	high	explicit	Paper title: 'Characterization of DNA Viruses in Hindgut Contents of Protaetia brevitarsis Larvae'; Isolation source: 'hindgut contents'; library_source: 'METAGENOMIC'; library_strategy: 'WGS'; Host organism: 'Protaetia brevitarsis' (an animal beetle larva)	The study explicitly targets hindgut contents (a gut compartment) using shotgun metagenomic sequencing (WGS) of an animal host, meeting all criteria for GUT_WGS classification.	Protaetia brevitarsis	10	METAGENOMIC	WGS	Characterization of DNA Viruses in Hindgut Contents of Protaetia brevitarsis Larvae.	CONFIRMED_GUT
PRJNA1023051	NOT_METAGENOMIC	high	explicit	library_strategy: AMPLICON	The library_strategy is explicitly AMPLICON, not WGS or METAGENOMIC shotgun sequencing, which disqualifies this as a shotgun metagenomic study despite the gut isolation source and metagenomic library source designation.	Pachnoda	90	METAGENOMIC	AMPLICON	The highly differentiated gut of Pachnoda marginata hosts sequential microbiomes: microbial ecology and potential applications.	EXCLUDED
PRJEB47909	GUT_WGS	high	explicit	Biome label: 'human gut metagenome'; library_source: 'METAGENOMIC'; library_strategy: 'WGS'	The biome label explicitly states 'human gut metagenome', library_source is METAGENOMIC (community DNA), and library_strategy is WGS (shotgun), meeting all criteria for shotgun metagenomic study of gut microbiome.		115	METAGENOMIC	WGS	Shared environments complicate the use of strain-resolved metagenomics to infer microbiome transmission.	CONFIRMED_GUT
PRJNA1135081	UNCERTAIN	low	none	ENA study title: 'MIMS Environmental/Metagenome sample from metagenome'; Biome label: 'metagenome'; Host organism: (none); Host body site: (none); Isolation source: (none)	While library_source=METAGENOMIC and library_strategy=WGS confirm shotgun metagenomics methodology, the complete absence of host organism, body site, and isolation source information, combined with the explicit labeling as 'Environmental/Metagenome' with no gut-specific descriptors, makes it impossible to determine whether this is an animal gut microbiome study or an environmental sample.	Papio cynocephalus	126	METAGENOMIC	WGS	Shared environments complicate the use of strain-resolved metagenomics to infer microbiome transmission.	REVIEW
PRJNA1091202	NOT_METAGENOMIC	high	explicit	library_strategy: AMPLICON	The library_strategy is explicitly AMPLICON, which indicates 16S amplicon sequencing, not shotgun metagenomic sequencing (WGS/METAGENOMIC), regardless of the gut microbiome source.	Pangasius pangasius	9	METAGENOMIC	AMPLICON	Melodious tuning of microbial dynamics in biofloc, cage, and pond culturing system: a study on Pangasius pangasius fish gut microbiome.	EXCLUDED
PRJNA1092791	GUT_WGS	high	explicit	Biome label: 'gut metagenome'; Isolation source: 'feces'; Library strategy: 'WGS'; Library source: 'METAGENOMIC'	Multiple explicit indicators confirm shotgun metagenomic sequencing of gut microbiota: fecal samples from multiple animal hosts with explicit 'gut metagenome' biome designation and WGS metagenomic methodology.	Mus musculus	41	METAGENOMIC	WGS	Colonization of microbiota derived from Macaca fascicularis, Bama miniature pigs, beagle dogs, and C57BL/6J mice alleviates DSS-induced colitis in germ-free mice.	CONFIRMED_GUT
PRJNA987959	NOT_METAGENOMIC	high	explicit	library_strategy: AMPLICON; library_source: GENOMIC	AMPLICON sequencing (16S rRNA) is not shotgun metagenomics, regardless of the gut body site explicitly stated in the isolation source (feces).	Lactobacillus	20	GENOMIC	AMPLICON	Metagenomic comparison of intestinal microbiota between normal and liver fibrotic rhesus macaques (Macaca mulatta).	EXCLUDED
PRJNA1060930	NOT_METAGENOMIC	high	explicit	library_strategy: AMPLICON	Although the isolation source explicitly states 'fecal sample' (gut proxy) and library_source is METAGENOMIC, the library_strategy is AMPLICON, which indicates 16S rRNA gene sequencing rather than shotgun metagenomics, disqualifying this as a WGS metagenomic study.	Apodemus agrarius	70	METAGENOMIC	AMPLICON	Green spaces contribute to structural resilience of the gut microbiota in urban mammals.	EXCLUDED
PRJNA956273	GUT_WGS	high	explicit	Isolation source: 'intestinal content 1; intestinal content 10; intestinal content 11; intestinal content 12; intestinal content 2; intestinal content 3; intestinal content 4; intestinal content 5'; Biome label: 'mouse gut metagenome'; ENA study title: 'Metagenome or environmental sample from mouse gut metagenome'; library_source: 'METAGENOMIC'; Host organism: 'Mus musculus'	Multiple explicit statements confirm shotgun metagenomic sequencing of mouse intestinal/gut content: isolation source clearly specifies intestinal content, biome label identifies gut metagenome, library_source confirms metagenomic community DNA, and host is a rodent.	Mus musculus	12	METAGENOMIC	OTHER	Metagenomic and metabolomic analysis showing the adverse risk-benefit trade-off of the ketogenic diet.	CONFIRMED_GUT
PRJNA1120330	NOT_METAGENOMIC	high	explicit	library_strategy: AMPLICON	The study used AMPLICON sequencing (16S), not shotgun/WGS metagenomics, despite targeting the gut microbiome of broilers (Gallus gallus cecal digesta).	Gallus gallus	36	METAGENOMIC	AMPLICON	Effects of a biotechnologically produced Pleurotus sapidus mycelium on gut microbiome, liver transcriptome and plasma metabolome of broilers.	EXCLUDED
PRJNA1021612	NOT_METAGENOMIC	high	none	library_strategy: AMPLICON	AMPLICON sequencing (16S) is explicitly stated as the library strategy, which is not shotgun/WGS metagenomic sequencing despite the metagenomic source label.	Callithrix jacchus	68	METAGENOMIC	AMPLICON	Group membership, not diet, structures the composition and functional potential of the gut microbiome in a wild primate.	EXCLUDED
PRJNA1028484	NOT_METAGENOMIC	high	explicit	library_strategy: AMPLICON	The library_strategy is explicitly AMPLICON (16S), not WGS/METAGENOMIC shotgun sequencing, which disqualifies this from being a shotgun metagenomic study regardless of the gut body site.	Mauremys reevesii	9	METAGENOMIC	AMPLICON	Metagenomics Analysis Reveals the Composition and Functional Differences of Fecal Microbiota in Wild, Farm, and Released Chinese Three-Keeled Pond Turtles (Mauremys reevesii).	EXCLUDED
PRJNA994721	NOT_METAGENOMIC	high	explicit	library_strategy: AMPLICON	Although the study targets a gut site (fecal microbiota) in an animal host, the library_strategy is explicitly AMPLICON, not WGS/METAGENOMIC shotgun sequencing, making this a 16S amplicon study rather than shotgun metagenomics.	Mauremys reevesii	16	METAGENOMIC	AMPLICON	Metagenomics Analysis Reveals the Composition and Functional Differences of Fecal Microbiota in Wild, Farm, and Released Chinese Three-Keeled Pond Turtles (Mauremys reevesii).	EXCLUDED
PRJNA884830	GUT_WGS	high	explicit	ENA study title: 'Metagenome or environmental sample from feces metagenome'; Biome label: 'feces metagenome'; Isolation source: 'faeces sample'; library_source: 'METAGENOMIC'; library_strategy: 'WGS'	Multiple explicit statements confirm fecal/faecal sampling (gut-proxy) combined with shotgun metagenomic sequencing of the gut microbiota of Rhinopithecius bieti (a primate host).	feces metagenome	1	METAGENOMIC	WGS	Metagenomic and culture-dependent analysis of Rhinopithecius bieti gut microbiota and characterization of a novel genus of Sphingobacteriaceae.	CONFIRMED_GUT
PRJNA1105222	NOT_METAGENOMIC	high	explicit	library_strategy: AMPLICON	The study used AMPLICON sequencing strategy (16S), not shotgun/WGS metagenomic sequencing, despite targeting the gut microbiome.	stool	1	GENOMIC	AMPLICON	The protective role of phlorizin against lipopolysaccharide-induced acute orchitis in mice associated with changes in gut microbiota composition.	EXCLUDED
PRJNA1054352	NOT_METAGENOMIC	high	none	library_strategy: AMPLICON	The sequencing strategy is explicitly AMPLICON (16S), not WGS/METAGENOMIC shotgun, disqualifying it from the GUT_WGS category regardless of host or inferred body site.	Danio rerio	30	METAGENOMIC	AMPLICON	Magnolia Officinalis Alcohol Extract Alleviates the Intestinal Injury Induced by Polygala Tenuifolia Through Regulating the PI3K/AKT/NF-κB Signaling Pathway and Intestinal Flora.	EXCLUDED
PRJNA1054761	GUT_WGS	medium	inferred	Paper title mentions 'Intestinal Injury' and 'Intestinal Flora'; Host organism is Danio rerio (zebrafish); library_source=METAGENOMIC; library_strategy=WGS; isolation_source lists Danio rerio specimens	The paper title explicitly discusses intestinal injury and intestinal flora regulation in the context of a treatment study, and the metagenomic WGS approach applied to Danio rerio specimens strongly indicates gut microbiome sampling, though the host body site field is not explicitly stated in the metadata.	Danio rerio	30	METAGENOMIC	WGS	Magnolia Officinalis Alcohol Extract Alleviates the Intestinal Injury Induced by Polygala Tenuifolia Through Regulating the PI3K/AKT/NF-κB Signaling Pathway and Intestinal Flora.	CONFIRMED_GUT
PRJNA861709	NOT_GUT	high	explicit	Isolation source(s): Digestive tract; salivary gland	While digestive tract is mentioned, the primary focus is salivary gland bacteria from sand flies (Phlebotomus papatasi, an insect vector), not a vertebrate animal's gut microbiome, and the study explicitly examines bacteria in forced salivation/infectious inoculum rather than fecal/intestinal content.	Sand fly	2	METAGENOMIC	CLONE	Characterization of bacteria expectorated during forced salivation of the Phlebotomus papatasi: A neglected component of sand fly infectious inoculums.	EXCLUDED
PRJNA843354	GUT_WGS	high	explicit	ENA study title: 'Metagenome or environmental sample from bovine gut metagenome'; Biome label: 'bovine gut metagenome'; library_source: 'METAGENOMIC'; library_strategy: 'WGS'; Host organism: 'Bos taurus'	Study explicitly identifies bovine gut metagenome as the target, uses shotgun metagenomic sequencing (WGS + METAGENOMIC library source) of a bovine (Bos taurus) host.	Bos taurus	32	METAGENOMIC	WGS	Multi-omics strategy reveals potential role of antimicrobial resistance and virulence factor genes responsible for Simmental diarrheic calves caused by Escherichia coli.	CONFIRMED_GUT
PRJNA1006090	NOT_METAGENOMIC	high	explicit	library_strategy: AMPLICON	The library_strategy is explicitly stated as AMPLICON, which indicates 16S rRNA gene sequencing rather than shotgun metagenomics (WGS), disqualifying this from the GUT_WGS category despite clear gut body site and animal host evidence.	Equus caballus	111	METAGENOMIC	AMPLICON	Relationship between the components of mare breast milk and foal gut microbiome: shaping gut microbiome development after birth.	EXCLUDED
PRJNA863425	NOT_METAGENOMIC	high	none	library_strategy: AMPLICON	AMPLICON sequencing (16S) is explicitly stated, which is not shotgun metagenomics regardless of the metagenomic biome label.	C57BL/6 mice	220	METAGENOMIC	AMPLICON	Short-term exposure to antibiotics begets long-term disturbance in gut microbial metabolism and molecular ecological networks.	EXCLUDED
PRJNA805352	GUT_WGS	high	explicit	Isolation source: 'gut'; ENA study title: 'Metagenome or environmental sample from insect gut metagenome'; Biome label: 'insect gut metagenome'; library_source: 'METAGENOMIC'; library_strategy: 'WGS'	Multiple explicit statements confirm shotgun metagenomic sequencing of gut microbiota from an insect host (Cnaphalocrocis medinalis, a rice pest).	Cnaphalocrocis medinalis	1	METAGENOMIC	WGS	Metagenomic Analyses Reveal Gut Microbial Profiles of Cnaphalocrocis medinalis Driven by the Infection of Baculovirus CnmeGV.	CONFIRMED_GUT
PRJNA774646	NOT_METAGENOMIC	high	explicit	library_strategy: AMPLICON	The study uses AMPLICON sequencing (16S), not shotgun/WGS metagenomic sequencing, making it ineligible for GUT_WGS classification despite explicit gut microbiome content.	Cap_10;Cap 10	84	METAGENOMIC	AMPLICON	Dysbiosis of Gut Microbiome Aggravated Male Infertility in Captivity of Plateau Pika.	EXCLUDED
PRJNA810901	NOT_METAGENOMIC	high	none	library_source: TRANSCRIPTOMIC; library_strategy: RNA-Seq	The study used RNA-Seq on transcriptomic library source, which is not shotgun metagenomic sequencing of community DNA; this is a transcriptomic study, not a shotgun metagenomics study.	Ochotona	18	TRANSCRIPTOMIC	RNA-Seq	Dysbiosis of Gut Microbiome Aggravated Male Infertility in Captivity of Plateau Pika.	EXCLUDED
PRJNA924947	GUT_WGS	high	explicit	ENA study title: 'Metagenome or environmental sample from gut metagenome'; Biome label: 'gut metagenome'; Paper title mentions 'gut microbiome'; library_source: 'METAGENOMIC'; library_strategy: 'WGS'	Multiple explicit statements confirm shotgun metagenomic sequencing (WGS + METAGENOMIC library_source) of animal gut microbiome from Holstein calves.	bovine	12	METAGENOMIC	WGS	Intake of compound probiotics accelerates the construction of immune function and gut microbiome in Holstein calves.	CONFIRMED_GUT
PRJNA1011488	NOT_METAGENOMIC	high	explicit	library_strategy: RNA-Seq	The library_strategy is explicitly RNA-Seq, which indicates transcriptomic sequencing of RNA rather than shotgun metagenomic sequencing of community DNA (WGS/METAGENOMIC), despite the library_source being labeled as METAGENOMIC.	Cricetinae	15	METAGENOMIC	RNA-Seq	The gut microbe pair of Oribacterium sp. GMB0313 and Ruminococcus sp. GMB0270 confers complete protection against SARS-CoV-2 infection by activating CD8+ T cell-mediated immunity.	EXCLUDED
PRJNA1043846	GUT_WGS	medium	inferred	library_strategy: WGS, library_source: METAGENOMIC, paper title mentions 'Enterococcus casseliflavus regulates amino acid metabolism in edible insect', host organism Clanis bilineata (an edible insect), isolation_source: 'edible insects'	Shotgun metagenomic study (WGS + METAGENOMIC) of an insect host with a gut-associated bacterial taxon (Enterococcus) mentioned in the title and functional investigation of amino acid metabolism, strongly suggesting gut microbiome, but body site not explicitly stated so confidence is medium and signal is inferred.	Clanis bilineata	9	METAGENOMIC	WGS	Enterococcus casseliflavus regulates amino acid metabolism in edible insect Clanis bilineata tsingtauica: a functional metagenomics study.	CONFIRMED_GUT
PRJNA947933	GUT_WGS	high	explicit	Paper title: 'Time series of chicken stool metagenomics...'; ENA study title: 'Metagenome or environmental sample from gut metagenome'; Biome label: 'gut metagenome'; library_source: 'METAGENOMIC'; library_strategy: 'WGS'	Multiple explicit sources confirm this is shotgun metagenomic sequencing (WGS + METAGENOMIC library source) of chicken gut material (stool explicitly mentioned in paper title, 'gut metagenome' in ENA records).	Gallus gallus domesticus	44	METAGENOMIC	WGS	Time series of chicken stool metagenomics and egg metabolomics in changing production systems: preliminary insights from a proof-of-concept.	CONFIRMED_GUT
PRJNA1023379	NOT_GUT	high	explicit	Biome label: 'bioreactor metagenome'; ENA study title: 'Metagenome or environmental sample from bioreactor metagenome'; Isolation source: 'Bioreactor enriched with Kyphosidae...' (all samples from bioreactor, not from animal); library_strategy: WGS; library_source: METAGENOMIC	Although the bioreactor was enriched with fish gut contents as source material, the actual sequenced samples are from bioreactor cultures (an in vitro enrichment system), not from the animal's gut itself, making this an environmental metagenomics study rather than a direct gut microbiome study.	bioreactor metagenome	10	METAGENOMIC	WGS	Enrichable consortia of microbial symbionts degrade macroalgal polysaccharides in Kyphosus fish.	EXCLUDED
PRJNA819194	NOT_METAGENOMIC	high	explicit	library_strategy: AMPLICON	The library_strategy is explicitly listed as AMPLICON, which is 16S/marker-gene sequencing, not shotgun metagenomics (WGS/METAGENOMIC), despite the gut origin being clearly stated.	Kyphosus vaigiensis	37	GENOMIC	AMPLICON	Enrichable consortia of microbial symbionts degrade macroalgal polysaccharides in Kyphosus fish.	EXCLUDED
PRJNA1067830	GUT_WGS	high	explicit	ENA study title: 'Metagenome or environmental sample from mouse gut metagenome'; Isolation source(s): 'Cecal contents', 'Ileal contents', 'fecal sample'; library_source: 'METAGENOMIC'; Host organism(s): 'Mus musculus'	The study explicitly targets mouse gut microbiome (metagenome from mouse gut) using metagenomic shotgun sequencing (METAGENOMIC library source), with isolation sources confirming gut-associated body sites (cecal contents, ileal contents, fecal sample).	Mus musculus	312	METAGENOMIC	OTHER	Prevotella copri and microbiota members mediate the beneficial effects of a therapeutic food for malnutrition.	CONFIRMED_GUT
PRJNA876316	GUT_WGS	high	explicit	Isolation source: 'gut microbiota'; library_source: 'METAGENOMIC'; library_strategy: 'WGS'; Paper title explicitly mentions 'Gut microbiota in the association between obesity and kidney function decline: a metagenomics-based study in a rat model'	The isolation source explicitly states 'gut microbiota', the library strategy is WGS (shotgun metagenomics), and the paper title confirms this is a metagenomics-based study of gut microbiota in a rat model.	Ruminococcus sp.	1	METAGENOMIC	WGS	Gut microbiota in the association between obesity and kidney function decline: a metagenomics-based study in a rat model.	CONFIRMED_GUT
PRJNA685398	GUT_WGS	high	explicit	Isolation source: 'gut'; library_source: 'METAGENOMIC'; library_strategy: 'WGS'; Host organism: 'Apis mellifera'; Paper title explicitly mentions 'honey bee gut microbiome survey'	Shotgun metagenomic (WGS library strategy, METAGENOMIC library source) sequencing of an animal (honey bee) gut microbiome with explicit statement of gut isolation source.	Apis mellifera	40	METAGENOMIC	WGS	Apis mellifera filamentous virus from a honey bee gut microbiome survey in Hungary.	CONFIRMED_GUT
PRJNA1047345	NOT_METAGENOMIC	high	explicit	library_strategy: AMPLICON	The study uses AMPLICON sequencing (not shotgun/WGS), which is explicitly stated as 16S or similar marker-gene approaches, not whole-genome shotgun metagenomic sequencing.	rat	40	OTHER	AMPLICON	Effects of nano-cerium dioxide on intestinal microflora in rats by oral subchronic exposure.	EXCLUDED
PRJNA1049576	GUT_WGS	medium	inferred	Paper title states 'gut microbiota'; library_source='METAGENOMIC'; library_strategy='WGS'; host organism=Rattus norvegicus (rat); no explicit body_site field provided in metadata.	The paper title explicitly mentions 'gut microbiota' and the study uses shotgun metagenomic sequencing (WGS + METAGENOMIC) of a rat, but the body_site is not explicitly stated in the structured metadata, requiring inference from the paper title.	Rattus norvegicus	28	METAGENOMIC	WGS	Sleep deprivation-induced anxiety-like behaviors are associated with alterations in the gut microbiota and metabolites.	CONFIRMED_GUT
PRJNA1029996	UNCERTAIN	low	explicit	Biome label states 'mouse gut metagenome'; however, library_strategy is 'ssRNA-seq' (RNA sequencing) rather than WGS/METAGENOMIC (shotgun DNA)	While the gut body site is explicitly stated in the biome label, the library_strategy of ssRNA-seq indicates transcriptomic sequencing (RNA), not shotgun metagenomic DNA sequencing, creating a fundamental contradiction that cannot be resolved with given evidence.	missing	109	GENOMIC	ssRNA-seq	Oral supplementation of gut microbial metabolite indole-3-acetate alleviates diet-induced steatosis and inflammation in mice.	REVIEW
PRJNA1019009	UNCERTAIN	low	none	library_source: GENOMIC; library_strategy: WGS; Paper title mentions 'lipid metabolism between pig breeds' and 'meta-omics'; Host body site field is empty; Isolation source field is empty	While the paper title mentions 'meta-omics' (suggesting metagenomic analysis) and WGS is specified, the library_source is listed as GENOMIC (not METAGENOMIC), and critically, no body site is explicitly stated or inferrable—the study could be whole-genome sequencing of pig breeds, a fecal metagenomics study, or something else entirely, and the lipid metabolism focus does not clarify whether this is gut microbiome analysis or host genomics.	Sus scrofa	30	GENOMIC	WGS	Integrated meta-omics reveals the regulatory landscape involved in lipid metabolism between pig breeds.	REVIEW
PRJNA1031251	GUT_WGS	high	explicit	ENA study title: 'Metagenome or environmental sample from gut metagenome'; Biome label: 'gut metagenome'; Paper title mentions 'chicken gut microbiota'; library_strategy: WGS	Multiple explicit statements confirm shotgun metagenomic sequencing of chicken gut microbiota, with WGS strategy and gut metagenome clearly identified in study and biome labels.	missing	34	OTHER	WGS	Metagenome-assembled genome reveals species and functional composition of Jianghan chicken gut microbiota and isolation of Pediococcus acidilactic with probiotic properties.	CONFIRMED_GUT
PRJEB71614	NOT_METAGENOMIC	high	explicit	library_strategy: AMPLICON	The study uses AMPLICON sequencing strategy (16S), not shotgun/WGS metagenomics, despite being labeled metagenomic in library_source; amplicon studies are excluded from GUT_WGS classification.	Sus scrofa	144	METAGENOMIC	AMPLICON	Impact of precursor-derived peracetic acid on post-weaning diarrhea, intestinal microbiota, and predicted microbial functional genes in weaned pigs.	EXCLUDED
PRJNA948469	NOT_METAGENOMIC	high	explicit	library_strategy: AMPLICON; Sample titles explicitly state '16S rRNA reads'; Isolation source explicitly states 'hindgut sample'	This is a 16S rRNA amplicon study, not shotgun metagenomics (WGS), despite being from a gut site and animal host.	Epibolus pulchripes	54	GENOMIC	AMPLICON	Functional similarity, despite taxonomical divergence in the millipede gut microbiota, points to a common trophic strategy.	EXCLUDED
PRJNA960650	UNCERTAIN	low	none	Host body site: (none); Isolation source: 'Bee'; library_source: METAGENOMIC; library_strategy: RNA-Seq	While metagenomic sequencing of an insect (bee) is confirmed, the body site is not explicitly stated and cannot be reliably inferred from 'Bee' alone, as bee microbiomes can be sampled from gut, surface, or other tissues; RNA-Seq also suggests this may be transcriptomic rather than pure shotgun genomic metagenomics.	Melipona quadrifasciata	2	METAGENOMIC	RNA-Seq	Tailed bacteriophages (Caudoviricetes) dominate the microbiome of a diseased stingless bee.	REVIEW
PRJNA971188	NOT_METAGENOMIC	high	explicit	library_strategy: AMPLICON	AMPLICON sequencing (16S rRNA) is explicitly stated, which is not shotgun metagenomics regardless of the gut/fecal sample source.	Setophaga striata	146	GENOMIC	AMPLICON	Convergent remodelling of the gut microbiome is associated with host energetic condition over long-distance migration.	EXCLUDED
PRJNA850882	NOT_METAGENOMIC	high	explicit	library_strategy: AMPLICON; library_source: GENOMIC (single-organism); Sample title and isolation source both reference 'mouse intestine' but strategy is AMPLICON not WGS/METAGENOMIC	Although the host body site (intestine) and host organism (Mus musculus) are clearly stated, the library_strategy is AMPLICON (not shotgun metagenomics) and library_source is GENOMIC (single-organism genome), indicating this is a single isolate genome or 16S amplicon study, not a shotgun metagenomic community analysis.	Mus musculus	1	GENOMIC	AMPLICON	Endogenous Coriobacteriaceae enriched by a high-fat diet promotes colorectal tumorigenesis through the CPT1A-ERK axis.	EXCLUDED
PRJNA892732	NOT_METAGENOMIC	high	none	library_strategy: AMPLICON	The study used AMPLICON sequencing (16S), not shotgun/WGS metagenomic methods, which disqualifies it from GUT_WGS classification regardless of host or likely body site.	Mus musculus	23	METAGENOMIC	AMPLICON	Endogenous Coriobacteriaceae enriched by a high-fat diet promotes colorectal tumorigenesis through the CPT1A-ERK axis.	EXCLUDED
PRJNA892765	NOT_METAGENOMIC	high	explicit	library_strategy: AMPLICON	Although feces (gut proxy) is explicitly stated and library_source is METAGENOMIC, the library_strategy is AMPLICON, which indicates 16S rRNA amplicon sequencing rather than shotgun metagenomics (WGS/METAGENOMIC strategy), disqualifying this as a shotgun metagenomic study.	feces metagenome	10	METAGENOMIC	AMPLICON	Endogenous Coriobacteriaceae enriched by a high-fat diet promotes colorectal tumorigenesis through the CPT1A-ERK axis.	EXCLUDED
PRJNA1035229	NOT_METAGENOMIC	high	none	library_strategy: AMPLICON	AMPLICON sequencing (16S rRNA gene profiling) is explicitly stated, which is not shotgun metagenomic sequencing.	Mus musculus	23	GENOMIC	AMPLICON	Probiotic potential of Lacticaseibacillus rhamnosus VHProbi M15 on sucralfate-induced constipation in mice.	EXCLUDED
PRJNA1006652	UNCERTAIN	low	explicit	library_strategy: RNA-Seq; library_source: METAGENOMIC; Isolation source: Gastrointestinal tissue	The study explicitly targets insect gut (Gastrointestinal tissue from Ceratitis capitata) using metagenomic sequencing, but library_strategy is listed as RNA-Seq rather than WGS/METAGENOMIC, creating ambiguity about whether this is shotgun metagenomics or RNA-based analysis that would disqualify it from GUT_WGS classification.	Ceratitis capitata	2	METAGENOMIC	RNA-Seq	Probiotic consortium modulating the gut microbiota composition and function of sterile Mediterranean fruit flies.	REVIEW
PRJNA952501	NOT_METAGENOMIC	high	none	library_strategy: AMPLICON	The study uses AMPLICON sequencing strategy (16S), not shotgun/WGS metagenomic sequencing, so it does not qualify as a shotgun metagenomic study regardless of body site.	Procambarus clarkii	12	METAGENOMIC	AMPLICON	Comparison of the gut microbiota and metabolism in different regions of Red Swamp Crayfish (Procambarus clarkii).	EXCLUDED
PRJNA491335	GUT_WGS	high	explicit	ENA study title: 'MIMS Environmental/Metagenome sample from feces metagenome'; Biome label: 'feces metagenome'; library_source: 'METAGENOMIC'; library_strategy: 'WGS'; Host organism: 'Homo sapiens'	Fecal samples are an explicit proxy for gut microbiome, WGS metagenomics method is confirmed, and the host is an animal (human).	Homo sapiens	208	METAGENOMIC	WGS	Functional host-specific adaptation of the intestinal microbiome in hominids.	CONFIRMED_GUT
PRJNA692042	GUT_WGS	medium	inferred	Paper title: 'Functional host-specific adaptation of the intestinal microbiome in hominids'; library_source: METAGENOMIC; library_strategy: WGS; Host organisms: multiple ape/hominid species (Gorilla, Pan, Pongo)	The paper title explicitly mentions 'intestinal microbiome', confirming gut origin, and the WGS metagenomics methodology matches shotgun standards, but body_site is not stated in structured metadata fields so the gut inference relies on the title rather than explicit sample isolation_source or body_site field values.	Pan troglodytes verus	216	METAGENOMIC	WGS	Functional host-specific adaptation of the intestinal microbiome in hominids.	CONFIRMED_GUT
PRJNA1009258	GUT_WGS	high	explicit	Biome label: 'human gut metagenome'; library_source: 'METAGENOMIC'; library_strategy: 'Tn-Seq'; paper title explicitly mentions 'gut mycobiome'	The biome label explicitly identifies this as 'human gut metagenome', the library source is metagenomic (community DNA), the strategy is Tn-Seq (shotgun), and the paper title confirms gut mycobiome analysis in immunocompromised pediatric patients.	Homo sapiens	61	METAGENOMIC	Tn-Seq	High Diversity but Monodominance of Multidrug-Resistant Bacteria in Immunocompromised Pediatric Patients with Acute Lymphoblastic Leukemia Developing GVHD Are Not Associated with Changes in Gut Mycobiome.	CONFIRMED_GUT
PRJNA1003305	GUT_WGS	high	explicit	Biome label: 'mouse gut metagenome'; Isolation source: 'Gut'; library_source: 'OTHER (METAGENOMIC=community DNA)'; library_strategy: 'OTHER (WGS or METAGENOMIC = shotgun)'	Multiple explicit sources confirm shotgun metagenomic sequencing of mouse gut microbiome: the biome label directly states 'gut metagenome', isolation source is 'Gut', and library metadata indicates metagenomic community DNA analysis.	Mice	6	OTHER	OTHER	Comprehensive analysis of the gut microbiome and post-translational modifications elucidates the route involved in microbiota-host interactions.	CONFIRMED_GUT
PRJNA972719	NOT_METAGENOMIC	high	explicit	library_strategy: AMPLICON	AMPLICON sequencing strategy indicates 16S rRNA gene amplification, not shotgun metagenomics, despite the gut biome label and isolation source descriptions.	Bathycoelia distincta	68	GENOMIC	AMPLICON	Pantoea bathycoeliae sp. nov and Sodalis sp. are core gut microbiome symbionts of the two-spotted stink bug.	EXCLUDED
PRJNA987703	GUT_WGS	high	explicit	Isolation source: 'adult insect midgut'; ENA study title: 'MIMS Environmental/Metagenome sample from insect gut metagenome'; Biome label: 'insect gut metagenome'; library_source: 'METAGENOMIC'; library_strategy: 'WGS'	Multiple explicit statements confirm shotgun metagenomic sequencing (WGS + METAGENOMIC library source) of an animal gut site (midgut of Bathycoelia distincta, a stink bug insect).	Bathycoelia distincta	1	METAGENOMIC	WGS	Pantoea bathycoeliae sp. nov and Sodalis sp. are core gut microbiome symbionts of the two-spotted stink bug.	CONFIRMED_GUT
PRJNA970480	NOT_METAGENOMIC	high	explicit	library_strategy: AMPLICON	The library_strategy is explicitly listed as AMPLICON, which indicates 16S amplicon sequencing rather than shotgun metagenomic sequencing (WGS), despite the metagenomic biome label and fecal body site.	dairy cattle	30	METAGENOMIC	AMPLICON	Fecal microbial gene transfer contributes to the high-grain diet-induced augmentation of aminoglycoside resistance in dairy cattle.	EXCLUDED
PRJNA809764	GUT_WGS	medium	inferred	Paper title: 'Rapid intestinal and systemic metabolic reprogramming in an immunosuppressed environment'; Host organism: Mus musculus; library_source: METAGENOMIC; library_strategy: WGS	The paper title explicitly mentions 'intestinal' metabolic reprogramming, the library strategy is WGS (shotgun), and library source is METAGENOMIC, but the structured metadata fields (Host body site, Isolation source) are empty, so body site must be inferred from the title rather than explicitly stated in the study record.	Mus musculus	132	METAGENOMIC	WGS	Rapid intestinal and systemic metabolic reprogramming in an immunosuppressed environment.	CONFIRMED_GUT
PRJNA886985	GUT_WGS	high	explicit	ENA study title: 'Metagenome or environmental sample from mouse gut metagenome'; Biome label: 'mouse gut metagenome'; Sample title: 'Metagenome or environmental sample from mouse gut metagenome'; library_strategy: WGS	Multiple explicit fields identify this as shotgun metagenomics (WGS) of mouse gut, with consistent terminology across study title, biome label, and sample description.	mouse	167	GENOMIC	WGS	A metagenomic analysis for combination therapy of multiple classes of antibiotics on the prevention of the spread of antibiotic-resistant genes.	CONFIRMED_GUT
PRJNA951774	NOT_METAGENOMIC	high	explicit	library_strategy: AMPLICON	The study used AMPLICON sequencing (16S), not shotgun/WGS metagenomic sequencing, so it does not meet the WGS metagenomic requirement despite explicit gut body site signals.		1	METAGENOMIC	AMPLICON	Effect of a Co-Feed Liquid Whey-Integrated Diet on Crossbred Pigs' Fecal Microbiota.	EXCLUDED
PRJNA875084	GUT_WGS	high	explicit	Paper title explicitly states 'gut microbiome of the domestic ferret'; library_source='METAGENOMIC'; library_strategy='WGS'; host organism='Mustela putorius' (domestic ferret)	The paper title explicitly identifies this as a gut microbiome study using shotgun metagenomics (WGS) of an animal host (ferret).	Mustela putorius	3	METAGENOMIC	WGS	Twenty-five metagenome-assembled genomes recovered from the gut microbiome of the domestic ferret, Mustela putorius.	CONFIRMED_GUT
PRJNA947945	NOT_METAGENOMIC	high	explicit	library_strategy: AMPLICON	The study used AMPLICON sequencing (16S), not shotgun/WGS metagenomic sequencing, despite the gut body site being explicitly stated.	Monkeys	30	METAGENOMIC	AMPLICON	Human Disturbance Increases Health Risks to Golden Snub-Nosed Monkeys and the Transfer Risk of Pathogenic Antibiotic-Resistant Bacteria from Golden Snub-Nosed Monkeys to Humans.	EXCLUDED
PRJNA947971	NOT_METAGENOMIC	high	explicit	library_strategy: AMPLICON	This is an AMPLICON study (16S/marker gene sequencing), not a shotgun metagenomic (WGS) study, as explicitly stated in the library_strategy field.	Monkeys	103	METAGENOMIC	AMPLICON	Human Disturbance Increases Health Risks to Golden Snub-Nosed Monkeys and the Transfer Risk of Pathogenic Antibiotic-Resistant Bacteria from Golden Snub-Nosed Monkeys to Humans.	EXCLUDED
PRJNA951203	NOT_METAGENOMIC	high	explicit	library_strategy: AMPLICON; Sample titles explicitly state 'full-length 16S rRNA'; isolation_source: gut	This is a 16S rRNA amplicon study (AMPLICON strategy, not WGS/METAGENOMIC shotgun), which excludes it from the GUT_WGS category despite the explicit gut body site and animal host.	Mus musculus	24	OTHER	AMPLICON	Angelica polysaccharides relieve blood glucose levels in diabetic KKAy mice possibly by modulating gut microbiota: an integrated gut microbiota and metabolism analysis.	EXCLUDED
PRJNA983257	NOT_METAGENOMIC	high	explicit	library_strategy: AMPLICON	The study used AMPLICON sequencing (16S), not shotgun/WGS metagenomics, so it does not qualify as a WGS metagenomic study regardless of the gut body site.	Synchalara rhombota	30	METAGENOMIC	AMPLICON	Diversity and Abundance of Bacterial and Fungal Communities Inhabiting Camellia sinensis Leaf, Rhizospheric Soil, and Gut of Agriophara rhombata.	EXCLUDED
PRJNA791189	UNCERTAIN	low	explicit	Biome label explicitly states 'gut metagenome'; library_source is 'METAGENOMIC'; however library_strategy is listed as 'RNA-Seq' which contradicts shotgun metagenomic DNA sequencing	The biome label and library_source support GUT_WGS classification, but library_strategy 'RNA-Seq' is inconsistent with WGS/shotgun metagenomics (which should be WGS or METAGENOMIC strategy), creating a critical data conflict that cannot be resolved without additional information.	Mus musculus	71	METAGENOMIC	RNA-Seq	Metagenomic signatures reveal the key role of phloretin in amelioration of gut dysbiosis attributed to metabolic dysfunction-associated fatty liver disease by time-dependent modulation of gut microbiome.	REVIEW
PRJNA955791	NOT_METAGENOMIC	high	explicit	library_strategy: AMPLICON	The library_strategy is explicitly AMPLICON, which indicates 16S/marker-gene sequencing rather than shotgun metagenomics (WGS), despite the gut metagenome biome label and metagenomic library_source.	Canthon cyanellus	42	METAGENOMIC	AMPLICON	Influence of phylogenetic, environmental, and behavioral factors on the gut bacterial community structure of dung beetles (Scarabaeidae: Scarabaeinae) in a Neotropical Biosphere Reserve.	EXCLUDED
PRJNA935534	GUT_WGS	high	explicit	Paper title states 'neonatal calf faecal microbiome'; biome label 'gut metagenome'; library_source 'METAGENOMIC'; host 'Bos taurus' (cattle)	Faecal sampling of calf gut microbiome using metagenomic sequencing is explicitly stated in the paper title and biome label, meeting all criteria for shotgun metagenomic study of animal gut microbiome.	Bos taurus	60	METAGENOMIC	OTHER	Specific pathway abundances in the neonatal calf faecal microbiome are associated with susceptibility to Cryptosporidium parvum infection: a metagenomic analysis.	CONFIRMED_GUT
PRJNA844538	UNCERTAIN	low	mixed	Isolation source lists 'Gammarus gut' alongside 'Wastewater effluent; biofilm; river water; sediment'; study title indicates 'river habitats' focus; library_strategy=WGS and library_source=METAGENOMIC confirm shotgun metagenomic method.	While 'Gammarus gut' appears in isolation sources and the method is shotgun metagenomics, the study design spans multiple environmental habitats (wastewater, biofilm, river water, sediment), making it unclear whether the primary research question or majority of samples target the Gammarus gut microbiome or whether gut samples are only a subset of a broader environmental comparison study.		174	METAGENOMIC	WGS	Differential effects of wastewater treatment plant effluents on the antibiotic resistomes of diverse river habitats.	REVIEW
PRJNA843204	NOT_METAGENOMIC	high	explicit	library_strategy: AMPLICON	The library_strategy is explicitly AMPLICON, which indicates 16S rRNA gene amplicon sequencing, not shotgun metagenomics (WGS/METAGENOMIC strategy), despite the gut origin being clearly stated.	Equus asinus	48	METAGENOMIC	AMPLICON	Analysis of gut microbiota in chinese donkey in different regions using metagenomic sequencing.	EXCLUDED
PRJNA942254	GUT_WGS	high	explicit	Biome label: 'gut metagenome'; Isolation source: 'feces'; library_source: 'METAGENOMIC'; library_strategy: 'WGS'	Shotgun metagenomic study (WGS + METAGENOMIC) explicitly labeled as gut metagenome with fecal isolation source from animal hosts.	Proteles cristata	33	METAGENOMIC	WGS	Metagenomics uncovers dietary adaptations for chitin digestion in the gut microbiota of convergent myrmecophagous mammals.	CONFIRMED_GUT
PRJNA727483	UNCERTAIN	low	none	library_source: GENOMIC; library_strategy: WGS; host organism and body site fields are empty; paper title mentions 'hologenome' and 'microbiome' but no body site is specified	While the study involves Daphnia magna and references microbiome, the library_source is labeled GENOMIC (not METAGENOMIC), body site is not stated, and it is unclear whether this is whole-organism metagenomic DNA or host genome sequencing; insufficient evidence to classify as gut metagenomic versus other type of study.	Not applicable	11	GENOMIC	WGS	The hologenome of Daphnia magna reveals possible DNA methylation and microbiome-mediated evolution of the host genome.	REVIEW
PRJNA777104	NOT_METAGENOMIC	high	none	library_source: TRANSCRIPTOMIC; library_strategy: RNA-Seq	This is a transcriptomic study (RNA-Seq) of Daphnia magna, not shotgun metagenomic sequencing of community DNA, and no gut body site is specified.	Not applicable	1000	TRANSCRIPTOMIC	RNA-Seq	The hologenome of Daphnia magna reveals possible DNA methylation and microbiome-mediated evolution of the host genome.	EXCLUDED
PRJNA906625	GUT_WGS	high	explicit	Biome label: 'invertebrate gut metagenome'; library_source: 'METAGENOMIC'; library_strategy: 'Hi-C' (shotgun approach); host organism: 'Daphnia magna' (animal)	The biome label explicitly identifies this as a gut metagenome, the library source confirms metagenomic (community DNA), and Hi-C represents a shotgun sequencing strategy applied to an animal host.	Daphnia magna	1	METAGENOMIC	Hi-C	The hologenome of Daphnia magna reveals possible DNA methylation and microbiome-mediated evolution of the host genome.	CONFIRMED_GUT
PRJNA991497	NOT_METAGENOMIC	high	none	library_source: GENOMIC (not METAGENOMIC); library_strategy: ATAC-seq (not WGS or METAGENOMIC); sample titles indicate ATAC-Seq, RNA-Seq, and WGBS methods on Daphnia magna, which are single-organism analysis techniques, not shotgun metagenomics	This study uses GENOMIC library source with ATAC-seq/RNA-seq/WGBS strategies to analyze the Daphnia magna host genome and transcriptome, not shotgun metagenomic sequencing of a microbial community.	Daphnia magna	3	GENOMIC	ATAC-seq	The hologenome of Daphnia magna reveals possible DNA methylation and microbiome-mediated evolution of the host genome.	EXCLUDED
PRJNA641245	GUT_WGS	high	explicit	Paper title: 'An Immobilized Form of a Blend of Essential Oils Improves the Density of Beneficial Bacteria, in Addition to Suppressing Pathogens in the Gut and Also Improves the Performance of Chicken Breeding.' ENA study title: 'Metagenome or environmental sample from gut metagenome'. Biome label: 'gut metagenome'. Library_strategy: 'WGS'. Library_source: 'GENOMIC (METAGENOMIC)'.	Multiple explicit statements confirm gut metagenome sampling (paper title, ENA study title, biome label) combined with WGS shotgun metagenomic sequencing strategy on chicken, a documented animal host.	breed2	24	GENOMIC	WGS	An Immobilized Form of a Blend of Essential Oils Improves the Density of Beneficial Bacteria, in Addition to Suppressing Pathogens in the Gut and Also Improves the Performance of Chicken Breeding.	CONFIRMED_GUT
PRJNA956982	GUT_WGS	high	explicit	Isolation source: 'feces'; ENA study title: 'Metagenome or environmental sample from bovine gut metagenome'; Biome label: 'bovine gut metagenome'; library_source: 'METAGENOMIC'; library_strategy: 'WGS'	Multiple explicit statements confirm shotgun metagenomic sequencing (WGS + METAGENOMIC library source) of bovine fecal samples, which is a standard gut-proxy for cattle.	Bos taurus	19	METAGENOMIC	WGS	Metagenomic and metabolomic analyses reveal the role of gut microbiome-associated metabolites in diarrhea calves.	CONFIRMED_GUT
PRJNA687506	NOT_GUT	high	explicit	Paper title: 'Characterization of the pig lower respiratory tract antibiotic resistome.' ENA study titles contain 'BAL' (bronchoalveolar lavage) and 'UA' (upper airway), both respiratory tract samples, not gut.	This is shotgun metagenomic data (WGS, GENOMIC library_source), but from respiratory tract samples (BAL, upper airway) of pigs, not from gut/intestinal/fecal sites.	Homo sapiens	185	GENOMIC	WGS	Characterization of the pig lower respiratory tract antibiotic resistome.	EXCLUDED
PRJNA911158	NOT_METAGENOMIC	high	explicit	library_strategy: AMPLICON	AMPLICON sequencing (16S) is explicitly stated, not shotgun metagenomics, disqualifying this from GUT_WGS classification regardless of body site.	Sample31	1	METAGENOMIC	AMPLICON	Comparison of the Faecal Microbiota Composition Following a Dairy By-Product Supplemented Diet in Nero Siciliano and Large White × Landrace Pig Breeds.	EXCLUDED
PRJNA861719	GUT_WGS	high	explicit	Isolation source(s): 'cecum; feces'; ENA study title: 'Metagenome or environmental sample from gut metagenome'; library_source: 'METAGENOMIC'; library_strategy: 'WGS'; Paper title explicitly states 'quail gut microbiome'; Biome label: 'gut metagenome'	Multiple explicit statements confirm shotgun metagenomics (WGS + METAGENOMIC) of gut microbiome from an animal (quail/Coturnix) with gut-proxy sampling sites (cecum and feces).	Coturnix	30	METAGENOMIC	WGS	A catalog of microbial genes and metagenome-assembled genomes from the quail gut microbiome.	CONFIRMED_GUT
PRJNA933524	NOT_METAGENOMIC	high	explicit	library_strategy: AMPLICON	The study uses AMPLICON sequencing strategy (16S rRNA), not shotgun/WGS metagenomics, despite the metagenomic biome label and explicit gut body site identification.		29	METAGENOMIC	AMPLICON	Spatial and Sexual Divergence of Gut Bacterial Communities in Field Cricket Teleogryllus occipitalis (Orthoptera: Gryllidae).	EXCLUDED
PRJNA930167	NOT_METAGENOMIC	high	explicit	library_strategy: AMPLICON	The study used AMPLICON sequencing (16S, not shotgun), which disqualifies it from WGS/shotgun metagenomic classification despite the gut/fecal context and METAGENOMIC library_source label.	Mus musculus	131	METAGENOMIC	AMPLICON	In vitro adhesion, pilus expression, and in vivo amelioration of antibiotic-induced microbiota disturbance by Bifidobacterium spp. strains from fecal donors.	EXCLUDED
PRJNA678759	NOT_METAGENOMIC	high	none	library_source: TRANSCRIPTOMIC; library_strategy: RNA-Seq	This is a transcriptomic study (RNA-Seq) of host gene expression, not a shotgun metagenomic study of microbial community DNA, despite the paper title mentioning 'gut microbiome' analysis.	Gallus gallus	9	TRANSCRIPTOMIC	RNA-Seq	Comprehensive analysis of gut microbiome and host transcriptome in chickens after Eimeria tenella infection.	EXCLUDED
PRJNA938989	GUT_WGS	high	explicit	isolation source: 'fish gut'; library_source: 'METAGENOMIC'; library_strategy: 'WGS'; paper title mentions 'intestinal microbiota'	The isolation source explicitly states 'fish gut', the library source is METAGENOMIC, and the library strategy is WGS (shotgun), confirming this is a shotgun metagenomics study of an animal gut microbiome.	Acinetobacter baumannii	41	METAGENOMIC	WGS	Population response of intestinal microbiota to acute Vibrio alginolyticus infection in half-smooth tongue sole (Cynoglossus semilaevis).	CONFIRMED_GUT
PRJNA902833	GUT_WGS	high	explicit	ENA study title: 'mouse gut metagenome'; Biome label: 'mouse gut metagenome'; Sample title: 'mouse gut metagenome'; library_source: 'METAGENOMIC'; library_strategy: 'WGS'; Paper title explicitly mentions 'Gut microbiome'	Multiple explicit statements confirm shotgun metagenomic sequencing of mouse gut microbiome, including study title, biome labels, and paper title all citing 'gut metagenome'.	Mus musculus	32	METAGENOMIC	WGS	Gut microbiome determines therapeutic effects of OCA on NAFLD by modulating bile acid metabolism.	CONFIRMED_GUT
PRJNA916642	GUT_WGS	high	explicit	ENA study title: 'gut metagenome'; Biome label: 'gut metagenome'; Sample titles: 'gut metagenome'; library_source: 'METAGENOMIC'; library_strategy: 'POOLCLONE' (shotgun sequencing); Host: Hippocampus abdominalis (big-belly seahorse, an animal); Paper title indicates intestinal microbiome analysis.	Multiple explicit statements confirm this is shotgun metagenomic sequencing of gut microbiota from an animal host.	Hippocampus abdominalis	12	METAGENOMIC	POOLCLONE	Edwardsiella piscicida infection reshapes the intestinal microbiome and metabolome of big-belly seahorses: mechanistic insights of synergistic actions of virulence factors.	CONFIRMED_GUT
PRJNA909483	NOT_METAGENOMIC	high	explicit	library_strategy: AMPLICON	AMPLICON sequencing (16S) is not shotgun metagenomics, regardless of the paper title mentioning fecal microbiota.	Homo sapiens	1	METAGENOMIC	AMPLICON	Influence of olive cake dietary supplementation on fecal microbiota of dairy cows.	EXCLUDED
PRJEB56262	NOT_METAGENOMIC	high	none	library_strategy: AMPLICON	AMPLICON sequencing (16S) is explicitly stated, not shotgun/WGS metagenomic sequencing, so this does not qualify as a shotgun metagenomic study regardless of host or body site.	Deroceras reticulatum	24	METAGENOMIC	AMPLICON	A parasitic nematode induces dysbiosis in susceptible but not resistant gastropod hosts.	EXCLUDED
PRJNA938155	NOT_METAGENOMIC	high	explicit	library_strategy: AMPLICON	Although the study is explicitly about gut microbiota (title mentions 'Gut Microbiota', isolation_source lists 'lower gut'), the library_strategy is AMPLICON, which indicates 16S/targeted amplicon sequencing rather than shotgun metagenomics (WGS/METAGENOMIC), disqualifying it from the GUT_WGS category.	Gallus gallus domesticus	100	METAGENOMIC	AMPLICON	The Gut Microbiota of Broilers Reared with and without Antibiotic Treatment.	EXCLUDED
PRJEB42313	NOT_METAGENOMIC	high	explicit	library_strategy: AMPLICON	The study used AMPLICON sequencing (16S), not shotgun/WGS metagenomics, despite sampling gut sites (intestine, esophagus, stomach) of a sea urchin.		54	METAGENOMIC	AMPLICON	Spatial Succession Underlies Microbial Contribution to Food Digestion in the Gut of an Algivorous Sea Urchin.	EXCLUDED
PRJNA922612	UNCERTAIN	low	inferred	library_source: METATRANSCRIPTOMIC; library_strategy: OTHER; Paper title mentions 'earthworm intestinal viromes'; biome label: 'invertebrate metagenome'	While the paper title explicitly mentions 'earthworm intestinal viromes' suggesting gut sampling, the library_source is METATRANSCRIPTOMIC (not METAGENOMIC) and library_strategy is OTHER (not WGS/METAGENOMIC), which contradict the shotgun metagenomics requirement for GUT_WGS classification; insufficient metadata to confirm this is shotgun community DNA sequencing rather than RNA or another method.	earthworm1	25	METATRANSCRIPTOMIC	OTHER	Benzo[a]pyrene stress impacts adaptive strategies and ecological functions of earthworm intestinal viromes.	REVIEW
PRJNA903526	NOT_METAGENOMIC	high	explicit	library_strategy: AMPLICON	The library_strategy is explicitly AMPLICON (not WGS/METAGENOMIC), which indicates 16S amplicon sequencing rather than shotgun metagenomic sequencing, regardless of the gut origin.	Cyprinus carpio	46	METAGENOMIC	AMPLICON	Gut microbiota of two invasive fishes respond differently to temperature.	EXCLUDED
PRJNA903555	NOT_METAGENOMIC	high	explicit	library_strategy: AMPLICON	The library_strategy is explicitly AMPLICON, not WGS/METAGENOMIC shotgun sequencing, which disqualifies this from GUT_WGS classification regardless of the gut body site being explicitly stated.	Micropterus salmoides	45	METAGENOMIC	AMPLICON	Gut microbiota of two invasive fishes respond differently to temperature.	EXCLUDED
PRJNA944200	NOT_METAGENOMIC	high	explicit	library_strategy: AMPLICON	The library_strategy is explicitly AMPLICON, which indicates 16S rRNA gene sequencing, not shotgun metagenomics (WGS/METAGENOMIC), despite the gut body site being explicitly stated.	Gallus gallus domesticus	56	METAGENOMIC	AMPLICON	Microorganisms Involved in Hydrogen Sink in the Gastrointestinal Tract of Chickens.	EXCLUDED
PRJNA892608	NOT_METAGENOMIC	high	explicit	library_strategy: AMPLICON	Although the study targets chicken gut (duodenum and jejunum are explicit gut sites), the library_strategy is AMPLICON (16S), not WGS/METAGENOMIC shotgun sequencing, disqualifying it from the GUT_WGS category.	Gallus gallus domesticus	192	METAGENOMIC	AMPLICON	Effects of Eimeria acervulina infection on the luminal and mucosal microbiota of the duodenum and jejunum in broiler chickens.	EXCLUDED
PRJNA784655	NOT_METAGENOMIC	high	explicit	library_strategy: AMPLICON	AMPLICON sequencing (16S/ITS) is not shotgun metagenomics, despite fecal origin and metagenomic library source designation.	Mus musculus	84	METAGENOMIC	AMPLICON	Fecal microbiota from MRL/lpr mice exacerbates pristane-induced lupus.	EXCLUDED
PRJNA784741	GUT_WGS	high	explicit	Isolation source(s): feces; Biome label(s): mouse gut metagenome; library_source: METAGENOMIC; Paper title explicitly states 'Fecal microbiota'	Fecal samples from mice with explicit gut metagenome classification and metagenomic library source indicate shotgun metagenomic sequencing of gut microbiota.	Mus musculus	28	METAGENOMIC	OTHER	Fecal microbiota from MRL/lpr mice exacerbates pristane-induced lupus.	CONFIRMED_GUT
PRJNA633772	NOT_METAGENOMIC	high	explicit	library_strategy: AMPLICON	The library_strategy is AMPLICON, not WGS or METAGENOMIC, indicating this is 16S amplicon sequencing rather than shotgun metagenomic sequencing, despite the gut body site being explicitly stated.	Labiotermes labralis	7	GENOMIC	AMPLICON	A holobiont approach towards polysaccharide degradation by the highly compartmentalised gut system of the soil-feeding higher termite Labiotermes labralis.	EXCLUDED
PRJNA633837	NOT_METAGENOMIC	high	explicit	library_source: METATRANSCRIPTOMIC; library_strategy: RNA-Seq	This is a metatranscriptomic (RNA-seq) study, not shotgun metagenomics (DNA-based), despite being from a termite gut system.	Labiotermes labralis	6	METATRANSCRIPTOMIC	RNA-Seq	A holobiont approach towards polysaccharide degradation by the highly compartmentalised gut system of the soil-feeding higher termite Labiotermes labralis.	EXCLUDED
PRJNA634022	NOT_METAGENOMIC	high	explicit	library_source: TRANSCRIPTOMIC; library_strategy: RNA-Seq	This is an RNA-Seq transcriptomic study, not shotgun metagenomic DNA sequencing, despite the gut metagenome framing in titles and sample descriptions.	Labiotermes labralis	6	TRANSCRIPTOMIC	RNA-Seq	A holobiont approach towards polysaccharide degradation by the highly compartmentalised gut system of the soil-feeding higher termite Labiotermes labralis.	EXCLUDED
PRJNA635664	GUT_WGS	high	explicit	ENA study title: 'Metagenome or environmental sample from termite gut metagenome'; Biome label: 'termite gut metagenome'; Paper title explicitly mentions 'gut system'; library_source: METAGENOMIC; library_strategy: WGS	Multiple explicit statements confirm this is a shotgun metagenomic study of termite gut microbiome with appropriate molecular methods.	Labiotermes labralis	1	METAGENOMIC	WGS	A holobiont approach towards polysaccharide degradation by the highly compartmentalised gut system of the soil-feeding higher termite Labiotermes labralis.	CONFIRMED_GUT
PRJNA826725	NOT_GUT	high	explicit	Host organism: Gigantidas haimaensis (deep-sea mussel); Isolation source: 'cold seep 1; cold seep 2'; Sample title: 'Metagenome or environmental sample from mollusc metagenome'; Title states 'gut microbiomes of deep-sea cold seep mussels' BUT isolation source explicitly indicates cold seep environment, not gut tissue.	While the paper title mentions 'gut microbiomes,' the isolation source is explicitly 'cold seep' (environmental), and the study is of mussel-associated microbiomes from a deep-sea cold seep habitat rather than isolated gut samples, making this an environmental/host-associated metagenomics study, not a gut-derived metagenomics study.	Gigantidas haimaensis	43	METAGENOMIC	WGS	Changes in community structures and functions of the gut microbiomes of deep-sea cold seep mussels during in situ transplantation experiment.	EXCLUDED
